DBRep_DrawableShape

CASCADE Topology V3, (c) Open Cascade
Locations 0
Curve2ds 0
Curves 948
1 0 0 0 0 0 1 
1 0 0 152.40000000000001 -0 1 0 
1 0 6096 0 0 0 1 
1 0 0 0 -0 1 0 
1 7315.2000000000007 0 0 0 0 1 
1 7315.2000000000007 0 152.40000000000001 -0 1 0 
1 7315.2000000000007 6096 0 0 0 1 
1 7315.2000000000007 0 0 -0 1 0 
1 0 0 0 1 0 -0 
1 0 0 152.40000000000001 1 0 -0 
1 0 6096 0 1 0 -0 
1 0 6096 152.40000000000001 1 0 -0 
1 0 0 2590.7999999999997 0 0 1 
1 0 0 2819.4000000000001 -0 1 0 
1 0 6096 2590.7999999999997 0 0 1 
1 0 0 2590.7999999999997 -0 1 0 
1 7315.2000000000007 0 2590.7999999999997 0 0 1 
1 7315.2000000000007 0 2819.4000000000001 -0 1 0 
1 7315.2000000000007 6096 2590.7999999999997 0 0 1 
1 7315.2000000000007 0 2590.7999999999997 -0 1 0 
1 0 0 2590.7999999999997 1 0 -0 
1 0 0 2819.4000000000001 1 0 -0 
1 0 6096 2590.7999999999997 1 0 -0 
1 0 6096 2819.4000000000001 1 0 -0 
1 0 0 152.40000000000009 0 0 1 
1 0 0 2590.8000000000002 -0 1 0 
1 0 152.40000000000001 152.40000000000009 0 0 1 
1 0 0 152.40000000000009 -0 1 0 
1 7315.2000000000007 0 152.40000000000009 0 0 1 
1 7315.2000000000007 0 2590.8000000000002 -0 1 0 
1 7315.2000000000007 152.40000000000001 152.40000000000009 0 0 1 
1 7315.2000000000007 0 152.40000000000009 -0 1 0 
1 0 0 152.40000000000009 1 0 -0 
1 0 0 2590.8000000000002 1 0 -0 
1 0 152.40000000000001 152.40000000000009 1 0 -0 
1 0 152.40000000000001 2590.8000000000002 1 0 -0 
1 0 5943.6000000000004 152.40000000000009 0 0 1 
1 0 5943.6000000000004 2590.8000000000002 -0 1 0 
1 0 6096 152.40000000000009 0 0 1 
1 0 5943.6000000000004 152.40000000000009 -0 1 0 
1 7315.2000000000007 5943.6000000000004 152.40000000000009 0 0 1 
1 7315.2000000000007 5943.6000000000004 2590.8000000000002 -0 1 0 
1 7315.2000000000007 6096 152.40000000000009 0 0 1 
1 7315.2000000000007 5943.6000000000004 152.40000000000009 -0 1 0 
1 0 5943.6000000000004 152.40000000000009 1 0 -0 
1 0 5943.6000000000004 2590.8000000000002 1 0 -0 
1 0 6096 152.40000000000009 1 0 -0 
1 0 6096 2590.8000000000002 1 0 -0 
1 0 0 152.40000000000009 0 0 1 
1 0 0 2590.8000000000002 -0 1 0 
1 0 396.24000000000001 152.40000000000009 0 0 1 
1 0 0 152.40000000000009 -0 1 0 
1 152.40000000000001 0 152.40000000000009 0 0 1 
1 152.40000000000001 0 2590.8000000000002 -0 1 0 
1 152.40000000000001 396.24000000000001 152.40000000000009 0 0 1 
1 152.40000000000001 0 152.40000000000009 -0 1 0 
1 0 0 152.40000000000009 1 0 -0 
1 0 0 2590.8000000000002 1 0 -0 
1 0 396.24000000000001 152.40000000000009 1 0 -0 
1 0 396.24000000000001 2590.8000000000002 1 0 -0 
1 0 396.24000000000001 2438.4000000000001 0 0 1 
1 0 396.24000000000001 2590.7999999999997 -0 1 0 
1 0 3352.8000000000002 2438.4000000000001 0 0 1 
1 0 396.24000000000001 2438.4000000000001 -0 1 0 
1 152.40000000000001 396.24000000000001 2438.4000000000001 0 0 1 
1 152.40000000000001 396.24000000000001 2590.7999999999997 -0 1 0 
1 152.40000000000001 3352.8000000000002 2438.4000000000001 0 0 1 
1 152.40000000000001 396.24000000000001 2438.4000000000001 -0 1 0 
1 0 396.24000000000001 2438.4000000000001 1 0 -0 
1 0 396.24000000000001 2590.7999999999997 1 0 -0 
1 0 3352.8000000000002 2438.4000000000001 1 0 -0 
1 0 3352.8000000000002 2590.7999999999997 1 0 -0 
1 0 3352.8000000000002 152.40000000000009 0 0 1 
1 0 3352.8000000000002 2590.8000000000002 -0 1 0 
1 0 6096.0000000000009 152.40000000000009 0 0 1 
1 0 3352.8000000000002 152.40000000000009 -0 1 0 
1 152.40000000000001 3352.8000000000002 152.40000000000009 0 0 1 
1 152.40000000000001 3352.8000000000002 2590.8000000000002 -0 1 0 
1 152.40000000000001 6096.0000000000009 152.40000000000009 0 0 1 
1 152.40000000000001 3352.8000000000002 152.40000000000009 -0 1 0 
1 0 3352.8000000000002 152.40000000000009 1 0 -0 
1 0 3352.8000000000002 2590.8000000000002 1 0 -0 
1 0 6096.0000000000009 152.40000000000009 1 0 -0 
1 0 6096.0000000000009 2590.8000000000002 1 0 -0 
1 7162.8000000000002 0 152.40000000000009 0 0 1 
1 7162.8000000000002 0 2590.8000000000002 -0 1 0 
1 7162.8000000000002 1219.2 152.40000000000009 0 0 1 
1 7162.8000000000002 0 152.40000000000009 -0 1 0 
1 7315.1999999999998 0 152.40000000000009 0 0 1 
1 7315.1999999999998 0 2590.8000000000002 -0 1 0 
1 7315.1999999999998 1219.2 152.40000000000009 0 0 1 
1 7315.1999999999998 0 152.40000000000009 -0 1 0 
1 7162.8000000000002 0 152.40000000000009 1 0 -0 
1 7162.8000000000002 0 2590.8000000000002 1 0 -0 
1 7162.8000000000002 1219.2 152.40000000000009 1 0 -0 
1 7162.8000000000002 1219.2 2590.8000000000002 1 0 -0 
1 7162.8000000000002 1219.2 152.39999999999998 0 0 1 
1 7162.8000000000002 1219.2 1066.8000000000002 -0 1 0 
1 7162.8000000000002 2133.6000000000004 152.39999999999998 0 0 1 
1 7162.8000000000002 1219.2 152.39999999999998 -0 1 0 
1 7315.1999999999998 1219.2 152.39999999999998 0 0 1 
1 7315.1999999999998 1219.2 1066.8000000000002 -0 1 0 
1 7315.1999999999998 2133.6000000000004 152.39999999999998 0 0 1 
1 7315.1999999999998 1219.2 152.39999999999998 -0 1 0 
1 7162.8000000000002 1219.2 152.39999999999998 1 0 -0 
1 7162.8000000000002 1219.2 1066.8000000000002 1 0 -0 
1 7162.8000000000002 2133.6000000000004 152.39999999999998 1 0 -0 
1 7162.8000000000002 2133.6000000000004 1066.8000000000002 1 0 -0 
1 7162.8000000000002 1219.2 2133.6000000000004 0 0 1 
1 7162.8000000000002 1219.2 2590.8000000000002 -0 1 0 
1 7162.8000000000002 2133.6000000000004 2133.6000000000004 0 0 1 
1 7162.8000000000002 1219.2 2133.6000000000004 -0 1 0 
1 7315.1999999999998 1219.2 2133.6000000000004 0 0 1 
1 7315.1999999999998 1219.2 2590.8000000000002 -0 1 0 
1 7315.1999999999998 2133.6000000000004 2133.6000000000004 0 0 1 
1 7315.1999999999998 1219.2 2133.6000000000004 -0 1 0 
1 7162.8000000000002 1219.2 2133.6000000000004 1 0 -0 
1 7162.8000000000002 1219.2 2590.8000000000002 1 0 -0 
1 7162.8000000000002 2133.6000000000004 2133.6000000000004 1 0 -0 
1 7162.8000000000002 2133.6000000000004 2590.8000000000002 1 0 -0 
1 7162.8000000000002 2133.5999999999999 152.40000000000009 0 0 1 
1 7162.8000000000002 2133.5999999999999 2590.8000000000002 -0 1 0 
1 7162.8000000000002 3749.0400000000004 152.40000000000009 0 0 1 
1 7162.8000000000002 2133.5999999999999 152.40000000000009 -0 1 0 
1 7315.1999999999998 2133.5999999999999 152.40000000000009 0 0 1 
1 7315.1999999999998 2133.5999999999999 2590.8000000000002 -0 1 0 
1 7315.1999999999998 3749.0400000000004 152.40000000000009 0 0 1 
1 7315.1999999999998 2133.5999999999999 152.40000000000009 -0 1 0 
1 7162.8000000000002 2133.5999999999999 152.40000000000009 1 0 -0 
1 7162.8000000000002 2133.5999999999999 2590.8000000000002 1 0 -0 
1 7162.8000000000002 3749.0400000000004 152.40000000000009 1 0 -0 
1 7162.8000000000002 3749.0400000000004 2590.8000000000002 1 0 -0 
1 7162.8000000000002 3749.0400000000004 2184.5016000000001 0 0 1 
1 7162.8000000000002 3749.0400000000004 2590.7999999999997 -0 1 0 
1 7162.8000000000002 5577.8400000000001 2184.5016000000001 0 0 1 
1 7162.8000000000002 3749.0400000000004 2184.5016000000001 -0 1 0 
1 7315.1999999999998 3749.0400000000004 2184.5016000000001 0 0 1 
1 7315.1999999999998 3749.0400000000004 2590.7999999999997 -0 1 0 
1 7315.1999999999998 5577.8400000000001 2184.5016000000001 0 0 1 
1 7315.1999999999998 3749.0400000000004 2184.5016000000001 -0 1 0 
1 7162.8000000000002 3749.0400000000004 2184.5016000000001 1 0 -0 
1 7162.8000000000002 3749.0400000000004 2590.7999999999997 1 0 -0 
1 7162.8000000000002 5577.8400000000001 2184.5016000000001 1 0 -0 
1 7162.8000000000002 5577.8400000000001 2590.7999999999997 1 0 -0 
1 7162.8000000000002 5577.8400000000001 152.40000000000009 0 0 1 
1 7162.8000000000002 5577.8400000000001 2590.8000000000002 -0 1 0 
1 7162.8000000000002 6096 152.40000000000009 0 0 1 
1 7162.8000000000002 5577.8400000000001 152.40000000000009 -0 1 0 
1 7315.1999999999998 5577.8400000000001 152.40000000000009 0 0 1 
1 7315.1999999999998 5577.8400000000001 2590.8000000000002 -0 1 0 
1 7315.1999999999998 6096 152.40000000000009 0 0 1 
1 7315.1999999999998 5577.8400000000001 152.40000000000009 -0 1 0 
1 7162.8000000000002 5577.8400000000001 152.40000000000009 1 0 -0 
1 7162.8000000000002 5577.8400000000001 2590.8000000000002 1 0 -0 
1 7162.8000000000002 6096 152.40000000000009 1 0 -0 
1 7162.8000000000002 6096 2590.8000000000002 1 0 -0 
1 0 0 2819.4000000000005 0 0 1 
1 0 0 4876.8000000000002 -0 1 0 
1 0 152.40000000000001 2819.4000000000005 0 0 1 
1 0 0 2819.4000000000005 -0 1 0 
1 3505.2000000000003 0 2819.4000000000005 0 0 1 
1 3505.2000000000003 0 4876.8000000000002 -0 1 0 
1 3505.2000000000003 152.40000000000001 2819.4000000000005 0 0 1 
1 3505.2000000000003 0 2819.4000000000005 -0 1 0 
1 0 0 2819.4000000000005 1 0 -0 
1 0 0 4876.8000000000002 1 0 -0 
1 0 152.40000000000001 2819.4000000000005 1 0 -0 
1 0 152.40000000000001 4876.8000000000002 1 0 -0 
1 3505.1999999999998 0 4851.5016000000005 0 0 1 
1 3505.1999999999998 0 4876.8000000000002 -0 1 0 
1 3505.1999999999998 152.40000000000001 4851.5016000000005 0 0 1 
1 3505.1999999999998 0 4851.5016000000005 -0 1 0 
1 4419.6000000000004 0 4851.5016000000005 0 0 1 
1 4419.6000000000004 0 4876.8000000000002 -0 1 0 
1 4419.6000000000004 152.40000000000001 4851.5016000000005 0 0 1 
1 4419.6000000000004 0 4851.5016000000005 -0 1 0 
1 3505.1999999999998 0 4851.5016000000005 1 0 -0 
1 3505.1999999999998 0 4876.8000000000002 1 0 -0 
1 3505.1999999999998 152.40000000000001 4851.5016000000005 1 0 -0 
1 3505.1999999999998 152.40000000000001 4876.8000000000002 1 0 -0 
1 4419.5999999999995 0 2819.4000000000005 0 0 1 
1 4419.5999999999995 0 4876.8000000000002 -0 1 0 
1 4419.5999999999995 152.40000000000001 2819.4000000000005 0 0 1 
1 4419.5999999999995 0 2819.4000000000005 -0 1 0 
1 4876.8000000000002 0 2819.4000000000005 0 0 1 
1 4876.8000000000002 0 4876.8000000000002 -0 1 0 
1 4876.8000000000002 152.40000000000001 2819.4000000000005 0 0 1 
1 4876.8000000000002 0 2819.4000000000005 -0 1 0 
1 4419.5999999999995 0 2819.4000000000005 1 0 -0 
1 4419.5999999999995 0 4876.8000000000002 1 0 -0 
1 4419.5999999999995 152.40000000000001 2819.4000000000005 1 0 -0 
1 4419.5999999999995 152.40000000000001 4876.8000000000002 1 0 -0 
1 4876.8000000000002 0 2819.4000000000001 0 0 1 
1 4876.8000000000002 0 3520.4400000000001 -0 1 0 
1 4876.8000000000002 152.40000000000001 2819.4000000000001 0 0 1 
1 4876.8000000000002 0 2819.4000000000001 -0 1 0 
1 6400.8000000000002 0 2819.4000000000001 0 0 1 
1 6400.8000000000002 0 3520.4400000000001 -0 1 0 
1 6400.8000000000002 152.40000000000001 2819.4000000000001 0 0 1 
1 6400.8000000000002 0 2819.4000000000001 -0 1 0 
1 4876.8000000000002 0 2819.4000000000001 1 0 -0 
1 4876.8000000000002 0 3520.4400000000001 1 0 -0 
1 4876.8000000000002 152.40000000000001 2819.4000000000001 1 0 -0 
1 4876.8000000000002 152.40000000000001 3520.4400000000001 1 0 -0 
1 4876.8000000000002 0 4587.2400000000007 0 0 1 
1 4876.8000000000002 0 4876.8000000000002 -0 1 0 
1 4876.8000000000002 152.40000000000001 4587.2400000000007 0 0 1 
1 4876.8000000000002 0 4587.2400000000007 -0 1 0 
1 6400.8000000000002 0 4587.2400000000007 0 0 1 
1 6400.8000000000002 0 4876.8000000000002 -0 1 0 
1 6400.8000000000002 152.40000000000001 4587.2400000000007 0 0 1 
1 6400.8000000000002 0 4587.2400000000007 -0 1 0 
1 4876.8000000000002 0 4587.2400000000007 1 0 -0 
1 4876.8000000000002 0 4876.8000000000002 1 0 -0 
1 4876.8000000000002 152.40000000000001 4587.2400000000007 1 0 -0 
1 4876.8000000000002 152.40000000000001 4876.8000000000002 1 0 -0 
1 6400.8000000000002 0 2819.4000000000005 0 0 1 
1 6400.8000000000002 0 4876.8000000000002 -0 1 0 
1 6400.8000000000002 152.40000000000001 2819.4000000000005 0 0 1 
1 6400.8000000000002 0 2819.4000000000005 -0 1 0 
1 7315.1999999999998 0 2819.4000000000005 0 0 1 
1 7315.1999999999998 0 4876.8000000000002 -0 1 0 
1 7315.1999999999998 152.40000000000001 2819.4000000000005 0 0 1 
1 7315.1999999999998 0 2819.4000000000005 -0 1 0 
1 6400.8000000000002 0 2819.4000000000005 1 0 -0 
1 6400.8000000000002 0 4876.8000000000002 1 0 -0 
1 6400.8000000000002 152.40000000000001 2819.4000000000005 1 0 -0 
1 6400.8000000000002 152.40000000000001 4876.8000000000002 1 0 -0 
1 0 5943.6000000000004 2819.4000000000005 0 0 1 
1 0 5943.6000000000004 4876.8000000000002 -0 1 0 
1 0 6096 2819.4000000000005 0 0 1 
1 0 5943.6000000000004 2819.4000000000005 -0 1 0 
1 7315.2000000000007 5943.6000000000004 2819.4000000000005 0 0 1 
1 7315.2000000000007 5943.6000000000004 4876.8000000000002 -0 1 0 
1 7315.2000000000007 6096 2819.4000000000005 0 0 1 
1 7315.2000000000007 5943.6000000000004 2819.4000000000005 -0 1 0 
1 0 5943.6000000000004 2819.4000000000005 1 0 -0 
1 0 5943.6000000000004 4876.8000000000002 1 0 -0 
1 0 6096 2819.4000000000005 1 0 -0 
1 0 6096 4876.8000000000002 1 0 -0 
1 0 0 2819.4000000000005 0 0 1 
1 0 0 4876.8000000000002 -0 1 0 
1 0 914.40000000000009 2819.4000000000005 0 0 1 
1 0 0 2819.4000000000005 -0 1 0 
1 152.40000000000001 0 2819.4000000000005 0 0 1 
1 152.40000000000001 0 4876.8000000000002 -0 1 0 
1 152.40000000000001 914.40000000000009 2819.4000000000005 0 0 1 
1 152.40000000000001 0 2819.4000000000005 -0 1 0 
1 0 0 2819.4000000000005 1 0 -0 
1 0 0 4876.8000000000002 1 0 -0 
1 0 914.40000000000009 2819.4000000000005 1 0 -0 
1 0 914.40000000000009 4876.8000000000002 1 0 -0 
1 0 914.39999999999998 2819.4000000000001 0 0 1 
1 0 914.39999999999998 3520.4400000000001 -0 1 0 
1 0 1981.1999999999998 2819.4000000000001 0 0 1 
1 0 914.39999999999998 2819.4000000000001 -0 1 0 
1 152.40000000000001 914.39999999999998 2819.4000000000001 0 0 1 
1 152.40000000000001 914.39999999999998 3520.4400000000001 -0 1 0 
1 152.40000000000001 1981.1999999999998 2819.4000000000001 0 0 1 
1 152.40000000000001 914.39999999999998 2819.4000000000001 -0 1 0 
1 0 914.39999999999998 2819.4000000000001 1 0 -0 
1 0 914.39999999999998 3520.4400000000001 1 0 -0 
1 0 1981.1999999999998 2819.4000000000001 1 0 -0 
1 0 1981.1999999999998 3520.4400000000001 1 0 -0 
1 0 914.39999999999998 4587.2400000000007 0 0 1 
1 0 914.39999999999998 4876.8000000000002 -0 1 0 
1 0 1981.1999999999998 4587.2400000000007 0 0 1 
1 0 914.39999999999998 4587.2400000000007 -0 1 0 
1 152.40000000000001 914.39999999999998 4587.2400000000007 0 0 1 
1 152.40000000000001 914.39999999999998 4876.8000000000002 -0 1 0 
1 152.40000000000001 1981.1999999999998 4587.2400000000007 0 0 1 
1 152.40000000000001 914.39999999999998 4587.2400000000007 -0 1 0 
1 0 914.39999999999998 4587.2400000000007 1 0 -0 
1 0 914.39999999999998 4876.8000000000002 1 0 -0 
1 0 1981.1999999999998 4587.2400000000007 1 0 -0 
1 0 1981.1999999999998 4876.8000000000002 1 0 -0 
1 0 1981.2000000000003 2819.4000000000005 0 0 1 
1 0 1981.2000000000003 4876.8000000000002 -0 1 0 
1 0 6096 2819.4000000000005 0 0 1 
1 0 1981.2000000000003 2819.4000000000005 -0 1 0 
1 152.40000000000001 1981.2000000000003 2819.4000000000005 0 0 1 
1 152.40000000000001 1981.2000000000003 4876.8000000000002 -0 1 0 
1 152.40000000000001 6096 2819.4000000000005 0 0 1 
1 152.40000000000001 1981.2000000000003 2819.4000000000005 -0 1 0 
1 0 1981.2000000000003 2819.4000000000005 1 0 -0 
1 0 1981.2000000000003 4876.8000000000002 1 0 -0 
1 0 6096 2819.4000000000005 1 0 -0 
1 0 6096 4876.8000000000002 1 0 -0 
1 7162.8000000000002 0 2819.4000000000005 0 0 1 
1 7162.8000000000002 0 4876.8000000000002 -0 1 0 
1 7162.8000000000002 457.20000000000005 2819.4000000000005 0 0 1 
1 7162.8000000000002 0 2819.4000000000005 -0 1 0 
1 7315.1999999999998 0 2819.4000000000005 0 0 1 
1 7315.1999999999998 0 4876.8000000000002 -0 1 0 
1 7315.1999999999998 457.20000000000005 2819.4000000000005 0 0 1 
1 7315.1999999999998 0 2819.4000000000005 -0 1 0 
1 7162.8000000000002 0 2819.4000000000005 1 0 -0 
1 7162.8000000000002 0 4876.8000000000002 1 0 -0 
1 7162.8000000000002 457.20000000000005 2819.4000000000005 1 0 -0 
1 7162.8000000000002 457.20000000000005 4876.8000000000002 1 0 -0 
1 7162.8000000000002 457.20000000000005 4851.5016000000005 0 0 1 
1 7162.8000000000002 457.20000000000005 4876.8000000000002 -0 1 0 
1 7162.8000000000002 2286 4851.5016000000005 0 0 1 
1 7162.8000000000002 457.20000000000005 4851.5016000000005 -0 1 0 
1 7315.1999999999998 457.20000000000005 4851.5016000000005 0 0 1 
1 7315.1999999999998 457.20000000000005 4876.8000000000002 -0 1 0 
1 7315.1999999999998 2286 4851.5016000000005 0 0 1 
1 7315.1999999999998 457.20000000000005 4851.5016000000005 -0 1 0 
1 7162.8000000000002 457.20000000000005 4851.5016000000005 1 0 -0 
1 7162.8000000000002 457.20000000000005 4876.8000000000002 1 0 -0 
1 7162.8000000000002 2286 4851.5016000000005 1 0 -0 
1 7162.8000000000002 2286 4876.8000000000002 1 0 -0 
1 7162.8000000000002 2286 2819.4000000000005 0 0 1 
1 7162.8000000000002 2286 4876.8000000000002 -0 1 0 
1 7162.8000000000002 4572 2819.4000000000005 0 0 1 
1 7162.8000000000002 2286 2819.4000000000005 -0 1 0 
1 7315.1999999999998 2286 2819.4000000000005 0 0 1 
1 7315.1999999999998 2286 4876.8000000000002 -0 1 0 
1 7315.1999999999998 4572 2819.4000000000005 0 0 1 
1 7315.1999999999998 2286 2819.4000000000005 -0 1 0 
1 7162.8000000000002 2286 2819.4000000000005 1 0 -0 
1 7162.8000000000002 2286 4876.8000000000002 1 0 -0 
1 7162.8000000000002 4572 2819.4000000000005 1 0 -0 
1 7162.8000000000002 4572 4876.8000000000002 1 0 -0 
1 7162.8000000000002 4572.0000000000009 2819.4000000000001 0 0 1 
1 7162.8000000000002 4572.0000000000009 3520.4400000000001 -0 1 0 
1 7162.8000000000002 5638.8000000000002 2819.4000000000001 0 0 1 
1 7162.8000000000002 4572.0000000000009 2819.4000000000001 -0 1 0 
1 7315.1999999999998 4572.0000000000009 2819.4000000000001 0 0 1 
1 7315.1999999999998 4572.0000000000009 3520.4400000000001 -0 1 0 
1 7315.1999999999998 5638.8000000000002 2819.4000000000001 0 0 1 
1 7315.1999999999998 4572.0000000000009 2819.4000000000001 -0 1 0 
1 7162.8000000000002 4572.0000000000009 2819.4000000000001 1 0 -0 
1 7162.8000000000002 4572.0000000000009 3520.4400000000001 1 0 -0 
1 7162.8000000000002 5638.8000000000002 2819.4000000000001 1 0 -0 
1 7162.8000000000002 5638.8000000000002 3520.4400000000001 1 0 -0 
1 7162.8000000000002 4572.0000000000009 4587.2400000000007 0 0 1 
1 7162.8000000000002 4572.0000000000009 4876.8000000000002 -0 1 0 
1 7162.8000000000002 5638.8000000000002 4587.2400000000007 0 0 1 
1 7162.8000000000002 4572.0000000000009 4587.2400000000007 -0 1 0 
1 7315.1999999999998 4572.0000000000009 4587.2400000000007 0 0 1 
1 7315.1999999999998 4572.0000000000009 4876.8000000000002 -0 1 0 
1 7315.1999999999998 5638.8000000000002 4587.2400000000007 0 0 1 
1 7315.1999999999998 4572.0000000000009 4587.2400000000007 -0 1 0 
1 7162.8000000000002 4572.0000000000009 4587.2400000000007 1 0 -0 
1 7162.8000000000002 4572.0000000000009 4876.8000000000002 1 0 -0 
1 7162.8000000000002 5638.8000000000002 4587.2400000000007 1 0 -0 
1 7162.8000000000002 5638.8000000000002 4876.8000000000002 1 0 -0 
1 7162.8000000000002 5638.8000000000002 2819.4000000000005 0 0 1 
1 7162.8000000000002 5638.8000000000002 4876.8000000000002 -0 1 0 
1 7162.8000000000002 6096.0000000000009 2819.4000000000005 0 0 1 
1 7162.8000000000002 5638.8000000000002 2819.4000000000005 -0 1 0 
1 7315.1999999999998 5638.8000000000002 2819.4000000000005 0 0 1 
1 7315.1999999999998 5638.8000000000002 4876.8000000000002 -0 1 0 
1 7315.1999999999998 6096.0000000000009 2819.4000000000005 0 0 1 
1 7315.1999999999998 5638.8000000000002 2819.4000000000005 -0 1 0 
1 7162.8000000000002 5638.8000000000002 2819.4000000000005 1 0 -0 
1 7162.8000000000002 5638.8000000000002 4876.8000000000002 1 0 -0 
1 7162.8000000000002 6096.0000000000009 2819.4000000000005 1 0 -0 
1 7162.8000000000002 6096.0000000000009 4876.8000000000002 1 0 -0 
1 152.40000000000009 3505.1999999999998 152.40000000000009 0 0 1 
1 152.40000000000009 3505.1999999999998 2590.8000000000002 -0 1 0 
1 152.40000000000009 3605.7839999999997 152.40000000000009 0 0 1 
1 152.40000000000009 3505.1999999999998 152.40000000000009 -0 1 0 
1 7162.8000000000011 3505.1999999999998 152.40000000000009 0 0 1 
1 7162.8000000000011 3505.1999999999998 2590.8000000000002 -0 1 0 
1 7162.8000000000011 3605.7839999999997 152.40000000000009 0 0 1 
1 7162.8000000000011 3505.1999999999998 152.40000000000009 -0 1 0 
1 152.40000000000009 3505.1999999999998 152.40000000000009 1 0 -0 
1 152.40000000000009 3505.1999999999998 2590.8000000000002 1 0 -0 
1 152.40000000000009 3605.7839999999997 152.40000000000009 1 0 -0 
1 152.40000000000009 3605.7839999999997 2590.8000000000002 1 0 -0 
1 2286 3505.2000000000007 152.40000000000009 0 0 1 
1 2286 3505.2000000000007 2590.8000000000002 -0 1 0 
1 2286 5943.6000000000004 152.40000000000009 0 0 1 
1 2286 3505.2000000000007 152.40000000000009 -0 1 0 
1 2386.5839999999998 3505.2000000000007 152.40000000000009 0 0 1 
1 2386.5839999999998 3505.2000000000007 2590.8000000000002 -0 1 0 
1 2386.5839999999998 5943.6000000000004 152.40000000000009 0 0 1 
1 2386.5839999999998 3505.2000000000007 152.40000000000009 -0 1 0 
1 2286 3505.2000000000007 152.40000000000009 1 0 -0 
1 2286 3505.2000000000007 2590.8000000000002 1 0 -0 
1 2286 5943.6000000000004 152.40000000000009 1 0 -0 
1 2286 5943.6000000000004 2590.8000000000002 1 0 -0 
1 4267.1999999999998 3505.2000000000007 152.40000000000009 0 0 1 
1 4267.1999999999998 3505.2000000000007 2590.8000000000002 -0 1 0 
1 4267.1999999999998 5943.6000000000004 152.40000000000009 0 0 1 
1 4267.1999999999998 3505.2000000000007 152.40000000000009 -0 1 0 
1 4367.7840000000006 3505.2000000000007 152.40000000000009 0 0 1 
1 4367.7840000000006 3505.2000000000007 2590.8000000000002 -0 1 0 
1 4367.7840000000006 5943.6000000000004 152.40000000000009 0 0 1 
1 4367.7840000000006 3505.2000000000007 152.40000000000009 -0 1 0 
1 4267.1999999999998 3505.2000000000007 152.40000000000009 1 0 -0 
1 4267.1999999999998 3505.2000000000007 2590.8000000000002 1 0 -0 
1 4267.1999999999998 5943.6000000000004 152.40000000000009 1 0 -0 
1 4267.1999999999998 5943.6000000000004 2590.8000000000002 1 0 -0 
1 2286 4114.7999999999993 152.40000000000009 0 0 1 
1 2286 4114.7999999999993 2590.8000000000002 -0 1 0 
1 2286 4215.384 152.40000000000009 0 0 1 
1 2286 4114.7999999999993 152.40000000000009 -0 1 0 
1 4367.7839999999997 4114.7999999999993 152.40000000000009 0 0 1 
1 4367.7839999999997 4114.7999999999993 2590.8000000000002 -0 1 0 
1 4367.7839999999997 4215.384 152.40000000000009 0 0 1 
1 4367.7839999999997 4114.7999999999993 152.40000000000009 -0 1 0 
1 2286 4114.7999999999993 152.40000000000009 1 0 -0 
1 2286 4114.7999999999993 2590.8000000000002 1 0 -0 
1 2286 4215.384 152.40000000000009 1 0 -0 
1 2286 4215.384 2590.8000000000002 1 0 -0 
1 3108.9599999999996 152.40000000000009 2819.4000000000005 0 0 1 
1 3108.9599999999996 152.40000000000009 4876.8000000000002 -0 1 0 
1 3108.9599999999996 3048 2819.4000000000005 0 0 1 
1 3108.9599999999996 152.40000000000009 2819.4000000000005 -0 1 0 
1 3209.5439999999994 152.40000000000009 2819.4000000000005 0 0 1 
1 3209.5439999999994 152.40000000000009 4876.8000000000002 -0 1 0 
1 3209.5439999999994 3048 2819.4000000000005 0 0 1 
1 3209.5439999999994 152.40000000000009 2819.4000000000005 -0 1 0 
1 3108.9599999999996 152.40000000000009 2819.4000000000005 1 0 -0 
1 3108.9599999999996 152.40000000000009 4876.8000000000002 1 0 -0 
1 3108.9599999999996 3048 2819.4000000000005 1 0 -0 
1 3108.9599999999996 3048 4876.8000000000002 1 0 -0 
1 152.40000000000009 3048 2819.4000000000005 0 0 1 
1 152.40000000000009 3048 4876.8000000000002 -0 1 0 
1 152.40000000000009 3148.5839999999998 2819.4000000000005 0 0 1 
1 152.40000000000009 3048 2819.4000000000005 -0 1 0 
1 3209.5439999999999 3048 2819.4000000000005 0 0 1 
1 3209.5439999999999 3048 4876.8000000000002 -0 1 0 
1 3209.5439999999999 3148.5839999999998 2819.4000000000005 0 0 1 
1 3209.5439999999999 3048 2819.4000000000005 -0 1 0 
1 152.40000000000009 3048 2819.4000000000005 1 0 -0 
1 152.40000000000009 3048 4876.8000000000002 1 0 -0 
1 152.40000000000009 3148.5839999999998 2819.4000000000005 1 0 -0 
1 152.40000000000009 3148.5839999999998 4876.8000000000002 1 0 -0 
1 152.40000000000009 4114.7999999999993 2819.4000000000005 0 0 1 
1 152.40000000000009 4114.7999999999993 4876.8000000000002 -0 1 0 
1 152.40000000000009 4215.384 2819.4000000000005 0 0 1 
1 152.40000000000009 4114.7999999999993 2819.4000000000005 -0 1 0 
1 4367.7839999999997 4114.7999999999993 2819.4000000000005 0 0 1 
1 4367.7839999999997 4114.7999999999993 4876.8000000000002 -0 1 0 
1 4367.7839999999997 4215.384 2819.4000000000005 0 0 1 
1 4367.7839999999997 4114.7999999999993 2819.4000000000005 -0 1 0 
1 152.40000000000009 4114.7999999999993 2819.4000000000005 1 0 -0 
1 152.40000000000009 4114.7999999999993 4876.8000000000002 1 0 -0 
1 152.40000000000009 4215.384 2819.4000000000005 1 0 -0 
1 152.40000000000009 4215.384 4876.8000000000002 1 0 -0 
1 2286 4114.7999999999993 2819.4000000000005 0 0 1 
1 2286 4114.7999999999993 4876.8000000000002 -0 1 0 
1 2286 5943.6000000000004 2819.4000000000005 0 0 1 
1 2286 4114.7999999999993 2819.4000000000005 -0 1 0 
1 2386.5839999999998 4114.7999999999993 2819.4000000000005 0 0 1 
1 2386.5839999999998 4114.7999999999993 4876.8000000000002 -0 1 0 
1 2386.5839999999998 5943.6000000000004 2819.4000000000005 0 0 1 
1 2386.5839999999998 4114.7999999999993 2819.4000000000005 -0 1 0 
1 2286 4114.7999999999993 2819.4000000000005 1 0 -0 
1 2286 4114.7999999999993 4876.8000000000002 1 0 -0 
1 2286 5943.6000000000004 2819.4000000000005 1 0 -0 
1 2286 5943.6000000000004 4876.8000000000002 1 0 -0 
1 4267.1999999999998 4114.7999999999993 2819.4000000000005 0 0 1 
1 4267.1999999999998 4114.7999999999993 4876.8000000000002 -0 1 0 
1 4267.1999999999998 5943.6000000000004 2819.4000000000005 0 0 1 
1 4267.1999999999998 4114.7999999999993 2819.4000000000005 -0 1 0 
1 4367.7840000000006 4114.7999999999993 2819.4000000000005 0 0 1 
1 4367.7840000000006 4114.7999999999993 4876.8000000000002 -0 1 0 
1 4367.7840000000006 5943.6000000000004 2819.4000000000005 0 0 1 
1 4367.7840000000006 4114.7999999999993 2819.4000000000005 -0 1 0 
1 4267.1999999999998 4114.7999999999993 2819.4000000000005 1 0 -0 
1 4267.1999999999998 4114.7999999999993 4876.8000000000002 1 0 -0 
1 4267.1999999999998 5943.6000000000004 2819.4000000000005 1 0 -0 
1 4267.1999999999998 5943.6000000000004 4876.8000000000002 1 0 -0 
1 3962.4000000000001 2194.5599999999999 2819.4000000000001 0 0 1 
1 3962.4000000000001 2194.5599999999999 4038.5999999999999 -0 1 0 
1 3962.4000000000001 2301.2400000000002 2819.4000000000001 0 0 1 
1 3962.4000000000001 2194.5599999999999 2819.4000000000001 -0 1 0 
1 5791.2000000000007 2194.5599999999999 2819.4000000000001 0 0 1 
1 5791.2000000000007 2194.5599999999999 4038.5999999999999 -0 1 0 
1 5791.2000000000007 2301.2400000000002 2819.4000000000001 0 0 1 
1 5791.2000000000007 2194.5599999999999 2819.4000000000001 -0 1 0 
1 3962.4000000000001 2194.5599999999999 2819.4000000000001 1 0 -0 
1 3962.4000000000001 2194.5599999999999 4038.5999999999999 1 0 -0 
1 3962.4000000000001 2301.2400000000002 2819.4000000000001 1 0 -0 
1 3962.4000000000001 2301.2400000000002 4038.5999999999999 1 0 -0 
1 152.40000000000009 152.40000000000009 158.49600000000001 0 0 1 
1 152.40000000000009 152.40000000000009 166.11600000000001 -0 1 0 
1 152.40000000000009 3505.2000000000003 158.49600000000001 0 0 1 
1 152.40000000000009 152.40000000000009 158.49600000000001 -0 1 0 
1 7162.8000000000011 152.40000000000009 158.49600000000001 0 0 1 
1 7162.8000000000011 152.40000000000009 166.11600000000001 -0 1 0 
1 7162.8000000000011 3505.2000000000003 158.49600000000001 0 0 1 
1 7162.8000000000011 152.40000000000009 158.49600000000001 -0 1 0 
1 152.40000000000009 152.40000000000009 158.49600000000001 1 0 -0 
1 152.40000000000009 152.40000000000009 166.11600000000001 1 0 -0 
1 152.40000000000009 3505.2000000000003 158.49600000000001 1 0 -0 
1 152.40000000000009 3505.2000000000003 166.11600000000001 1 0 -0 
1 152.40000000000009 3605.7839999999997 158.49600000000001 0 0 1 
1 152.40000000000009 3605.7839999999997 166.11600000000001 -0 1 0 
1 152.40000000000009 5943.6000000000004 158.49600000000001 0 0 1 
1 152.40000000000009 3605.7839999999997 158.49600000000001 -0 1 0 
1 2286 3605.7839999999997 158.49600000000001 0 0 1 
1 2286 3605.7839999999997 166.11600000000001 -0 1 0 
1 2286 5943.6000000000004 158.49600000000001 0 0 1 
1 2286 3605.7839999999997 158.49600000000001 -0 1 0 
1 152.40000000000009 3605.7839999999997 158.49600000000001 1 0 -0 
1 152.40000000000009 3605.7839999999997 166.11600000000001 1 0 -0 
1 152.40000000000009 5943.6000000000004 158.49600000000001 1 0 -0 
1 152.40000000000009 5943.6000000000004 166.11600000000001 1 0 -0 
1 2386.5839999999998 3605.7840000000001 158.49600000000001 0 0 1 
1 2386.5839999999998 3605.7840000000001 166.11600000000001 -0 1 0 
1 2386.5839999999998 4114.8000000000002 158.49600000000001 0 0 1 
1 2386.5839999999998 3605.7840000000001 158.49600000000001 -0 1 0 
1 4267.1999999999998 3605.7840000000001 158.49600000000001 0 0 1 
1 4267.1999999999998 3605.7840000000001 166.11600000000001 -0 1 0 
1 4267.1999999999998 4114.8000000000002 158.49600000000001 0 0 1 
1 4267.1999999999998 3605.7840000000001 158.49600000000001 -0 1 0 
1 2386.5839999999998 3605.7840000000001 158.49600000000001 1 0 -0 
1 2386.5839999999998 3605.7840000000001 166.11600000000001 1 0 -0 
1 2386.5839999999998 4114.8000000000002 158.49600000000001 1 0 -0 
1 2386.5839999999998 4114.8000000000002 166.11600000000001 1 0 -0 
1 2386.5839999999998 4215.384 158.49600000000001 0 0 1 
1 2386.5839999999998 4215.384 166.11600000000001 -0 1 0 
1 2386.5839999999998 5943.6000000000004 158.49600000000001 0 0 1 
1 2386.5839999999998 4215.384 158.49600000000001 -0 1 0 
1 4267.1999999999998 4215.384 158.49600000000001 0 0 1 
1 4267.1999999999998 4215.384 166.11600000000001 -0 1 0 
1 4267.1999999999998 5943.6000000000004 158.49600000000001 0 0 1 
1 4267.1999999999998 4215.384 158.49600000000001 -0 1 0 
1 2386.5839999999998 4215.384 158.49600000000001 1 0 -0 
1 2386.5839999999998 4215.384 166.11600000000001 1 0 -0 
1 2386.5839999999998 5943.6000000000004 158.49600000000001 1 0 -0 
1 2386.5839999999998 5943.6000000000004 166.11600000000001 1 0 -0 
1 4367.7840000000006 3605.7839999999997 158.49600000000001 0 0 1 
1 4367.7840000000006 3605.7839999999997 166.11600000000001 -0 1 0 
1 4367.7840000000006 5943.6000000000004 158.49600000000001 0 0 1 
1 4367.7840000000006 3605.7839999999997 158.49600000000001 -0 1 0 
1 7162.8000000000002 3605.7839999999997 158.49600000000001 0 0 1 
1 7162.8000000000002 3605.7839999999997 166.11600000000001 -0 1 0 
1 7162.8000000000002 5943.6000000000004 158.49600000000001 0 0 1 
1 7162.8000000000002 3605.7839999999997 158.49600000000001 -0 1 0 
1 4367.7840000000006 3605.7839999999997 158.49600000000001 1 0 -0 
1 4367.7840000000006 3605.7839999999997 166.11600000000001 1 0 -0 
1 4367.7840000000006 5943.6000000000004 158.49600000000001 1 0 -0 
1 4367.7840000000006 5943.6000000000004 166.11600000000001 1 0 -0 
1 152.40000000000009 152.40000000000009 2825.4959999999996 0 0 1 
1 152.40000000000009 152.40000000000009 2833.1159999999995 -0 1 0 
1 152.40000000000009 3048 2825.4959999999996 0 0 1 
1 152.40000000000009 152.40000000000009 2825.4959999999996 -0 1 0 
1 3108.96 152.40000000000009 2825.4959999999996 0 0 1 
1 3108.96 152.40000000000009 2833.1159999999995 -0 1 0 
1 3108.96 3048 2825.4959999999996 0 0 1 
1 3108.96 152.40000000000009 2825.4959999999996 -0 1 0 
1 152.40000000000009 152.40000000000009 2825.4959999999996 1 0 -0 
1 152.40000000000009 152.40000000000009 2833.1159999999995 1 0 -0 
1 152.40000000000009 3048 2825.4959999999996 1 0 -0 
1 152.40000000000009 3048 2833.1159999999995 1 0 -0 
1 152.40000000000009 3148.5839999999998 2825.4959999999996 0 0 1 
1 152.40000000000009 3148.5839999999998 2833.1159999999995 -0 1 0 
1 152.40000000000009 4114.8000000000002 2825.4959999999996 0 0 1 
1 152.40000000000009 3148.5839999999998 2825.4959999999996 -0 1 0 
1 2286 3148.5839999999998 2825.4959999999996 0 0 1 
1 2286 3148.5839999999998 2833.1159999999995 -0 1 0 
1 2286 4114.8000000000002 2825.4959999999996 0 0 1 
1 2286 3148.5839999999998 2825.4959999999996 -0 1 0 
1 152.40000000000009 3148.5839999999998 2825.4959999999996 1 0 -0 
1 152.40000000000009 3148.5839999999998 2833.1159999999995 1 0 -0 
1 152.40000000000009 4114.8000000000002 2825.4959999999996 1 0 -0 
1 152.40000000000009 4114.8000000000002 2833.1159999999995 1 0 -0 
1 152.40000000000009 4215.384 2825.4959999999996 0 0 1 
1 152.40000000000009 4215.384 2833.1159999999995 -0 1 0 
1 152.40000000000009 5943.6000000000004 2825.4959999999996 0 0 1 
1 152.40000000000009 4215.384 2825.4959999999996 -0 1 0 
1 2286 4215.384 2825.4959999999996 0 0 1 
1 2286 4215.384 2833.1159999999995 -0 1 0 
1 2286 5943.6000000000004 2825.4959999999996 0 0 1 
1 2286 4215.384 2825.4959999999996 -0 1 0 
1 152.40000000000009 4215.384 2825.4959999999996 1 0 -0 
1 152.40000000000009 4215.384 2833.1159999999995 1 0 -0 
1 152.40000000000009 5943.6000000000004 2825.4959999999996 1 0 -0 
1 152.40000000000009 5943.6000000000004 2833.1159999999995 1 0 -0 
1 2386.5839999999998 4215.384 2825.4959999999996 0 0 1 
1 2386.5839999999998 4215.384 2833.1159999999995 -0 1 0 
1 2386.5839999999998 5943.6000000000004 2825.4959999999996 0 0 1 
1 2386.5839999999998 4215.384 2825.4959999999996 -0 1 0 
1 4267.1999999999998 4215.384 2825.4959999999996 0 0 1 
1 4267.1999999999998 4215.384 2833.1159999999995 -0 1 0 
1 4267.1999999999998 5943.6000000000004 2825.4959999999996 0 0 1 
1 4267.1999999999998 4215.384 2825.4959999999996 -0 1 0 
1 2386.5839999999998 4215.384 2825.4959999999996 1 0 -0 
1 2386.5839999999998 4215.384 2833.1159999999995 1 0 -0 
1 2386.5839999999998 5943.6000000000004 2825.4959999999996 1 0 -0 
1 2386.5839999999998 5943.6000000000004 2833.1159999999995 1 0 -0 
1 3209.5440000000003 152.40000000000009 2825.4959999999996 0 0 1 
1 3209.5440000000003 152.40000000000009 2833.1159999999995 -0 1 0 
1 3209.5440000000003 5943.6000000000004 2825.4959999999996 0 0 1 
1 3209.5440000000003 152.40000000000009 2825.4959999999996 -0 1 0 
1 7162.8000000000011 152.40000000000009 2825.4959999999996 0 0 1 
1 7162.8000000000011 152.40000000000009 2833.1159999999995 -0 1 0 
1 7162.8000000000011 5943.6000000000004 2825.4959999999996 0 0 1 
1 7162.8000000000011 152.40000000000009 2825.4959999999996 -0 1 0 
1 3209.5440000000003 152.40000000000009 2825.4959999999996 1 0 -0 
1 3209.5440000000003 152.40000000000009 2833.1159999999995 1 0 -0 
1 3209.5440000000003 5943.6000000000004 2825.4959999999996 1 0 -0 
1 3209.5440000000003 5943.6000000000004 2833.1159999999995 1 0 -0 
1 7229.8559999999998 396.24000000000001 152.40000000000009 0 0 1 
1 7229.8559999999998 396.24000000000001 2438.4000000000001 -0 1 0 
1 7229.8559999999998 3352.8000000000002 152.40000000000009 0 0 1 
1 7229.8559999999998 396.24000000000001 152.40000000000009 -0 1 0 
1 7248.1440000000002 396.24000000000001 152.40000000000009 0 0 1 
1 7248.1440000000002 396.24000000000001 2438.4000000000001 -0 1 0 
1 7248.1440000000002 3352.8000000000002 152.40000000000009 0 0 1 
1 7248.1440000000002 396.24000000000001 152.40000000000009 -0 1 0 
1 7229.8559999999998 396.24000000000001 152.40000000000009 1 0 -0 
1 7229.8559999999998 396.24000000000001 2438.4000000000001 1 0 -0 
1 7229.8559999999998 3352.8000000000002 152.40000000000009 1 0 -0 
1 7229.8559999999998 3352.8000000000002 2438.4000000000001 1 0 -0 
1 7229.8559999999998 1219.2 1066.8000000000002 0 0 1 
1 7229.8559999999998 1219.2 2133.5999999999999 -0 1 0 
1 7229.8559999999998 2133.6000000000004 1066.8000000000002 0 0 1 
1 7229.8559999999998 1219.2 1066.8000000000002 -0 1 0 
1 7248.1440000000002 1219.2 1066.8000000000002 0 0 1 
1 7248.1440000000002 1219.2 2133.5999999999999 -0 1 0 
1 7248.1440000000002 2133.6000000000004 1066.8000000000002 0 0 1 
1 7248.1440000000002 1219.2 1066.8000000000002 -0 1 0 
1 7229.8559999999998 1219.2 1066.8000000000002 1 0 -0 
1 7229.8559999999998 1219.2 2133.5999999999999 1 0 -0 
1 7229.8559999999998 2133.6000000000004 1066.8000000000002 1 0 -0 
1 7229.8559999999998 2133.6000000000004 2133.5999999999999 1 0 -0 
1 7229.8559999999998 3749.0400000000004 152.40000000000009 0 0 1 
1 7229.8559999999998 3749.0400000000004 2184.5016000000001 -0 1 0 
1 7229.8559999999998 5577.8400000000001 152.40000000000009 0 0 1 
1 7229.8559999999998 3749.0400000000004 152.40000000000009 -0 1 0 
1 7248.1440000000002 3749.0400000000004 152.40000000000009 0 0 1 
1 7248.1440000000002 3749.0400000000004 2184.5016000000001 -0 1 0 
1 7248.1440000000002 5577.8400000000001 152.40000000000009 0 0 1 
1 7248.1440000000002 3749.0400000000004 152.40000000000009 -0 1 0 
1 7229.8559999999998 3749.0400000000004 152.40000000000009 1 0 -0 
1 7229.8559999999998 3749.0400000000004 2184.5016000000001 1 0 -0 
1 7229.8559999999998 5577.8400000000001 152.40000000000009 1 0 -0 
1 7229.8559999999998 5577.8400000000001 2184.5016000000001 1 0 -0 
1 3505.1999999999998 67.055999999999997 2819.4000000000005 0 0 1 
1 3505.1999999999998 67.055999999999997 4851.5016000000005 -0 1 0 
1 3505.1999999999998 85.344000000000008 2819.4000000000005 0 0 1 
1 3505.1999999999998 67.055999999999997 2819.4000000000005 -0 1 0 
1 4419.6000000000004 67.055999999999997 2819.4000000000005 0 0 1 
1 4419.6000000000004 67.055999999999997 4851.5016000000005 -0 1 0 
1 4419.6000000000004 85.344000000000008 2819.4000000000005 0 0 1 
1 4419.6000000000004 67.055999999999997 2819.4000000000005 -0 1 0 
1 3505.1999999999998 67.055999999999997 2819.4000000000005 1 0 -0 
1 3505.1999999999998 67.055999999999997 4851.5016000000005 1 0 -0 
1 3505.1999999999998 85.344000000000008 2819.4000000000005 1 0 -0 
1 3505.1999999999998 85.344000000000008 4851.5016000000005 1 0 -0 
1 4876.8000000000002 67.055999999999997 3520.4400000000001 0 0 1 
1 4876.8000000000002 67.055999999999997 4587.2399999999998 -0 1 0 
1 4876.8000000000002 85.344000000000008 3520.4400000000001 0 0 1 
1 4876.8000000000002 67.055999999999997 3520.4400000000001 -0 1 0 
1 6400.8000000000002 67.055999999999997 3520.4400000000001 0 0 1 
1 6400.8000000000002 67.055999999999997 4587.2399999999998 -0 1 0 
1 6400.8000000000002 85.344000000000008 3520.4400000000001 0 0 1 
1 6400.8000000000002 67.055999999999997 3520.4400000000001 -0 1 0 
1 4876.8000000000002 67.055999999999997 3520.4400000000001 1 0 -0 
1 4876.8000000000002 67.055999999999997 4587.2399999999998 1 0 -0 
1 4876.8000000000002 85.344000000000008 3520.4400000000001 1 0 -0 
1 4876.8000000000002 85.344000000000008 4587.2399999999998 1 0 -0 
1 67.055999999999997 914.39999999999998 3520.4400000000001 0 0 1 
1 67.055999999999997 914.39999999999998 4587.2399999999998 -0 1 0 
1 67.055999999999997 1981.1999999999998 3520.4400000000001 0 0 1 
1 67.055999999999997 914.39999999999998 3520.4400000000001 -0 1 0 
1 85.344000000000008 914.39999999999998 3520.4400000000001 0 0 1 
1 85.344000000000008 914.39999999999998 4587.2399999999998 -0 1 0 
1 85.344000000000008 1981.1999999999998 3520.4400000000001 0 0 1 
1 85.344000000000008 914.39999999999998 3520.4400000000001 -0 1 0 
1 67.055999999999997 914.39999999999998 3520.4400000000001 1 0 -0 
1 67.055999999999997 914.39999999999998 4587.2399999999998 1 0 -0 
1 67.055999999999997 1981.1999999999998 3520.4400000000001 1 0 -0 
1 67.055999999999997 1981.1999999999998 4587.2399999999998 1 0 -0 
1 7229.8559999999998 457.20000000000005 2819.4000000000005 0 0 1 
1 7229.8559999999998 457.20000000000005 4851.5016000000005 -0 1 0 
1 7229.8559999999998 2286 2819.4000000000005 0 0 1 
1 7229.8559999999998 457.20000000000005 2819.4000000000005 -0 1 0 
1 7248.1440000000002 457.20000000000005 2819.4000000000005 0 0 1 
1 7248.1440000000002 457.20000000000005 4851.5016000000005 -0 1 0 
1 7248.1440000000002 2286 2819.4000000000005 0 0 1 
1 7248.1440000000002 457.20000000000005 2819.4000000000005 -0 1 0 
1 7229.8559999999998 457.20000000000005 2819.4000000000005 1 0 -0 
1 7229.8559999999998 457.20000000000005 4851.5016000000005 1 0 -0 
1 7229.8559999999998 2286 2819.4000000000005 1 0 -0 
1 7229.8559999999998 2286 4851.5016000000005 1 0 -0 
1 7229.8559999999998 4572.0000000000009 3520.4400000000001 0 0 1 
1 7229.8559999999998 4572.0000000000009 4587.2399999999998 -0 1 0 
1 7229.8559999999998 5638.8000000000002 3520.4400000000001 0 0 1 
1 7229.8559999999998 4572.0000000000009 3520.4400000000001 -0 1 0 
1 7248.1440000000002 4572.0000000000009 3520.4400000000001 0 0 1 
1 7248.1440000000002 4572.0000000000009 4587.2399999999998 -0 1 0 
1 7248.1440000000002 5638.8000000000002 3520.4400000000001 0 0 1 
1 7248.1440000000002 4572.0000000000009 3520.4400000000001 -0 1 0 
1 7229.8559999999998 4572.0000000000009 3520.4400000000001 1 0 -0 
1 7229.8559999999998 4572.0000000000009 4587.2399999999998 1 0 -0 
1 7229.8559999999998 5638.8000000000002 3520.4400000000001 1 0 -0 
1 7229.8559999999998 5638.8000000000002 4587.2399999999998 1 0 -0 
1 3505.2000000000003 -1219.2 0 0 0 1 
1 3505.2000000000003 -1219.2 76.200000000000003 -0 1 0 
1 3505.2000000000003 0 0 0 0 1 
1 3505.2000000000003 -1219.2 0 -0 1 0 
1 8534.3999999999996 -1219.2 0 0 0 1 
1 8534.3999999999996 -1219.2 76.200000000000003 -0 1 0 
1 8534.3999999999996 0 0 0 0 1 
1 8534.3999999999996 -1219.2 0 -0 1 0 
1 3505.2000000000003 -1219.2 0 1 0 -0 
1 3505.2000000000003 -1219.2 76.200000000000003 1 0 -0 
1 3505.2000000000003 0 0 1 0 -0 
1 3505.2000000000003 0 76.200000000000003 1 0 -0 
1 7315.1999999999998 0 0 0 0 1 
1 7315.1999999999998 0 76.200000000000003 -0 1 0 
1 7315.1999999999998 5943.6000000000004 0 0 0 1 
1 7315.1999999999998 0 0 -0 1 0 
1 8534.3999999999996 0 0 0 0 1 
1 8534.3999999999996 0 76.200000000000003 -0 1 0 
1 8534.3999999999996 5943.6000000000004 0 0 0 1 
1 8534.3999999999996 0 0 -0 1 0 
1 7315.1999999999998 0 0 1 0 -0 
1 7315.1999999999998 0 76.200000000000003 1 0 -0 
1 7315.1999999999998 5943.6000000000004 0 1 0 -0 
1 7315.1999999999998 5943.6000000000004 76.200000000000003 1 0 -0 
1 3505.2000000000003 -1219.2 2819.4000000000001 0 0 1 
1 3505.2000000000003 -1219.2 2926.0800000000004 -0 1 0 
1 3505.2000000000003 0 2819.4000000000001 0 0 1 
1 3505.2000000000003 -1219.2 2819.4000000000001 -0 1 0 
1 8534.3999999999996 -1219.2 2819.4000000000001 0 0 1 
1 8534.3999999999996 -1219.2 2926.0800000000004 -0 1 0 
1 8534.3999999999996 0 2819.4000000000001 0 0 1 
1 8534.3999999999996 -1219.2 2819.4000000000001 -0 1 0 
1 3505.2000000000003 -1219.2 2819.4000000000001 1 0 -0 
1 3505.2000000000003 -1219.2 2926.0800000000004 1 0 -0 
1 3505.2000000000003 0 2819.4000000000001 1 0 -0 
1 3505.2000000000003 0 2926.0800000000004 1 0 -0 
1 7315.1999999999998 0 2819.4000000000001 0 0 1 
1 7315.1999999999998 0 2926.0800000000004 -0 1 0 
1 7315.1999999999998 5943.6000000000004 2819.4000000000001 0 0 1 
1 7315.1999999999998 0 2819.4000000000001 -0 1 0 
1 8534.3999999999996 0 2819.4000000000001 0 0 1 
1 8534.3999999999996 0 2926.0800000000004 -0 1 0 
1 8534.3999999999996 5943.6000000000004 2819.4000000000001 0 0 1 
1 8534.3999999999996 0 2819.4000000000001 -0 1 0 
1 7315.1999999999998 0 2819.4000000000001 1 0 -0 
1 7315.1999999999998 0 2926.0800000000004 1 0 -0 
1 7315.1999999999998 5943.6000000000004 2819.4000000000001 1 0 -0 
1 7315.1999999999998 5943.6000000000004 2926.0800000000004 1 0 -0 
1 152.40000000000001 -1219.2 0 0 0 1 
1 152.40000000000001 -1219.2 201.3857142857143 -0 1 0 
1 152.40000000000001 0 0 0 0 1 
1 152.40000000000001 -1219.2 0 -0 1 0 
1 416.40369230769238 -1219.2 0 0 0 1 
1 416.40369230769238 -1219.2 201.3857142857143 -0 1 0 
1 416.40369230769238 0 0 0 0 1 
1 416.40369230769238 -1219.2 0 -0 1 0 
1 152.40000000000001 -1219.2 0 1 0 -0 
1 152.40000000000001 -1219.2 201.3857142857143 1 0 -0 
1 152.40000000000001 0 0 1 0 -0 
1 152.40000000000001 0 201.3857142857143 1 0 -0 
1 410.30769230769238 -1219.2 0 0 0 1 
1 410.30769230769238 -1219.2 402.7714285714286 -0 1 0 
1 410.30769230769238 0 0 0 0 1 
1 410.30769230769238 -1219.2 0 -0 1 0 
1 674.31138461538467 -1219.2 0 0 0 1 
1 674.31138461538467 -1219.2 402.7714285714286 -0 1 0 
1 674.31138461538467 0 0 0 0 1 
1 674.31138461538467 -1219.2 0 -0 1 0 
1 410.30769230769238 -1219.2 0 1 0 -0 
1 410.30769230769238 -1219.2 402.7714285714286 1 0 -0 
1 410.30769230769238 0 0 1 0 -0 
1 410.30769230769238 0 402.7714285714286 1 0 -0 
1 668.21538461538478 -1219.2 0 0 0 1 
1 668.21538461538478 -1219.2 604.15714285714284 -0 1 0 
1 668.21538461538478 0 0 0 0 1 
1 668.21538461538478 -1219.2 0 -0 1 0 
1 932.21907692307707 -1219.2 0 0 0 1 
1 932.21907692307707 -1219.2 604.15714285714284 -0 1 0 
1 932.21907692307707 0 0 0 0 1 
1 932.21907692307707 -1219.2 0 -0 1 0 
1 668.21538461538478 -1219.2 0 1 0 -0 
1 668.21538461538478 -1219.2 604.15714285714284 1 0 -0 
1 668.21538461538478 0 0 1 0 -0 
1 668.21538461538478 0 604.15714285714284 1 0 -0 
1 926.12307692307695 -1219.2 0 0 0 1 
1 926.12307692307695 -1219.2 805.5428571428572 -0 1 0 
1 926.12307692307695 0 0 0 0 1 
1 926.12307692307695 -1219.2 0 -0 1 0 
1 1190.1267692307692 -1219.2 0 0 0 1 
1 1190.1267692307692 -1219.2 805.5428571428572 -0 1 0 
1 1190.1267692307692 0 0 0 0 1 
1 1190.1267692307692 -1219.2 0 -0 1 0 
1 926.12307692307695 -1219.2 0 1 0 -0 
1 926.12307692307695 -1219.2 805.5428571428572 1 0 -0 
1 926.12307692307695 0 0 1 0 -0 
1 926.12307692307695 0 805.5428571428572 1 0 -0 
1 1184.0307692307692 -1219.2 0 0 0 1 
1 1184.0307692307692 -1219.2 1006.9285714285714 -0 1 0 
1 1184.0307692307692 0 0 0 0 1 
1 1184.0307692307692 -1219.2 0 -0 1 0 
1 1448.0344615384615 -1219.2 0 0 0 1 
1 1448.0344615384615 -1219.2 1006.9285714285714 -0 1 0 
1 1448.0344615384615 0 0 0 0 1 
1 1448.0344615384615 -1219.2 0 -0 1 0 
1 1184.0307692307692 -1219.2 0 1 0 -0 
1 1184.0307692307692 -1219.2 1006.9285714285714 1 0 -0 
1 1184.0307692307692 0 0 1 0 -0 
1 1184.0307692307692 0 1006.9285714285714 1 0 -0 
1 1441.9384615384618 -1219.2 0 0 0 1 
1 1441.9384615384618 -1219.2 1208.3142857142857 -0 1 0 
1 1441.9384615384618 0 0 0 0 1 
1 1441.9384615384618 -1219.2 0 -0 1 0 
1 1705.942153846154 -1219.2 0 0 0 1 
1 1705.942153846154 -1219.2 1208.3142857142857 -0 1 0 
1 1705.942153846154 0 0 0 0 1 
1 1705.942153846154 -1219.2 0 -0 1 0 
1 1441.9384615384618 -1219.2 0 1 0 -0 
1 1441.9384615384618 -1219.2 1208.3142857142857 1 0 -0 
1 1441.9384615384618 0 0 1 0 -0 
1 1441.9384615384618 0 1208.3142857142857 1 0 -0 
1 1699.8461538461538 -1219.2 0 0 0 1 
1 1699.8461538461538 -1219.2 1409.7 -0 1 0 
1 1699.8461538461538 0 0 0 0 1 
1 1699.8461538461538 -1219.2 0 -0 1 0 
1 1963.8498461538461 -1219.2 0 0 0 1 
1 1963.8498461538461 -1219.2 1409.7 -0 1 0 
1 1963.8498461538461 0 0 0 0 1 
1 1963.8498461538461 -1219.2 0 -0 1 0 
1 1699.8461538461538 -1219.2 0 1 0 -0 
1 1699.8461538461538 -1219.2 1409.7 1 0 -0 
1 1699.8461538461538 0 0 1 0 -0 
1 1699.8461538461538 0 1409.7 1 0 -0 
1 1957.7538461538466 -1219.2 0 0 0 1 
1 1957.7538461538466 -1219.2 1611.0857142857144 -0 1 0 
1 1957.7538461538466 0 0 0 0 1 
1 1957.7538461538466 -1219.2 0 -0 1 0 
1 2221.7575384615388 -1219.2 0 0 0 1 
1 2221.7575384615388 -1219.2 1611.0857142857144 -0 1 0 
1 2221.7575384615388 0 0 0 0 1 
1 2221.7575384615388 -1219.2 0 -0 1 0 
1 1957.7538461538466 -1219.2 0 1 0 -0 
1 1957.7538461538466 -1219.2 1611.0857142857144 1 0 -0 
1 1957.7538461538466 0 0 1 0 -0 
1 1957.7538461538466 0 1611.0857142857144 1 0 -0 
1 2215.6615384615384 -1219.2 0 0 0 1 
1 2215.6615384615384 -1219.2 1812.4714285714285 -0 1 0 
1 2215.6615384615384 0 0 0 0 1 
1 2215.6615384615384 -1219.2 0 -0 1 0 
1 2479.6652307692307 -1219.2 0 0 0 1 
1 2479.6652307692307 -1219.2 1812.4714285714285 -0 1 0 
1 2479.6652307692307 0 0 0 0 1 
1 2479.6652307692307 -1219.2 0 -0 1 0 
1 2215.6615384615384 -1219.2 0 1 0 -0 
1 2215.6615384615384 -1219.2 1812.4714285714285 1 0 -0 
1 2215.6615384615384 0 0 1 0 -0 
1 2215.6615384615384 0 1812.4714285714285 1 0 -0 
1 2473.5692307692307 -1219.2 0 0 0 1 
1 2473.5692307692307 -1219.2 2013.8571428571429 -0 1 0 
1 2473.5692307692307 0 0 0 0 1 
1 2473.5692307692307 -1219.2 0 -0 1 0 
1 2737.572923076923 -1219.2 0 0 0 1 
1 2737.572923076923 -1219.2 2013.8571428571429 -0 1 0 
1 2737.572923076923 0 0 0 0 1 
1 2737.572923076923 -1219.2 0 -0 1 0 
1 2473.5692307692307 -1219.2 0 1 0 -0 
1 2473.5692307692307 -1219.2 2013.8571428571429 1 0 -0 
1 2473.5692307692307 0 0 1 0 -0 
1 2473.5692307692307 0 2013.8571428571429 1 0 -0 
1 2731.4769230769234 -1219.2 0 0 0 1 
1 2731.4769230769234 -1219.2 2215.2428571428572 -0 1 0 
1 2731.4769230769234 0 0 0 0 1 
1 2731.4769230769234 -1219.2 0 -0 1 0 
1 2995.4806153846157 -1219.2 0 0 0 1 
1 2995.4806153846157 -1219.2 2215.2428571428572 -0 1 0 
1 2995.4806153846157 0 0 0 0 1 
1 2995.4806153846157 -1219.2 0 -0 1 0 
1 2731.4769230769234 -1219.2 0 1 0 -0 
1 2731.4769230769234 -1219.2 2215.2428571428572 1 0 -0 
1 2731.4769230769234 0 0 1 0 -0 
1 2731.4769230769234 0 2215.2428571428572 1 0 -0 
1 2989.3846153846157 -1219.2 0 0 0 1 
1 2989.3846153846157 -1219.2 2416.6285714285714 -0 1 0 
1 2989.3846153846157 0 0 0 0 1 
1 2989.3846153846157 -1219.2 0 -0 1 0 
1 3253.388307692308 -1219.2 0 0 0 1 
1 3253.388307692308 -1219.2 2416.6285714285714 -0 1 0 
1 3253.388307692308 0 0 0 0 1 
1 3253.388307692308 -1219.2 0 -0 1 0 
1 2989.3846153846157 -1219.2 0 1 0 -0 
1 2989.3846153846157 -1219.2 2416.6285714285714 1 0 -0 
1 2989.3846153846157 0 0 1 0 -0 
1 2989.3846153846157 0 2416.6285714285714 1 0 -0 
1 3247.2923076923075 -1219.2 0 0 0 1 
1 3247.2923076923075 -1219.2 2618.0142857142855 -0 1 0 
1 3247.2923076923075 0 0 0 0 1 
1 3247.2923076923075 -1219.2 0 -0 1 0 
1 3511.2959999999998 -1219.2 0 0 0 1 
1 3511.2959999999998 -1219.2 2618.0142857142855 -0 1 0 
1 3511.2959999999998 0 0 0 0 1 
1 3511.2959999999998 -1219.2 0 -0 1 0 
1 3247.2923076923075 -1219.2 0 1 0 -0 
1 3247.2923076923075 -1219.2 2618.0142857142855 1 0 -0 
1 3247.2923076923075 0 0 1 0 -0 
1 3247.2923076923075 0 2618.0142857142855 1 0 -0 
1 3505.2000000000003 -1219.2 2926.0799999999999 0 0 1 
1 3505.2000000000003 -1219.2 3840.4800000000005 -0 1 0 
1 3505.2000000000003 -1182.624 2926.0799999999999 0 0 1 
1 3505.2000000000003 -1219.2 2926.0799999999999 -0 1 0 
1 8534.3999999999996 -1219.2 2926.0799999999999 0 0 1 
1 8534.3999999999996 -1219.2 3840.4800000000005 -0 1 0 
1 8534.3999999999996 -1182.624 2926.0799999999999 0 0 1 
1 8534.3999999999996 -1219.2 2926.0799999999999 -0 1 0 
1 3505.2000000000003 -1219.2 2926.0799999999999 1 0 -0 
1 3505.2000000000003 -1219.2 3840.4800000000005 1 0 -0 
1 3505.2000000000003 -1182.624 2926.0799999999999 1 0 -0 
1 3505.2000000000003 -1182.624 3840.4800000000005 1 0 -0 
1 8497.8239999999987 0 2926.0799999999999 0 0 1 
1 8497.8239999999987 0 3840.4800000000005 -0 1 0 
1 8497.8239999999987 5943.6000000000004 2926.0799999999999 0 0 1 
1 8497.8239999999987 0 2926.0799999999999 -0 1 0 
1 8534.3999999999996 0 2926.0799999999999 0 0 1 
1 8534.3999999999996 0 3840.4800000000005 -0 1 0 
1 8534.3999999999996 5943.6000000000004 2926.0799999999999 0 0 1 
1 8534.3999999999996 0 2926.0799999999999 -0 1 0 
1 8497.8239999999987 0 2926.0799999999999 1 0 -0 
1 8497.8239999999987 0 3840.4800000000005 1 0 -0 
1 8497.8239999999987 5943.6000000000004 2926.0799999999999 1 0 -0 
1 8497.8239999999987 5943.6000000000004 3840.4800000000005 1 0 -0 
1 0 19.092305412976202 4777.1879630964677 0 -0.35793598449524333 0.93374612770464593 
1 0 -19.092305412976202 4876.7999999999993 0 0.93374612770464593 0.35793598449524333 
1 0 3067.0923054129762 5945.5878614964677 0 -0.35793598449524333 0.93374612770464593 
1 0 19.092305412976202 4777.1879630964677 0 0.93374612770464593 0.35793598449524333 
1 7315.2000000000007 19.092305412976202 4777.1879630964677 0 -0.35793598449524333 0.93374612770464593 
1 7315.2000000000007 -19.092305412976202 4876.7999999999993 0 0.93374612770464593 0.35793598449524333 
1 7315.2000000000007 3067.0923054129762 5945.5878614964677 0 -0.35793598449524333 0.93374612770464593 
1 7315.2000000000007 19.092305412976202 4777.1879630964677 0 0.93374612770464593 0.35793598449524333 
1 0 19.092305412976202 4777.1879630964677 1 0 0 
1 0 -19.092305412976202 4876.7999999999993 1 0 0 
1 0 3067.0923054129762 5945.5878614964677 1 0 0 
1 0 3028.9076945870238 6045.1998983999993 1 0 0 
1 0 3009.8153891740476 5945.5878614964677 0 0.35793598449524333 0.93374612770464593 
1 0 3048 6045.1998983999993 0 0.93374612770464593 -0.35793598449524333 
1 0 6057.8153891740476 4777.1879630964677 0 0.35793598449524333 0.93374612770464593 
1 0 3009.8153891740476 5945.5878614964677 0 0.93374612770464593 -0.35793598449524333 
1 7315.2000000000007 3009.8153891740476 5945.5878614964677 0 0.35793598449524333 0.93374612770464593 
1 7315.2000000000007 3048 6045.1998983999993 0 0.93374612770464593 -0.35793598449524333 
1 7315.2000000000007 6057.8153891740476 4777.1879630964677 0 0.35793598449524333 0.93374612770464593 
1 7315.2000000000007 3009.8153891740476 5945.5878614964677 0 0.93374612770464593 -0.35793598449524333 
1 0 3009.8153891740476 5945.5878614964677 1 0 0 
1 0 3048 6045.1998983999993 1 0 0 
1 0 6057.8153891740476 4777.1879630964677 1 0 0 
1 0 6096 4876.7999999999993 1 0 0 
Polygon3D 0
PolygonOnTriangulations 0
Surfaces 474
1 0 0 0 1 0 -0 0 0 1 0 -1 0 
1 7315.2000000000007 0 0 1 0 -0 0 0 1 0 -1 0 
1 0 0 0 -0 1 0 0 0 1 1 0 -0 
1 0 6096 0 -0 1 0 0 0 1 1 0 -0 
1 0 0 0 0 0 1 1 0 -0 -0 1 0 
1 0 0 152.40000000000001 0 0 1 1 0 -0 -0 1 0 
1 0 0 2590.7999999999997 1 0 -0 0 0 1 0 -1 0 
1 7315.2000000000007 0 2590.7999999999997 1 0 -0 0 0 1 0 -1 0 
1 0 0 2590.7999999999997 -0 1 0 0 0 1 1 0 -0 
1 0 6096 2590.7999999999997 -0 1 0 0 0 1 1 0 -0 
1 0 0 2590.7999999999997 0 0 1 1 0 -0 -0 1 0 
1 0 0 2819.4000000000001 0 0 1 1 0 -0 -0 1 0 
1 0 0 152.40000000000009 1 0 -0 0 0 1 0 -1 0 
1 7315.2000000000007 0 152.40000000000009 1 0 -0 0 0 1 0 -1 0 
1 0 0 152.40000000000009 -0 1 0 0 0 1 1 0 -0 
1 0 152.40000000000001 152.40000000000009 -0 1 0 0 0 1 1 0 -0 
1 0 0 152.40000000000009 0 0 1 1 0 -0 -0 1 0 
1 0 0 2590.8000000000002 0 0 1 1 0 -0 -0 1 0 
1 0 5943.6000000000004 152.40000000000009 1 0 -0 0 0 1 0 -1 0 
1 7315.2000000000007 5943.6000000000004 152.40000000000009 1 0 -0 0 0 1 0 -1 0 
1 0 5943.6000000000004 152.40000000000009 -0 1 0 0 0 1 1 0 -0 
1 0 6096 152.40000000000009 -0 1 0 0 0 1 1 0 -0 
1 0 5943.6000000000004 152.40000000000009 0 0 1 1 0 -0 -0 1 0 
1 0 5943.6000000000004 2590.8000000000002 0 0 1 1 0 -0 -0 1 0 
1 0 0 152.40000000000009 1 0 -0 0 0 1 0 -1 0 
1 152.40000000000001 0 152.40000000000009 1 0 -0 0 0 1 0 -1 0 
1 0 0 152.40000000000009 -0 1 0 0 0 1 1 0 -0 
1 0 396.24000000000001 152.40000000000009 -0 1 0 0 0 1 1 0 -0 
1 0 0 152.40000000000009 0 0 1 1 0 -0 -0 1 0 
1 0 0 2590.8000000000002 0 0 1 1 0 -0 -0 1 0 
1 0 396.24000000000001 2438.4000000000001 1 0 -0 0 0 1 0 -1 0 
1 152.40000000000001 396.24000000000001 2438.4000000000001 1 0 -0 0 0 1 0 -1 0 
1 0 396.24000000000001 2438.4000000000001 -0 1 0 0 0 1 1 0 -0 
1 0 3352.8000000000002 2438.4000000000001 -0 1 0 0 0 1 1 0 -0 
1 0 396.24000000000001 2438.4000000000001 0 0 1 1 0 -0 -0 1 0 
1 0 396.24000000000001 2590.7999999999997 0 0 1 1 0 -0 -0 1 0 
1 0 3352.8000000000002 152.40000000000009 1 0 -0 0 0 1 0 -1 0 
1 152.40000000000001 3352.8000000000002 152.40000000000009 1 0 -0 0 0 1 0 -1 0 
1 0 3352.8000000000002 152.40000000000009 -0 1 0 0 0 1 1 0 -0 
1 0 6096.0000000000009 152.40000000000009 -0 1 0 0 0 1 1 0 -0 
1 0 3352.8000000000002 152.40000000000009 0 0 1 1 0 -0 -0 1 0 
1 0 3352.8000000000002 2590.8000000000002 0 0 1 1 0 -0 -0 1 0 
1 7162.8000000000002 0 152.40000000000009 1 0 -0 0 0 1 0 -1 0 
1 7315.1999999999998 0 152.40000000000009 1 0 -0 0 0 1 0 -1 0 
1 7162.8000000000002 0 152.40000000000009 -0 1 0 0 0 1 1 0 -0 
1 7162.8000000000002 1219.2 152.40000000000009 -0 1 0 0 0 1 1 0 -0 
1 7162.8000000000002 0 152.40000000000009 0 0 1 1 0 -0 -0 1 0 
1 7162.8000000000002 0 2590.8000000000002 0 0 1 1 0 -0 -0 1 0 
1 7162.8000000000002 1219.2 152.39999999999998 1 0 -0 0 0 1 0 -1 0 
1 7315.1999999999998 1219.2 152.39999999999998 1 0 -0 0 0 1 0 -1 0 
1 7162.8000000000002 1219.2 152.39999999999998 -0 1 0 0 0 1 1 0 -0 
1 7162.8000000000002 2133.6000000000004 152.39999999999998 -0 1 0 0 0 1 1 0 -0 
1 7162.8000000000002 1219.2 152.39999999999998 0 0 1 1 0 -0 -0 1 0 
1 7162.8000000000002 1219.2 1066.8000000000002 0 0 1 1 0 -0 -0 1 0 
1 7162.8000000000002 1219.2 2133.6000000000004 1 0 -0 0 0 1 0 -1 0 
1 7315.1999999999998 1219.2 2133.6000000000004 1 0 -0 0 0 1 0 -1 0 
1 7162.8000000000002 1219.2 2133.6000000000004 -0 1 0 0 0 1 1 0 -0 
1 7162.8000000000002 2133.6000000000004 2133.6000000000004 -0 1 0 0 0 1 1 0 -0 
1 7162.8000000000002 1219.2 2133.6000000000004 0 0 1 1 0 -0 -0 1 0 
1 7162.8000000000002 1219.2 2590.8000000000002 0 0 1 1 0 -0 -0 1 0 
1 7162.8000000000002 2133.5999999999999 152.40000000000009 1 0 -0 0 0 1 0 -1 0 
1 7315.1999999999998 2133.5999999999999 152.40000000000009 1 0 -0 0 0 1 0 -1 0 
1 7162.8000000000002 2133.5999999999999 152.40000000000009 -0 1 0 0 0 1 1 0 -0 
1 7162.8000000000002 3749.0400000000004 152.40000000000009 -0 1 0 0 0 1 1 0 -0 
1 7162.8000000000002 2133.5999999999999 152.40000000000009 0 0 1 1 0 -0 -0 1 0 
1 7162.8000000000002 2133.5999999999999 2590.8000000000002 0 0 1 1 0 -0 -0 1 0 
1 7162.8000000000002 3749.0400000000004 2184.5016000000001 1 0 -0 0 0 1 0 -1 0 
1 7315.1999999999998 3749.0400000000004 2184.5016000000001 1 0 -0 0 0 1 0 -1 0 
1 7162.8000000000002 3749.0400000000004 2184.5016000000001 -0 1 0 0 0 1 1 0 -0 
1 7162.8000000000002 5577.8400000000001 2184.5016000000001 -0 1 0 0 0 1 1 0 -0 
1 7162.8000000000002 3749.0400000000004 2184.5016000000001 0 0 1 1 0 -0 -0 1 0 
1 7162.8000000000002 3749.0400000000004 2590.7999999999997 0 0 1 1 0 -0 -0 1 0 
1 7162.8000000000002 5577.8400000000001 152.40000000000009 1 0 -0 0 0 1 0 -1 0 
1 7315.1999999999998 5577.8400000000001 152.40000000000009 1 0 -0 0 0 1 0 -1 0 
1 7162.8000000000002 5577.8400000000001 152.40000000000009 -0 1 0 0 0 1 1 0 -0 
1 7162.8000000000002 6096 152.40000000000009 -0 1 0 0 0 1 1 0 -0 
1 7162.8000000000002 5577.8400000000001 152.40000000000009 0 0 1 1 0 -0 -0 1 0 
1 7162.8000000000002 5577.8400000000001 2590.8000000000002 0 0 1 1 0 -0 -0 1 0 
1 0 0 2819.4000000000005 1 0 -0 0 0 1 0 -1 0 
1 3505.2000000000003 0 2819.4000000000005 1 0 -0 0 0 1 0 -1 0 
1 0 0 2819.4000000000005 -0 1 0 0 0 1 1 0 -0 
1 0 152.40000000000001 2819.4000000000005 -0 1 0 0 0 1 1 0 -0 
1 0 0 2819.4000000000005 0 0 1 1 0 -0 -0 1 0 
1 0 0 4876.8000000000002 0 0 1 1 0 -0 -0 1 0 
1 3505.1999999999998 0 4851.5016000000005 1 0 -0 0 0 1 0 -1 0 
1 4419.6000000000004 0 4851.5016000000005 1 0 -0 0 0 1 0 -1 0 
1 3505.1999999999998 0 4851.5016000000005 -0 1 0 0 0 1 1 0 -0 
1 3505.1999999999998 152.40000000000001 4851.5016000000005 -0 1 0 0 0 1 1 0 -0 
1 3505.1999999999998 0 4851.5016000000005 0 0 1 1 0 -0 -0 1 0 
1 3505.1999999999998 0 4876.8000000000002 0 0 1 1 0 -0 -0 1 0 
1 4419.5999999999995 0 2819.4000000000005 1 0 -0 0 0 1 0 -1 0 
1 4876.8000000000002 0 2819.4000000000005 1 0 -0 0 0 1 0 -1 0 
1 4419.5999999999995 0 2819.4000000000005 -0 1 0 0 0 1 1 0 -0 
1 4419.5999999999995 152.40000000000001 2819.4000000000005 -0 1 0 0 0 1 1 0 -0 
1 4419.5999999999995 0 2819.4000000000005 0 0 1 1 0 -0 -0 1 0 
1 4419.5999999999995 0 4876.8000000000002 0 0 1 1 0 -0 -0 1 0 
1 4876.8000000000002 0 2819.4000000000001 1 0 -0 0 0 1 0 -1 0 
1 6400.8000000000002 0 2819.4000000000001 1 0 -0 0 0 1 0 -1 0 
1 4876.8000000000002 0 2819.4000000000001 -0 1 0 0 0 1 1 0 -0 
1 4876.8000000000002 152.40000000000001 2819.4000000000001 -0 1 0 0 0 1 1 0 -0 
1 4876.8000000000002 0 2819.4000000000001 0 0 1 1 0 -0 -0 1 0 
1 4876.8000000000002 0 3520.4400000000001 0 0 1 1 0 -0 -0 1 0 
1 4876.8000000000002 0 4587.2400000000007 1 0 -0 0 0 1 0 -1 0 
1 6400.8000000000002 0 4587.2400000000007 1 0 -0 0 0 1 0 -1 0 
1 4876.8000000000002 0 4587.2400000000007 -0 1 0 0 0 1 1 0 -0 
1 4876.8000000000002 152.40000000000001 4587.2400000000007 -0 1 0 0 0 1 1 0 -0 
1 4876.8000000000002 0 4587.2400000000007 0 0 1 1 0 -0 -0 1 0 
1 4876.8000000000002 0 4876.8000000000002 0 0 1 1 0 -0 -0 1 0 
1 6400.8000000000002 0 2819.4000000000005 1 0 -0 0 0 1 0 -1 0 
1 7315.1999999999998 0 2819.4000000000005 1 0 -0 0 0 1 0 -1 0 
1 6400.8000000000002 0 2819.4000000000005 -0 1 0 0 0 1 1 0 -0 
1 6400.8000000000002 152.40000000000001 2819.4000000000005 -0 1 0 0 0 1 1 0 -0 
1 6400.8000000000002 0 2819.4000000000005 0 0 1 1 0 -0 -0 1 0 
1 6400.8000000000002 0 4876.8000000000002 0 0 1 1 0 -0 -0 1 0 
1 0 5943.6000000000004 2819.4000000000005 1 0 -0 0 0 1 0 -1 0 
1 7315.2000000000007 5943.6000000000004 2819.4000000000005 1 0 -0 0 0 1 0 -1 0 
1 0 5943.6000000000004 2819.4000000000005 -0 1 0 0 0 1 1 0 -0 
1 0 6096 2819.4000000000005 -0 1 0 0 0 1 1 0 -0 
1 0 5943.6000000000004 2819.4000000000005 0 0 1 1 0 -0 -0 1 0 
1 0 5943.6000000000004 4876.8000000000002 0 0 1 1 0 -0 -0 1 0 
1 0 0 2819.4000000000005 1 0 -0 0 0 1 0 -1 0 
1 152.40000000000001 0 2819.4000000000005 1 0 -0 0 0 1 0 -1 0 
1 0 0 2819.4000000000005 -0 1 0 0 0 1 1 0 -0 
1 0 914.40000000000009 2819.4000000000005 -0 1 0 0 0 1 1 0 -0 
1 0 0 2819.4000000000005 0 0 1 1 0 -0 -0 1 0 
1 0 0 4876.8000000000002 0 0 1 1 0 -0 -0 1 0 
1 0 914.39999999999998 2819.4000000000001 1 0 -0 0 0 1 0 -1 0 
1 152.40000000000001 914.39999999999998 2819.4000000000001 1 0 -0 0 0 1 0 -1 0 
1 0 914.39999999999998 2819.4000000000001 -0 1 0 0 0 1 1 0 -0 
1 0 1981.1999999999998 2819.4000000000001 -0 1 0 0 0 1 1 0 -0 
1 0 914.39999999999998 2819.4000000000001 0 0 1 1 0 -0 -0 1 0 
1 0 914.39999999999998 3520.4400000000001 0 0 1 1 0 -0 -0 1 0 
1 0 914.39999999999998 4587.2400000000007 1 0 -0 0 0 1 0 -1 0 
1 152.40000000000001 914.39999999999998 4587.2400000000007 1 0 -0 0 0 1 0 -1 0 
1 0 914.39999999999998 4587.2400000000007 -0 1 0 0 0 1 1 0 -0 
1 0 1981.1999999999998 4587.2400000000007 -0 1 0 0 0 1 1 0 -0 
1 0 914.39999999999998 4587.2400000000007 0 0 1 1 0 -0 -0 1 0 
1 0 914.39999999999998 4876.8000000000002 0 0 1 1 0 -0 -0 1 0 
1 0 1981.2000000000003 2819.4000000000005 1 0 -0 0 0 1 0 -1 0 
1 152.40000000000001 1981.2000000000003 2819.4000000000005 1 0 -0 0 0 1 0 -1 0 
1 0 1981.2000000000003 2819.4000000000005 -0 1 0 0 0 1 1 0 -0 
1 0 6096 2819.4000000000005 -0 1 0 0 0 1 1 0 -0 
1 0 1981.2000000000003 2819.4000000000005 0 0 1 1 0 -0 -0 1 0 
1 0 1981.2000000000003 4876.8000000000002 0 0 1 1 0 -0 -0 1 0 
1 7162.8000000000002 0 2819.4000000000005 1 0 -0 0 0 1 0 -1 0 
1 7315.1999999999998 0 2819.4000000000005 1 0 -0 0 0 1 0 -1 0 
1 7162.8000000000002 0 2819.4000000000005 -0 1 0 0 0 1 1 0 -0 
1 7162.8000000000002 457.20000000000005 2819.4000000000005 -0 1 0 0 0 1 1 0 -0 
1 7162.8000000000002 0 2819.4000000000005 0 0 1 1 0 -0 -0 1 0 
1 7162.8000000000002 0 4876.8000000000002 0 0 1 1 0 -0 -0 1 0 
1 7162.8000000000002 457.20000000000005 4851.5016000000005 1 0 -0 0 0 1 0 -1 0 
1 7315.1999999999998 457.20000000000005 4851.5016000000005 1 0 -0 0 0 1 0 -1 0 
1 7162.8000000000002 457.20000000000005 4851.5016000000005 -0 1 0 0 0 1 1 0 -0 
1 7162.8000000000002 2286 4851.5016000000005 -0 1 0 0 0 1 1 0 -0 
1 7162.8000000000002 457.20000000000005 4851.5016000000005 0 0 1 1 0 -0 -0 1 0 
1 7162.8000000000002 457.20000000000005 4876.8000000000002 0 0 1 1 0 -0 -0 1 0 
1 7162.8000000000002 2286 2819.4000000000005 1 0 -0 0 0 1 0 -1 0 
1 7315.1999999999998 2286 2819.4000000000005 1 0 -0 0 0 1 0 -1 0 
1 7162.8000000000002 2286 2819.4000000000005 -0 1 0 0 0 1 1 0 -0 
1 7162.8000000000002 4572 2819.4000000000005 -0 1 0 0 0 1 1 0 -0 
1 7162.8000000000002 2286 2819.4000000000005 0 0 1 1 0 -0 -0 1 0 
1 7162.8000000000002 2286 4876.8000000000002 0 0 1 1 0 -0 -0 1 0 
1 7162.8000000000002 4572.0000000000009 2819.4000000000001 1 0 -0 0 0 1 0 -1 0 
1 7315.1999999999998 4572.0000000000009 2819.4000000000001 1 0 -0 0 0 1 0 -1 0 
1 7162.8000000000002 4572.0000000000009 2819.4000000000001 -0 1 0 0 0 1 1 0 -0 
1 7162.8000000000002 5638.8000000000002 2819.4000000000001 -0 1 0 0 0 1 1 0 -0 
1 7162.8000000000002 4572.0000000000009 2819.4000000000001 0 0 1 1 0 -0 -0 1 0 
1 7162.8000000000002 4572.0000000000009 3520.4400000000001 0 0 1 1 0 -0 -0 1 0 
1 7162.8000000000002 4572.0000000000009 4587.2400000000007 1 0 -0 0 0 1 0 -1 0 
1 7315.1999999999998 4572.0000000000009 4587.2400000000007 1 0 -0 0 0 1 0 -1 0 
1 7162.8000000000002 4572.0000000000009 4587.2400000000007 -0 1 0 0 0 1 1 0 -0 
1 7162.8000000000002 5638.8000000000002 4587.2400000000007 -0 1 0 0 0 1 1 0 -0 
1 7162.8000000000002 4572.0000000000009 4587.2400000000007 0 0 1 1 0 -0 -0 1 0 
1 7162.8000000000002 4572.0000000000009 4876.8000000000002 0 0 1 1 0 -0 -0 1 0 
1 7162.8000000000002 5638.8000000000002 2819.4000000000005 1 0 -0 0 0 1 0 -1 0 
1 7315.1999999999998 5638.8000000000002 2819.4000000000005 1 0 -0 0 0 1 0 -1 0 
1 7162.8000000000002 5638.8000000000002 2819.4000000000005 -0 1 0 0 0 1 1 0 -0 
1 7162.8000000000002 6096.0000000000009 2819.4000000000005 -0 1 0 0 0 1 1 0 -0 
1 7162.8000000000002 5638.8000000000002 2819.4000000000005 0 0 1 1 0 -0 -0 1 0 
1 7162.8000000000002 5638.8000000000002 4876.8000000000002 0 0 1 1 0 -0 -0 1 0 
1 152.40000000000009 3505.1999999999998 152.40000000000009 1 0 -0 0 0 1 0 -1 0 
1 7162.8000000000011 3505.1999999999998 152.40000000000009 1 0 -0 0 0 1 0 -1 0 
1 152.40000000000009 3505.1999999999998 152.40000000000009 -0 1 0 0 0 1 1 0 -0 
1 152.40000000000009 3605.7839999999997 152.40000000000009 -0 1 0 0 0 1 1 0 -0 
1 152.40000000000009 3505.1999999999998 152.40000000000009 0 0 1 1 0 -0 -0 1 0 
1 152.40000000000009 3505.1999999999998 2590.8000000000002 0 0 1 1 0 -0 -0 1 0 
1 2286 3505.2000000000007 152.40000000000009 1 0 -0 0 0 1 0 -1 0 
1 2386.5839999999998 3505.2000000000007 152.40000000000009 1 0 -0 0 0 1 0 -1 0 
1 2286 3505.2000000000007 152.40000000000009 -0 1 0 0 0 1 1 0 -0 
1 2286 5943.6000000000004 152.40000000000009 -0 1 0 0 0 1 1 0 -0 
1 2286 3505.2000000000007 152.40000000000009 0 0 1 1 0 -0 -0 1 0 
1 2286 3505.2000000000007 2590.8000000000002 0 0 1 1 0 -0 -0 1 0 
1 4267.1999999999998 3505.2000000000007 152.40000000000009 1 0 -0 0 0 1 0 -1 0 
1 4367.7840000000006 3505.2000000000007 152.40000000000009 1 0 -0 0 0 1 0 -1 0 
1 4267.1999999999998 3505.2000000000007 152.40000000000009 -0 1 0 0 0 1 1 0 -0 
1 4267.1999999999998 5943.6000000000004 152.40000000000009 -0 1 0 0 0 1 1 0 -0 
1 4267.1999999999998 3505.2000000000007 152.40000000000009 0 0 1 1 0 -0 -0 1 0 
1 4267.1999999999998 3505.2000000000007 2590.8000000000002 0 0 1 1 0 -0 -0 1 0 
1 2286 4114.7999999999993 152.40000000000009 1 0 -0 0 0 1 0 -1 0 
1 4367.7839999999997 4114.7999999999993 152.40000000000009 1 0 -0 0 0 1 0 -1 0 
1 2286 4114.7999999999993 152.40000000000009 -0 1 0 0 0 1 1 0 -0 
1 2286 4215.384 152.40000000000009 -0 1 0 0 0 1 1 0 -0 
1 2286 4114.7999999999993 152.40000000000009 0 0 1 1 0 -0 -0 1 0 
1 2286 4114.7999999999993 2590.8000000000002 0 0 1 1 0 -0 -0 1 0 
1 3108.9599999999996 152.40000000000009 2819.4000000000005 1 0 -0 0 0 1 0 -1 0 
1 3209.5439999999994 152.40000000000009 2819.4000000000005 1 0 -0 0 0 1 0 -1 0 
1 3108.9599999999996 152.40000000000009 2819.4000000000005 -0 1 0 0 0 1 1 0 -0 
1 3108.9599999999996 3048 2819.4000000000005 -0 1 0 0 0 1 1 0 -0 
1 3108.9599999999996 152.40000000000009 2819.4000000000005 0 0 1 1 0 -0 -0 1 0 
1 3108.9599999999996 152.40000000000009 4876.8000000000002 0 0 1 1 0 -0 -0 1 0 
1 152.40000000000009 3048 2819.4000000000005 1 0 -0 0 0 1 0 -1 0 
1 3209.5439999999999 3048 2819.4000000000005 1 0 -0 0 0 1 0 -1 0 
1 152.40000000000009 3048 2819.4000000000005 -0 1 0 0 0 1 1 0 -0 
1 152.40000000000009 3148.5839999999998 2819.4000000000005 -0 1 0 0 0 1 1 0 -0 
1 152.40000000000009 3048 2819.4000000000005 0 0 1 1 0 -0 -0 1 0 
1 152.40000000000009 3048 4876.8000000000002 0 0 1 1 0 -0 -0 1 0 
1 152.40000000000009 4114.7999999999993 2819.4000000000005 1 0 -0 0 0 1 0 -1 0 
1 4367.7839999999997 4114.7999999999993 2819.4000000000005 1 0 -0 0 0 1 0 -1 0 
1 152.40000000000009 4114.7999999999993 2819.4000000000005 -0 1 0 0 0 1 1 0 -0 
1 152.40000000000009 4215.384 2819.4000000000005 -0 1 0 0 0 1 1 0 -0 
1 152.40000000000009 4114.7999999999993 2819.4000000000005 0 0 1 1 0 -0 -0 1 0 
1 152.40000000000009 4114.7999999999993 4876.8000000000002 0 0 1 1 0 -0 -0 1 0 
1 2286 4114.7999999999993 2819.4000000000005 1 0 -0 0 0 1 0 -1 0 
1 2386.5839999999998 4114.7999999999993 2819.4000000000005 1 0 -0 0 0 1 0 -1 0 
1 2286 4114.7999999999993 2819.4000000000005 -0 1 0 0 0 1 1 0 -0 
1 2286 5943.6000000000004 2819.4000000000005 -0 1 0 0 0 1 1 0 -0 
1 2286 4114.7999999999993 2819.4000000000005 0 0 1 1 0 -0 -0 1 0 
1 2286 4114.7999999999993 4876.8000000000002 0 0 1 1 0 -0 -0 1 0 
1 4267.1999999999998 4114.7999999999993 2819.4000000000005 1 0 -0 0 0 1 0 -1 0 
1 4367.7840000000006 4114.7999999999993 2819.4000000000005 1 0 -0 0 0 1 0 -1 0 
1 4267.1999999999998 4114.7999999999993 2819.4000000000005 -0 1 0 0 0 1 1 0 -0 
1 4267.1999999999998 5943.6000000000004 2819.4000000000005 -0 1 0 0 0 1 1 0 -0 
1 4267.1999999999998 4114.7999999999993 2819.4000000000005 0 0 1 1 0 -0 -0 1 0 
1 4267.1999999999998 4114.7999999999993 4876.8000000000002 0 0 1 1 0 -0 -0 1 0 
1 3962.4000000000001 2194.5599999999999 2819.4000000000001 1 0 -0 0 0 1 0 -1 0 
1 5791.2000000000007 2194.5599999999999 2819.4000000000001 1 0 -0 0 0 1 0 -1 0 
1 3962.4000000000001 2194.5599999999999 2819.4000000000001 -0 1 0 0 0 1 1 0 -0 
1 3962.4000000000001 2301.2400000000002 2819.4000000000001 -0 1 0 0 0 1 1 0 -0 
1 3962.4000000000001 2194.5599999999999 2819.4000000000001 0 0 1 1 0 -0 -0 1 0 
1 3962.4000000000001 2194.5599999999999 4038.5999999999999 0 0 1 1 0 -0 -0 1 0 
1 152.40000000000009 152.40000000000009 158.49600000000001 1 0 -0 0 0 1 0 -1 0 
1 7162.8000000000011 152.40000000000009 158.49600000000001 1 0 -0 0 0 1 0 -1 0 
1 152.40000000000009 152.40000000000009 158.49600000000001 -0 1 0 0 0 1 1 0 -0 
1 152.40000000000009 3505.2000000000003 158.49600000000001 -0 1 0 0 0 1 1 0 -0 
1 152.40000000000009 152.40000000000009 158.49600000000001 0 0 1 1 0 -0 -0 1 0 
1 152.40000000000009 152.40000000000009 166.11600000000001 0 0 1 1 0 -0 -0 1 0 
1 152.40000000000009 3605.7839999999997 158.49600000000001 1 0 -0 0 0 1 0 -1 0 
1 2286 3605.7839999999997 158.49600000000001 1 0 -0 0 0 1 0 -1 0 
1 152.40000000000009 3605.7839999999997 158.49600000000001 -0 1 0 0 0 1 1 0 -0 
1 152.40000000000009 5943.6000000000004 158.49600000000001 -0 1 0 0 0 1 1 0 -0 
1 152.40000000000009 3605.7839999999997 158.49600000000001 0 0 1 1 0 -0 -0 1 0 
1 152.40000000000009 3605.7839999999997 166.11600000000001 0 0 1 1 0 -0 -0 1 0 
1 2386.5839999999998 3605.7840000000001 158.49600000000001 1 0 -0 0 0 1 0 -1 0 
1 4267.1999999999998 3605.7840000000001 158.49600000000001 1 0 -0 0 0 1 0 -1 0 
1 2386.5839999999998 3605.7840000000001 158.49600000000001 -0 1 0 0 0 1 1 0 -0 
1 2386.5839999999998 4114.8000000000002 158.49600000000001 -0 1 0 0 0 1 1 0 -0 
1 2386.5839999999998 3605.7840000000001 158.49600000000001 0 0 1 1 0 -0 -0 1 0 
1 2386.5839999999998 3605.7840000000001 166.11600000000001 0 0 1 1 0 -0 -0 1 0 
1 2386.5839999999998 4215.384 158.49600000000001 1 0 -0 0 0 1 0 -1 0 
1 4267.1999999999998 4215.384 158.49600000000001 1 0 -0 0 0 1 0 -1 0 
1 2386.5839999999998 4215.384 158.49600000000001 -0 1 0 0 0 1 1 0 -0 
1 2386.5839999999998 5943.6000000000004 158.49600000000001 -0 1 0 0 0 1 1 0 -0 
1 2386.5839999999998 4215.384 158.49600000000001 0 0 1 1 0 -0 -0 1 0 
1 2386.5839999999998 4215.384 166.11600000000001 0 0 1 1 0 -0 -0 1 0 
1 4367.7840000000006 3605.7839999999997 158.49600000000001 1 0 -0 0 0 1 0 -1 0 
1 7162.8000000000002 3605.7839999999997 158.49600000000001 1 0 -0 0 0 1 0 -1 0 
1 4367.7840000000006 3605.7839999999997 158.49600000000001 -0 1 0 0 0 1 1 0 -0 
1 4367.7840000000006 5943.6000000000004 158.49600000000001 -0 1 0 0 0 1 1 0 -0 
1 4367.7840000000006 3605.7839999999997 158.49600000000001 0 0 1 1 0 -0 -0 1 0 
1 4367.7840000000006 3605.7839999999997 166.11600000000001 0 0 1 1 0 -0 -0 1 0 
1 152.40000000000009 152.40000000000009 2825.4959999999996 1 0 -0 0 0 1 0 -1 0 
1 3108.96 152.40000000000009 2825.4959999999996 1 0 -0 0 0 1 0 -1 0 
1 152.40000000000009 152.40000000000009 2825.4959999999996 -0 1 0 0 0 1 1 0 -0 
1 152.40000000000009 3048 2825.4959999999996 -0 1 0 0 0 1 1 0 -0 
1 152.40000000000009 152.40000000000009 2825.4959999999996 0 0 1 1 0 -0 -0 1 0 
1 152.40000000000009 152.40000000000009 2833.1159999999995 0 0 1 1 0 -0 -0 1 0 
1 152.40000000000009 3148.5839999999998 2825.4959999999996 1 0 -0 0 0 1 0 -1 0 
1 2286 3148.5839999999998 2825.4959999999996 1 0 -0 0 0 1 0 -1 0 
1 152.40000000000009 3148.5839999999998 2825.4959999999996 -0 1 0 0 0 1 1 0 -0 
1 152.40000000000009 4114.8000000000002 2825.4959999999996 -0 1 0 0 0 1 1 0 -0 
1 152.40000000000009 3148.5839999999998 2825.4959999999996 0 0 1 1 0 -0 -0 1 0 
1 152.40000000000009 3148.5839999999998 2833.1159999999995 0 0 1 1 0 -0 -0 1 0 
1 152.40000000000009 4215.384 2825.4959999999996 1 0 -0 0 0 1 0 -1 0 
1 2286 4215.384 2825.4959999999996 1 0 -0 0 0 1 0 -1 0 
1 152.40000000000009 4215.384 2825.4959999999996 -0 1 0 0 0 1 1 0 -0 
1 152.40000000000009 5943.6000000000004 2825.4959999999996 -0 1 0 0 0 1 1 0 -0 
1 152.40000000000009 4215.384 2825.4959999999996 0 0 1 1 0 -0 -0 1 0 
1 152.40000000000009 4215.384 2833.1159999999995 0 0 1 1 0 -0 -0 1 0 
1 2386.5839999999998 4215.384 2825.4959999999996 1 0 -0 0 0 1 0 -1 0 
1 4267.1999999999998 4215.384 2825.4959999999996 1 0 -0 0 0 1 0 -1 0 
1 2386.5839999999998 4215.384 2825.4959999999996 -0 1 0 0 0 1 1 0 -0 
1 2386.5839999999998 5943.6000000000004 2825.4959999999996 -0 1 0 0 0 1 1 0 -0 
1 2386.5839999999998 4215.384 2825.4959999999996 0 0 1 1 0 -0 -0 1 0 
1 2386.5839999999998 4215.384 2833.1159999999995 0 0 1 1 0 -0 -0 1 0 
1 3209.5440000000003 152.40000000000009 2825.4959999999996 1 0 -0 0 0 1 0 -1 0 
1 7162.8000000000011 152.40000000000009 2825.4959999999996 1 0 -0 0 0 1 0 -1 0 
1 3209.5440000000003 152.40000000000009 2825.4959999999996 -0 1 0 0 0 1 1 0 -0 
1 3209.5440000000003 5943.6000000000004 2825.4959999999996 -0 1 0 0 0 1 1 0 -0 
1 3209.5440000000003 152.40000000000009 2825.4959999999996 0 0 1 1 0 -0 -0 1 0 
1 3209.5440000000003 152.40000000000009 2833.1159999999995 0 0 1 1 0 -0 -0 1 0 
1 7229.8559999999998 396.24000000000001 152.40000000000009 1 0 -0 0 0 1 0 -1 0 
1 7248.1440000000002 396.24000000000001 152.40000000000009 1 0 -0 0 0 1 0 -1 0 
1 7229.8559999999998 396.24000000000001 152.40000000000009 -0 1 0 0 0 1 1 0 -0 
1 7229.8559999999998 3352.8000000000002 152.40000000000009 -0 1 0 0 0 1 1 0 -0 
1 7229.8559999999998 396.24000000000001 152.40000000000009 0 0 1 1 0 -0 -0 1 0 
1 7229.8559999999998 396.24000000000001 2438.4000000000001 0 0 1 1 0 -0 -0 1 0 
1 7229.8559999999998 1219.2 1066.8000000000002 1 0 -0 0 0 1 0 -1 0 
1 7248.1440000000002 1219.2 1066.8000000000002 1 0 -0 0 0 1 0 -1 0 
1 7229.8559999999998 1219.2 1066.8000000000002 -0 1 0 0 0 1 1 0 -0 
1 7229.8559999999998 2133.6000000000004 1066.8000000000002 -0 1 0 0 0 1 1 0 -0 
1 7229.8559999999998 1219.2 1066.8000000000002 0 0 1 1 0 -0 -0 1 0 
1 7229.8559999999998 1219.2 2133.5999999999999 0 0 1 1 0 -0 -0 1 0 
1 7229.8559999999998 3749.0400000000004 152.40000000000009 1 0 -0 0 0 1 0 -1 0 
1 7248.1440000000002 3749.0400000000004 152.40000000000009 1 0 -0 0 0 1 0 -1 0 
1 7229.8559999999998 3749.0400000000004 152.40000000000009 -0 1 0 0 0 1 1 0 -0 
1 7229.8559999999998 5577.8400000000001 152.40000000000009 -0 1 0 0 0 1 1 0 -0 
1 7229.8559999999998 3749.0400000000004 152.40000000000009 0 0 1 1 0 -0 -0 1 0 
1 7229.8559999999998 3749.0400000000004 2184.5016000000001 0 0 1 1 0 -0 -0 1 0 
1 3505.1999999999998 67.055999999999997 2819.4000000000005 1 0 -0 0 0 1 0 -1 0 
1 4419.6000000000004 67.055999999999997 2819.4000000000005 1 0 -0 0 0 1 0 -1 0 
1 3505.1999999999998 67.055999999999997 2819.4000000000005 -0 1 0 0 0 1 1 0 -0 
1 3505.1999999999998 85.344000000000008 2819.4000000000005 -0 1 0 0 0 1 1 0 -0 
1 3505.1999999999998 67.055999999999997 2819.4000000000005 0 0 1 1 0 -0 -0 1 0 
1 3505.1999999999998 67.055999999999997 4851.5016000000005 0 0 1 1 0 -0 -0 1 0 
1 4876.8000000000002 67.055999999999997 3520.4400000000001 1 0 -0 0 0 1 0 -1 0 
1 6400.8000000000002 67.055999999999997 3520.4400000000001 1 0 -0 0 0 1 0 -1 0 
1 4876.8000000000002 67.055999999999997 3520.4400000000001 -0 1 0 0 0 1 1 0 -0 
1 4876.8000000000002 85.344000000000008 3520.4400000000001 -0 1 0 0 0 1 1 0 -0 
1 4876.8000000000002 67.055999999999997 3520.4400000000001 0 0 1 1 0 -0 -0 1 0 
1 4876.8000000000002 67.055999999999997 4587.2399999999998 0 0 1 1 0 -0 -0 1 0 
1 67.055999999999997 914.39999999999998 3520.4400000000001 1 0 -0 0 0 1 0 -1 0 
1 85.344000000000008 914.39999999999998 3520.4400000000001 1 0 -0 0 0 1 0 -1 0 
1 67.055999999999997 914.39999999999998 3520.4400000000001 -0 1 0 0 0 1 1 0 -0 
1 67.055999999999997 1981.1999999999998 3520.4400000000001 -0 1 0 0 0 1 1 0 -0 
1 67.055999999999997 914.39999999999998 3520.4400000000001 0 0 1 1 0 -0 -0 1 0 
1 67.055999999999997 914.39999999999998 4587.2399999999998 0 0 1 1 0 -0 -0 1 0 
1 7229.8559999999998 457.20000000000005 2819.4000000000005 1 0 -0 0 0 1 0 -1 0 
1 7248.1440000000002 457.20000000000005 2819.4000000000005 1 0 -0 0 0 1 0 -1 0 
1 7229.8559999999998 457.20000000000005 2819.4000000000005 -0 1 0 0 0 1 1 0 -0 
1 7229.8559999999998 2286 2819.4000000000005 -0 1 0 0 0 1 1 0 -0 
1 7229.8559999999998 457.20000000000005 2819.4000000000005 0 0 1 1 0 -0 -0 1 0 
1 7229.8559999999998 457.20000000000005 4851.5016000000005 0 0 1 1 0 -0 -0 1 0 
1 7229.8559999999998 4572.0000000000009 3520.4400000000001 1 0 -0 0 0 1 0 -1 0 
1 7248.1440000000002 4572.0000000000009 3520.4400000000001 1 0 -0 0 0 1 0 -1 0 
1 7229.8559999999998 4572.0000000000009 3520.4400000000001 -0 1 0 0 0 1 1 0 -0 
1 7229.8559999999998 5638.8000000000002 3520.4400000000001 -0 1 0 0 0 1 1 0 -0 
1 7229.8559999999998 4572.0000000000009 3520.4400000000001 0 0 1 1 0 -0 -0 1 0 
1 7229.8559999999998 4572.0000000000009 4587.2399999999998 0 0 1 1 0 -0 -0 1 0 
1 3505.2000000000003 -1219.2 0 1 0 -0 0 0 1 0 -1 0 
1 8534.3999999999996 -1219.2 0 1 0 -0 0 0 1 0 -1 0 
1 3505.2000000000003 -1219.2 0 -0 1 0 0 0 1 1 0 -0 
1 3505.2000000000003 0 0 -0 1 0 0 0 1 1 0 -0 
1 3505.2000000000003 -1219.2 0 0 0 1 1 0 -0 -0 1 0 
1 3505.2000000000003 -1219.2 76.200000000000003 0 0 1 1 0 -0 -0 1 0 
1 7315.1999999999998 0 0 1 0 -0 0 0 1 0 -1 0 
1 8534.3999999999996 0 0 1 0 -0 0 0 1 0 -1 0 
1 7315.1999999999998 0 0 -0 1 0 0 0 1 1 0 -0 
1 7315.1999999999998 5943.6000000000004 0 -0 1 0 0 0 1 1 0 -0 
1 7315.1999999999998 0 0 0 0 1 1 0 -0 -0 1 0 
1 7315.1999999999998 0 76.200000000000003 0 0 1 1 0 -0 -0 1 0 
1 3505.2000000000003 -1219.2 2819.4000000000001 1 0 -0 0 0 1 0 -1 0 
1 8534.3999999999996 -1219.2 2819.4000000000001 1 0 -0 0 0 1 0 -1 0 
1 3505.2000000000003 -1219.2 2819.4000000000001 -0 1 0 0 0 1 1 0 -0 
1 3505.2000000000003 0 2819.4000000000001 -0 1 0 0 0 1 1 0 -0 
1 3505.2000000000003 -1219.2 2819.4000000000001 0 0 1 1 0 -0 -0 1 0 
1 3505.2000000000003 -1219.2 2926.0800000000004 0 0 1 1 0 -0 -0 1 0 
1 7315.1999999999998 0 2819.4000000000001 1 0 -0 0 0 1 0 -1 0 
1 8534.3999999999996 0 2819.4000000000001 1 0 -0 0 0 1 0 -1 0 
1 7315.1999999999998 0 2819.4000000000001 -0 1 0 0 0 1 1 0 -0 
1 7315.1999999999998 5943.6000000000004 2819.4000000000001 -0 1 0 0 0 1 1 0 -0 
1 7315.1999999999998 0 2819.4000000000001 0 0 1 1 0 -0 -0 1 0 
1 7315.1999999999998 0 2926.0800000000004 0 0 1 1 0 -0 -0 1 0 
1 152.40000000000001 -1219.2 0 1 0 -0 0 0 1 0 -1 0 
1 416.40369230769238 -1219.2 0 1 0 -0 0 0 1 0 -1 0 
1 152.40000000000001 -1219.2 0 -0 1 0 0 0 1 1 0 -0 
1 152.40000000000001 0 0 -0 1 0 0 0 1 1 0 -0 
1 152.40000000000001 -1219.2 0 0 0 1 1 0 -0 -0 1 0 
1 152.40000000000001 -1219.2 201.3857142857143 0 0 1 1 0 -0 -0 1 0 
1 410.30769230769238 -1219.2 0 1 0 -0 0 0 1 0 -1 0 
1 674.31138461538467 -1219.2 0 1 0 -0 0 0 1 0 -1 0 
1 410.30769230769238 -1219.2 0 -0 1 0 0 0 1 1 0 -0 
1 410.30769230769238 0 0 -0 1 0 0 0 1 1 0 -0 
1 410.30769230769238 -1219.2 0 0 0 1 1 0 -0 -0 1 0 
1 410.30769230769238 -1219.2 402.7714285714286 0 0 1 1 0 -0 -0 1 0 
1 668.21538461538478 -1219.2 0 1 0 -0 0 0 1 0 -1 0 
1 932.21907692307707 -1219.2 0 1 0 -0 0 0 1 0 -1 0 
1 668.21538461538478 -1219.2 0 -0 1 0 0 0 1 1 0 -0 
1 668.21538461538478 0 0 -0 1 0 0 0 1 1 0 -0 
1 668.21538461538478 -1219.2 0 0 0 1 1 0 -0 -0 1 0 
1 668.21538461538478 -1219.2 604.15714285714284 0 0 1 1 0 -0 -0 1 0 
1 926.12307692307695 -1219.2 0 1 0 -0 0 0 1 0 -1 0 
1 1190.1267692307692 -1219.2 0 1 0 -0 0 0 1 0 -1 0 
1 926.12307692307695 -1219.2 0 -0 1 0 0 0 1 1 0 -0 
1 926.12307692307695 0 0 -0 1 0 0 0 1 1 0 -0 
1 926.12307692307695 -1219.2 0 0 0 1 1 0 -0 -0 1 0 
1 926.12307692307695 -1219.2 805.5428571428572 0 0 1 1 0 -0 -0 1 0 
1 1184.0307692307692 -1219.2 0 1 0 -0 0 0 1 0 -1 0 
1 1448.0344615384615 -1219.2 0 1 0 -0 0 0 1 0 -1 0 
1 1184.0307692307692 -1219.2 0 -0 1 0 0 0 1 1 0 -0 
1 1184.0307692307692 0 0 -0 1 0 0 0 1 1 0 -0 
1 1184.0307692307692 -1219.2 0 0 0 1 1 0 -0 -0 1 0 
1 1184.0307692307692 -1219.2 1006.9285714285714 0 0 1 1 0 -0 -0 1 0 
1 1441.9384615384618 -1219.2 0 1 0 -0 0 0 1 0 -1 0 
1 1705.942153846154 -1219.2 0 1 0 -0 0 0 1 0 -1 0 
1 1441.9384615384618 -1219.2 0 -0 1 0 0 0 1 1 0 -0 
1 1441.9384615384618 0 0 -0 1 0 0 0 1 1 0 -0 
1 1441.9384615384618 -1219.2 0 0 0 1 1 0 -0 -0 1 0 
1 1441.9384615384618 -1219.2 1208.3142857142857 0 0 1 1 0 -0 -0 1 0 
1 1699.8461538461538 -1219.2 0 1 0 -0 0 0 1 0 -1 0 
1 1963.8498461538461 -1219.2 0 1 0 -0 0 0 1 0 -1 0 
1 1699.8461538461538 -1219.2 0 -0 1 0 0 0 1 1 0 -0 
1 1699.8461538461538 0 0 -0 1 0 0 0 1 1 0 -0 
1 1699.8461538461538 -1219.2 0 0 0 1 1 0 -0 -0 1 0 
1 1699.8461538461538 -1219.2 1409.7 0 0 1 1 0 -0 -0 1 0 
1 1957.7538461538466 -1219.2 0 1 0 -0 0 0 1 0 -1 0 
1 2221.7575384615388 -1219.2 0 1 0 -0 0 0 1 0 -1 0 
1 1957.7538461538466 -1219.2 0 -0 1 0 0 0 1 1 0 -0 
1 1957.7538461538466 0 0 -0 1 0 0 0 1 1 0 -0 
1 1957.7538461538466 -1219.2 0 0 0 1 1 0 -0 -0 1 0 
1 1957.7538461538466 -1219.2 1611.0857142857144 0 0 1 1 0 -0 -0 1 0 
1 2215.6615384615384 -1219.2 0 1 0 -0 0 0 1 0 -1 0 
1 2479.6652307692307 -1219.2 0 1 0 -0 0 0 1 0 -1 0 
1 2215.6615384615384 -1219.2 0 -0 1 0 0 0 1 1 0 -0 
1 2215.6615384615384 0 0 -0 1 0 0 0 1 1 0 -0 
1 2215.6615384615384 -1219.2 0 0 0 1 1 0 -0 -0 1 0 
1 2215.6615384615384 -1219.2 1812.4714285714285 0 0 1 1 0 -0 -0 1 0 
1 2473.5692307692307 -1219.2 0 1 0 -0 0 0 1 0 -1 0 
1 2737.572923076923 -1219.2 0 1 0 -0 0 0 1 0 -1 0 
1 2473.5692307692307 -1219.2 0 -0 1 0 0 0 1 1 0 -0 
1 2473.5692307692307 0 0 -0 1 0 0 0 1 1 0 -0 
1 2473.5692307692307 -1219.2 0 0 0 1 1 0 -0 -0 1 0 
1 2473.5692307692307 -1219.2 2013.8571428571429 0 0 1 1 0 -0 -0 1 0 
1 2731.4769230769234 -1219.2 0 1 0 -0 0 0 1 0 -1 0 
1 2995.4806153846157 -1219.2 0 1 0 -0 0 0 1 0 -1 0 
1 2731.4769230769234 -1219.2 0 -0 1 0 0 0 1 1 0 -0 
1 2731.4769230769234 0 0 -0 1 0 0 0 1 1 0 -0 
1 2731.4769230769234 -1219.2 0 0 0 1 1 0 -0 -0 1 0 
1 2731.4769230769234 -1219.2 2215.2428571428572 0 0 1 1 0 -0 -0 1 0 
1 2989.3846153846157 -1219.2 0 1 0 -0 0 0 1 0 -1 0 
1 3253.388307692308 -1219.2 0 1 0 -0 0 0 1 0 -1 0 
1 2989.3846153846157 -1219.2 0 -0 1 0 0 0 1 1 0 -0 
1 2989.3846153846157 0 0 -0 1 0 0 0 1 1 0 -0 
1 2989.3846153846157 -1219.2 0 0 0 1 1 0 -0 -0 1 0 
1 2989.3846153846157 -1219.2 2416.6285714285714 0 0 1 1 0 -0 -0 1 0 
1 3247.2923076923075 -1219.2 0 1 0 -0 0 0 1 0 -1 0 
1 3511.2959999999998 -1219.2 0 1 0 -0 0 0 1 0 -1 0 
1 3247.2923076923075 -1219.2 0 -0 1 0 0 0 1 1 0 -0 
1 3247.2923076923075 0 0 -0 1 0 0 0 1 1 0 -0 
1 3247.2923076923075 -1219.2 0 0 0 1 1 0 -0 -0 1 0 
1 3247.2923076923075 -1219.2 2618.0142857142855 0 0 1 1 0 -0 -0 1 0 
1 3505.2000000000003 -1219.2 2926.0799999999999 1 0 -0 0 0 1 0 -1 0 
1 8534.3999999999996 -1219.2 2926.0799999999999 1 0 -0 0 0 1 0 -1 0 
1 3505.2000000000003 -1219.2 2926.0799999999999 -0 1 0 0 0 1 1 0 -0 
1 3505.2000000000003 -1182.624 2926.0799999999999 -0 1 0 0 0 1 1 0 -0 
1 3505.2000000000003 -1219.2 2926.0799999999999 0 0 1 1 0 -0 -0 1 0 
1 3505.2000000000003 -1219.2 3840.4800000000005 0 0 1 1 0 -0 -0 1 0 
1 8497.8239999999987 0 2926.0799999999999 1 0 -0 0 0 1 0 -1 0 
1 8534.3999999999996 0 2926.0799999999999 1 0 -0 0 0 1 0 -1 0 
1 8497.8239999999987 0 2926.0799999999999 -0 1 0 0 0 1 1 0 -0 
1 8497.8239999999987 5943.6000000000004 2926.0799999999999 -0 1 0 0 0 1 1 0 -0 
1 8497.8239999999987 0 2926.0799999999999 0 0 1 1 0 -0 -0 1 0 
1 8497.8239999999987 0 3840.4800000000005 0 0 1 1 0 -0 -0 1 0 
1 0 19.092305412976202 4777.1879630964677 1 0 0 0 -0.35793598449524333 0.93374612770464593 0 -0.93374612770464593 -0.35793598449524333 
1 7315.2000000000007 19.092305412976202 4777.1879630964677 1 0 0 0 -0.35793598449524333 0.93374612770464593 0 -0.93374612770464593 -0.35793598449524333 
1 0 19.092305412976202 4777.1879630964677 0 0.93374612770464593 0.35793598449524333 0 -0.35793598449524333 0.93374612770464593 1 0 0 
1 0 3067.0923054129762 5945.5878614964677 0 0.93374612770464593 0.35793598449524333 0 -0.35793598449524333 0.93374612770464593 1 0 0 
1 0 19.092305412976202 4777.1879630964677 0 -0.35793598449524333 0.93374612770464593 1 0 0 0 0.93374612770464593 0.35793598449524333 
1 0 -19.092305412976202 4876.7999999999993 0 -0.35793598449524333 0.93374612770464593 1 0 0 0 0.93374612770464593 0.35793598449524333 
1 0 3009.8153891740476 5945.5878614964677 1 0 0 0 0.35793598449524333 0.93374612770464593 0 -0.93374612770464593 0.35793598449524333 
1 7315.2000000000007 3009.8153891740476 5945.5878614964677 1 0 0 0 0.35793598449524333 0.93374612770464593 0 -0.93374612770464593 0.35793598449524333 
1 0 3009.8153891740476 5945.5878614964677 0 0.93374612770464593 -0.35793598449524333 0 0.35793598449524333 0.93374612770464593 1 0 0 
1 0 6057.8153891740476 4777.1879630964677 0 0.93374612770464593 -0.35793598449524333 0 0.35793598449524333 0.93374612770464593 1 0 0 
1 0 3009.8153891740476 5945.5878614964677 0 0.35793598449524333 0.93374612770464593 1 0 0 0 0.93374612770464593 -0.35793598449524333 
1 0 3048 6045.1998983999993 0 0.35793598449524333 0.93374612770464593 1 0 0 0 0.93374612770464593 -0.35793598449524333 
Triangulations 0

TShapes 2687
Ve
1e-07
0 0 152.4
0 0

0101101
*
Ve
1e-07
0 0 0
0 0

0101101
*
Ed
 1e-07 1 1 0
1  1 0 0 152.4
0

0101000
-2687 0 +2686 0 *
Ve
1e-07
0 6096 152.4
0 0

0101101
*
Ed
 1e-07 1 1 0
1  2 0 0 6096
0

0101000
-2684 0 +2687 0 *
Ve
1e-07
0 6096 0
0 0

0101101
*
Ed
 1e-07 1 1 0
1  3 0 0 152.4
0

0101000
-2684 0 +2682 0 *
Ed
 1e-07 1 1 0
1  4 0 0 6096
0

0101000
-2682 0 +2686 0 *
Wi

0101100
-2685 0 -2683 0 +2681 0 +2680 0 *
Fa
0  1e-07 1 0

0101000
+2679 0 *
Ve
1e-07
7315.2 0 152.4
0 0

0101101
*
Ve
1e-07
7315.2 0 0
0 0

0101101
*
Ed
 1e-07 1 1 0
1  5 0 0 152.4
0

0101000
-2677 0 +2676 0 *
Ve
1e-07
7315.2 6096 152.4
0 0

0101101
*
Ed
 1e-07 1 1 0
1  6 0 0 6096
0

0101000
-2674 0 +2677 0 *
Ve
1e-07
7315.2 6096 0
0 0

0101101
*
Ed
 1e-07 1 1 0
1  7 0 0 152.4
0

0101000
-2674 0 +2672 0 *
Ed
 1e-07 1 1 0
1  8 0 0 6096
0

0101000
-2672 0 +2676 0 *
Wi

0101100
-2675 0 -2673 0 +2671 0 +2670 0 *
Fa
0  1e-07 2 0

0101000
+2669 0 *
Ed
 1e-07 1 1 0
1  9 0 0 7315.2
0

0101000
-2676 0 +2686 0 *
Ed
 1e-07 1 1 0
1  10 0 0 7315.2
0

0101000
-2677 0 +2687 0 *
Wi

0101100
-2667 0 -2675 0 +2666 0 +2685 0 *
Fa
0  1e-07 3 0

0101000
+2665 0 *
Ed
 1e-07 1 1 0
1  11 0 0 7315.2
0

0101000
-2672 0 +2682 0 *
Ed
 1e-07 1 1 0
1  12 0 0 7315.2
0

0101000
-2674 0 +2684 0 *
Wi

0101100
-2663 0 -2671 0 +2662 0 +2681 0 *
Fa
0  1e-07 4 0

0101000
+2661 0 *
Wi

0101100
-2680 0 -2663 0 +2670 0 +2667 0 *
Fa
0  1e-07 5 0

0101000
+2659 0 *
Wi

0101100
-2683 0 -2662 0 +2673 0 +2666 0 *
Fa
0  1e-07 6 0

0101000
+2657 0 *
Sh

0101100
-2678 0 +2668 0 -2664 0 +2660 0 -2658 0 +2656 0 *
So

0100000
+2655 0 *
Ve
1e-07
0 0 2819.4
0 0

0101101
*
Ve
1e-07
0 0 2590.8
0 0

0101101
*
Ed
 1e-07 1 1 0
1  13 0 0 228.6
0

0101000
-2653 0 +2652 0 *
Ve
1e-07
0 6096 2819.4
0 0

0101101
*
Ed
 1e-07 1 1 0
1  14 0 0 6096
0

0101000
-2650 0 +2653 0 *
Ve
1e-07
0 6096 2590.8
0 0

0101101
*
Ed
 1e-07 1 1 0
1  15 0 0 228.6
0

0101000
-2650 0 +2648 0 *
Ed
 1e-07 1 1 0
1  16 0 0 6096
0

0101000
-2648 0 +2652 0 *
Wi

0101100
-2651 0 -2649 0 +2647 0 +2646 0 *
Fa
0  1e-07 7 0

0101000
+2645 0 *
Ve
1e-07
7315.2 0 2819.4
0 0

0101101
*
Ve
1e-07
7315.2 0 2590.8
0 0

0101101
*
Ed
 1e-07 1 1 0
1  17 0 0 228.6
0

0101000
-2643 0 +2642 0 *
Ve
1e-07
7315.2 6096 2819.4
0 0

0101101
*
Ed
 1e-07 1 1 0
1  18 0 0 6096
0

0101000
-2640 0 +2643 0 *
Ve
1e-07
7315.2 6096 2590.8
0 0

0101101
*
Ed
 1e-07 1 1 0
1  19 0 0 228.6
0

0101000
-2640 0 +2638 0 *
Ed
 1e-07 1 1 0
1  20 0 0 6096
0

0101000
-2638 0 +2642 0 *
Wi

0101100
-2641 0 -2639 0 +2637 0 +2636 0 *
Fa
0  1e-07 8 0

0101000
+2635 0 *
Ed
 1e-07 1 1 0
1  21 0 0 7315.2
0

0101000
-2642 0 +2652 0 *
Ed
 1e-07 1 1 0
1  22 0 0 7315.2
0

0101000
-2643 0 +2653 0 *
Wi

0101100
-2633 0 -2641 0 +2632 0 +2651 0 *
Fa
0  1e-07 9 0

0101000
+2631 0 *
Ed
 1e-07 1 1 0
1  23 0 0 7315.2
0

0101000
-2638 0 +2648 0 *
Ed
 1e-07 1 1 0
1  24 0 0 7315.2
0

0101000
-2640 0 +2650 0 *
Wi

0101100
-2629 0 -2637 0 +2628 0 +2647 0 *
Fa
0  1e-07 10 0

0101000
+2627 0 *
Wi

0101100
-2646 0 -2629 0 +2636 0 +2633 0 *
Fa
0  1e-07 11 0

0101000
+2625 0 *
Wi

0101100
-2649 0 -2628 0 +2639 0 +2632 0 *
Fa
0  1e-07 12 0

0101000
+2623 0 *
Sh

0101100
-2644 0 +2634 0 -2630 0 +2626 0 -2624 0 +2622 0 *
So

0100000
+2621 0 *
Ve
1e-07
0 0 2590.8
0 0

0101101
*
Ve
1e-07
0 0 152.4
0 0

0101101
*
Ed
 1e-07 1 1 0
1  25 0 0 2438.4
0

0101000
-2619 0 +2618 0 *
Ve
1e-07
0 152.4 2590.8
0 0

0101101
*
Ed
 1e-07 1 1 0
1  26 0 0 152.4
0

0101000
-2616 0 +2619 0 *
Ve
1e-07
0 152.4 152.4
0 0

0101101
*
Ed
 1e-07 1 1 0
1  27 0 0 2438.4
0

0101000
-2616 0 +2614 0 *
Ed
 1e-07 1 1 0
1  28 0 0 152.4
0

0101000
-2614 0 +2618 0 *
Wi

0101100
-2617 0 -2615 0 +2613 0 +2612 0 *
Fa
0  1e-07 13 0

0101000
+2611 0 *
Ve
1e-07
7315.2 0 2590.8
0 0

0101101
*
Ve
1e-07
7315.2 0 152.4
0 0

0101101
*
Ed
 1e-07 1 1 0
1  29 0 0 2438.4
0

0101000
-2609 0 +2608 0 *
Ve
1e-07
7315.2 152.4 2590.8
0 0

0101101
*
Ed
 1e-07 1 1 0
1  30 0 0 152.4
0

0101000
-2606 0 +2609 0 *
Ve
1e-07
7315.2 152.4 152.4
0 0

0101101
*
Ed
 1e-07 1 1 0
1  31 0 0 2438.4
0

0101000
-2606 0 +2604 0 *
Ed
 1e-07 1 1 0
1  32 0 0 152.4
0

0101000
-2604 0 +2608 0 *
Wi

0101100
-2607 0 -2605 0 +2603 0 +2602 0 *
Fa
0  1e-07 14 0

0101000
+2601 0 *
Ed
 1e-07 1 1 0
1  33 0 0 7315.2
0

0101000
-2608 0 +2618 0 *
Ed
 1e-07 1 1 0
1  34 0 0 7315.2
0

0101000
-2609 0 +2619 0 *
Wi

0101100
-2599 0 -2607 0 +2598 0 +2617 0 *
Fa
0  1e-07 15 0

0101000
+2597 0 *
Ed
 1e-07 1 1 0
1  35 0 0 7315.2
0

0101000
-2604 0 +2614 0 *
Ed
 1e-07 1 1 0
1  36 0 0 7315.2
0

0101000
-2606 0 +2616 0 *
Wi

0101100
-2595 0 -2603 0 +2594 0 +2613 0 *
Fa
0  1e-07 16 0

0101000
+2593 0 *
Wi

0101100
-2612 0 -2595 0 +2602 0 +2599 0 *
Fa
0  1e-07 17 0

0101000
+2591 0 *
Wi

0101100
-2615 0 -2594 0 +2605 0 +2598 0 *
Fa
0  1e-07 18 0

0101000
+2589 0 *
Sh

0101100
-2610 0 +2600 0 -2596 0 +2592 0 -2590 0 +2588 0 *
So

0100000
+2587 0 *
Ve
1e-07
0 5943.6 2590.8
0 0

0101101
*
Ve
1e-07
0 5943.6 152.4
0 0

0101101
*
Ed
 1e-07 1 1 0
1  37 0 0 2438.4
0

0101000
-2585 0 +2584 0 *
Ve
1e-07
0 6096 2590.8
0 0

0101101
*
Ed
 1e-07 1 1 0
1  38 0 0 152.4
0

0101000
-2582 0 +2585 0 *
Ve
1e-07
0 6096 152.4
0 0

0101101
*
Ed
 1e-07 1 1 0
1  39 0 0 2438.4
0

0101000
-2582 0 +2580 0 *
Ed
 1e-07 1 1 0
1  40 0 0 152.4
0

0101000
-2580 0 +2584 0 *
Wi

0101100
-2583 0 -2581 0 +2579 0 +2578 0 *
Fa
0  1e-07 19 0

0101000
+2577 0 *
Ve
1e-07
7315.2 5943.6 2590.8
0 0

0101101
*
Ve
1e-07
7315.2 5943.6 152.4
0 0

0101101
*
Ed
 1e-07 1 1 0
1  41 0 0 2438.4
0

0101000
-2575 0 +2574 0 *
Ve
1e-07
7315.2 6096 2590.8
0 0

0101101
*
Ed
 1e-07 1 1 0
1  42 0 0 152.4
0

0101000
-2572 0 +2575 0 *
Ve
1e-07
7315.2 6096 152.4
0 0

0101101
*
Ed
 1e-07 1 1 0
1  43 0 0 2438.4
0

0101000
-2572 0 +2570 0 *
Ed
 1e-07 1 1 0
1  44 0 0 152.4
0

0101000
-2570 0 +2574 0 *
Wi

0101100
-2573 0 -2571 0 +2569 0 +2568 0 *
Fa
0  1e-07 20 0

0101000
+2567 0 *
Ed
 1e-07 1 1 0
1  45 0 0 7315.2
0

0101000
-2574 0 +2584 0 *
Ed
 1e-07 1 1 0
1  46 0 0 7315.2
0

0101000
-2575 0 +2585 0 *
Wi

0101100
-2565 0 -2573 0 +2564 0 +2583 0 *
Fa
0  1e-07 21 0

0101000
+2563 0 *
Ed
 1e-07 1 1 0
1  47 0 0 7315.2
0

0101000
-2570 0 +2580 0 *
Ed
 1e-07 1 1 0
1  48 0 0 7315.2
0

0101000
-2572 0 +2582 0 *
Wi

0101100
-2561 0 -2569 0 +2560 0 +2579 0 *
Fa
0  1e-07 22 0

0101000
+2559 0 *
Wi

0101100
-2578 0 -2561 0 +2568 0 +2565 0 *
Fa
0  1e-07 23 0

0101000
+2557 0 *
Wi

0101100
-2581 0 -2560 0 +2571 0 +2564 0 *
Fa
0  1e-07 24 0

0101000
+2555 0 *
Sh

0101100
-2576 0 +2566 0 -2562 0 +2558 0 -2556 0 +2554 0 *
So

0100000
+2553 0 *
Ve
1e-07
0 0 2590.8
0 0

0101101
*
Ve
1e-07
0 0 152.4
0 0

0101101
*
Ed
 1e-07 1 1 0
1  49 0 0 2438.4
0

0101000
-2551 0 +2550 0 *
Ve
1e-07
0 396.24 2590.8
0 0

0101101
*
Ed
 1e-07 1 1 0
1  50 0 0 396.24
0

0101000
-2548 0 +2551 0 *
Ve
1e-07
0 396.24 152.4
0 0

0101101
*
Ed
 1e-07 1 1 0
1  51 0 0 2438.4
0

0101000
-2548 0 +2546 0 *
Ed
 1e-07 1 1 0
1  52 0 0 396.24
0

0101000
-2546 0 +2550 0 *
Wi

0101100
-2549 0 -2547 0 +2545 0 +2544 0 *
Fa
0  1e-07 25 0

0101000
+2543 0 *
Ve
1e-07
152.4 0 2590.8
0 0

0101101
*
Ve
1e-07
152.4 0 152.4
0 0

0101101
*
Ed
 1e-07 1 1 0
1  53 0 0 2438.4
0

0101000
-2541 0 +2540 0 *
Ve
1e-07
152.4 396.24 2590.8
0 0

0101101
*
Ed
 1e-07 1 1 0
1  54 0 0 396.24
0

0101000
-2538 0 +2541 0 *
Ve
1e-07
152.4 396.24 152.4
0 0

0101101
*
Ed
 1e-07 1 1 0
1  55 0 0 2438.4
0

0101000
-2538 0 +2536 0 *
Ed
 1e-07 1 1 0
1  56 0 0 396.24
0

0101000
-2536 0 +2540 0 *
Wi

0101100
-2539 0 -2537 0 +2535 0 +2534 0 *
Fa
0  1e-07 26 0

0101000
+2533 0 *
Ed
 1e-07 1 1 0
1  57 0 0 152.4
0

0101000
-2540 0 +2550 0 *
Ed
 1e-07 1 1 0
1  58 0 0 152.4
0

0101000
-2541 0 +2551 0 *
Wi

0101100
-2531 0 -2539 0 +2530 0 +2549 0 *
Fa
0  1e-07 27 0

0101000
+2529 0 *
Ed
 1e-07 1 1 0
1  59 0 0 152.4
0

0101000
-2536 0 +2546 0 *
Ed
 1e-07 1 1 0
1  60 0 0 152.4
0

0101000
-2538 0 +2548 0 *
Wi

0101100
-2527 0 -2535 0 +2526 0 +2545 0 *
Fa
0  1e-07 28 0

0101000
+2525 0 *
Wi

0101100
-2544 0 -2527 0 +2534 0 +2531 0 *
Fa
0  1e-07 29 0

0101000
+2523 0 *
Wi

0101100
-2547 0 -2526 0 +2537 0 +2530 0 *
Fa
0  1e-07 30 0

0101000
+2521 0 *
Sh

0101100
-2542 0 +2532 0 -2528 0 +2524 0 -2522 0 +2520 0 *
So

0100000
+2519 0 *
Ve
1e-07
0 396.24 2590.8
0 0

0101101
*
Ve
1e-07
0 396.24 2438.4
0 0

0101101
*
Ed
 1e-07 1 1 0
1  61 0 0 152.4
0

0101000
-2517 0 +2516 0 *
Ve
1e-07
0 3352.8 2590.8
0 0

0101101
*
Ed
 1e-07 1 1 0
1  62 0 0 2956.56
0

0101000
-2514 0 +2517 0 *
Ve
1e-07
0 3352.8 2438.4
0 0

0101101
*
Ed
 1e-07 1 1 0
1  63 0 0 152.4
0

0101000
-2514 0 +2512 0 *
Ed
 1e-07 1 1 0
1  64 0 0 2956.56
0

0101000
-2512 0 +2516 0 *
Wi

0101100
-2515 0 -2513 0 +2511 0 +2510 0 *
Fa
0  1e-07 31 0

0101000
+2509 0 *
Ve
1e-07
152.4 396.24 2590.8
0 0

0101101
*
Ve
1e-07
152.4 396.24 2438.4
0 0

0101101
*
Ed
 1e-07 1 1 0
1  65 0 0 152.4
0

0101000
-2507 0 +2506 0 *
Ve
1e-07
152.4 3352.8 2590.8
0 0

0101101
*
Ed
 1e-07 1 1 0
1  66 0 0 2956.56
0

0101000
-2504 0 +2507 0 *
Ve
1e-07
152.4 3352.8 2438.4
0 0

0101101
*
Ed
 1e-07 1 1 0
1  67 0 0 152.4
0

0101000
-2504 0 +2502 0 *
Ed
 1e-07 1 1 0
1  68 0 0 2956.56
0

0101000
-2502 0 +2506 0 *
Wi

0101100
-2505 0 -2503 0 +2501 0 +2500 0 *
Fa
0  1e-07 32 0

0101000
+2499 0 *
Ed
 1e-07 1 1 0
1  69 0 0 152.4
0

0101000
-2506 0 +2516 0 *
Ed
 1e-07 1 1 0
1  70 0 0 152.4
0

0101000
-2507 0 +2517 0 *
Wi

0101100
-2497 0 -2505 0 +2496 0 +2515 0 *
Fa
0  1e-07 33 0

0101000
+2495 0 *
Ed
 1e-07 1 1 0
1  71 0 0 152.4
0

0101000
-2502 0 +2512 0 *
Ed
 1e-07 1 1 0
1  72 0 0 152.4
0

0101000
-2504 0 +2514 0 *
Wi

0101100
-2493 0 -2501 0 +2492 0 +2511 0 *
Fa
0  1e-07 34 0

0101000
+2491 0 *
Wi

0101100
-2510 0 -2493 0 +2500 0 +2497 0 *
Fa
0  1e-07 35 0

0101000
+2489 0 *
Wi

0101100
-2513 0 -2492 0 +2503 0 +2496 0 *
Fa
0  1e-07 36 0

0101000
+2487 0 *
Sh

0101100
-2508 0 +2498 0 -2494 0 +2490 0 -2488 0 +2486 0 *
So

0100000
+2485 0 *
Ve
1e-07
0 3352.8 2590.8
0 0

0101101
*
Ve
1e-07
0 3352.8 152.4
0 0

0101101
*
Ed
 1e-07 1 1 0
1  73 0 0 2438.4
0

0101000
-2483 0 +2482 0 *
Ve
1e-07
0 6096 2590.8
0 0

0101101
*
Ed
 1e-07 1 1 0
1  74 0 0 2743.2
0

0101000
-2480 0 +2483 0 *
Ve
1e-07
0 6096 152.4
0 0

0101101
*
Ed
 1e-07 1 1 0
1  75 0 0 2438.4
0

0101000
-2480 0 +2478 0 *
Ed
 1e-07 1 1 0
1  76 0 0 2743.2
0

0101000
-2478 0 +2482 0 *
Wi

0101100
-2481 0 -2479 0 +2477 0 +2476 0 *
Fa
0  1e-07 37 0

0101000
+2475 0 *
Ve
1e-07
152.4 3352.8 2590.8
0 0

0101101
*
Ve
1e-07
152.4 3352.8 152.4
0 0

0101101
*
Ed
 1e-07 1 1 0
1  77 0 0 2438.4
0

0101000
-2473 0 +2472 0 *
Ve
1e-07
152.4 6096 2590.8
0 0

0101101
*
Ed
 1e-07 1 1 0
1  78 0 0 2743.2
0

0101000
-2470 0 +2473 0 *
Ve
1e-07
152.4 6096 152.4
0 0

0101101
*
Ed
 1e-07 1 1 0
1  79 0 0 2438.4
0

0101000
-2470 0 +2468 0 *
Ed
 1e-07 1 1 0
1  80 0 0 2743.2
0

0101000
-2468 0 +2472 0 *
Wi

0101100
-2471 0 -2469 0 +2467 0 +2466 0 *
Fa
0  1e-07 38 0

0101000
+2465 0 *
Ed
 1e-07 1 1 0
1  81 0 0 152.4
0

0101000
-2472 0 +2482 0 *
Ed
 1e-07 1 1 0
1  82 0 0 152.4
0

0101000
-2473 0 +2483 0 *
Wi

0101100
-2463 0 -2471 0 +2462 0 +2481 0 *
Fa
0  1e-07 39 0

0101000
+2461 0 *
Ed
 1e-07 1 1 0
1  83 0 0 152.4
0

0101000
-2468 0 +2478 0 *
Ed
 1e-07 1 1 0
1  84 0 0 152.4
0

0101000
-2470 0 +2480 0 *
Wi

0101100
-2459 0 -2467 0 +2458 0 +2477 0 *
Fa
0  1e-07 40 0

0101000
+2457 0 *
Wi

0101100
-2476 0 -2459 0 +2466 0 +2463 0 *
Fa
0  1e-07 41 0

0101000
+2455 0 *
Wi

0101100
-2479 0 -2458 0 +2469 0 +2462 0 *
Fa
0  1e-07 42 0

0101000
+2453 0 *
Sh

0101100
-2474 0 +2464 0 -2460 0 +2456 0 -2454 0 +2452 0 *
So

0100000
+2451 0 *
Ve
1e-07
7162.8 0 2590.8
0 0

0101101
*
Ve
1e-07
7162.8 0 152.4
0 0

0101101
*
Ed
 1e-07 1 1 0
1  85 0 0 2438.4
0

0101000
-2449 0 +2448 0 *
Ve
1e-07
7162.8 1219.2 2590.8
0 0

0101101
*
Ed
 1e-07 1 1 0
1  86 0 0 1219.2
0

0101000
-2446 0 +2449 0 *
Ve
1e-07
7162.8 1219.2 152.4
0 0

0101101
*
Ed
 1e-07 1 1 0
1  87 0 0 2438.4
0

0101000
-2446 0 +2444 0 *
Ed
 1e-07 1 1 0
1  88 0 0 1219.2
0

0101000
-2444 0 +2448 0 *
Wi

0101100
-2447 0 -2445 0 +2443 0 +2442 0 *
Fa
0  1e-07 43 0

0101000
+2441 0 *
Ve
1e-07
7315.2 0 2590.8
0 0

0101101
*
Ve
1e-07
7315.2 0 152.4
0 0

0101101
*
Ed
 1e-07 1 1 0
1  89 0 0 2438.4
0

0101000
-2439 0 +2438 0 *
Ve
1e-07
7315.2 1219.2 2590.8
0 0

0101101
*
Ed
 1e-07 1 1 0
1  90 0 0 1219.2
0

0101000
-2436 0 +2439 0 *
Ve
1e-07
7315.2 1219.2 152.4
0 0

0101101
*
Ed
 1e-07 1 1 0
1  91 0 0 2438.4
0

0101000
-2436 0 +2434 0 *
Ed
 1e-07 1 1 0
1  92 0 0 1219.2
0

0101000
-2434 0 +2438 0 *
Wi

0101100
-2437 0 -2435 0 +2433 0 +2432 0 *
Fa
0  1e-07 44 0

0101000
+2431 0 *
Ed
 1e-07 1 1 0
1  93 0 0 152.4
0

0101000
-2438 0 +2448 0 *
Ed
 1e-07 1 1 0
1  94 0 0 152.4
0

0101000
-2439 0 +2449 0 *
Wi

0101100
-2429 0 -2437 0 +2428 0 +2447 0 *
Fa
0  1e-07 45 0

0101000
+2427 0 *
Ed
 1e-07 1 1 0
1  95 0 0 152.4
0

0101000
-2434 0 +2444 0 *
Ed
 1e-07 1 1 0
1  96 0 0 152.4
0

0101000
-2436 0 +2446 0 *
Wi

0101100
-2425 0 -2433 0 +2424 0 +2443 0 *
Fa
0  1e-07 46 0

0101000
+2423 0 *
Wi

0101100
-2442 0 -2425 0 +2432 0 +2429 0 *
Fa
0  1e-07 47 0

0101000
+2421 0 *
Wi

0101100
-2445 0 -2424 0 +2435 0 +2428 0 *
Fa
0  1e-07 48 0

0101000
+2419 0 *
Sh

0101100
-2440 0 +2430 0 -2426 0 +2422 0 -2420 0 +2418 0 *
So

0100000
+2417 0 *
Ve
1e-07
7162.8 1219.2 1066.8
0 0

0101101
*
Ve
1e-07
7162.8 1219.2 152.4
0 0

0101101
*
Ed
 1e-07 1 1 0
1  97 0 0 914.4
0

0101000
-2415 0 +2414 0 *
Ve
1e-07
7162.8 2133.6 1066.8
0 0

0101101
*
Ed
 1e-07 1 1 0
1  98 0 0 914.4
0

0101000
-2412 0 +2415 0 *
Ve
1e-07
7162.8 2133.6 152.4
0 0

0101101
*
Ed
 1e-07 1 1 0
1  99 0 0 914.4
0

0101000
-2412 0 +2410 0 *
Ed
 1e-07 1 1 0
1  100 0 0 914.4
0

0101000
-2410 0 +2414 0 *
Wi

0101100
-2413 0 -2411 0 +2409 0 +2408 0 *
Fa
0  1e-07 49 0

0101000
+2407 0 *
Ve
1e-07
7315.2 1219.2 1066.8
0 0

0101101
*
Ve
1e-07
7315.2 1219.2 152.4
0 0

0101101
*
Ed
 1e-07 1 1 0
1  101 0 0 914.4
0

0101000
-2405 0 +2404 0 *
Ve
1e-07
7315.2 2133.6 1066.8
0 0

0101101
*
Ed
 1e-07 1 1 0
1  102 0 0 914.4
0

0101000
-2402 0 +2405 0 *
Ve
1e-07
7315.2 2133.6 152.4
0 0

0101101
*
Ed
 1e-07 1 1 0
1  103 0 0 914.4
0

0101000
-2402 0 +2400 0 *
Ed
 1e-07 1 1 0
1  104 0 0 914.4
0

0101000
-2400 0 +2404 0 *
Wi

0101100
-2403 0 -2401 0 +2399 0 +2398 0 *
Fa
0  1e-07 50 0

0101000
+2397 0 *
Ed
 1e-07 1 1 0
1  105 0 0 152.4
0

0101000
-2404 0 +2414 0 *
Ed
 1e-07 1 1 0
1  106 0 0 152.4
0

0101000
-2405 0 +2415 0 *
Wi

0101100
-2395 0 -2403 0 +2394 0 +2413 0 *
Fa
0  1e-07 51 0

0101000
+2393 0 *
Ed
 1e-07 1 1 0
1  107 0 0 152.4
0

0101000
-2400 0 +2410 0 *
Ed
 1e-07 1 1 0
1  108 0 0 152.4
0

0101000
-2402 0 +2412 0 *
Wi

0101100
-2391 0 -2399 0 +2390 0 +2409 0 *
Fa
0  1e-07 52 0

0101000
+2389 0 *
Wi

0101100
-2408 0 -2391 0 +2398 0 +2395 0 *
Fa
0  1e-07 53 0

0101000
+2387 0 *
Wi

0101100
-2411 0 -2390 0 +2401 0 +2394 0 *
Fa
0  1e-07 54 0

0101000
+2385 0 *
Sh

0101100
-2406 0 +2396 0 -2392 0 +2388 0 -2386 0 +2384 0 *
So

0100000
+2383 0 *
Ve
1e-07
7162.8 1219.2 2590.8
0 0

0101101
*
Ve
1e-07
7162.8 1219.2 2133.6
0 0

0101101
*
Ed
 1e-07 1 1 0
1  109 0 0 457.2
0

0101000
-2381 0 +2380 0 *
Ve
1e-07
7162.8 2133.6 2590.8
0 0

0101101
*
Ed
 1e-07 1 1 0
1  110 0 0 914.4
0

0101000
-2378 0 +2381 0 *
Ve
1e-07
7162.8 2133.6 2133.6
0 0

0101101
*
Ed
 1e-07 1 1 0
1  111 0 0 457.2
0

0101000
-2378 0 +2376 0 *
Ed
 1e-07 1 1 0
1  112 0 0 914.4
0

0101000
-2376 0 +2380 0 *
Wi

0101100
-2379 0 -2377 0 +2375 0 +2374 0 *
Fa
0  1e-07 55 0

0101000
+2373 0 *
Ve
1e-07
7315.2 1219.2 2590.8
0 0

0101101
*
Ve
1e-07
7315.2 1219.2 2133.6
0 0

0101101
*
Ed
 1e-07 1 1 0
1  113 0 0 457.2
0

0101000
-2371 0 +2370 0 *
Ve
1e-07
7315.2 2133.6 2590.8
0 0

0101101
*
Ed
 1e-07 1 1 0
1  114 0 0 914.4
0

0101000
-2368 0 +2371 0 *
Ve
1e-07
7315.2 2133.6 2133.6
0 0

0101101
*
Ed
 1e-07 1 1 0
1  115 0 0 457.2
0

0101000
-2368 0 +2366 0 *
Ed
 1e-07 1 1 0
1  116 0 0 914.4
0

0101000
-2366 0 +2370 0 *
Wi

0101100
-2369 0 -2367 0 +2365 0 +2364 0 *
Fa
0  1e-07 56 0

0101000
+2363 0 *
Ed
 1e-07 1 1 0
1  117 0 0 152.4
0

0101000
-2370 0 +2380 0 *
Ed
 1e-07 1 1 0
1  118 0 0 152.4
0

0101000
-2371 0 +2381 0 *
Wi

0101100
-2361 0 -2369 0 +2360 0 +2379 0 *
Fa
0  1e-07 57 0

0101000
+2359 0 *
Ed
 1e-07 1 1 0
1  119 0 0 152.4
0

0101000
-2366 0 +2376 0 *
Ed
 1e-07 1 1 0
1  120 0 0 152.4
0

0101000
-2368 0 +2378 0 *
Wi

0101100
-2357 0 -2365 0 +2356 0 +2375 0 *
Fa
0  1e-07 58 0

0101000
+2355 0 *
Wi

0101100
-2374 0 -2357 0 +2364 0 +2361 0 *
Fa
0  1e-07 59 0

0101000
+2353 0 *
Wi

0101100
-2377 0 -2356 0 +2367 0 +2360 0 *
Fa
0  1e-07 60 0

0101000
+2351 0 *
Sh

0101100
-2372 0 +2362 0 -2358 0 +2354 0 -2352 0 +2350 0 *
So

0100000
+2349 0 *
Ve
1e-07
7162.8 2133.6 2590.8
0 0

0101101
*
Ve
1e-07
7162.8 2133.6 152.4
0 0

0101101
*
Ed
 1e-07 1 1 0
1  121 0 0 2438.4
0

0101000
-2347 0 +2346 0 *
Ve
1e-07
7162.8 3749.04 2590.8
0 0

0101101
*
Ed
 1e-07 1 1 0
1  122 0 0 1615.44
0

0101000
-2344 0 +2347 0 *
Ve
1e-07
7162.8 3749.04 152.4
0 0

0101101
*
Ed
 1e-07 1 1 0
1  123 0 0 2438.4
0

0101000
-2344 0 +2342 0 *
Ed
 1e-07 1 1 0
1  124 0 0 1615.44
0

0101000
-2342 0 +2346 0 *
Wi

0101100
-2345 0 -2343 0 +2341 0 +2340 0 *
Fa
0  1e-07 61 0

0101000
+2339 0 *
Ve
1e-07
7315.2 2133.6 2590.8
0 0

0101101
*
Ve
1e-07
7315.2 2133.6 152.4
0 0

0101101
*
Ed
 1e-07 1 1 0
1  125 0 0 2438.4
0

0101000
-2337 0 +2336 0 *
Ve
1e-07
7315.2 3749.04 2590.8
0 0

0101101
*
Ed
 1e-07 1 1 0
1  126 0 0 1615.44
0

0101000
-2334 0 +2337 0 *
Ve
1e-07
7315.2 3749.04 152.4
0 0

0101101
*
Ed
 1e-07 1 1 0
1  127 0 0 2438.4
0

0101000
-2334 0 +2332 0 *
Ed
 1e-07 1 1 0
1  128 0 0 1615.44
0

0101000
-2332 0 +2336 0 *
Wi

0101100
-2335 0 -2333 0 +2331 0 +2330 0 *
Fa
0  1e-07 62 0

0101000
+2329 0 *
Ed
 1e-07 1 1 0
1  129 0 0 152.4
0

0101000
-2336 0 +2346 0 *
Ed
 1e-07 1 1 0
1  130 0 0 152.4
0

0101000
-2337 0 +2347 0 *
Wi

0101100
-2327 0 -2335 0 +2326 0 +2345 0 *
Fa
0  1e-07 63 0

0101000
+2325 0 *
Ed
 1e-07 1 1 0
1  131 0 0 152.4
0

0101000
-2332 0 +2342 0 *
Ed
 1e-07 1 1 0
1  132 0 0 152.4
0

0101000
-2334 0 +2344 0 *
Wi

0101100
-2323 0 -2331 0 +2322 0 +2341 0 *
Fa
0  1e-07 64 0

0101000
+2321 0 *
Wi

0101100
-2340 0 -2323 0 +2330 0 +2327 0 *
Fa
0  1e-07 65 0

0101000
+2319 0 *
Wi

0101100
-2343 0 -2322 0 +2333 0 +2326 0 *
Fa
0  1e-07 66 0

0101000
+2317 0 *
Sh

0101100
-2338 0 +2328 0 -2324 0 +2320 0 -2318 0 +2316 0 *
So

0100000
+2315 0 *
Ve
1e-07
7162.8 3749.04 2590.8
0 0

0101101
*
Ve
1e-07
7162.8 3749.04 2184.5016
0 0

0101101
*
Ed
 1e-07 1 1 0
1  133 0 0 406.2984
0

0101000
-2313 0 +2312 0 *
Ve
1e-07
7162.8 5577.84 2590.8
0 0

0101101
*
Ed
 1e-07 1 1 0
1  134 0 0 1828.8
0

0101000
-2310 0 +2313 0 *
Ve
1e-07
7162.8 5577.84 2184.5016
0 0

0101101
*
Ed
 1e-07 1 1 0
1  135 0 0 406.2984
0

0101000
-2310 0 +2308 0 *
Ed
 1e-07 1 1 0
1  136 0 0 1828.8
0

0101000
-2308 0 +2312 0 *
Wi

0101100
-2311 0 -2309 0 +2307 0 +2306 0 *
Fa
0  1e-07 67 0

0101000
+2305 0 *
Ve
1e-07
7315.2 3749.04 2590.8
0 0

0101101
*
Ve
1e-07
7315.2 3749.04 2184.5016
0 0

0101101
*
Ed
 1e-07 1 1 0
1  137 0 0 406.2984
0

0101000
-2303 0 +2302 0 *
Ve
1e-07
7315.2 5577.84 2590.8
0 0

0101101
*
Ed
 1e-07 1 1 0
1  138 0 0 1828.8
0

0101000
-2300 0 +2303 0 *
Ve
1e-07
7315.2 5577.84 2184.5016
0 0

0101101
*
Ed
 1e-07 1 1 0
1  139 0 0 406.2984
0

0101000
-2300 0 +2298 0 *
Ed
 1e-07 1 1 0
1  140 0 0 1828.8
0

0101000
-2298 0 +2302 0 *
Wi

0101100
-2301 0 -2299 0 +2297 0 +2296 0 *
Fa
0  1e-07 68 0

0101000
+2295 0 *
Ed
 1e-07 1 1 0
1  141 0 0 152.4
0

0101000
-2302 0 +2312 0 *
Ed
 1e-07 1 1 0
1  142 0 0 152.4
0

0101000
-2303 0 +2313 0 *
Wi

0101100
-2293 0 -2301 0 +2292 0 +2311 0 *
Fa
0  1e-07 69 0

0101000
+2291 0 *
Ed
 1e-07 1 1 0
1  143 0 0 152.4
0

0101000
-2298 0 +2308 0 *
Ed
 1e-07 1 1 0
1  144 0 0 152.4
0

0101000
-2300 0 +2310 0 *
Wi

0101100
-2289 0 -2297 0 +2288 0 +2307 0 *
Fa
0  1e-07 70 0

0101000
+2287 0 *
Wi

0101100
-2306 0 -2289 0 +2296 0 +2293 0 *
Fa
0  1e-07 71 0

0101000
+2285 0 *
Wi

0101100
-2309 0 -2288 0 +2299 0 +2292 0 *
Fa
0  1e-07 72 0

0101000
+2283 0 *
Sh

0101100
-2304 0 +2294 0 -2290 0 +2286 0 -2284 0 +2282 0 *
So

0100000
+2281 0 *
Ve
1e-07
7162.8 5577.84 2590.8
0 0

0101101
*
Ve
1e-07
7162.8 5577.84 152.4
0 0

0101101
*
Ed
 1e-07 1 1 0
1  145 0 0 2438.4
0

0101000
-2279 0 +2278 0 *
Ve
1e-07
7162.8 6096 2590.8
0 0

0101101
*
Ed
 1e-07 1 1 0
1  146 0 0 518.16
0

0101000
-2276 0 +2279 0 *
Ve
1e-07
7162.8 6096 152.4
0 0

0101101
*
Ed
 1e-07 1 1 0
1  147 0 0 2438.4
0

0101000
-2276 0 +2274 0 *
Ed
 1e-07 1 1 0
1  148 0 0 518.16
0

0101000
-2274 0 +2278 0 *
Wi

0101100
-2277 0 -2275 0 +2273 0 +2272 0 *
Fa
0  1e-07 73 0

0101000
+2271 0 *
Ve
1e-07
7315.2 5577.84 2590.8
0 0

0101101
*
Ve
1e-07
7315.2 5577.84 152.4
0 0

0101101
*
Ed
 1e-07 1 1 0
1  149 0 0 2438.4
0

0101000
-2269 0 +2268 0 *
Ve
1e-07
7315.2 6096 2590.8
0 0

0101101
*
Ed
 1e-07 1 1 0
1  150 0 0 518.16
0

0101000
-2266 0 +2269 0 *
Ve
1e-07
7315.2 6096 152.4
0 0

0101101
*
Ed
 1e-07 1 1 0
1  151 0 0 2438.4
0

0101000
-2266 0 +2264 0 *
Ed
 1e-07 1 1 0
1  152 0 0 518.16
0

0101000
-2264 0 +2268 0 *
Wi

0101100
-2267 0 -2265 0 +2263 0 +2262 0 *
Fa
0  1e-07 74 0

0101000
+2261 0 *
Ed
 1e-07 1 1 0
1  153 0 0 152.4
0

0101000
-2268 0 +2278 0 *
Ed
 1e-07 1 1 0
1  154 0 0 152.4
0

0101000
-2269 0 +2279 0 *
Wi

0101100
-2259 0 -2267 0 +2258 0 +2277 0 *
Fa
0  1e-07 75 0

0101000
+2257 0 *
Ed
 1e-07 1 1 0
1  155 0 0 152.4
0

0101000
-2264 0 +2274 0 *
Ed
 1e-07 1 1 0
1  156 0 0 152.4
0

0101000
-2266 0 +2276 0 *
Wi

0101100
-2255 0 -2263 0 +2254 0 +2273 0 *
Fa
0  1e-07 76 0

0101000
+2253 0 *
Wi

0101100
-2272 0 -2255 0 +2262 0 +2259 0 *
Fa
0  1e-07 77 0

0101000
+2251 0 *
Wi

0101100
-2275 0 -2254 0 +2265 0 +2258 0 *
Fa
0  1e-07 78 0

0101000
+2249 0 *
Sh

0101100
-2270 0 +2260 0 -2256 0 +2252 0 -2250 0 +2248 0 *
So

0100000
+2247 0 *
Ve
1e-07
0 0 4876.8
0 0

0101101
*
Ve
1e-07
0 0 2819.4
0 0

0101101
*
Ed
 1e-07 1 1 0
1  157 0 0 2057.4
0

0101000
-2245 0 +2244 0 *
Ve
1e-07
0 152.4 4876.8
0 0

0101101
*
Ed
 1e-07 1 1 0
1  158 0 0 152.4
0

0101000
-2242 0 +2245 0 *
Ve
1e-07
0 152.4 2819.4
0 0

0101101
*
Ed
 1e-07 1 1 0
1  159 0 0 2057.4
0

0101000
-2242 0 +2240 0 *
Ed
 1e-07 1 1 0
1  160 0 0 152.4
0

0101000
-2240 0 +2244 0 *
Wi

0101100
-2243 0 -2241 0 +2239 0 +2238 0 *
Fa
0  1e-07 79 0

0101000
+2237 0 *
Ve
1e-07
3505.2 0 4876.8
0 0

0101101
*
Ve
1e-07
3505.2 0 2819.4
0 0

0101101
*
Ed
 1e-07 1 1 0
1  161 0 0 2057.4
0

0101000
-2235 0 +2234 0 *
Ve
1e-07
3505.2 152.4 4876.8
0 0

0101101
*
Ed
 1e-07 1 1 0
1  162 0 0 152.4
0

0101000
-2232 0 +2235 0 *
Ve
1e-07
3505.2 152.4 2819.4
0 0

0101101
*
Ed
 1e-07 1 1 0
1  163 0 0 2057.4
0

0101000
-2232 0 +2230 0 *
Ed
 1e-07 1 1 0
1  164 0 0 152.4
0

0101000
-2230 0 +2234 0 *
Wi

0101100
-2233 0 -2231 0 +2229 0 +2228 0 *
Fa
0  1e-07 80 0

0101000
+2227 0 *
Ed
 1e-07 1 1 0
1  165 0 0 3505.2
0

0101000
-2234 0 +2244 0 *
Ed
 1e-07 1 1 0
1  166 0 0 3505.2
0

0101000
-2235 0 +2245 0 *
Wi

0101100
-2225 0 -2233 0 +2224 0 +2243 0 *
Fa
0  1e-07 81 0

0101000
+2223 0 *
Ed
 1e-07 1 1 0
1  167 0 0 3505.2
0

0101000
-2230 0 +2240 0 *
Ed
 1e-07 1 1 0
1  168 0 0 3505.2
0

0101000
-2232 0 +2242 0 *
Wi

0101100
-2221 0 -2229 0 +2220 0 +2239 0 *
Fa
0  1e-07 82 0

0101000
+2219 0 *
Wi

0101100
-2238 0 -2221 0 +2228 0 +2225 0 *
Fa
0  1e-07 83 0

0101000
+2217 0 *
Wi

0101100
-2241 0 -2220 0 +2231 0 +2224 0 *
Fa
0  1e-07 84 0

0101000
+2215 0 *
Sh

0101100
-2236 0 +2226 0 -2222 0 +2218 0 -2216 0 +2214 0 *
So

0100000
+2213 0 *
Ve
1e-07
3505.2 0 4876.8
0 0

0101101
*
Ve
1e-07
3505.2 0 4851.5016
0 0

0101101
*
Ed
 1e-07 1 1 0
1  169 0 0 25.2984000000001
0

0101000
-2211 0 +2210 0 *
Ve
1e-07
3505.2 152.4 4876.8
0 0

0101101
*
Ed
 1e-07 1 1 0
1  170 0 0 152.4
0

0101000
-2208 0 +2211 0 *
Ve
1e-07
3505.2 152.4 4851.5016
0 0

0101101
*
Ed
 1e-07 1 1 0
1  171 0 0 25.2984000000001
0

0101000
-2208 0 +2206 0 *
Ed
 1e-07 1 1 0
1  172 0 0 152.4
0

0101000
-2206 0 +2210 0 *
Wi

0101100
-2209 0 -2207 0 +2205 0 +2204 0 *
Fa
0  1e-07 85 0

0101000
+2203 0 *
Ve
1e-07
4419.6 0 4876.8
0 0

0101101
*
Ve
1e-07
4419.6 0 4851.5016
0 0

0101101
*
Ed
 1e-07 1 1 0
1  173 0 0 25.2984000000001
0

0101000
-2201 0 +2200 0 *
Ve
1e-07
4419.6 152.4 4876.8
0 0

0101101
*
Ed
 1e-07 1 1 0
1  174 0 0 152.4
0

0101000
-2198 0 +2201 0 *
Ve
1e-07
4419.6 152.4 4851.5016
0 0

0101101
*
Ed
 1e-07 1 1 0
1  175 0 0 25.2984000000001
0

0101000
-2198 0 +2196 0 *
Ed
 1e-07 1 1 0
1  176 0 0 152.4
0

0101000
-2196 0 +2200 0 *
Wi

0101100
-2199 0 -2197 0 +2195 0 +2194 0 *
Fa
0  1e-07 86 0

0101000
+2193 0 *
Ed
 1e-07 1 1 0
1  177 0 0 914.4
0

0101000
-2200 0 +2210 0 *
Ed
 1e-07 1 1 0
1  178 0 0 914.4
0

0101000
-2201 0 +2211 0 *
Wi

0101100
-2191 0 -2199 0 +2190 0 +2209 0 *
Fa
0  1e-07 87 0

0101000
+2189 0 *
Ed
 1e-07 1 1 0
1  179 0 0 914.4
0

0101000
-2196 0 +2206 0 *
Ed
 1e-07 1 1 0
1  180 0 0 914.4
0

0101000
-2198 0 +2208 0 *
Wi

0101100
-2187 0 -2195 0 +2186 0 +2205 0 *
Fa
0  1e-07 88 0

0101000
+2185 0 *
Wi

0101100
-2204 0 -2187 0 +2194 0 +2191 0 *
Fa
0  1e-07 89 0

0101000
+2183 0 *
Wi

0101100
-2207 0 -2186 0 +2197 0 +2190 0 *
Fa
0  1e-07 90 0

0101000
+2181 0 *
Sh

0101100
-2202 0 +2192 0 -2188 0 +2184 0 -2182 0 +2180 0 *
So

0100000
+2179 0 *
Ve
1e-07
4419.6 0 4876.8
0 0

0101101
*
Ve
1e-07
4419.6 0 2819.4
0 0

0101101
*
Ed
 1e-07 1 1 0
1  181 0 0 2057.4
0

0101000
-2177 0 +2176 0 *
Ve
1e-07
4419.6 152.4 4876.8
0 0

0101101
*
Ed
 1e-07 1 1 0
1  182 0 0 152.4
0

0101000
-2174 0 +2177 0 *
Ve
1e-07
4419.6 152.4 2819.4
0 0

0101101
*
Ed
 1e-07 1 1 0
1  183 0 0 2057.4
0

0101000
-2174 0 +2172 0 *
Ed
 1e-07 1 1 0
1  184 0 0 152.4
0

0101000
-2172 0 +2176 0 *
Wi

0101100
-2175 0 -2173 0 +2171 0 +2170 0 *
Fa
0  1e-07 91 0

0101000
+2169 0 *
Ve
1e-07
4876.8 0 4876.8
0 0

0101101
*
Ve
1e-07
4876.8 0 2819.4
0 0

0101101
*
Ed
 1e-07 1 1 0
1  185 0 0 2057.4
0

0101000
-2167 0 +2166 0 *
Ve
1e-07
4876.8 152.4 4876.8
0 0

0101101
*
Ed
 1e-07 1 1 0
1  186 0 0 152.4
0

0101000
-2164 0 +2167 0 *
Ve
1e-07
4876.8 152.4 2819.4
0 0

0101101
*
Ed
 1e-07 1 1 0
1  187 0 0 2057.4
0

0101000
-2164 0 +2162 0 *
Ed
 1e-07 1 1 0
1  188 0 0 152.4
0

0101000
-2162 0 +2166 0 *
Wi

0101100
-2165 0 -2163 0 +2161 0 +2160 0 *
Fa
0  1e-07 92 0

0101000
+2159 0 *
Ed
 1e-07 1 1 0
1  189 0 0 457.2
0

0101000
-2166 0 +2176 0 *
Ed
 1e-07 1 1 0
1  190 0 0 457.2
0

0101000
-2167 0 +2177 0 *
Wi

0101100
-2157 0 -2165 0 +2156 0 +2175 0 *
Fa
0  1e-07 93 0

0101000
+2155 0 *
Ed
 1e-07 1 1 0
1  191 0 0 457.2
0

0101000
-2162 0 +2172 0 *
Ed
 1e-07 1 1 0
1  192 0 0 457.2
0

0101000
-2164 0 +2174 0 *
Wi

0101100
-2153 0 -2161 0 +2152 0 +2171 0 *
Fa
0  1e-07 94 0

0101000
+2151 0 *
Wi

0101100
-2170 0 -2153 0 +2160 0 +2157 0 *
Fa
0  1e-07 95 0

0101000
+2149 0 *
Wi

0101100
-2173 0 -2152 0 +2163 0 +2156 0 *
Fa
0  1e-07 96 0

0101000
+2147 0 *
Sh

0101100
-2168 0 +2158 0 -2154 0 +2150 0 -2148 0 +2146 0 *
So

0100000
+2145 0 *
Ve
1e-07
4876.8 0 3520.44
0 0

0101101
*
Ve
1e-07
4876.8 0 2819.4
0 0

0101101
*
Ed
 1e-07 1 1 0
1  193 0 0 701.04
0

0101000
-2143 0 +2142 0 *
Ve
1e-07
4876.8 152.4 3520.44
0 0

0101101
*
Ed
 1e-07 1 1 0
1  194 0 0 152.4
0

0101000
-2140 0 +2143 0 *
Ve
1e-07
4876.8 152.4 2819.4
0 0

0101101
*
Ed
 1e-07 1 1 0
1  195 0 0 701.04
0

0101000
-2140 0 +2138 0 *
Ed
 1e-07 1 1 0
1  196 0 0 152.4
0

0101000
-2138 0 +2142 0 *
Wi

0101100
-2141 0 -2139 0 +2137 0 +2136 0 *
Fa
0  1e-07 97 0

0101000
+2135 0 *
Ve
1e-07
6400.8 0 3520.44
0 0

0101101
*
Ve
1e-07
6400.8 0 2819.4
0 0

0101101
*
Ed
 1e-07 1 1 0
1  197 0 0 701.04
0

0101000
-2133 0 +2132 0 *
Ve
1e-07
6400.8 152.4 3520.44
0 0

0101101
*
Ed
 1e-07 1 1 0
1  198 0 0 152.4
0

0101000
-2130 0 +2133 0 *
Ve
1e-07
6400.8 152.4 2819.4
0 0

0101101
*
Ed
 1e-07 1 1 0
1  199 0 0 701.04
0

0101000
-2130 0 +2128 0 *
Ed
 1e-07 1 1 0
1  200 0 0 152.4
0

0101000
-2128 0 +2132 0 *
Wi

0101100
-2131 0 -2129 0 +2127 0 +2126 0 *
Fa
0  1e-07 98 0

0101000
+2125 0 *
Ed
 1e-07 1 1 0
1  201 0 0 1524
0

0101000
-2132 0 +2142 0 *
Ed
 1e-07 1 1 0
1  202 0 0 1524
0

0101000
-2133 0 +2143 0 *
Wi

0101100
-2123 0 -2131 0 +2122 0 +2141 0 *
Fa
0  1e-07 99 0

0101000
+2121 0 *
Ed
 1e-07 1 1 0
1  203 0 0 1524
0

0101000
-2128 0 +2138 0 *
Ed
 1e-07 1 1 0
1  204 0 0 1524
0

0101000
-2130 0 +2140 0 *
Wi

0101100
-2119 0 -2127 0 +2118 0 +2137 0 *
Fa
0  1e-07 100 0

0101000
+2117 0 *
Wi

0101100
-2136 0 -2119 0 +2126 0 +2123 0 *
Fa
0  1e-07 101 0

0101000
+2115 0 *
Wi

0101100
-2139 0 -2118 0 +2129 0 +2122 0 *
Fa
0  1e-07 102 0

0101000
+2113 0 *
Sh

0101100
-2134 0 +2124 0 -2120 0 +2116 0 -2114 0 +2112 0 *
So

0100000
+2111 0 *
Ve
1e-07
4876.8 0 4876.8
0 0

0101101
*
Ve
1e-07
4876.8 0 4587.24
0 0

0101101
*
Ed
 1e-07 1 1 0
1  205 0 0 289.56
0

0101000
-2109 0 +2108 0 *
Ve
1e-07
4876.8 152.4 4876.8
0 0

0101101
*
Ed
 1e-07 1 1 0
1  206 0 0 152.4
0

0101000
-2106 0 +2109 0 *
Ve
1e-07
4876.8 152.4 4587.24
0 0

0101101
*
Ed
 1e-07 1 1 0
1  207 0 0 289.56
0

0101000
-2106 0 +2104 0 *
Ed
 1e-07 1 1 0
1  208 0 0 152.4
0

0101000
-2104 0 +2108 0 *
Wi

0101100
-2107 0 -2105 0 +2103 0 +2102 0 *
Fa
0  1e-07 103 0

0101000
+2101 0 *
Ve
1e-07
6400.8 0 4876.8
0 0

0101101
*
Ve
1e-07
6400.8 0 4587.24
0 0

0101101
*
Ed
 1e-07 1 1 0
1  209 0 0 289.56
0

0101000
-2099 0 +2098 0 *
Ve
1e-07
6400.8 152.4 4876.8
0 0

0101101
*
Ed
 1e-07 1 1 0
1  210 0 0 152.4
0

0101000
-2096 0 +2099 0 *
Ve
1e-07
6400.8 152.4 4587.24
0 0

0101101
*
Ed
 1e-07 1 1 0
1  211 0 0 289.56
0

0101000
-2096 0 +2094 0 *
Ed
 1e-07 1 1 0
1  212 0 0 152.4
0

0101000
-2094 0 +2098 0 *
Wi

0101100
-2097 0 -2095 0 +2093 0 +2092 0 *
Fa
0  1e-07 104 0

0101000
+2091 0 *
Ed
 1e-07 1 1 0
1  213 0 0 1524
0

0101000
-2098 0 +2108 0 *
Ed
 1e-07 1 1 0
1  214 0 0 1524
0

0101000
-2099 0 +2109 0 *
Wi

0101100
-2089 0 -2097 0 +2088 0 +2107 0 *
Fa
0  1e-07 105 0

0101000
+2087 0 *
Ed
 1e-07 1 1 0
1  215 0 0 1524
0

0101000
-2094 0 +2104 0 *
Ed
 1e-07 1 1 0
1  216 0 0 1524
0

0101000
-2096 0 +2106 0 *
Wi

0101100
-2085 0 -2093 0 +2084 0 +2103 0 *
Fa
0  1e-07 106 0

0101000
+2083 0 *
Wi

0101100
-2102 0 -2085 0 +2092 0 +2089 0 *
Fa
0  1e-07 107 0

0101000
+2081 0 *
Wi

0101100
-2105 0 -2084 0 +2095 0 +2088 0 *
Fa
0  1e-07 108 0

0101000
+2079 0 *
Sh

0101100
-2100 0 +2090 0 -2086 0 +2082 0 -2080 0 +2078 0 *
So

0100000
+2077 0 *
Ve
1e-07
6400.8 0 4876.8
0 0

0101101
*
Ve
1e-07
6400.8 0 2819.4
0 0

0101101
*
Ed
 1e-07 1 1 0
1  217 0 0 2057.4
0

0101000
-2075 0 +2074 0 *
Ve
1e-07
6400.8 152.4 4876.8
0 0

0101101
*
Ed
 1e-07 1 1 0
1  218 0 0 152.4
0

0101000
-2072 0 +2075 0 *
Ve
1e-07
6400.8 152.4 2819.4
0 0

0101101
*
Ed
 1e-07 1 1 0
1  219 0 0 2057.4
0

0101000
-2072 0 +2070 0 *
Ed
 1e-07 1 1 0
1  220 0 0 152.4
0

0101000
-2070 0 +2074 0 *
Wi

0101100
-2073 0 -2071 0 +2069 0 +2068 0 *
Fa
0  1e-07 109 0

0101000
+2067 0 *
Ve
1e-07
7315.2 0 4876.8
0 0

0101101
*
Ve
1e-07
7315.2 0 2819.4
0 0

0101101
*
Ed
 1e-07 1 1 0
1  221 0 0 2057.4
0

0101000
-2065 0 +2064 0 *
Ve
1e-07
7315.2 152.4 4876.8
0 0

0101101
*
Ed
 1e-07 1 1 0
1  222 0 0 152.4
0

0101000
-2062 0 +2065 0 *
Ve
1e-07
7315.2 152.4 2819.4
0 0

0101101
*
Ed
 1e-07 1 1 0
1  223 0 0 2057.4
0

0101000
-2062 0 +2060 0 *
Ed
 1e-07 1 1 0
1  224 0 0 152.4
0

0101000
-2060 0 +2064 0 *
Wi

0101100
-2063 0 -2061 0 +2059 0 +2058 0 *
Fa
0  1e-07 110 0

0101000
+2057 0 *
Ed
 1e-07 1 1 0
1  225 0 0 914.4
0

0101000
-2064 0 +2074 0 *
Ed
 1e-07 1 1 0
1  226 0 0 914.4
0

0101000
-2065 0 +2075 0 *
Wi

0101100
-2055 0 -2063 0 +2054 0 +2073 0 *
Fa
0  1e-07 111 0

0101000
+2053 0 *
Ed
 1e-07 1 1 0
1  227 0 0 914.4
0

0101000
-2060 0 +2070 0 *
Ed
 1e-07 1 1 0
1  228 0 0 914.4
0

0101000
-2062 0 +2072 0 *
Wi

0101100
-2051 0 -2059 0 +2050 0 +2069 0 *
Fa
0  1e-07 112 0

0101000
+2049 0 *
Wi

0101100
-2068 0 -2051 0 +2058 0 +2055 0 *
Fa
0  1e-07 113 0

0101000
+2047 0 *
Wi

0101100
-2071 0 -2050 0 +2061 0 +2054 0 *
Fa
0  1e-07 114 0

0101000
+2045 0 *
Sh

0101100
-2066 0 +2056 0 -2052 0 +2048 0 -2046 0 +2044 0 *
So

0100000
+2043 0 *
Ve
1e-07
0 5943.6 4876.8
0 0

0101101
*
Ve
1e-07
0 5943.6 2819.4
0 0

0101101
*
Ed
 1e-07 1 1 0
1  229 0 0 2057.4
0

0101000
-2041 0 +2040 0 *
Ve
1e-07
0 6096 4876.8
0 0

0101101
*
Ed
 1e-07 1 1 0
1  230 0 0 152.4
0

0101000
-2038 0 +2041 0 *
Ve
1e-07
0 6096 2819.4
0 0

0101101
*
Ed
 1e-07 1 1 0
1  231 0 0 2057.4
0

0101000
-2038 0 +2036 0 *
Ed
 1e-07 1 1 0
1  232 0 0 152.4
0

0101000
-2036 0 +2040 0 *
Wi

0101100
-2039 0 -2037 0 +2035 0 +2034 0 *
Fa
0  1e-07 115 0

0101000
+2033 0 *
Ve
1e-07
7315.2 5943.6 4876.8
0 0

0101101
*
Ve
1e-07
7315.2 5943.6 2819.4
0 0

0101101
*
Ed
 1e-07 1 1 0
1  233 0 0 2057.4
0

0101000
-2031 0 +2030 0 *
Ve
1e-07
7315.2 6096 4876.8
0 0

0101101
*
Ed
 1e-07 1 1 0
1  234 0 0 152.4
0

0101000
-2028 0 +2031 0 *
Ve
1e-07
7315.2 6096 2819.4
0 0

0101101
*
Ed
 1e-07 1 1 0
1  235 0 0 2057.4
0

0101000
-2028 0 +2026 0 *
Ed
 1e-07 1 1 0
1  236 0 0 152.4
0

0101000
-2026 0 +2030 0 *
Wi

0101100
-2029 0 -2027 0 +2025 0 +2024 0 *
Fa
0  1e-07 116 0

0101000
+2023 0 *
Ed
 1e-07 1 1 0
1  237 0 0 7315.2
0

0101000
-2030 0 +2040 0 *
Ed
 1e-07 1 1 0
1  238 0 0 7315.2
0

0101000
-2031 0 +2041 0 *
Wi

0101100
-2021 0 -2029 0 +2020 0 +2039 0 *
Fa
0  1e-07 117 0

0101000
+2019 0 *
Ed
 1e-07 1 1 0
1  239 0 0 7315.2
0

0101000
-2026 0 +2036 0 *
Ed
 1e-07 1 1 0
1  240 0 0 7315.2
0

0101000
-2028 0 +2038 0 *
Wi

0101100
-2017 0 -2025 0 +2016 0 +2035 0 *
Fa
0  1e-07 118 0

0101000
+2015 0 *
Wi

0101100
-2034 0 -2017 0 +2024 0 +2021 0 *
Fa
0  1e-07 119 0

0101000
+2013 0 *
Wi

0101100
-2037 0 -2016 0 +2027 0 +2020 0 *
Fa
0  1e-07 120 0

0101000
+2011 0 *
Sh

0101100
-2032 0 +2022 0 -2018 0 +2014 0 -2012 0 +2010 0 *
So

0100000
+2009 0 *
Ve
1e-07
0 0 4876.8
0 0

0101101
*
Ve
1e-07
0 0 2819.4
0 0

0101101
*
Ed
 1e-07 1 1 0
1  241 0 0 2057.4
0

0101000
-2007 0 +2006 0 *
Ve
1e-07
0 914.4 4876.8
0 0

0101101
*
Ed
 1e-07 1 1 0
1  242 0 0 914.4
0

0101000
-2004 0 +2007 0 *
Ve
1e-07
0 914.4 2819.4
0 0

0101101
*
Ed
 1e-07 1 1 0
1  243 0 0 2057.4
0

0101000
-2004 0 +2002 0 *
Ed
 1e-07 1 1 0
1  244 0 0 914.4
0

0101000
-2002 0 +2006 0 *
Wi

0101100
-2005 0 -2003 0 +2001 0 +2000 0 *
Fa
0  1e-07 121 0

0101000
+1999 0 *
Ve
1e-07
152.4 0 4876.8
0 0

0101101
*
Ve
1e-07
152.4 0 2819.4
0 0

0101101
*
Ed
 1e-07 1 1 0
1  245 0 0 2057.4
0

0101000
-1997 0 +1996 0 *
Ve
1e-07
152.4 914.4 4876.8
0 0

0101101
*
Ed
 1e-07 1 1 0
1  246 0 0 914.4
0

0101000
-1994 0 +1997 0 *
Ve
1e-07
152.4 914.4 2819.4
0 0

0101101
*
Ed
 1e-07 1 1 0
1  247 0 0 2057.4
0

0101000
-1994 0 +1992 0 *
Ed
 1e-07 1 1 0
1  248 0 0 914.4
0

0101000
-1992 0 +1996 0 *
Wi

0101100
-1995 0 -1993 0 +1991 0 +1990 0 *
Fa
0  1e-07 122 0

0101000
+1989 0 *
Ed
 1e-07 1 1 0
1  249 0 0 152.4
0

0101000
-1996 0 +2006 0 *
Ed
 1e-07 1 1 0
1  250 0 0 152.4
0

0101000
-1997 0 +2007 0 *
Wi

0101100
-1987 0 -1995 0 +1986 0 +2005 0 *
Fa
0  1e-07 123 0

0101000
+1985 0 *
Ed
 1e-07 1 1 0
1  251 0 0 152.4
0

0101000
-1992 0 +2002 0 *
Ed
 1e-07 1 1 0
1  252 0 0 152.4
0

0101000
-1994 0 +2004 0 *
Wi

0101100
-1983 0 -1991 0 +1982 0 +2001 0 *
Fa
0  1e-07 124 0

0101000
+1981 0 *
Wi

0101100
-2000 0 -1983 0 +1990 0 +1987 0 *
Fa
0  1e-07 125 0

0101000
+1979 0 *
Wi

0101100
-2003 0 -1982 0 +1993 0 +1986 0 *
Fa
0  1e-07 126 0

0101000
+1977 0 *
Sh

0101100
-1998 0 +1988 0 -1984 0 +1980 0 -1978 0 +1976 0 *
So

0100000
+1975 0 *
Ve
1e-07
0 914.4 3520.44
0 0

0101101
*
Ve
1e-07
0 914.4 2819.4
0 0

0101101
*
Ed
 1e-07 1 1 0
1  253 0 0 701.04
0

0101000
-1973 0 +1972 0 *
Ve
1e-07
0 1981.2 3520.44
0 0

0101101
*
Ed
 1e-07 1 1 0
1  254 0 0 1066.8
0

0101000
-1970 0 +1973 0 *
Ve
1e-07
0 1981.2 2819.4
0 0

0101101
*
Ed
 1e-07 1 1 0
1  255 0 0 701.04
0

0101000
-1970 0 +1968 0 *
Ed
 1e-07 1 1 0
1  256 0 0 1066.8
0

0101000
-1968 0 +1972 0 *
Wi

0101100
-1971 0 -1969 0 +1967 0 +1966 0 *
Fa
0  1e-07 127 0

0101000
+1965 0 *
Ve
1e-07
152.4 914.4 3520.44
0 0

0101101
*
Ve
1e-07
152.4 914.4 2819.4
0 0

0101101
*
Ed
 1e-07 1 1 0
1  257 0 0 701.04
0

0101000
-1963 0 +1962 0 *
Ve
1e-07
152.4 1981.2 3520.44
0 0

0101101
*
Ed
 1e-07 1 1 0
1  258 0 0 1066.8
0

0101000
-1960 0 +1963 0 *
Ve
1e-07
152.4 1981.2 2819.4
0 0

0101101
*
Ed
 1e-07 1 1 0
1  259 0 0 701.04
0

0101000
-1960 0 +1958 0 *
Ed
 1e-07 1 1 0
1  260 0 0 1066.8
0

0101000
-1958 0 +1962 0 *
Wi

0101100
-1961 0 -1959 0 +1957 0 +1956 0 *
Fa
0  1e-07 128 0

0101000
+1955 0 *
Ed
 1e-07 1 1 0
1  261 0 0 152.4
0

0101000
-1962 0 +1972 0 *
Ed
 1e-07 1 1 0
1  262 0 0 152.4
0

0101000
-1963 0 +1973 0 *
Wi

0101100
-1953 0 -1961 0 +1952 0 +1971 0 *
Fa
0  1e-07 129 0

0101000
+1951 0 *
Ed
 1e-07 1 1 0
1  263 0 0 152.4
0

0101000
-1958 0 +1968 0 *
Ed
 1e-07 1 1 0
1  264 0 0 152.4
0

0101000
-1960 0 +1970 0 *
Wi

0101100
-1949 0 -1957 0 +1948 0 +1967 0 *
Fa
0  1e-07 130 0

0101000
+1947 0 *
Wi

0101100
-1966 0 -1949 0 +1956 0 +1953 0 *
Fa
0  1e-07 131 0

0101000
+1945 0 *
Wi

0101100
-1969 0 -1948 0 +1959 0 +1952 0 *
Fa
0  1e-07 132 0

0101000
+1943 0 *
Sh

0101100
-1964 0 +1954 0 -1950 0 +1946 0 -1944 0 +1942 0 *
So

0100000
+1941 0 *
Ve
1e-07
0 914.4 4876.8
0 0

0101101
*
Ve
1e-07
0 914.4 4587.24
0 0

0101101
*
Ed
 1e-07 1 1 0
1  265 0 0 289.56
0

0101000
-1939 0 +1938 0 *
Ve
1e-07
0 1981.2 4876.8
0 0

0101101
*
Ed
 1e-07 1 1 0
1  266 0 0 1066.8
0

0101000
-1936 0 +1939 0 *
Ve
1e-07
0 1981.2 4587.24
0 0

0101101
*
Ed
 1e-07 1 1 0
1  267 0 0 289.56
0

0101000
-1936 0 +1934 0 *
Ed
 1e-07 1 1 0
1  268 0 0 1066.8
0

0101000
-1934 0 +1938 0 *
Wi

0101100
-1937 0 -1935 0 +1933 0 +1932 0 *
Fa
0  1e-07 133 0

0101000
+1931 0 *
Ve
1e-07
152.4 914.4 4876.8
0 0

0101101
*
Ve
1e-07
152.4 914.4 4587.24
0 0

0101101
*
Ed
 1e-07 1 1 0
1  269 0 0 289.56
0

0101000
-1929 0 +1928 0 *
Ve
1e-07
152.4 1981.2 4876.8
0 0

0101101
*
Ed
 1e-07 1 1 0
1  270 0 0 1066.8
0

0101000
-1926 0 +1929 0 *
Ve
1e-07
152.4 1981.2 4587.24
0 0

0101101
*
Ed
 1e-07 1 1 0
1  271 0 0 289.56
0

0101000
-1926 0 +1924 0 *
Ed
 1e-07 1 1 0
1  272 0 0 1066.8
0

0101000
-1924 0 +1928 0 *
Wi

0101100
-1927 0 -1925 0 +1923 0 +1922 0 *
Fa
0  1e-07 134 0

0101000
+1921 0 *
Ed
 1e-07 1 1 0
1  273 0 0 152.4
0

0101000
-1928 0 +1938 0 *
Ed
 1e-07 1 1 0
1  274 0 0 152.4
0

0101000
-1929 0 +1939 0 *
Wi

0101100
-1919 0 -1927 0 +1918 0 +1937 0 *
Fa
0  1e-07 135 0

0101000
+1917 0 *
Ed
 1e-07 1 1 0
1  275 0 0 152.4
0

0101000
-1924 0 +1934 0 *
Ed
 1e-07 1 1 0
1  276 0 0 152.4
0

0101000
-1926 0 +1936 0 *
Wi

0101100
-1915 0 -1923 0 +1914 0 +1933 0 *
Fa
0  1e-07 136 0

0101000
+1913 0 *
Wi

0101100
-1932 0 -1915 0 +1922 0 +1919 0 *
Fa
0  1e-07 137 0

0101000
+1911 0 *
Wi

0101100
-1935 0 -1914 0 +1925 0 +1918 0 *
Fa
0  1e-07 138 0

0101000
+1909 0 *
Sh

0101100
-1930 0 +1920 0 -1916 0 +1912 0 -1910 0 +1908 0 *
So

0100000
+1907 0 *
Ve
1e-07
0 1981.2 4876.8
0 0

0101101
*
Ve
1e-07
0 1981.2 2819.4
0 0

0101101
*
Ed
 1e-07 1 1 0
1  277 0 0 2057.4
0

0101000
-1905 0 +1904 0 *
Ve
1e-07
0 6096 4876.8
0 0

0101101
*
Ed
 1e-07 1 1 0
1  278 0 0 4114.8
0

0101000
-1902 0 +1905 0 *
Ve
1e-07
0 6096 2819.4
0 0

0101101
*
Ed
 1e-07 1 1 0
1  279 0 0 2057.4
0

0101000
-1902 0 +1900 0 *
Ed
 1e-07 1 1 0
1  280 0 0 4114.8
0

0101000
-1900 0 +1904 0 *
Wi

0101100
-1903 0 -1901 0 +1899 0 +1898 0 *
Fa
0  1e-07 139 0

0101000
+1897 0 *
Ve
1e-07
152.4 1981.2 4876.8
0 0

0101101
*
Ve
1e-07
152.4 1981.2 2819.4
0 0

0101101
*
Ed
 1e-07 1 1 0
1  281 0 0 2057.4
0

0101000
-1895 0 +1894 0 *
Ve
1e-07
152.4 6096 4876.8
0 0

0101101
*
Ed
 1e-07 1 1 0
1  282 0 0 4114.8
0

0101000
-1892 0 +1895 0 *
Ve
1e-07
152.4 6096 2819.4
0 0

0101101
*
Ed
 1e-07 1 1 0
1  283 0 0 2057.4
0

0101000
-1892 0 +1890 0 *
Ed
 1e-07 1 1 0
1  284 0 0 4114.8
0

0101000
-1890 0 +1894 0 *
Wi

0101100
-1893 0 -1891 0 +1889 0 +1888 0 *
Fa
0  1e-07 140 0

0101000
+1887 0 *
Ed
 1e-07 1 1 0
1  285 0 0 152.4
0

0101000
-1894 0 +1904 0 *
Ed
 1e-07 1 1 0
1  286 0 0 152.4
0

0101000
-1895 0 +1905 0 *
Wi

0101100
-1885 0 -1893 0 +1884 0 +1903 0 *
Fa
0  1e-07 141 0

0101000
+1883 0 *
Ed
 1e-07 1 1 0
1  287 0 0 152.4
0

0101000
-1890 0 +1900 0 *
Ed
 1e-07 1 1 0
1  288 0 0 152.4
0

0101000
-1892 0 +1902 0 *
Wi

0101100
-1881 0 -1889 0 +1880 0 +1899 0 *
Fa
0  1e-07 142 0

0101000
+1879 0 *
Wi

0101100
-1898 0 -1881 0 +1888 0 +1885 0 *
Fa
0  1e-07 143 0

0101000
+1877 0 *
Wi

0101100
-1901 0 -1880 0 +1891 0 +1884 0 *
Fa
0  1e-07 144 0

0101000
+1875 0 *
Sh

0101100
-1896 0 +1886 0 -1882 0 +1878 0 -1876 0 +1874 0 *
So

0100000
+1873 0 *
Ve
1e-07
7162.8 0 4876.8
0 0

0101101
*
Ve
1e-07
7162.8 0 2819.4
0 0

0101101
*
Ed
 1e-07 1 1 0
1  289 0 0 2057.4
0

0101000
-1871 0 +1870 0 *
Ve
1e-07
7162.8 457.2 4876.8
0 0

0101101
*
Ed
 1e-07 1 1 0
1  290 0 0 457.2
0

0101000
-1868 0 +1871 0 *
Ve
1e-07
7162.8 457.2 2819.4
0 0

0101101
*
Ed
 1e-07 1 1 0
1  291 0 0 2057.4
0

0101000
-1868 0 +1866 0 *
Ed
 1e-07 1 1 0
1  292 0 0 457.2
0

0101000
-1866 0 +1870 0 *
Wi

0101100
-1869 0 -1867 0 +1865 0 +1864 0 *
Fa
0  1e-07 145 0

0101000
+1863 0 *
Ve
1e-07
7315.2 0 4876.8
0 0

0101101
*
Ve
1e-07
7315.2 0 2819.4
0 0

0101101
*
Ed
 1e-07 1 1 0
1  293 0 0 2057.4
0

0101000
-1861 0 +1860 0 *
Ve
1e-07
7315.2 457.2 4876.8
0 0

0101101
*
Ed
 1e-07 1 1 0
1  294 0 0 457.2
0

0101000
-1858 0 +1861 0 *
Ve
1e-07
7315.2 457.2 2819.4
0 0

0101101
*
Ed
 1e-07 1 1 0
1  295 0 0 2057.4
0

0101000
-1858 0 +1856 0 *
Ed
 1e-07 1 1 0
1  296 0 0 457.2
0

0101000
-1856 0 +1860 0 *
Wi

0101100
-1859 0 -1857 0 +1855 0 +1854 0 *
Fa
0  1e-07 146 0

0101000
+1853 0 *
Ed
 1e-07 1 1 0
1  297 0 0 152.4
0

0101000
-1860 0 +1870 0 *
Ed
 1e-07 1 1 0
1  298 0 0 152.4
0

0101000
-1861 0 +1871 0 *
Wi

0101100
-1851 0 -1859 0 +1850 0 +1869 0 *
Fa
0  1e-07 147 0

0101000
+1849 0 *
Ed
 1e-07 1 1 0
1  299 0 0 152.4
0

0101000
-1856 0 +1866 0 *
Ed
 1e-07 1 1 0
1  300 0 0 152.4
0

0101000
-1858 0 +1868 0 *
Wi

0101100
-1847 0 -1855 0 +1846 0 +1865 0 *
Fa
0  1e-07 148 0

0101000
+1845 0 *
Wi

0101100
-1864 0 -1847 0 +1854 0 +1851 0 *
Fa
0  1e-07 149 0

0101000
+1843 0 *
Wi

0101100
-1867 0 -1846 0 +1857 0 +1850 0 *
Fa
0  1e-07 150 0

0101000
+1841 0 *
Sh

0101100
-1862 0 +1852 0 -1848 0 +1844 0 -1842 0 +1840 0 *
So

0100000
+1839 0 *
Ve
1e-07
7162.8 457.2 4876.8
0 0

0101101
*
Ve
1e-07
7162.8 457.2 4851.5016
0 0

0101101
*
Ed
 1e-07 1 1 0
1  301 0 0 25.2984000000001
0

0101000
-1837 0 +1836 0 *
Ve
1e-07
7162.8 2286 4876.8
0 0

0101101
*
Ed
 1e-07 1 1 0
1  302 0 0 1828.8
0

0101000
-1834 0 +1837 0 *
Ve
1e-07
7162.8 2286 4851.5016
0 0

0101101
*
Ed
 1e-07 1 1 0
1  303 0 0 25.2984000000001
0

0101000
-1834 0 +1832 0 *
Ed
 1e-07 1 1 0
1  304 0 0 1828.8
0

0101000
-1832 0 +1836 0 *
Wi

0101100
-1835 0 -1833 0 +1831 0 +1830 0 *
Fa
0  1e-07 151 0

0101000
+1829 0 *
Ve
1e-07
7315.2 457.2 4876.8
0 0

0101101
*
Ve
1e-07
7315.2 457.2 4851.5016
0 0

0101101
*
Ed
 1e-07 1 1 0
1  305 0 0 25.2984000000001
0

0101000
-1827 0 +1826 0 *
Ve
1e-07
7315.2 2286 4876.8
0 0

0101101
*
Ed
 1e-07 1 1 0
1  306 0 0 1828.8
0

0101000
-1824 0 +1827 0 *
Ve
1e-07
7315.2 2286 4851.5016
0 0

0101101
*
Ed
 1e-07 1 1 0
1  307 0 0 25.2984000000001
0

0101000
-1824 0 +1822 0 *
Ed
 1e-07 1 1 0
1  308 0 0 1828.8
0

0101000
-1822 0 +1826 0 *
Wi

0101100
-1825 0 -1823 0 +1821 0 +1820 0 *
Fa
0  1e-07 152 0

0101000
+1819 0 *
Ed
 1e-07 1 1 0
1  309 0 0 152.4
0

0101000
-1826 0 +1836 0 *
Ed
 1e-07 1 1 0
1  310 0 0 152.4
0

0101000
-1827 0 +1837 0 *
Wi

0101100
-1817 0 -1825 0 +1816 0 +1835 0 *
Fa
0  1e-07 153 0

0101000
+1815 0 *
Ed
 1e-07 1 1 0
1  311 0 0 152.4
0

0101000
-1822 0 +1832 0 *
Ed
 1e-07 1 1 0
1  312 0 0 152.4
0

0101000
-1824 0 +1834 0 *
Wi

0101100
-1813 0 -1821 0 +1812 0 +1831 0 *
Fa
0  1e-07 154 0

0101000
+1811 0 *
Wi

0101100
-1830 0 -1813 0 +1820 0 +1817 0 *
Fa
0  1e-07 155 0

0101000
+1809 0 *
Wi

0101100
-1833 0 -1812 0 +1823 0 +1816 0 *
Fa
0  1e-07 156 0

0101000
+1807 0 *
Sh

0101100
-1828 0 +1818 0 -1814 0 +1810 0 -1808 0 +1806 0 *
So

0100000
+1805 0 *
Ve
1e-07
7162.8 2286 4876.8
0 0

0101101
*
Ve
1e-07
7162.8 2286 2819.4
0 0

0101101
*
Ed
 1e-07 1 1 0
1  313 0 0 2057.4
0

0101000
-1803 0 +1802 0 *
Ve
1e-07
7162.8 4572 4876.8
0 0

0101101
*
Ed
 1e-07 1 1 0
1  314 0 0 2286
0

0101000
-1800 0 +1803 0 *
Ve
1e-07
7162.8 4572 2819.4
0 0

0101101
*
Ed
 1e-07 1 1 0
1  315 0 0 2057.4
0

0101000
-1800 0 +1798 0 *
Ed
 1e-07 1 1 0
1  316 0 0 2286
0

0101000
-1798 0 +1802 0 *
Wi

0101100
-1801 0 -1799 0 +1797 0 +1796 0 *
Fa
0  1e-07 157 0

0101000
+1795 0 *
Ve
1e-07
7315.2 2286 4876.8
0 0

0101101
*
Ve
1e-07
7315.2 2286 2819.4
0 0

0101101
*
Ed
 1e-07 1 1 0
1  317 0 0 2057.4
0

0101000
-1793 0 +1792 0 *
Ve
1e-07
7315.2 4572 4876.8
0 0

0101101
*
Ed
 1e-07 1 1 0
1  318 0 0 2286
0

0101000
-1790 0 +1793 0 *
Ve
1e-07
7315.2 4572 2819.4
0 0

0101101
*
Ed
 1e-07 1 1 0
1  319 0 0 2057.4
0

0101000
-1790 0 +1788 0 *
Ed
 1e-07 1 1 0
1  320 0 0 2286
0

0101000
-1788 0 +1792 0 *
Wi

0101100
-1791 0 -1789 0 +1787 0 +1786 0 *
Fa
0  1e-07 158 0

0101000
+1785 0 *
Ed
 1e-07 1 1 0
1  321 0 0 152.4
0

0101000
-1792 0 +1802 0 *
Ed
 1e-07 1 1 0
1  322 0 0 152.4
0

0101000
-1793 0 +1803 0 *
Wi

0101100
-1783 0 -1791 0 +1782 0 +1801 0 *
Fa
0  1e-07 159 0

0101000
+1781 0 *
Ed
 1e-07 1 1 0
1  323 0 0 152.4
0

0101000
-1788 0 +1798 0 *
Ed
 1e-07 1 1 0
1  324 0 0 152.4
0

0101000
-1790 0 +1800 0 *
Wi

0101100
-1779 0 -1787 0 +1778 0 +1797 0 *
Fa
0  1e-07 160 0

0101000
+1777 0 *
Wi

0101100
-1796 0 -1779 0 +1786 0 +1783 0 *
Fa
0  1e-07 161 0

0101000
+1775 0 *
Wi

0101100
-1799 0 -1778 0 +1789 0 +1782 0 *
Fa
0  1e-07 162 0

0101000
+1773 0 *
Sh

0101100
-1794 0 +1784 0 -1780 0 +1776 0 -1774 0 +1772 0 *
So

0100000
+1771 0 *
Ve
1e-07
7162.8 4572 3520.44
0 0

0101101
*
Ve
1e-07
7162.8 4572 2819.4
0 0

0101101
*
Ed
 1e-07 1 1 0
1  325 0 0 701.04
0

0101000
-1769 0 +1768 0 *
Ve
1e-07
7162.8 5638.8 3520.44
0 0

0101101
*
Ed
 1e-07 1 1 0
1  326 0 0 1066.8
0

0101000
-1766 0 +1769 0 *
Ve
1e-07
7162.8 5638.8 2819.4
0 0

0101101
*
Ed
 1e-07 1 1 0
1  327 0 0 701.04
0

0101000
-1766 0 +1764 0 *
Ed
 1e-07 1 1 0
1  328 0 0 1066.8
0

0101000
-1764 0 +1768 0 *
Wi

0101100
-1767 0 -1765 0 +1763 0 +1762 0 *
Fa
0  1e-07 163 0

0101000
+1761 0 *
Ve
1e-07
7315.2 4572 3520.44
0 0

0101101
*
Ve
1e-07
7315.2 4572 2819.4
0 0

0101101
*
Ed
 1e-07 1 1 0
1  329 0 0 701.04
0

0101000
-1759 0 +1758 0 *
Ve
1e-07
7315.2 5638.8 3520.44
0 0

0101101
*
Ed
 1e-07 1 1 0
1  330 0 0 1066.8
0

0101000
-1756 0 +1759 0 *
Ve
1e-07
7315.2 5638.8 2819.4
0 0

0101101
*
Ed
 1e-07 1 1 0
1  331 0 0 701.04
0

0101000
-1756 0 +1754 0 *
Ed
 1e-07 1 1 0
1  332 0 0 1066.8
0

0101000
-1754 0 +1758 0 *
Wi

0101100
-1757 0 -1755 0 +1753 0 +1752 0 *
Fa
0  1e-07 164 0

0101000
+1751 0 *
Ed
 1e-07 1 1 0
1  333 0 0 152.4
0

0101000
-1758 0 +1768 0 *
Ed
 1e-07 1 1 0
1  334 0 0 152.4
0

0101000
-1759 0 +1769 0 *
Wi

0101100
-1749 0 -1757 0 +1748 0 +1767 0 *
Fa
0  1e-07 165 0

0101000
+1747 0 *
Ed
 1e-07 1 1 0
1  335 0 0 152.4
0

0101000
-1754 0 +1764 0 *
Ed
 1e-07 1 1 0
1  336 0 0 152.4
0

0101000
-1756 0 +1766 0 *
Wi

0101100
-1745 0 -1753 0 +1744 0 +1763 0 *
Fa
0  1e-07 166 0

0101000
+1743 0 *
Wi

0101100
-1762 0 -1745 0 +1752 0 +1749 0 *
Fa
0  1e-07 167 0

0101000
+1741 0 *
Wi

0101100
-1765 0 -1744 0 +1755 0 +1748 0 *
Fa
0  1e-07 168 0

0101000
+1739 0 *
Sh

0101100
-1760 0 +1750 0 -1746 0 +1742 0 -1740 0 +1738 0 *
So

0100000
+1737 0 *
Ve
1e-07
7162.8 4572 4876.8
0 0

0101101
*
Ve
1e-07
7162.8 4572 4587.24
0 0

0101101
*
Ed
 1e-07 1 1 0
1  337 0 0 289.56
0

0101000
-1735 0 +1734 0 *
Ve
1e-07
7162.8 5638.8 4876.8
0 0

0101101
*
Ed
 1e-07 1 1 0
1  338 0 0 1066.8
0

0101000
-1732 0 +1735 0 *
Ve
1e-07
7162.8 5638.8 4587.24
0 0

0101101
*
Ed
 1e-07 1 1 0
1  339 0 0 289.56
0

0101000
-1732 0 +1730 0 *
Ed
 1e-07 1 1 0
1  340 0 0 1066.8
0

0101000
-1730 0 +1734 0 *
Wi

0101100
-1733 0 -1731 0 +1729 0 +1728 0 *
Fa
0  1e-07 169 0

0101000
+1727 0 *
Ve
1e-07
7315.2 4572 4876.8
0 0

0101101
*
Ve
1e-07
7315.2 4572 4587.24
0 0

0101101
*
Ed
 1e-07 1 1 0
1  341 0 0 289.56
0

0101000
-1725 0 +1724 0 *
Ve
1e-07
7315.2 5638.8 4876.8
0 0

0101101
*
Ed
 1e-07 1 1 0
1  342 0 0 1066.8
0

0101000
-1722 0 +1725 0 *
Ve
1e-07
7315.2 5638.8 4587.24
0 0

0101101
*
Ed
 1e-07 1 1 0
1  343 0 0 289.56
0

0101000
-1722 0 +1720 0 *
Ed
 1e-07 1 1 0
1  344 0 0 1066.8
0

0101000
-1720 0 +1724 0 *
Wi

0101100
-1723 0 -1721 0 +1719 0 +1718 0 *
Fa
0  1e-07 170 0

0101000
+1717 0 *
Ed
 1e-07 1 1 0
1  345 0 0 152.4
0

0101000
-1724 0 +1734 0 *
Ed
 1e-07 1 1 0
1  346 0 0 152.4
0

0101000
-1725 0 +1735 0 *
Wi

0101100
-1715 0 -1723 0 +1714 0 +1733 0 *
Fa
0  1e-07 171 0

0101000
+1713 0 *
Ed
 1e-07 1 1 0
1  347 0 0 152.4
0

0101000
-1720 0 +1730 0 *
Ed
 1e-07 1 1 0
1  348 0 0 152.4
0

0101000
-1722 0 +1732 0 *
Wi

0101100
-1711 0 -1719 0 +1710 0 +1729 0 *
Fa
0  1e-07 172 0

0101000
+1709 0 *
Wi

0101100
-1728 0 -1711 0 +1718 0 +1715 0 *
Fa
0  1e-07 173 0

0101000
+1707 0 *
Wi

0101100
-1731 0 -1710 0 +1721 0 +1714 0 *
Fa
0  1e-07 174 0

0101000
+1705 0 *
Sh

0101100
-1726 0 +1716 0 -1712 0 +1708 0 -1706 0 +1704 0 *
So

0100000
+1703 0 *
Ve
1e-07
7162.8 5638.8 4876.8
0 0

0101101
*
Ve
1e-07
7162.8 5638.8 2819.4
0 0

0101101
*
Ed
 1e-07 1 1 0
1  349 0 0 2057.4
0

0101000
-1701 0 +1700 0 *
Ve
1e-07
7162.8 6096 4876.8
0 0

0101101
*
Ed
 1e-07 1 1 0
1  350 0 0 457.2
0

0101000
-1698 0 +1701 0 *
Ve
1e-07
7162.8 6096 2819.4
0 0

0101101
*
Ed
 1e-07 1 1 0
1  351 0 0 2057.4
0

0101000
-1698 0 +1696 0 *
Ed
 1e-07 1 1 0
1  352 0 0 457.2
0

0101000
-1696 0 +1700 0 *
Wi

0101100
-1699 0 -1697 0 +1695 0 +1694 0 *
Fa
0  1e-07 175 0

0101000
+1693 0 *
Ve
1e-07
7315.2 5638.8 4876.8
0 0

0101101
*
Ve
1e-07
7315.2 5638.8 2819.4
0 0

0101101
*
Ed
 1e-07 1 1 0
1  353 0 0 2057.4
0

0101000
-1691 0 +1690 0 *
Ve
1e-07
7315.2 6096 4876.8
0 0

0101101
*
Ed
 1e-07 1 1 0
1  354 0 0 457.2
0

0101000
-1688 0 +1691 0 *
Ve
1e-07
7315.2 6096 2819.4
0 0

0101101
*
Ed
 1e-07 1 1 0
1  355 0 0 2057.4
0

0101000
-1688 0 +1686 0 *
Ed
 1e-07 1 1 0
1  356 0 0 457.2
0

0101000
-1686 0 +1690 0 *
Wi

0101100
-1689 0 -1687 0 +1685 0 +1684 0 *
Fa
0  1e-07 176 0

0101000
+1683 0 *
Ed
 1e-07 1 1 0
1  357 0 0 152.4
0

0101000
-1690 0 +1700 0 *
Ed
 1e-07 1 1 0
1  358 0 0 152.4
0

0101000
-1691 0 +1701 0 *
Wi

0101100
-1681 0 -1689 0 +1680 0 +1699 0 *
Fa
0  1e-07 177 0

0101000
+1679 0 *
Ed
 1e-07 1 1 0
1  359 0 0 152.4
0

0101000
-1686 0 +1696 0 *
Ed
 1e-07 1 1 0
1  360 0 0 152.4
0

0101000
-1688 0 +1698 0 *
Wi

0101100
-1677 0 -1685 0 +1676 0 +1695 0 *
Fa
0  1e-07 178 0

0101000
+1675 0 *
Wi

0101100
-1694 0 -1677 0 +1684 0 +1681 0 *
Fa
0  1e-07 179 0

0101000
+1673 0 *
Wi

0101100
-1697 0 -1676 0 +1687 0 +1680 0 *
Fa
0  1e-07 180 0

0101000
+1671 0 *
Sh

0101100
-1692 0 +1682 0 -1678 0 +1674 0 -1672 0 +1670 0 *
So

0100000
+1669 0 *
Ve
1e-07
152.4 3505.2 2590.8
0 0

0101101
*
Ve
1e-07
152.4 3505.2 152.4
0 0

0101101
*
Ed
 1e-07 1 1 0
1  361 0 0 2438.4
0

0101000
-1667 0 +1666 0 *
Ve
1e-07
152.4 3605.784 2590.8
0 0

0101101
*
Ed
 1e-07 1 1 0
1  362 0 0 100.584
0

0101000
-1664 0 +1667 0 *
Ve
1e-07
152.4 3605.784 152.4
0 0

0101101
*
Ed
 1e-07 1 1 0
1  363 0 0 2438.4
0

0101000
-1664 0 +1662 0 *
Ed
 1e-07 1 1 0
1  364 0 0 100.584
0

0101000
-1662 0 +1666 0 *
Wi

0101100
-1665 0 -1663 0 +1661 0 +1660 0 *
Fa
0  1e-07 181 0

0101000
+1659 0 *
Ve
1e-07
7162.8 3505.2 2590.8
0 0

0101101
*
Ve
1e-07
7162.8 3505.2 152.4
0 0

0101101
*
Ed
 1e-07 1 1 0
1  365 0 0 2438.4
0

0101000
-1657 0 +1656 0 *
Ve
1e-07
7162.8 3605.784 2590.8
0 0

0101101
*
Ed
 1e-07 1 1 0
1  366 0 0 100.584
0

0101000
-1654 0 +1657 0 *
Ve
1e-07
7162.8 3605.784 152.4
0 0

0101101
*
Ed
 1e-07 1 1 0
1  367 0 0 2438.4
0

0101000
-1654 0 +1652 0 *
Ed
 1e-07 1 1 0
1  368 0 0 100.584
0

0101000
-1652 0 +1656 0 *
Wi

0101100
-1655 0 -1653 0 +1651 0 +1650 0 *
Fa
0  1e-07 182 0

0101000
+1649 0 *
Ed
 1e-07 1 1 0
1  369 0 0 7010.4
0

0101000
-1656 0 +1666 0 *
Ed
 1e-07 1 1 0
1  370 0 0 7010.4
0

0101000
-1657 0 +1667 0 *
Wi

0101100
-1647 0 -1655 0 +1646 0 +1665 0 *
Fa
0  1e-07 183 0

0101000
+1645 0 *
Ed
 1e-07 1 1 0
1  371 0 0 7010.4
0

0101000
-1652 0 +1662 0 *
Ed
 1e-07 1 1 0
1  372 0 0 7010.4
0

0101000
-1654 0 +1664 0 *
Wi

0101100
-1643 0 -1651 0 +1642 0 +1661 0 *
Fa
0  1e-07 184 0

0101000
+1641 0 *
Wi

0101100
-1660 0 -1643 0 +1650 0 +1647 0 *
Fa
0  1e-07 185 0

0101000
+1639 0 *
Wi

0101100
-1663 0 -1642 0 +1653 0 +1646 0 *
Fa
0  1e-07 186 0

0101000
+1637 0 *
Sh

0101100
-1658 0 +1648 0 -1644 0 +1640 0 -1638 0 +1636 0 *
So

0100000
+1635 0 *
Ve
1e-07
2286 3505.2 2590.8
0 0

0101101
*
Ve
1e-07
2286 3505.2 152.4
0 0

0101101
*
Ed
 1e-07 1 1 0
1  373 0 0 2438.4
0

0101000
-1633 0 +1632 0 *
Ve
1e-07
2286 5943.6 2590.8
0 0

0101101
*
Ed
 1e-07 1 1 0
1  374 0 0 2438.4
0

0101000
-1630 0 +1633 0 *
Ve
1e-07
2286 5943.6 152.4
0 0

0101101
*
Ed
 1e-07 1 1 0
1  375 0 0 2438.4
0

0101000
-1630 0 +1628 0 *
Ed
 1e-07 1 1 0
1  376 0 0 2438.4
0

0101000
-1628 0 +1632 0 *
Wi

0101100
-1631 0 -1629 0 +1627 0 +1626 0 *
Fa
0  1e-07 187 0

0101000
+1625 0 *
Ve
1e-07
2386.584 3505.2 2590.8
0 0

0101101
*
Ve
1e-07
2386.584 3505.2 152.4
0 0

0101101
*
Ed
 1e-07 1 1 0
1  377 0 0 2438.4
0

0101000
-1623 0 +1622 0 *
Ve
1e-07
2386.584 5943.6 2590.8
0 0

0101101
*
Ed
 1e-07 1 1 0
1  378 0 0 2438.4
0

0101000
-1620 0 +1623 0 *
Ve
1e-07
2386.584 5943.6 152.4
0 0

0101101
*
Ed
 1e-07 1 1 0
1  379 0 0 2438.4
0

0101000
-1620 0 +1618 0 *
Ed
 1e-07 1 1 0
1  380 0 0 2438.4
0

0101000
-1618 0 +1622 0 *
Wi

0101100
-1621 0 -1619 0 +1617 0 +1616 0 *
Fa
0  1e-07 188 0

0101000
+1615 0 *
Ed
 1e-07 1 1 0
1  381 0 0 100.584
0

0101000
-1622 0 +1632 0 *
Ed
 1e-07 1 1 0
1  382 0 0 100.584
0

0101000
-1623 0 +1633 0 *
Wi

0101100
-1613 0 -1621 0 +1612 0 +1631 0 *
Fa
0  1e-07 189 0

0101000
+1611 0 *
Ed
 1e-07 1 1 0
1  383 0 0 100.584
0

0101000
-1618 0 +1628 0 *
Ed
 1e-07 1 1 0
1  384 0 0 100.584
0

0101000
-1620 0 +1630 0 *
Wi

0101100
-1609 0 -1617 0 +1608 0 +1627 0 *
Fa
0  1e-07 190 0

0101000
+1607 0 *
Wi

0101100
-1626 0 -1609 0 +1616 0 +1613 0 *
Fa
0  1e-07 191 0

0101000
+1605 0 *
Wi

0101100
-1629 0 -1608 0 +1619 0 +1612 0 *
Fa
0  1e-07 192 0

0101000
+1603 0 *
Sh

0101100
-1624 0 +1614 0 -1610 0 +1606 0 -1604 0 +1602 0 *
So

0100000
+1601 0 *
Ve
1e-07
4267.2 3505.2 2590.8
0 0

0101101
*
Ve
1e-07
4267.2 3505.2 152.4
0 0

0101101
*
Ed
 1e-07 1 1 0
1  385 0 0 2438.4
0

0101000
-1599 0 +1598 0 *
Ve
1e-07
4267.2 5943.6 2590.8
0 0

0101101
*
Ed
 1e-07 1 1 0
1  386 0 0 2438.4
0

0101000
-1596 0 +1599 0 *
Ve
1e-07
4267.2 5943.6 152.4
0 0

0101101
*
Ed
 1e-07 1 1 0
1  387 0 0 2438.4
0

0101000
-1596 0 +1594 0 *
Ed
 1e-07 1 1 0
1  388 0 0 2438.4
0

0101000
-1594 0 +1598 0 *
Wi

0101100
-1597 0 -1595 0 +1593 0 +1592 0 *
Fa
0  1e-07 193 0

0101000
+1591 0 *
Ve
1e-07
4367.784 3505.2 2590.8
0 0

0101101
*
Ve
1e-07
4367.784 3505.2 152.4
0 0

0101101
*
Ed
 1e-07 1 1 0
1  389 0 0 2438.4
0

0101000
-1589 0 +1588 0 *
Ve
1e-07
4367.784 5943.6 2590.8
0 0

0101101
*
Ed
 1e-07 1 1 0
1  390 0 0 2438.4
0

0101000
-1586 0 +1589 0 *
Ve
1e-07
4367.784 5943.6 152.4
0 0

0101101
*
Ed
 1e-07 1 1 0
1  391 0 0 2438.4
0

0101000
-1586 0 +1584 0 *
Ed
 1e-07 1 1 0
1  392 0 0 2438.4
0

0101000
-1584 0 +1588 0 *
Wi

0101100
-1587 0 -1585 0 +1583 0 +1582 0 *
Fa
0  1e-07 194 0

0101000
+1581 0 *
Ed
 1e-07 1 1 0
1  393 0 0 100.584
0

0101000
-1588 0 +1598 0 *
Ed
 1e-07 1 1 0
1  394 0 0 100.584
0

0101000
-1589 0 +1599 0 *
Wi

0101100
-1579 0 -1587 0 +1578 0 +1597 0 *
Fa
0  1e-07 195 0

0101000
+1577 0 *
Ed
 1e-07 1 1 0
1  395 0 0 100.584
0

0101000
-1584 0 +1594 0 *
Ed
 1e-07 1 1 0
1  396 0 0 100.584
0

0101000
-1586 0 +1596 0 *
Wi

0101100
-1575 0 -1583 0 +1574 0 +1593 0 *
Fa
0  1e-07 196 0

0101000
+1573 0 *
Wi

0101100
-1592 0 -1575 0 +1582 0 +1579 0 *
Fa
0  1e-07 197 0

0101000
+1571 0 *
Wi

0101100
-1595 0 -1574 0 +1585 0 +1578 0 *
Fa
0  1e-07 198 0

0101000
+1569 0 *
Sh

0101100
-1590 0 +1580 0 -1576 0 +1572 0 -1570 0 +1568 0 *
So

0100000
+1567 0 *
Ve
1e-07
2286 4114.8 2590.8
0 0

0101101
*
Ve
1e-07
2286 4114.8 152.4
0 0

0101101
*
Ed
 1e-07 1 1 0
1  397 0 0 2438.4
0

0101000
-1565 0 +1564 0 *
Ve
1e-07
2286 4215.384 2590.8
0 0

0101101
*
Ed
 1e-07 1 1 0
1  398 0 0 100.584
0

0101000
-1562 0 +1565 0 *
Ve
1e-07
2286 4215.384 152.4
0 0

0101101
*
Ed
 1e-07 1 1 0
1  399 0 0 2438.4
0

0101000
-1562 0 +1560 0 *
Ed
 1e-07 1 1 0
1  400 0 0 100.584
0

0101000
-1560 0 +1564 0 *
Wi

0101100
-1563 0 -1561 0 +1559 0 +1558 0 *
Fa
0  1e-07 199 0

0101000
+1557 0 *
Ve
1e-07
4367.784 4114.8 2590.8
0 0

0101101
*
Ve
1e-07
4367.784 4114.8 152.4
0 0

0101101
*
Ed
 1e-07 1 1 0
1  401 0 0 2438.4
0

0101000
-1555 0 +1554 0 *
Ve
1e-07
4367.784 4215.384 2590.8
0 0

0101101
*
Ed
 1e-07 1 1 0
1  402 0 0 100.584
0

0101000
-1552 0 +1555 0 *
Ve
1e-07
4367.784 4215.384 152.4
0 0

0101101
*
Ed
 1e-07 1 1 0
1  403 0 0 2438.4
0

0101000
-1552 0 +1550 0 *
Ed
 1e-07 1 1 0
1  404 0 0 100.584
0

0101000
-1550 0 +1554 0 *
Wi

0101100
-1553 0 -1551 0 +1549 0 +1548 0 *
Fa
0  1e-07 200 0

0101000
+1547 0 *
Ed
 1e-07 1 1 0
1  405 0 0 2081.784
0

0101000
-1554 0 +1564 0 *
Ed
 1e-07 1 1 0
1  406 0 0 2081.784
0

0101000
-1555 0 +1565 0 *
Wi

0101100
-1545 0 -1553 0 +1544 0 +1563 0 *
Fa
0  1e-07 201 0

0101000
+1543 0 *
Ed
 1e-07 1 1 0
1  407 0 0 2081.784
0

0101000
-1550 0 +1560 0 *
Ed
 1e-07 1 1 0
1  408 0 0 2081.784
0

0101000
-1552 0 +1562 0 *
Wi

0101100
-1541 0 -1549 0 +1540 0 +1559 0 *
Fa
0  1e-07 202 0

0101000
+1539 0 *
Wi

0101100
-1558 0 -1541 0 +1548 0 +1545 0 *
Fa
0  1e-07 203 0

0101000
+1537 0 *
Wi

0101100
-1561 0 -1540 0 +1551 0 +1544 0 *
Fa
0  1e-07 204 0

0101000
+1535 0 *
Sh

0101100
-1556 0 +1546 0 -1542 0 +1538 0 -1536 0 +1534 0 *
So

0100000
+1533 0 *
Ve
1e-07
3108.96 152.4 4876.8
0 0

0101101
*
Ve
1e-07
3108.96 152.4 2819.4
0 0

0101101
*
Ed
 1e-07 1 1 0
1  409 0 0 2057.4
0

0101000
-1531 0 +1530 0 *
Ve
1e-07
3108.96 3048 4876.8
0 0

0101101
*
Ed
 1e-07 1 1 0
1  410 0 0 2895.6
0

0101000
-1528 0 +1531 0 *
Ve
1e-07
3108.96 3048 2819.4
0 0

0101101
*
Ed
 1e-07 1 1 0
1  411 0 0 2057.4
0

0101000
-1528 0 +1526 0 *
Ed
 1e-07 1 1 0
1  412 0 0 2895.6
0

0101000
-1526 0 +1530 0 *
Wi

0101100
-1529 0 -1527 0 +1525 0 +1524 0 *
Fa
0  1e-07 205 0

0101000
+1523 0 *
Ve
1e-07
3209.544 152.4 4876.8
0 0

0101101
*
Ve
1e-07
3209.544 152.4 2819.4
0 0

0101101
*
Ed
 1e-07 1 1 0
1  413 0 0 2057.4
0

0101000
-1521 0 +1520 0 *
Ve
1e-07
3209.544 3048 4876.8
0 0

0101101
*
Ed
 1e-07 1 1 0
1  414 0 0 2895.6
0

0101000
-1518 0 +1521 0 *
Ve
1e-07
3209.544 3048 2819.4
0 0

0101101
*
Ed
 1e-07 1 1 0
1  415 0 0 2057.4
0

0101000
-1518 0 +1516 0 *
Ed
 1e-07 1 1 0
1  416 0 0 2895.6
0

0101000
-1516 0 +1520 0 *
Wi

0101100
-1519 0 -1517 0 +1515 0 +1514 0 *
Fa
0  1e-07 206 0

0101000
+1513 0 *
Ed
 1e-07 1 1 0
1  417 0 0 100.584
0

0101000
-1520 0 +1530 0 *
Ed
 1e-07 1 1 0
1  418 0 0 100.584
0

0101000
-1521 0 +1531 0 *
Wi

0101100
-1511 0 -1519 0 +1510 0 +1529 0 *
Fa
0  1e-07 207 0

0101000
+1509 0 *
Ed
 1e-07 1 1 0
1  419 0 0 100.584
0

0101000
-1516 0 +1526 0 *
Ed
 1e-07 1 1 0
1  420 0 0 100.584
0

0101000
-1518 0 +1528 0 *
Wi

0101100
-1507 0 -1515 0 +1506 0 +1525 0 *
Fa
0  1e-07 208 0

0101000
+1505 0 *
Wi

0101100
-1524 0 -1507 0 +1514 0 +1511 0 *
Fa
0  1e-07 209 0

0101000
+1503 0 *
Wi

0101100
-1527 0 -1506 0 +1517 0 +1510 0 *
Fa
0  1e-07 210 0

0101000
+1501 0 *
Sh

0101100
-1522 0 +1512 0 -1508 0 +1504 0 -1502 0 +1500 0 *
So

0100000
+1499 0 *
Ve
1e-07
152.4 3048 4876.8
0 0

0101101
*
Ve
1e-07
152.4 3048 2819.4
0 0

0101101
*
Ed
 1e-07 1 1 0
1  421 0 0 2057.4
0

0101000
-1497 0 +1496 0 *
Ve
1e-07
152.4 3148.584 4876.8
0 0

0101101
*
Ed
 1e-07 1 1 0
1  422 0 0 100.584
0

0101000
-1494 0 +1497 0 *
Ve
1e-07
152.4 3148.584 2819.4
0 0

0101101
*
Ed
 1e-07 1 1 0
1  423 0 0 2057.4
0

0101000
-1494 0 +1492 0 *
Ed
 1e-07 1 1 0
1  424 0 0 100.584
0

0101000
-1492 0 +1496 0 *
Wi

0101100
-1495 0 -1493 0 +1491 0 +1490 0 *
Fa
0  1e-07 211 0

0101000
+1489 0 *
Ve
1e-07
3209.544 3048 4876.8
0 0

0101101
*
Ve
1e-07
3209.544 3048 2819.4
0 0

0101101
*
Ed
 1e-07 1 1 0
1  425 0 0 2057.4
0

0101000
-1487 0 +1486 0 *
Ve
1e-07
3209.544 3148.584 4876.8
0 0

0101101
*
Ed
 1e-07 1 1 0
1  426 0 0 100.584
0

0101000
-1484 0 +1487 0 *
Ve
1e-07
3209.544 3148.584 2819.4
0 0

0101101
*
Ed
 1e-07 1 1 0
1  427 0 0 2057.4
0

0101000
-1484 0 +1482 0 *
Ed
 1e-07 1 1 0
1  428 0 0 100.584
0

0101000
-1482 0 +1486 0 *
Wi

0101100
-1485 0 -1483 0 +1481 0 +1480 0 *
Fa
0  1e-07 212 0

0101000
+1479 0 *
Ed
 1e-07 1 1 0
1  429 0 0 3057.144
0

0101000
-1486 0 +1496 0 *
Ed
 1e-07 1 1 0
1  430 0 0 3057.144
0

0101000
-1487 0 +1497 0 *
Wi

0101100
-1477 0 -1485 0 +1476 0 +1495 0 *
Fa
0  1e-07 213 0

0101000
+1475 0 *
Ed
 1e-07 1 1 0
1  431 0 0 3057.144
0

0101000
-1482 0 +1492 0 *
Ed
 1e-07 1 1 0
1  432 0 0 3057.144
0

0101000
-1484 0 +1494 0 *
Wi

0101100
-1473 0 -1481 0 +1472 0 +1491 0 *
Fa
0  1e-07 214 0

0101000
+1471 0 *
Wi

0101100
-1490 0 -1473 0 +1480 0 +1477 0 *
Fa
0  1e-07 215 0

0101000
+1469 0 *
Wi

0101100
-1493 0 -1472 0 +1483 0 +1476 0 *
Fa
0  1e-07 216 0

0101000
+1467 0 *
Sh

0101100
-1488 0 +1478 0 -1474 0 +1470 0 -1468 0 +1466 0 *
So

0100000
+1465 0 *
Ve
1e-07
152.4 4114.8 4876.8
0 0

0101101
*
Ve
1e-07
152.4 4114.8 2819.4
0 0

0101101
*
Ed
 1e-07 1 1 0
1  433 0 0 2057.4
0

0101000
-1463 0 +1462 0 *
Ve
1e-07
152.4 4215.384 4876.8
0 0

0101101
*
Ed
 1e-07 1 1 0
1  434 0 0 100.584
0

0101000
-1460 0 +1463 0 *
Ve
1e-07
152.4 4215.384 2819.4
0 0

0101101
*
Ed
 1e-07 1 1 0
1  435 0 0 2057.4
0

0101000
-1460 0 +1458 0 *
Ed
 1e-07 1 1 0
1  436 0 0 100.584
0

0101000
-1458 0 +1462 0 *
Wi

0101100
-1461 0 -1459 0 +1457 0 +1456 0 *
Fa
0  1e-07 217 0

0101000
+1455 0 *
Ve
1e-07
4367.784 4114.8 4876.8
0 0

0101101
*
Ve
1e-07
4367.784 4114.8 2819.4
0 0

0101101
*
Ed
 1e-07 1 1 0
1  437 0 0 2057.4
0

0101000
-1453 0 +1452 0 *
Ve
1e-07
4367.784 4215.384 4876.8
0 0

0101101
*
Ed
 1e-07 1 1 0
1  438 0 0 100.584
0

0101000
-1450 0 +1453 0 *
Ve
1e-07
4367.784 4215.384 2819.4
0 0

0101101
*
Ed
 1e-07 1 1 0
1  439 0 0 2057.4
0

0101000
-1450 0 +1448 0 *
Ed
 1e-07 1 1 0
1  440 0 0 100.584
0

0101000
-1448 0 +1452 0 *
Wi

0101100
-1451 0 -1449 0 +1447 0 +1446 0 *
Fa
0  1e-07 218 0

0101000
+1445 0 *
Ed
 1e-07 1 1 0
1  441 0 0 4215.384
0

0101000
-1452 0 +1462 0 *
Ed
 1e-07 1 1 0
1  442 0 0 4215.384
0

0101000
-1453 0 +1463 0 *
Wi

0101100
-1443 0 -1451 0 +1442 0 +1461 0 *
Fa
0  1e-07 219 0

0101000
+1441 0 *
Ed
 1e-07 1 1 0
1  443 0 0 4215.384
0

0101000
-1448 0 +1458 0 *
Ed
 1e-07 1 1 0
1  444 0 0 4215.384
0

0101000
-1450 0 +1460 0 *
Wi

0101100
-1439 0 -1447 0 +1438 0 +1457 0 *
Fa
0  1e-07 220 0

0101000
+1437 0 *
Wi

0101100
-1456 0 -1439 0 +1446 0 +1443 0 *
Fa
0  1e-07 221 0

0101000
+1435 0 *
Wi

0101100
-1459 0 -1438 0 +1449 0 +1442 0 *
Fa
0  1e-07 222 0

0101000
+1433 0 *
Sh

0101100
-1454 0 +1444 0 -1440 0 +1436 0 -1434 0 +1432 0 *
So

0100000
+1431 0 *
Ve
1e-07
2286 4114.8 4876.8
0 0

0101101
*
Ve
1e-07
2286 4114.8 2819.4
0 0

0101101
*
Ed
 1e-07 1 1 0
1  445 0 0 2057.4
0

0101000
-1429 0 +1428 0 *
Ve
1e-07
2286 5943.6 4876.8
0 0

0101101
*
Ed
 1e-07 1 1 0
1  446 0 0 1828.8
0

0101000
-1426 0 +1429 0 *
Ve
1e-07
2286 5943.6 2819.4
0 0

0101101
*
Ed
 1e-07 1 1 0
1  447 0 0 2057.4
0

0101000
-1426 0 +1424 0 *
Ed
 1e-07 1 1 0
1  448 0 0 1828.8
0

0101000
-1424 0 +1428 0 *
Wi

0101100
-1427 0 -1425 0 +1423 0 +1422 0 *
Fa
0  1e-07 223 0

0101000
+1421 0 *
Ve
1e-07
2386.584 4114.8 4876.8
0 0

0101101
*
Ve
1e-07
2386.584 4114.8 2819.4
0 0

0101101
*
Ed
 1e-07 1 1 0
1  449 0 0 2057.4
0

0101000
-1419 0 +1418 0 *
Ve
1e-07
2386.584 5943.6 4876.8
0 0

0101101
*
Ed
 1e-07 1 1 0
1  450 0 0 1828.8
0

0101000
-1416 0 +1419 0 *
Ve
1e-07
2386.584 5943.6 2819.4
0 0

0101101
*
Ed
 1e-07 1 1 0
1  451 0 0 2057.4
0

0101000
-1416 0 +1414 0 *
Ed
 1e-07 1 1 0
1  452 0 0 1828.8
0

0101000
-1414 0 +1418 0 *
Wi

0101100
-1417 0 -1415 0 +1413 0 +1412 0 *
Fa
0  1e-07 224 0

0101000
+1411 0 *
Ed
 1e-07 1 1 0
1  453 0 0 100.584
0

0101000
-1418 0 +1428 0 *
Ed
 1e-07 1 1 0
1  454 0 0 100.584
0

0101000
-1419 0 +1429 0 *
Wi

0101100
-1409 0 -1417 0 +1408 0 +1427 0 *
Fa
0  1e-07 225 0

0101000
+1407 0 *
Ed
 1e-07 1 1 0
1  455 0 0 100.584
0

0101000
-1414 0 +1424 0 *
Ed
 1e-07 1 1 0
1  456 0 0 100.584
0

0101000
-1416 0 +1426 0 *
Wi

0101100
-1405 0 -1413 0 +1404 0 +1423 0 *
Fa
0  1e-07 226 0

0101000
+1403 0 *
Wi

0101100
-1422 0 -1405 0 +1412 0 +1409 0 *
Fa
0  1e-07 227 0

0101000
+1401 0 *
Wi

0101100
-1425 0 -1404 0 +1415 0 +1408 0 *
Fa
0  1e-07 228 0

0101000
+1399 0 *
Sh

0101100
-1420 0 +1410 0 -1406 0 +1402 0 -1400 0 +1398 0 *
So

0100000
+1397 0 *
Ve
1e-07
4267.2 4114.8 4876.8
0 0

0101101
*
Ve
1e-07
4267.2 4114.8 2819.4
0 0

0101101
*
Ed
 1e-07 1 1 0
1  457 0 0 2057.4
0

0101000
-1395 0 +1394 0 *
Ve
1e-07
4267.2 5943.6 4876.8
0 0

0101101
*
Ed
 1e-07 1 1 0
1  458 0 0 1828.8
0

0101000
-1392 0 +1395 0 *
Ve
1e-07
4267.2 5943.6 2819.4
0 0

0101101
*
Ed
 1e-07 1 1 0
1  459 0 0 2057.4
0

0101000
-1392 0 +1390 0 *
Ed
 1e-07 1 1 0
1  460 0 0 1828.8
0

0101000
-1390 0 +1394 0 *
Wi

0101100
-1393 0 -1391 0 +1389 0 +1388 0 *
Fa
0  1e-07 229 0

0101000
+1387 0 *
Ve
1e-07
4367.784 4114.8 4876.8
0 0

0101101
*
Ve
1e-07
4367.784 4114.8 2819.4
0 0

0101101
*
Ed
 1e-07 1 1 0
1  461 0 0 2057.4
0

0101000
-1385 0 +1384 0 *
Ve
1e-07
4367.784 5943.6 4876.8
0 0

0101101
*
Ed
 1e-07 1 1 0
1  462 0 0 1828.8
0

0101000
-1382 0 +1385 0 *
Ve
1e-07
4367.784 5943.6 2819.4
0 0

0101101
*
Ed
 1e-07 1 1 0
1  463 0 0 2057.4
0

0101000
-1382 0 +1380 0 *
Ed
 1e-07 1 1 0
1  464 0 0 1828.8
0

0101000
-1380 0 +1384 0 *
Wi

0101100
-1383 0 -1381 0 +1379 0 +1378 0 *
Fa
0  1e-07 230 0

0101000
+1377 0 *
Ed
 1e-07 1 1 0
1  465 0 0 100.584
0

0101000
-1384 0 +1394 0 *
Ed
 1e-07 1 1 0
1  466 0 0 100.584
0

0101000
-1385 0 +1395 0 *
Wi

0101100
-1375 0 -1383 0 +1374 0 +1393 0 *
Fa
0  1e-07 231 0

0101000
+1373 0 *
Ed
 1e-07 1 1 0
1  467 0 0 100.584
0

0101000
-1380 0 +1390 0 *
Ed
 1e-07 1 1 0
1  468 0 0 100.584
0

0101000
-1382 0 +1392 0 *
Wi

0101100
-1371 0 -1379 0 +1370 0 +1389 0 *
Fa
0  1e-07 232 0

0101000
+1369 0 *
Wi

0101100
-1388 0 -1371 0 +1378 0 +1375 0 *
Fa
0  1e-07 233 0

0101000
+1367 0 *
Wi

0101100
-1391 0 -1370 0 +1381 0 +1374 0 *
Fa
0  1e-07 234 0

0101000
+1365 0 *
Sh

0101100
-1386 0 +1376 0 -1372 0 +1368 0 -1366 0 +1364 0 *
So

0100000
+1363 0 *
Ve
1e-07
3962.4 2194.56 4038.6
0 0

0101101
*
Ve
1e-07
3962.4 2194.56 2819.4
0 0

0101101
*
Ed
 1e-07 1 1 0
1  469 0 0 1219.2
0

0101000
-1361 0 +1360 0 *
Ve
1e-07
3962.4 2301.24 4038.6
0 0

0101101
*
Ed
 1e-07 1 1 0
1  470 0 0 106.68
0

0101000
-1358 0 +1361 0 *
Ve
1e-07
3962.4 2301.24 2819.4
0 0

0101101
*
Ed
 1e-07 1 1 0
1  471 0 0 1219.2
0

0101000
-1358 0 +1356 0 *
Ed
 1e-07 1 1 0
1  472 0 0 106.68
0

0101000
-1356 0 +1360 0 *
Wi

0101100
-1359 0 -1357 0 +1355 0 +1354 0 *
Fa
0  1e-07 235 0

0101000
+1353 0 *
Ve
1e-07
5791.2 2194.56 4038.6
0 0

0101101
*
Ve
1e-07
5791.2 2194.56 2819.4
0 0

0101101
*
Ed
 1e-07 1 1 0
1  473 0 0 1219.2
0

0101000
-1351 0 +1350 0 *
Ve
1e-07
5791.2 2301.24 4038.6
0 0

0101101
*
Ed
 1e-07 1 1 0
1  474 0 0 106.68
0

0101000
-1348 0 +1351 0 *
Ve
1e-07
5791.2 2301.24 2819.4
0 0

0101101
*
Ed
 1e-07 1 1 0
1  475 0 0 1219.2
0

0101000
-1348 0 +1346 0 *
Ed
 1e-07 1 1 0
1  476 0 0 106.68
0

0101000
-1346 0 +1350 0 *
Wi

0101100
-1349 0 -1347 0 +1345 0 +1344 0 *
Fa
0  1e-07 236 0

0101000
+1343 0 *
Ed
 1e-07 1 1 0
1  477 0 0 1828.8
0

0101000
-1350 0 +1360 0 *
Ed
 1e-07 1 1 0
1  478 0 0 1828.8
0

0101000
-1351 0 +1361 0 *
Wi

0101100
-1341 0 -1349 0 +1340 0 +1359 0 *
Fa
0  1e-07 237 0

0101000
+1339 0 *
Ed
 1e-07 1 1 0
1  479 0 0 1828.8
0

0101000
-1346 0 +1356 0 *
Ed
 1e-07 1 1 0
1  480 0 0 1828.8
0

0101000
-1348 0 +1358 0 *
Wi

0101100
-1337 0 -1345 0 +1336 0 +1355 0 *
Fa
0  1e-07 238 0

0101000
+1335 0 *
Wi

0101100
-1354 0 -1337 0 +1344 0 +1341 0 *
Fa
0  1e-07 239 0

0101000
+1333 0 *
Wi

0101100
-1357 0 -1336 0 +1347 0 +1340 0 *
Fa
0  1e-07 240 0

0101000
+1331 0 *
Sh

0101100
-1352 0 +1342 0 -1338 0 +1334 0 -1332 0 +1330 0 *
So

0100000
+1329 0 *
Ve
1e-07
152.4 152.4 166.116
0 0

0101101
*
Ve
1e-07
152.4 152.4 158.496
0 0

0101101
*
Ed
 1e-07 1 1 0
1  481 0 0 7.62
0

0101000
-1327 0 +1326 0 *
Ve
1e-07
152.4 3505.2 166.116
0 0

0101101
*
Ed
 1e-07 1 1 0
1  482 0 0 3352.8
0

0101000
-1324 0 +1327 0 *
Ve
1e-07
152.4 3505.2 158.496
0 0

0101101
*
Ed
 1e-07 1 1 0
1  483 0 0 7.62
0

0101000
-1324 0 +1322 0 *
Ed
 1e-07 1 1 0
1  484 0 0 3352.8
0

0101000
-1322 0 +1326 0 *
Wi

0101100
-1325 0 -1323 0 +1321 0 +1320 0 *
Fa
0  1e-07 241 0

0101000
+1319 0 *
Ve
1e-07
7162.8 152.4 166.116
0 0

0101101
*
Ve
1e-07
7162.8 152.4 158.496
0 0

0101101
*
Ed
 1e-07 1 1 0
1  485 0 0 7.62
0

0101000
-1317 0 +1316 0 *
Ve
1e-07
7162.8 3505.2 166.116
0 0

0101101
*
Ed
 1e-07 1 1 0
1  486 0 0 3352.8
0

0101000
-1314 0 +1317 0 *
Ve
1e-07
7162.8 3505.2 158.496
0 0

0101101
*
Ed
 1e-07 1 1 0
1  487 0 0 7.62
0

0101000
-1314 0 +1312 0 *
Ed
 1e-07 1 1 0
1  488 0 0 3352.8
0

0101000
-1312 0 +1316 0 *
Wi

0101100
-1315 0 -1313 0 +1311 0 +1310 0 *
Fa
0  1e-07 242 0

0101000
+1309 0 *
Ed
 1e-07 1 1 0
1  489 0 0 7010.4
0

0101000
-1316 0 +1326 0 *
Ed
 1e-07 1 1 0
1  490 0 0 7010.4
0

0101000
-1317 0 +1327 0 *
Wi

0101100
-1307 0 -1315 0 +1306 0 +1325 0 *
Fa
0  1e-07 243 0

0101000
+1305 0 *
Ed
 1e-07 1 1 0
1  491 0 0 7010.4
0

0101000
-1312 0 +1322 0 *
Ed
 1e-07 1 1 0
1  492 0 0 7010.4
0

0101000
-1314 0 +1324 0 *
Wi

0101100
-1303 0 -1311 0 +1302 0 +1321 0 *
Fa
0  1e-07 244 0

0101000
+1301 0 *
Wi

0101100
-1320 0 -1303 0 +1310 0 +1307 0 *
Fa
0  1e-07 245 0

0101000
+1299 0 *
Wi

0101100
-1323 0 -1302 0 +1313 0 +1306 0 *
Fa
0  1e-07 246 0

0101000
+1297 0 *
Sh

0101100
-1318 0 +1308 0 -1304 0 +1300 0 -1298 0 +1296 0 *
So

0100000
+1295 0 *
Ve
1e-07
152.4 3605.784 166.116
0 0

0101101
*
Ve
1e-07
152.4 3605.784 158.496
0 0

0101101
*
Ed
 1e-07 1 1 0
1  493 0 0 7.62
0

0101000
-1293 0 +1292 0 *
Ve
1e-07
152.4 5943.6 166.116
0 0

0101101
*
Ed
 1e-07 1 1 0
1  494 0 0 2337.816
0

0101000
-1290 0 +1293 0 *
Ve
1e-07
152.4 5943.6 158.496
0 0

0101101
*
Ed
 1e-07 1 1 0
1  495 0 0 7.62
0

0101000
-1290 0 +1288 0 *
Ed
 1e-07 1 1 0
1  496 0 0 2337.816
0

0101000
-1288 0 +1292 0 *
Wi

0101100
-1291 0 -1289 0 +1287 0 +1286 0 *
Fa
0  1e-07 247 0

0101000
+1285 0 *
Ve
1e-07
2286 3605.784 166.116
0 0

0101101
*
Ve
1e-07
2286 3605.784 158.496
0 0

0101101
*
Ed
 1e-07 1 1 0
1  497 0 0 7.62
0

0101000
-1283 0 +1282 0 *
Ve
1e-07
2286 5943.6 166.116
0 0

0101101
*
Ed
 1e-07 1 1 0
1  498 0 0 2337.816
0

0101000
-1280 0 +1283 0 *
Ve
1e-07
2286 5943.6 158.496
0 0

0101101
*
Ed
 1e-07 1 1 0
1  499 0 0 7.62
0

0101000
-1280 0 +1278 0 *
Ed
 1e-07 1 1 0
1  500 0 0 2337.816
0

0101000
-1278 0 +1282 0 *
Wi

0101100
-1281 0 -1279 0 +1277 0 +1276 0 *
Fa
0  1e-07 248 0

0101000
+1275 0 *
Ed
 1e-07 1 1 0
1  501 0 0 2133.6
0

0101000
-1282 0 +1292 0 *
Ed
 1e-07 1 1 0
1  502 0 0 2133.6
0

0101000
-1283 0 +1293 0 *
Wi

0101100
-1273 0 -1281 0 +1272 0 +1291 0 *
Fa
0  1e-07 249 0

0101000
+1271 0 *
Ed
 1e-07 1 1 0
1  503 0 0 2133.6
0

0101000
-1278 0 +1288 0 *
Ed
 1e-07 1 1 0
1  504 0 0 2133.6
0

0101000
-1280 0 +1290 0 *
Wi

0101100
-1269 0 -1277 0 +1268 0 +1287 0 *
Fa
0  1e-07 250 0

0101000
+1267 0 *
Wi

0101100
-1286 0 -1269 0 +1276 0 +1273 0 *
Fa
0  1e-07 251 0

0101000
+1265 0 *
Wi

0101100
-1289 0 -1268 0 +1279 0 +1272 0 *
Fa
0  1e-07 252 0

0101000
+1263 0 *
Sh

0101100
-1284 0 +1274 0 -1270 0 +1266 0 -1264 0 +1262 0 *
So

0100000
+1261 0 *
Ve
1e-07
2386.584 3605.784 166.116
0 0

0101101
*
Ve
1e-07
2386.584 3605.784 158.496
0 0

0101101
*
Ed
 1e-07 1 1 0
1  505 0 0 7.62
0

0101000
-1259 0 +1258 0 *
Ve
1e-07
2386.584 4114.8 166.116
0 0

0101101
*
Ed
 1e-07 1 1 0
1  506 0 0 509.016
0

0101000
-1256 0 +1259 0 *
Ve
1e-07
2386.584 4114.8 158.496
0 0

0101101
*
Ed
 1e-07 1 1 0
1  507 0 0 7.62
0

0101000
-1256 0 +1254 0 *
Ed
 1e-07 1 1 0
1  508 0 0 509.016
0

0101000
-1254 0 +1258 0 *
Wi

0101100
-1257 0 -1255 0 +1253 0 +1252 0 *
Fa
0  1e-07 253 0

0101000
+1251 0 *
Ve
1e-07
4267.2 3605.784 166.116
0 0

0101101
*
Ve
1e-07
4267.2 3605.784 158.496
0 0

0101101
*
Ed
 1e-07 1 1 0
1  509 0 0 7.62
0

0101000
-1249 0 +1248 0 *
Ve
1e-07
4267.2 4114.8 166.116
0 0

0101101
*
Ed
 1e-07 1 1 0
1  510 0 0 509.016
0

0101000
-1246 0 +1249 0 *
Ve
1e-07
4267.2 4114.8 158.496
0 0

0101101
*
Ed
 1e-07 1 1 0
1  511 0 0 7.62
0

0101000
-1246 0 +1244 0 *
Ed
 1e-07 1 1 0
1  512 0 0 509.016
0

0101000
-1244 0 +1248 0 *
Wi

0101100
-1247 0 -1245 0 +1243 0 +1242 0 *
Fa
0  1e-07 254 0

0101000
+1241 0 *
Ed
 1e-07 1 1 0
1  513 0 0 1880.616
0

0101000
-1248 0 +1258 0 *
Ed
 1e-07 1 1 0
1  514 0 0 1880.616
0

0101000
-1249 0 +1259 0 *
Wi

0101100
-1239 0 -1247 0 +1238 0 +1257 0 *
Fa
0  1e-07 255 0

0101000
+1237 0 *
Ed
 1e-07 1 1 0
1  515 0 0 1880.616
0

0101000
-1244 0 +1254 0 *
Ed
 1e-07 1 1 0
1  516 0 0 1880.616
0

0101000
-1246 0 +1256 0 *
Wi

0101100
-1235 0 -1243 0 +1234 0 +1253 0 *
Fa
0  1e-07 256 0

0101000
+1233 0 *
Wi

0101100
-1252 0 -1235 0 +1242 0 +1239 0 *
Fa
0  1e-07 257 0

0101000
+1231 0 *
Wi

0101100
-1255 0 -1234 0 +1245 0 +1238 0 *
Fa
0  1e-07 258 0

0101000
+1229 0 *
Sh

0101100
-1250 0 +1240 0 -1236 0 +1232 0 -1230 0 +1228 0 *
So

0100000
+1227 0 *
Ve
1e-07
2386.584 4215.384 166.116
0 0

0101101
*
Ve
1e-07
2386.584 4215.384 158.496
0 0

0101101
*
Ed
 1e-07 1 1 0
1  517 0 0 7.62
0

0101000
-1225 0 +1224 0 *
Ve
1e-07
2386.584 5943.6 166.116
0 0

0101101
*
Ed
 1e-07 1 1 0
1  518 0 0 1728.216
0

0101000
-1222 0 +1225 0 *
Ve
1e-07
2386.584 5943.6 158.496
0 0

0101101
*
Ed
 1e-07 1 1 0
1  519 0 0 7.62
0

0101000
-1222 0 +1220 0 *
Ed
 1e-07 1 1 0
1  520 0 0 1728.216
0

0101000
-1220 0 +1224 0 *
Wi

0101100
-1223 0 -1221 0 +1219 0 +1218 0 *
Fa
0  1e-07 259 0

0101000
+1217 0 *
Ve
1e-07
4267.2 4215.384 166.116
0 0

0101101
*
Ve
1e-07
4267.2 4215.384 158.496
0 0

0101101
*
Ed
 1e-07 1 1 0
1  521 0 0 7.62
0

0101000
-1215 0 +1214 0 *
Ve
1e-07
4267.2 5943.6 166.116
0 0

0101101
*
Ed
 1e-07 1 1 0
1  522 0 0 1728.216
0

0101000
-1212 0 +1215 0 *
Ve
1e-07
4267.2 5943.6 158.496
0 0

0101101
*
Ed
 1e-07 1 1 0
1  523 0 0 7.62
0

0101000
-1212 0 +1210 0 *
Ed
 1e-07 1 1 0
1  524 0 0 1728.216
0

0101000
-1210 0 +1214 0 *
Wi

0101100
-1213 0 -1211 0 +1209 0 +1208 0 *
Fa
0  1e-07 260 0

0101000
+1207 0 *
Ed
 1e-07 1 1 0
1  525 0 0 1880.616
0

0101000
-1214 0 +1224 0 *
Ed
 1e-07 1 1 0
1  526 0 0 1880.616
0

0101000
-1215 0 +1225 0 *
Wi

0101100
-1205 0 -1213 0 +1204 0 +1223 0 *
Fa
0  1e-07 261 0

0101000
+1203 0 *
Ed
 1e-07 1 1 0
1  527 0 0 1880.616
0

0101000
-1210 0 +1220 0 *
Ed
 1e-07 1 1 0
1  528 0 0 1880.616
0

0101000
-1212 0 +1222 0 *
Wi

0101100
-1201 0 -1209 0 +1200 0 +1219 0 *
Fa
0  1e-07 262 0

0101000
+1199 0 *
Wi

0101100
-1218 0 -1201 0 +1208 0 +1205 0 *
Fa
0  1e-07 263 0

0101000
+1197 0 *
Wi

0101100
-1221 0 -1200 0 +1211 0 +1204 0 *
Fa
0  1e-07 264 0

0101000
+1195 0 *
Sh

0101100
-1216 0 +1206 0 -1202 0 +1198 0 -1196 0 +1194 0 *
So

0100000
+1193 0 *
Ve
1e-07
4367.784 3605.784 166.116
0 0

0101101
*
Ve
1e-07
4367.784 3605.784 158.496
0 0

0101101
*
Ed
 1e-07 1 1 0
1  529 0 0 7.62
0

0101000
-1191 0 +1190 0 *
Ve
1e-07
4367.784 5943.6 166.116
0 0

0101101
*
Ed
 1e-07 1 1 0
1  530 0 0 2337.816
0

0101000
-1188 0 +1191 0 *
Ve
1e-07
4367.784 5943.6 158.496
0 0

0101101
*
Ed
 1e-07 1 1 0
1  531 0 0 7.62
0

0101000
-1188 0 +1186 0 *
Ed
 1e-07 1 1 0
1  532 0 0 2337.816
0

0101000
-1186 0 +1190 0 *
Wi

0101100
-1189 0 -1187 0 +1185 0 +1184 0 *
Fa
0  1e-07 265 0

0101000
+1183 0 *
Ve
1e-07
7162.8 3605.784 166.116
0 0

0101101
*
Ve
1e-07
7162.8 3605.784 158.496
0 0

0101101
*
Ed
 1e-07 1 1 0
1  533 0 0 7.62
0

0101000
-1181 0 +1180 0 *
Ve
1e-07
7162.8 5943.6 166.116
0 0

0101101
*
Ed
 1e-07 1 1 0
1  534 0 0 2337.816
0

0101000
-1178 0 +1181 0 *
Ve
1e-07
7162.8 5943.6 158.496
0 0

0101101
*
Ed
 1e-07 1 1 0
1  535 0 0 7.62
0

0101000
-1178 0 +1176 0 *
Ed
 1e-07 1 1 0
1  536 0 0 2337.816
0

0101000
-1176 0 +1180 0 *
Wi

0101100
-1179 0 -1177 0 +1175 0 +1174 0 *
Fa
0  1e-07 266 0

0101000
+1173 0 *
Ed
 1e-07 1 1 0
1  537 0 0 2795.016
0

0101000
-1180 0 +1190 0 *
Ed
 1e-07 1 1 0
1  538 0 0 2795.016
0

0101000
-1181 0 +1191 0 *
Wi

0101100
-1171 0 -1179 0 +1170 0 +1189 0 *
Fa
0  1e-07 267 0

0101000
+1169 0 *
Ed
 1e-07 1 1 0
1  539 0 0 2795.016
0

0101000
-1176 0 +1186 0 *
Ed
 1e-07 1 1 0
1  540 0 0 2795.016
0

0101000
-1178 0 +1188 0 *
Wi

0101100
-1167 0 -1175 0 +1166 0 +1185 0 *
Fa
0  1e-07 268 0

0101000
+1165 0 *
Wi

0101100
-1184 0 -1167 0 +1174 0 +1171 0 *
Fa
0  1e-07 269 0

0101000
+1163 0 *
Wi

0101100
-1187 0 -1166 0 +1177 0 +1170 0 *
Fa
0  1e-07 270 0

0101000
+1161 0 *
Sh

0101100
-1182 0 +1172 0 -1168 0 +1164 0 -1162 0 +1160 0 *
So

0100000
+1159 0 *
Ve
1e-07
152.4 152.4 2833.116
0 0

0101101
*
Ve
1e-07
152.4 152.4 2825.496
0 0

0101101
*
Ed
 1e-07 1 1 0
1  541 0 0 7.62
0

0101000
-1157 0 +1156 0 *
Ve
1e-07
152.4 3048 2833.116
0 0

0101101
*
Ed
 1e-07 1 1 0
1  542 0 0 2895.6
0

0101000
-1154 0 +1157 0 *
Ve
1e-07
152.4 3048 2825.496
0 0

0101101
*
Ed
 1e-07 1 1 0
1  543 0 0 7.62
0

0101000
-1154 0 +1152 0 *
Ed
 1e-07 1 1 0
1  544 0 0 2895.6
0

0101000
-1152 0 +1156 0 *
Wi

0101100
-1155 0 -1153 0 +1151 0 +1150 0 *
Fa
0  1e-07 271 0

0101000
+1149 0 *
Ve
1e-07
3108.96 152.4 2833.116
0 0

0101101
*
Ve
1e-07
3108.96 152.4 2825.496
0 0

0101101
*
Ed
 1e-07 1 1 0
1  545 0 0 7.62
0

0101000
-1147 0 +1146 0 *
Ve
1e-07
3108.96 3048 2833.116
0 0

0101101
*
Ed
 1e-07 1 1 0
1  546 0 0 2895.6
0

0101000
-1144 0 +1147 0 *
Ve
1e-07
3108.96 3048 2825.496
0 0

0101101
*
Ed
 1e-07 1 1 0
1  547 0 0 7.62
0

0101000
-1144 0 +1142 0 *
Ed
 1e-07 1 1 0
1  548 0 0 2895.6
0

0101000
-1142 0 +1146 0 *
Wi

0101100
-1145 0 -1143 0 +1141 0 +1140 0 *
Fa
0  1e-07 272 0

0101000
+1139 0 *
Ed
 1e-07 1 1 0
1  549 0 0 2956.56
0

0101000
-1146 0 +1156 0 *
Ed
 1e-07 1 1 0
1  550 0 0 2956.56
0

0101000
-1147 0 +1157 0 *
Wi

0101100
-1137 0 -1145 0 +1136 0 +1155 0 *
Fa
0  1e-07 273 0

0101000
+1135 0 *
Ed
 1e-07 1 1 0
1  551 0 0 2956.56
0

0101000
-1142 0 +1152 0 *
Ed
 1e-07 1 1 0
1  552 0 0 2956.56
0

0101000
-1144 0 +1154 0 *
Wi

0101100
-1133 0 -1141 0 +1132 0 +1151 0 *
Fa
0  1e-07 274 0

0101000
+1131 0 *
Wi

0101100
-1150 0 -1133 0 +1140 0 +1137 0 *
Fa
0  1e-07 275 0

0101000
+1129 0 *
Wi

0101100
-1153 0 -1132 0 +1143 0 +1136 0 *
Fa
0  1e-07 276 0

0101000
+1127 0 *
Sh

0101100
-1148 0 +1138 0 -1134 0 +1130 0 -1128 0 +1126 0 *
So

0100000
+1125 0 *
Ve
1e-07
152.4 3148.584 2833.116
0 0

0101101
*
Ve
1e-07
152.4 3148.584 2825.496
0 0

0101101
*
Ed
 1e-07 1 1 0
1  553 0 0 7.62
0

0101000
-1123 0 +1122 0 *
Ve
1e-07
152.4 4114.8 2833.116
0 0

0101101
*
Ed
 1e-07 1 1 0
1  554 0 0 966.216
0

0101000
-1120 0 +1123 0 *
Ve
1e-07
152.4 4114.8 2825.496
0 0

0101101
*
Ed
 1e-07 1 1 0
1  555 0 0 7.62
0

0101000
-1120 0 +1118 0 *
Ed
 1e-07 1 1 0
1  556 0 0 966.216
0

0101000
-1118 0 +1122 0 *
Wi

0101100
-1121 0 -1119 0 +1117 0 +1116 0 *
Fa
0  1e-07 277 0

0101000
+1115 0 *
Ve
1e-07
2286 3148.584 2833.116
0 0

0101101
*
Ve
1e-07
2286 3148.584 2825.496
0 0

0101101
*
Ed
 1e-07 1 1 0
1  557 0 0 7.62
0

0101000
-1113 0 +1112 0 *
Ve
1e-07
2286 4114.8 2833.116
0 0

0101101
*
Ed
 1e-07 1 1 0
1  558 0 0 966.216
0

0101000
-1110 0 +1113 0 *
Ve
1e-07
2286 4114.8 2825.496
0 0

0101101
*
Ed
 1e-07 1 1 0
1  559 0 0 7.62
0

0101000
-1110 0 +1108 0 *
Ed
 1e-07 1 1 0
1  560 0 0 966.216
0

0101000
-1108 0 +1112 0 *
Wi

0101100
-1111 0 -1109 0 +1107 0 +1106 0 *
Fa
0  1e-07 278 0

0101000
+1105 0 *
Ed
 1e-07 1 1 0
1  561 0 0 2133.6
0

0101000
-1112 0 +1122 0 *
Ed
 1e-07 1 1 0
1  562 0 0 2133.6
0

0101000
-1113 0 +1123 0 *
Wi

0101100
-1103 0 -1111 0 +1102 0 +1121 0 *
Fa
0  1e-07 279 0

0101000
+1101 0 *
Ed
 1e-07 1 1 0
1  563 0 0 2133.6
0

0101000
-1108 0 +1118 0 *
Ed
 1e-07 1 1 0
1  564 0 0 2133.6
0

0101000
-1110 0 +1120 0 *
Wi

0101100
-1099 0 -1107 0 +1098 0 +1117 0 *
Fa
0  1e-07 280 0

0101000
+1097 0 *
Wi

0101100
-1116 0 -1099 0 +1106 0 +1103 0 *
Fa
0  1e-07 281 0

0101000
+1095 0 *
Wi

0101100
-1119 0 -1098 0 +1109 0 +1102 0 *
Fa
0  1e-07 282 0

0101000
+1093 0 *
Sh

0101100
-1114 0 +1104 0 -1100 0 +1096 0 -1094 0 +1092 0 *
So

0100000
+1091 0 *
Ve
1e-07
152.4 4215.384 2833.116
0 0

0101101
*
Ve
1e-07
152.4 4215.384 2825.496
0 0

0101101
*
Ed
 1e-07 1 1 0
1  565 0 0 7.62
0

0101000
-1089 0 +1088 0 *
Ve
1e-07
152.4 5943.6 2833.116
0 0

0101101
*
Ed
 1e-07 1 1 0
1  566 0 0 1728.216
0

0101000
-1086 0 +1089 0 *
Ve
1e-07
152.4 5943.6 2825.496
0 0

0101101
*
Ed
 1e-07 1 1 0
1  567 0 0 7.62
0

0101000
-1086 0 +1084 0 *
Ed
 1e-07 1 1 0
1  568 0 0 1728.216
0

0101000
-1084 0 +1088 0 *
Wi

0101100
-1087 0 -1085 0 +1083 0 +1082 0 *
Fa
0  1e-07 283 0

0101000
+1081 0 *
Ve
1e-07
2286 4215.384 2833.116
0 0

0101101
*
Ve
1e-07
2286 4215.384 2825.496
0 0

0101101
*
Ed
 1e-07 1 1 0
1  569 0 0 7.62
0

0101000
-1079 0 +1078 0 *
Ve
1e-07
2286 5943.6 2833.116
0 0

0101101
*
Ed
 1e-07 1 1 0
1  570 0 0 1728.216
0

0101000
-1076 0 +1079 0 *
Ve
1e-07
2286 5943.6 2825.496
0 0

0101101
*
Ed
 1e-07 1 1 0
1  571 0 0 7.62
0

0101000
-1076 0 +1074 0 *
Ed
 1e-07 1 1 0
1  572 0 0 1728.216
0

0101000
-1074 0 +1078 0 *
Wi

0101100
-1077 0 -1075 0 +1073 0 +1072 0 *
Fa
0  1e-07 284 0

0101000
+1071 0 *
Ed
 1e-07 1 1 0
1  573 0 0 2133.6
0

0101000
-1078 0 +1088 0 *
Ed
 1e-07 1 1 0
1  574 0 0 2133.6
0

0101000
-1079 0 +1089 0 *
Wi

0101100
-1069 0 -1077 0 +1068 0 +1087 0 *
Fa
0  1e-07 285 0

0101000
+1067 0 *
Ed
 1e-07 1 1 0
1  575 0 0 2133.6
0

0101000
-1074 0 +1084 0 *
Ed
 1e-07 1 1 0
1  576 0 0 2133.6
0

0101000
-1076 0 +1086 0 *
Wi

0101100
-1065 0 -1073 0 +1064 0 +1083 0 *
Fa
0  1e-07 286 0

0101000
+1063 0 *
Wi

0101100
-1082 0 -1065 0 +1072 0 +1069 0 *
Fa
0  1e-07 287 0

0101000
+1061 0 *
Wi

0101100
-1085 0 -1064 0 +1075 0 +1068 0 *
Fa
0  1e-07 288 0

0101000
+1059 0 *
Sh

0101100
-1080 0 +1070 0 -1066 0 +1062 0 -1060 0 +1058 0 *
So

0100000
+1057 0 *
Ve
1e-07
2386.584 4215.384 2833.116
0 0

0101101
*
Ve
1e-07
2386.584 4215.384 2825.496
0 0

0101101
*
Ed
 1e-07 1 1 0
1  577 0 0 7.62
0

0101000
-1055 0 +1054 0 *
Ve
1e-07
2386.584 5943.6 2833.116
0 0

0101101
*
Ed
 1e-07 1 1 0
1  578 0 0 1728.216
0

0101000
-1052 0 +1055 0 *
Ve
1e-07
2386.584 5943.6 2825.496
0 0

0101101
*
Ed
 1e-07 1 1 0
1  579 0 0 7.62
0

0101000
-1052 0 +1050 0 *
Ed
 1e-07 1 1 0
1  580 0 0 1728.216
0

0101000
-1050 0 +1054 0 *
Wi

0101100
-1053 0 -1051 0 +1049 0 +1048 0 *
Fa
0  1e-07 289 0

0101000
+1047 0 *
Ve
1e-07
4267.2 4215.384 2833.116
0 0

0101101
*
Ve
1e-07
4267.2 4215.384 2825.496
0 0

0101101
*
Ed
 1e-07 1 1 0
1  581 0 0 7.62
0

0101000
-1045 0 +1044 0 *
Ve
1e-07
4267.2 5943.6 2833.116
0 0

0101101
*
Ed
 1e-07 1 1 0
1  582 0 0 1728.216
0

0101000
-1042 0 +1045 0 *
Ve
1e-07
4267.2 5943.6 2825.496
0 0

0101101
*
Ed
 1e-07 1 1 0
1  583 0 0 7.62
0

0101000
-1042 0 +1040 0 *
Ed
 1e-07 1 1 0
1  584 0 0 1728.216
0

0101000
-1040 0 +1044 0 *
Wi

0101100
-1043 0 -1041 0 +1039 0 +1038 0 *
Fa
0  1e-07 290 0

0101000
+1037 0 *
Ed
 1e-07 1 1 0
1  585 0 0 1880.616
0

0101000
-1044 0 +1054 0 *
Ed
 1e-07 1 1 0
1  586 0 0 1880.616
0

0101000
-1045 0 +1055 0 *
Wi

0101100
-1035 0 -1043 0 +1034 0 +1053 0 *
Fa
0  1e-07 291 0

0101000
+1033 0 *
Ed
 1e-07 1 1 0
1  587 0 0 1880.616
0

0101000
-1040 0 +1050 0 *
Ed
 1e-07 1 1 0
1  588 0 0 1880.616
0

0101000
-1042 0 +1052 0 *
Wi

0101100
-1031 0 -1039 0 +1030 0 +1049 0 *
Fa
0  1e-07 292 0

0101000
+1029 0 *
Wi

0101100
-1048 0 -1031 0 +1038 0 +1035 0 *
Fa
0  1e-07 293 0

0101000
+1027 0 *
Wi

0101100
-1051 0 -1030 0 +1041 0 +1034 0 *
Fa
0  1e-07 294 0

0101000
+1025 0 *
Sh

0101100
-1046 0 +1036 0 -1032 0 +1028 0 -1026 0 +1024 0 *
So

0100000
+1023 0 *
Ve
1e-07
3209.544 152.4 2833.116
0 0

0101101
*
Ve
1e-07
3209.544 152.4 2825.496
0 0

0101101
*
Ed
 1e-07 1 1 0
1  589 0 0 7.62
0

0101000
-1021 0 +1020 0 *
Ve
1e-07
3209.544 5943.6 2833.116
0 0

0101101
*
Ed
 1e-07 1 1 0
1  590 0 0 5791.2
0

0101000
-1018 0 +1021 0 *
Ve
1e-07
3209.544 5943.6 2825.496
0 0

0101101
*
Ed
 1e-07 1 1 0
1  591 0 0 7.62
0

0101000
-1018 0 +1016 0 *
Ed
 1e-07 1 1 0
1  592 0 0 5791.2
0

0101000
-1016 0 +1020 0 *
Wi

0101100
-1019 0 -1017 0 +1015 0 +1014 0 *
Fa
0  1e-07 295 0

0101000
+1013 0 *
Ve
1e-07
7162.8 152.4 2833.116
0 0

0101101
*
Ve
1e-07
7162.8 152.4 2825.496
0 0

0101101
*
Ed
 1e-07 1 1 0
1  593 0 0 7.62
0

0101000
-1011 0 +1010 0 *
Ve
1e-07
7162.8 5943.6 2833.116
0 0

0101101
*
Ed
 1e-07 1 1 0
1  594 0 0 5791.2
0

0101000
-1008 0 +1011 0 *
Ve
1e-07
7162.8 5943.6 2825.496
0 0

0101101
*
Ed
 1e-07 1 1 0
1  595 0 0 7.62
0

0101000
-1008 0 +1006 0 *
Ed
 1e-07 1 1 0
1  596 0 0 5791.2
0

0101000
-1006 0 +1010 0 *
Wi

0101100
-1009 0 -1007 0 +1005 0 +1004 0 *
Fa
0  1e-07 296 0

0101000
+1003 0 *
Ed
 1e-07 1 1 0
1  597 0 0 3953.256
0

0101000
-1010 0 +1020 0 *
Ed
 1e-07 1 1 0
1  598 0 0 3953.256
0

0101000
-1011 0 +1021 0 *
Wi

0101100
-1001 0 -1009 0 +1000 0 +1019 0 *
Fa
0  1e-07 297 0

0101000
+999 0 *
Ed
 1e-07 1 1 0
1  599 0 0 3953.256
0

0101000
-1006 0 +1016 0 *
Ed
 1e-07 1 1 0
1  600 0 0 3953.256
0

0101000
-1008 0 +1018 0 *
Wi

0101100
-997 0 -1005 0 +996 0 +1015 0 *
Fa
0  1e-07 298 0

0101000
+995 0 *
Wi

0101100
-1014 0 -997 0 +1004 0 +1001 0 *
Fa
0  1e-07 299 0

0101000
+993 0 *
Wi

0101100
-1017 0 -996 0 +1007 0 +1000 0 *
Fa
0  1e-07 300 0

0101000
+991 0 *
Sh

0101100
-1012 0 +1002 0 -998 0 +994 0 -992 0 +990 0 *
So

0100000
+989 0 *
Ve
1e-07
7229.856 396.24 2438.4
0 0

0101101
*
Ve
1e-07
7229.856 396.24 152.4
0 0

0101101
*
Ed
 1e-07 1 1 0
1  601 0 0 2286
0

0101000
-987 0 +986 0 *
Ve
1e-07
7229.856 3352.8 2438.4
0 0

0101101
*
Ed
 1e-07 1 1 0
1  602 0 0 2956.56
0

0101000
-984 0 +987 0 *
Ve
1e-07
7229.856 3352.8 152.4
0 0

0101101
*
Ed
 1e-07 1 1 0
1  603 0 0 2286
0

0101000
-984 0 +982 0 *
Ed
 1e-07 1 1 0
1  604 0 0 2956.56
0

0101000
-982 0 +986 0 *
Wi

0101100
-985 0 -983 0 +981 0 +980 0 *
Fa
0  1e-07 301 0

0101000
+979 0 *
Ve
1e-07
7248.144 396.24 2438.4
0 0

0101101
*
Ve
1e-07
7248.144 396.24 152.4
0 0

0101101
*
Ed
 1e-07 1 1 0
1  605 0 0 2286
0

0101000
-977 0 +976 0 *
Ve
1e-07
7248.144 3352.8 2438.4
0 0

0101101
*
Ed
 1e-07 1 1 0
1  606 0 0 2956.56
0

0101000
-974 0 +977 0 *
Ve
1e-07
7248.144 3352.8 152.4
0 0

0101101
*
Ed
 1e-07 1 1 0
1  607 0 0 2286
0

0101000
-974 0 +972 0 *
Ed
 1e-07 1 1 0
1  608 0 0 2956.56
0

0101000
-972 0 +976 0 *
Wi

0101100
-975 0 -973 0 +971 0 +970 0 *
Fa
0  1e-07 302 0

0101000
+969 0 *
Ed
 1e-07 1 1 0
1  609 0 0 18.288
0

0101000
-976 0 +986 0 *
Ed
 1e-07 1 1 0
1  610 0 0 18.288
0

0101000
-977 0 +987 0 *
Wi

0101100
-967 0 -975 0 +966 0 +985 0 *
Fa
0  1e-07 303 0

0101000
+965 0 *
Ed
 1e-07 1 1 0
1  611 0 0 18.288
0

0101000
-972 0 +982 0 *
Ed
 1e-07 1 1 0
1  612 0 0 18.288
0

0101000
-974 0 +984 0 *
Wi

0101100
-963 0 -971 0 +962 0 +981 0 *
Fa
0  1e-07 304 0

0101000
+961 0 *
Wi

0101100
-980 0 -963 0 +970 0 +967 0 *
Fa
0  1e-07 305 0

0101000
+959 0 *
Wi

0101100
-983 0 -962 0 +973 0 +966 0 *
Fa
0  1e-07 306 0

0101000
+957 0 *
Sh

0101100
-978 0 +968 0 -964 0 +960 0 -958 0 +956 0 *
So

0100000
+955 0 *
Ve
1e-07
7229.856 1219.2 2133.6
0 0

0101101
*
Ve
1e-07
7229.856 1219.2 1066.8
0 0

0101101
*
Ed
 1e-07 1 1 0
1  613 0 0 1066.8
0

0101000
-953 0 +952 0 *
Ve
1e-07
7229.856 2133.6 2133.6
0 0

0101101
*
Ed
 1e-07 1 1 0
1  614 0 0 914.4
0

0101000
-950 0 +953 0 *
Ve
1e-07
7229.856 2133.6 1066.8
0 0

0101101
*
Ed
 1e-07 1 1 0
1  615 0 0 1066.8
0

0101000
-950 0 +948 0 *
Ed
 1e-07 1 1 0
1  616 0 0 914.4
0

0101000
-948 0 +952 0 *
Wi

0101100
-951 0 -949 0 +947 0 +946 0 *
Fa
0  1e-07 307 0

0101000
+945 0 *
Ve
1e-07
7248.144 1219.2 2133.6
0 0

0101101
*
Ve
1e-07
7248.144 1219.2 1066.8
0 0

0101101
*
Ed
 1e-07 1 1 0
1  617 0 0 1066.8
0

0101000
-943 0 +942 0 *
Ve
1e-07
7248.144 2133.6 2133.6
0 0

0101101
*
Ed
 1e-07 1 1 0
1  618 0 0 914.4
0

0101000
-940 0 +943 0 *
Ve
1e-07
7248.144 2133.6 1066.8
0 0

0101101
*
Ed
 1e-07 1 1 0
1  619 0 0 1066.8
0

0101000
-940 0 +938 0 *
Ed
 1e-07 1 1 0
1  620 0 0 914.4
0

0101000
-938 0 +942 0 *
Wi

0101100
-941 0 -939 0 +937 0 +936 0 *
Fa
0  1e-07 308 0

0101000
+935 0 *
Ed
 1e-07 1 1 0
1  621 0 0 18.288
0

0101000
-942 0 +952 0 *
Ed
 1e-07 1 1 0
1  622 0 0 18.288
0

0101000
-943 0 +953 0 *
Wi

0101100
-933 0 -941 0 +932 0 +951 0 *
Fa
0  1e-07 309 0

0101000
+931 0 *
Ed
 1e-07 1 1 0
1  623 0 0 18.288
0

0101000
-938 0 +948 0 *
Ed
 1e-07 1 1 0
1  624 0 0 18.288
0

0101000
-940 0 +950 0 *
Wi

0101100
-929 0 -937 0 +928 0 +947 0 *
Fa
0  1e-07 310 0

0101000
+927 0 *
Wi

0101100
-946 0 -929 0 +936 0 +933 0 *
Fa
0  1e-07 311 0

0101000
+925 0 *
Wi

0101100
-949 0 -928 0 +939 0 +932 0 *
Fa
0  1e-07 312 0

0101000
+923 0 *
Sh

0101100
-944 0 +934 0 -930 0 +926 0 -924 0 +922 0 *
So

0100000
+921 0 *
Ve
1e-07
7229.856 3749.04 2184.5016
0 0

0101101
*
Ve
1e-07
7229.856 3749.04 152.4
0 0

0101101
*
Ed
 1e-07 1 1 0
1  625 0 0 2032.1016
0

0101000
-919 0 +918 0 *
Ve
1e-07
7229.856 5577.84 2184.5016
0 0

0101101
*
Ed
 1e-07 1 1 0
1  626 0 0 1828.8
0

0101000
-916 0 +919 0 *
Ve
1e-07
7229.856 5577.84 152.4
0 0

0101101
*
Ed
 1e-07 1 1 0
1  627 0 0 2032.1016
0

0101000
-916 0 +914 0 *
Ed
 1e-07 1 1 0
1  628 0 0 1828.8
0

0101000
-914 0 +918 0 *
Wi

0101100
-917 0 -915 0 +913 0 +912 0 *
Fa
0  1e-07 313 0

0101000
+911 0 *
Ve
1e-07
7248.144 3749.04 2184.5016
0 0

0101101
*
Ve
1e-07
7248.144 3749.04 152.4
0 0

0101101
*
Ed
 1e-07 1 1 0
1  629 0 0 2032.1016
0

0101000
-909 0 +908 0 *
Ve
1e-07
7248.144 5577.84 2184.5016
0 0

0101101
*
Ed
 1e-07 1 1 0
1  630 0 0 1828.8
0

0101000
-906 0 +909 0 *
Ve
1e-07
7248.144 5577.84 152.4
0 0

0101101
*
Ed
 1e-07 1 1 0
1  631 0 0 2032.1016
0

0101000
-906 0 +904 0 *
Ed
 1e-07 1 1 0
1  632 0 0 1828.8
0

0101000
-904 0 +908 0 *
Wi

0101100
-907 0 -905 0 +903 0 +902 0 *
Fa
0  1e-07 314 0

0101000
+901 0 *
Ed
 1e-07 1 1 0
1  633 0 0 18.288
0

0101000
-908 0 +918 0 *
Ed
 1e-07 1 1 0
1  634 0 0 18.288
0

0101000
-909 0 +919 0 *
Wi

0101100
-899 0 -907 0 +898 0 +917 0 *
Fa
0  1e-07 315 0

0101000
+897 0 *
Ed
 1e-07 1 1 0
1  635 0 0 18.288
0

0101000
-904 0 +914 0 *
Ed
 1e-07 1 1 0
1  636 0 0 18.288
0

0101000
-906 0 +916 0 *
Wi

0101100
-895 0 -903 0 +894 0 +913 0 *
Fa
0  1e-07 316 0

0101000
+893 0 *
Wi

0101100
-912 0 -895 0 +902 0 +899 0 *
Fa
0  1e-07 317 0

0101000
+891 0 *
Wi

0101100
-915 0 -894 0 +905 0 +898 0 *
Fa
0  1e-07 318 0

0101000
+889 0 *
Sh

0101100
-910 0 +900 0 -896 0 +892 0 -890 0 +888 0 *
So

0100000
+887 0 *
Ve
1e-07
3505.2 67.056 4851.5016
0 0

0101101
*
Ve
1e-07
3505.2 67.056 2819.4
0 0

0101101
*
Ed
 1e-07 1 1 0
1  637 0 0 2032.1016
0

0101000
-885 0 +884 0 *
Ve
1e-07
3505.2 85.344 4851.5016
0 0

0101101
*
Ed
 1e-07 1 1 0
1  638 0 0 18.288
0

0101000
-882 0 +885 0 *
Ve
1e-07
3505.2 85.344 2819.4
0 0

0101101
*
Ed
 1e-07 1 1 0
1  639 0 0 2032.1016
0

0101000
-882 0 +880 0 *
Ed
 1e-07 1 1 0
1  640 0 0 18.288
0

0101000
-880 0 +884 0 *
Wi

0101100
-883 0 -881 0 +879 0 +878 0 *
Fa
0  1e-07 319 0

0101000
+877 0 *
Ve
1e-07
4419.6 67.056 4851.5016
0 0

0101101
*
Ve
1e-07
4419.6 67.056 2819.4
0 0

0101101
*
Ed
 1e-07 1 1 0
1  641 0 0 2032.1016
0

0101000
-875 0 +874 0 *
Ve
1e-07
4419.6 85.344 4851.5016
0 0

0101101
*
Ed
 1e-07 1 1 0
1  642 0 0 18.288
0

0101000
-872 0 +875 0 *
Ve
1e-07
4419.6 85.344 2819.4
0 0

0101101
*
Ed
 1e-07 1 1 0
1  643 0 0 2032.1016
0

0101000
-872 0 +870 0 *
Ed
 1e-07 1 1 0
1  644 0 0 18.288
0

0101000
-870 0 +874 0 *
Wi

0101100
-873 0 -871 0 +869 0 +868 0 *
Fa
0  1e-07 320 0

0101000
+867 0 *
Ed
 1e-07 1 1 0
1  645 0 0 914.4
0

0101000
-874 0 +884 0 *
Ed
 1e-07 1 1 0
1  646 0 0 914.4
0

0101000
-875 0 +885 0 *
Wi

0101100
-865 0 -873 0 +864 0 +883 0 *
Fa
0  1e-07 321 0

0101000
+863 0 *
Ed
 1e-07 1 1 0
1  647 0 0 914.4
0

0101000
-870 0 +880 0 *
Ed
 1e-07 1 1 0
1  648 0 0 914.4
0

0101000
-872 0 +882 0 *
Wi

0101100
-861 0 -869 0 +860 0 +879 0 *
Fa
0  1e-07 322 0

0101000
+859 0 *
Wi

0101100
-878 0 -861 0 +868 0 +865 0 *
Fa
0  1e-07 323 0

0101000
+857 0 *
Wi

0101100
-881 0 -860 0 +871 0 +864 0 *
Fa
0  1e-07 324 0

0101000
+855 0 *
Sh

0101100
-876 0 +866 0 -862 0 +858 0 -856 0 +854 0 *
So

0100000
+853 0 *
Ve
1e-07
4876.8 67.056 4587.24
0 0

0101101
*
Ve
1e-07
4876.8 67.056 3520.44
0 0

0101101
*
Ed
 1e-07 1 1 0
1  649 0 0 1066.8
0

0101000
-851 0 +850 0 *
Ve
1e-07
4876.8 85.344 4587.24
0 0

0101101
*
Ed
 1e-07 1 1 0
1  650 0 0 18.288
0

0101000
-848 0 +851 0 *
Ve
1e-07
4876.8 85.344 3520.44
0 0

0101101
*
Ed
 1e-07 1 1 0
1  651 0 0 1066.8
0

0101000
-848 0 +846 0 *
Ed
 1e-07 1 1 0
1  652 0 0 18.288
0

0101000
-846 0 +850 0 *
Wi

0101100
-849 0 -847 0 +845 0 +844 0 *
Fa
0  1e-07 325 0

0101000
+843 0 *
Ve
1e-07
6400.8 67.056 4587.24
0 0

0101101
*
Ve
1e-07
6400.8 67.056 3520.44
0 0

0101101
*
Ed
 1e-07 1 1 0
1  653 0 0 1066.8
0

0101000
-841 0 +840 0 *
Ve
1e-07
6400.8 85.344 4587.24
0 0

0101101
*
Ed
 1e-07 1 1 0
1  654 0 0 18.288
0

0101000
-838 0 +841 0 *
Ve
1e-07
6400.8 85.344 3520.44
0 0

0101101
*
Ed
 1e-07 1 1 0
1  655 0 0 1066.8
0

0101000
-838 0 +836 0 *
Ed
 1e-07 1 1 0
1  656 0 0 18.288
0

0101000
-836 0 +840 0 *
Wi

0101100
-839 0 -837 0 +835 0 +834 0 *
Fa
0  1e-07 326 0

0101000
+833 0 *
Ed
 1e-07 1 1 0
1  657 0 0 1524
0

0101000
-840 0 +850 0 *
Ed
 1e-07 1 1 0
1  658 0 0 1524
0

0101000
-841 0 +851 0 *
Wi

0101100
-831 0 -839 0 +830 0 +849 0 *
Fa
0  1e-07 327 0

0101000
+829 0 *
Ed
 1e-07 1 1 0
1  659 0 0 1524
0

0101000
-836 0 +846 0 *
Ed
 1e-07 1 1 0
1  660 0 0 1524
0

0101000
-838 0 +848 0 *
Wi

0101100
-827 0 -835 0 +826 0 +845 0 *
Fa
0  1e-07 328 0

0101000
+825 0 *
Wi

0101100
-844 0 -827 0 +834 0 +831 0 *
Fa
0  1e-07 329 0

0101000
+823 0 *
Wi

0101100
-847 0 -826 0 +837 0 +830 0 *
Fa
0  1e-07 330 0

0101000
+821 0 *
Sh

0101100
-842 0 +832 0 -828 0 +824 0 -822 0 +820 0 *
So

0100000
+819 0 *
Ve
1e-07
67.056 914.4 4587.24
0 0

0101101
*
Ve
1e-07
67.056 914.4 3520.44
0 0

0101101
*
Ed
 1e-07 1 1 0
1  661 0 0 1066.8
0

0101000
-817 0 +816 0 *
Ve
1e-07
67.056 1981.2 4587.24
0 0

0101101
*
Ed
 1e-07 1 1 0
1  662 0 0 1066.8
0

0101000
-814 0 +817 0 *
Ve
1e-07
67.056 1981.2 3520.44
0 0

0101101
*
Ed
 1e-07 1 1 0
1  663 0 0 1066.8
0

0101000
-814 0 +812 0 *
Ed
 1e-07 1 1 0
1  664 0 0 1066.8
0

0101000
-812 0 +816 0 *
Wi

0101100
-815 0 -813 0 +811 0 +810 0 *
Fa
0  1e-07 331 0

0101000
+809 0 *
Ve
1e-07
85.344 914.4 4587.24
0 0

0101101
*
Ve
1e-07
85.344 914.4 3520.44
0 0

0101101
*
Ed
 1e-07 1 1 0
1  665 0 0 1066.8
0

0101000
-807 0 +806 0 *
Ve
1e-07
85.344 1981.2 4587.24
0 0

0101101
*
Ed
 1e-07 1 1 0
1  666 0 0 1066.8
0

0101000
-804 0 +807 0 *
Ve
1e-07
85.344 1981.2 3520.44
0 0

0101101
*
Ed
 1e-07 1 1 0
1  667 0 0 1066.8
0

0101000
-804 0 +802 0 *
Ed
 1e-07 1 1 0
1  668 0 0 1066.8
0

0101000
-802 0 +806 0 *
Wi

0101100
-805 0 -803 0 +801 0 +800 0 *
Fa
0  1e-07 332 0

0101000
+799 0 *
Ed
 1e-07 1 1 0
1  669 0 0 18.288
0

0101000
-806 0 +816 0 *
Ed
 1e-07 1 1 0
1  670 0 0 18.288
0

0101000
-807 0 +817 0 *
Wi

0101100
-797 0 -805 0 +796 0 +815 0 *
Fa
0  1e-07 333 0

0101000
+795 0 *
Ed
 1e-07 1 1 0
1  671 0 0 18.288
0

0101000
-802 0 +812 0 *
Ed
 1e-07 1 1 0
1  672 0 0 18.288
0

0101000
-804 0 +814 0 *
Wi

0101100
-793 0 -801 0 +792 0 +811 0 *
Fa
0  1e-07 334 0

0101000
+791 0 *
Wi

0101100
-810 0 -793 0 +800 0 +797 0 *
Fa
0  1e-07 335 0

0101000
+789 0 *
Wi

0101100
-813 0 -792 0 +803 0 +796 0 *
Fa
0  1e-07 336 0

0101000
+787 0 *
Sh

0101100
-808 0 +798 0 -794 0 +790 0 -788 0 +786 0 *
So

0100000
+785 0 *
Ve
1e-07
7229.856 457.2 4851.5016
0 0

0101101
*
Ve
1e-07
7229.856 457.2 2819.4
0 0

0101101
*
Ed
 1e-07 1 1 0
1  673 0 0 2032.1016
0

0101000
-783 0 +782 0 *
Ve
1e-07
7229.856 2286 4851.5016
0 0

0101101
*
Ed
 1e-07 1 1 0
1  674 0 0 1828.8
0

0101000
-780 0 +783 0 *
Ve
1e-07
7229.856 2286 2819.4
0 0

0101101
*
Ed
 1e-07 1 1 0
1  675 0 0 2032.1016
0

0101000
-780 0 +778 0 *
Ed
 1e-07 1 1 0
1  676 0 0 1828.8
0

0101000
-778 0 +782 0 *
Wi

0101100
-781 0 -779 0 +777 0 +776 0 *
Fa
0  1e-07 337 0

0101000
+775 0 *
Ve
1e-07
7248.144 457.2 4851.5016
0 0

0101101
*
Ve
1e-07
7248.144 457.2 2819.4
0 0

0101101
*
Ed
 1e-07 1 1 0
1  677 0 0 2032.1016
0

0101000
-773 0 +772 0 *
Ve
1e-07
7248.144 2286 4851.5016
0 0

0101101
*
Ed
 1e-07 1 1 0
1  678 0 0 1828.8
0

0101000
-770 0 +773 0 *
Ve
1e-07
7248.144 2286 2819.4
0 0

0101101
*
Ed
 1e-07 1 1 0
1  679 0 0 2032.1016
0

0101000
-770 0 +768 0 *
Ed
 1e-07 1 1 0
1  680 0 0 1828.8
0

0101000
-768 0 +772 0 *
Wi

0101100
-771 0 -769 0 +767 0 +766 0 *
Fa
0  1e-07 338 0

0101000
+765 0 *
Ed
 1e-07 1 1 0
1  681 0 0 18.288
0

0101000
-772 0 +782 0 *
Ed
 1e-07 1 1 0
1  682 0 0 18.288
0

0101000
-773 0 +783 0 *
Wi

0101100
-763 0 -771 0 +762 0 +781 0 *
Fa
0  1e-07 339 0

0101000
+761 0 *
Ed
 1e-07 1 1 0
1  683 0 0 18.288
0

0101000
-768 0 +778 0 *
Ed
 1e-07 1 1 0
1  684 0 0 18.288
0

0101000
-770 0 +780 0 *
Wi

0101100
-759 0 -767 0 +758 0 +777 0 *
Fa
0  1e-07 340 0

0101000
+757 0 *
Wi

0101100
-776 0 -759 0 +766 0 +763 0 *
Fa
0  1e-07 341 0

0101000
+755 0 *
Wi

0101100
-779 0 -758 0 +769 0 +762 0 *
Fa
0  1e-07 342 0

0101000
+753 0 *
Sh

0101100
-774 0 +764 0 -760 0 +756 0 -754 0 +752 0 *
So

0100000
+751 0 *
Ve
1e-07
7229.856 4572 4587.24
0 0

0101101
*
Ve
1e-07
7229.856 4572 3520.44
0 0

0101101
*
Ed
 1e-07 1 1 0
1  685 0 0 1066.8
0

0101000
-749 0 +748 0 *
Ve
1e-07
7229.856 5638.8 4587.24
0 0

0101101
*
Ed
 1e-07 1 1 0
1  686 0 0 1066.8
0

0101000
-746 0 +749 0 *
Ve
1e-07
7229.856 5638.8 3520.44
0 0

0101101
*
Ed
 1e-07 1 1 0
1  687 0 0 1066.8
0

0101000
-746 0 +744 0 *
Ed
 1e-07 1 1 0
1  688 0 0 1066.8
0

0101000
-744 0 +748 0 *
Wi

0101100
-747 0 -745 0 +743 0 +742 0 *
Fa
0  1e-07 343 0

0101000
+741 0 *
Ve
1e-07
7248.144 4572 4587.24
0 0

0101101
*
Ve
1e-07
7248.144 4572 3520.44
0 0

0101101
*
Ed
 1e-07 1 1 0
1  689 0 0 1066.8
0

0101000
-739 0 +738 0 *
Ve
1e-07
7248.144 5638.8 4587.24
0 0

0101101
*
Ed
 1e-07 1 1 0
1  690 0 0 1066.8
0

0101000
-736 0 +739 0 *
Ve
1e-07
7248.144 5638.8 3520.44
0 0

0101101
*
Ed
 1e-07 1 1 0
1  691 0 0 1066.8
0

0101000
-736 0 +734 0 *
Ed
 1e-07 1 1 0
1  692 0 0 1066.8
0

0101000
-734 0 +738 0 *
Wi

0101100
-737 0 -735 0 +733 0 +732 0 *
Fa
0  1e-07 344 0

0101000
+731 0 *
Ed
 1e-07 1 1 0
1  693 0 0 18.288
0

0101000
-738 0 +748 0 *
Ed
 1e-07 1 1 0
1  694 0 0 18.288
0

0101000
-739 0 +749 0 *
Wi

0101100
-729 0 -737 0 +728 0 +747 0 *
Fa
0  1e-07 345 0

0101000
+727 0 *
Ed
 1e-07 1 1 0
1  695 0 0 18.288
0

0101000
-734 0 +744 0 *
Ed
 1e-07 1 1 0
1  696 0 0 18.288
0

0101000
-736 0 +746 0 *
Wi

0101100
-725 0 -733 0 +724 0 +743 0 *
Fa
0  1e-07 346 0

0101000
+723 0 *
Wi

0101100
-742 0 -725 0 +732 0 +729 0 *
Fa
0  1e-07 347 0

0101000
+721 0 *
Wi

0101100
-745 0 -724 0 +735 0 +728 0 *
Fa
0  1e-07 348 0

0101000
+719 0 *
Sh

0101100
-740 0 +730 0 -726 0 +722 0 -720 0 +718 0 *
So

0100000
+717 0 *
Ve
1e-07
3505.2 -1219.2 76.2
0 0

0101101
*
Ve
1e-07
3505.2 -1219.2 0
0 0

0101101
*
Ed
 1e-07 1 1 0
1  697 0 0 76.2
0

0101000
-715 0 +714 0 *
Ve
1e-07
3505.2 0 76.2
0 0

0101101
*
Ed
 1e-07 1 1 0
1  698 0 0 1219.2
0

0101000
-712 0 +715 0 *
Ve
1e-07
3505.2 0 0
0 0

0101101
*
Ed
 1e-07 1 1 0
1  699 0 0 76.2
0

0101000
-712 0 +710 0 *
Ed
 1e-07 1 1 0
1  700 0 0 1219.2
0

0101000
-710 0 +714 0 *
Wi

0101100
-713 0 -711 0 +709 0 +708 0 *
Fa
0  1e-07 349 0

0101000
+707 0 *
Ve
1e-07
8534.4 -1219.2 76.2
0 0

0101101
*
Ve
1e-07
8534.4 -1219.2 0
0 0

0101101
*
Ed
 1e-07 1 1 0
1  701 0 0 76.2
0

0101000
-705 0 +704 0 *
Ve
1e-07
8534.4 0 76.2
0 0

0101101
*
Ed
 1e-07 1 1 0
1  702 0 0 1219.2
0

0101000
-702 0 +705 0 *
Ve
1e-07
8534.4 0 0
0 0

0101101
*
Ed
 1e-07 1 1 0
1  703 0 0 76.2
0

0101000
-702 0 +700 0 *
Ed
 1e-07 1 1 0
1  704 0 0 1219.2
0

0101000
-700 0 +704 0 *
Wi

0101100
-703 0 -701 0 +699 0 +698 0 *
Fa
0  1e-07 350 0

0101000
+697 0 *
Ed
 1e-07 1 1 0
1  705 0 0 5029.2
0

0101000
-704 0 +714 0 *
Ed
 1e-07 1 1 0
1  706 0 0 5029.2
0

0101000
-705 0 +715 0 *
Wi

0101100
-695 0 -703 0 +694 0 +713 0 *
Fa
0  1e-07 351 0

0101000
+693 0 *
Ed
 1e-07 1 1 0
1  707 0 0 5029.2
0

0101000
-700 0 +710 0 *
Ed
 1e-07 1 1 0
1  708 0 0 5029.2
0

0101000
-702 0 +712 0 *
Wi

0101100
-691 0 -699 0 +690 0 +709 0 *
Fa
0  1e-07 352 0

0101000
+689 0 *
Wi

0101100
-708 0 -691 0 +698 0 +695 0 *
Fa
0  1e-07 353 0

0101000
+687 0 *
Wi

0101100
-711 0 -690 0 +701 0 +694 0 *
Fa
0  1e-07 354 0

0101000
+685 0 *
Sh

0101100
-706 0 +696 0 -692 0 +688 0 -686 0 +684 0 *
So

0100000
+683 0 *
Ve
1e-07
7315.2 0 76.2
0 0

0101101
*
Ve
1e-07
7315.2 0 0
0 0

0101101
*
Ed
 1e-07 1 1 0
1  709 0 0 76.2
0

0101000
-681 0 +680 0 *
Ve
1e-07
7315.2 5943.6 76.2
0 0

0101101
*
Ed
 1e-07 1 1 0
1  710 0 0 5943.6
0

0101000
-678 0 +681 0 *
Ve
1e-07
7315.2 5943.6 0
0 0

0101101
*
Ed
 1e-07 1 1 0
1  711 0 0 76.2
0

0101000
-678 0 +676 0 *
Ed
 1e-07 1 1 0
1  712 0 0 5943.6
0

0101000
-676 0 +680 0 *
Wi

0101100
-679 0 -677 0 +675 0 +674 0 *
Fa
0  1e-07 355 0

0101000
+673 0 *
Ve
1e-07
8534.4 0 76.2
0 0

0101101
*
Ve
1e-07
8534.4 0 0
0 0

0101101
*
Ed
 1e-07 1 1 0
1  713 0 0 76.2
0

0101000
-671 0 +670 0 *
Ve
1e-07
8534.4 5943.6 76.2
0 0

0101101
*
Ed
 1e-07 1 1 0
1  714 0 0 5943.6
0

0101000
-668 0 +671 0 *
Ve
1e-07
8534.4 5943.6 0
0 0

0101101
*
Ed
 1e-07 1 1 0
1  715 0 0 76.2
0

0101000
-668 0 +666 0 *
Ed
 1e-07 1 1 0
1  716 0 0 5943.6
0

0101000
-666 0 +670 0 *
Wi

0101100
-669 0 -667 0 +665 0 +664 0 *
Fa
0  1e-07 356 0

0101000
+663 0 *
Ed
 1e-07 1 1 0
1  717 0 0 1219.2
0

0101000
-670 0 +680 0 *
Ed
 1e-07 1 1 0
1  718 0 0 1219.2
0

0101000
-671 0 +681 0 *
Wi

0101100
-661 0 -669 0 +660 0 +679 0 *
Fa
0  1e-07 357 0

0101000
+659 0 *
Ed
 1e-07 1 1 0
1  719 0 0 1219.2
0

0101000
-666 0 +676 0 *
Ed
 1e-07 1 1 0
1  720 0 0 1219.2
0

0101000
-668 0 +678 0 *
Wi

0101100
-657 0 -665 0 +656 0 +675 0 *
Fa
0  1e-07 358 0

0101000
+655 0 *
Wi

0101100
-674 0 -657 0 +664 0 +661 0 *
Fa
0  1e-07 359 0

0101000
+653 0 *
Wi

0101100
-677 0 -656 0 +667 0 +660 0 *
Fa
0  1e-07 360 0

0101000
+651 0 *
Sh

0101100
-672 0 +662 0 -658 0 +654 0 -652 0 +650 0 *
So

0100000
+649 0 *
Ve
1e-07
3505.2 -1219.2 2926.08
0 0

0101101
*
Ve
1e-07
3505.2 -1219.2 2819.4
0 0

0101101
*
Ed
 1e-07 1 1 0
1  721 0 0 106.68
0

0101000
-647 0 +646 0 *
Ve
1e-07
3505.2 0 2926.08
0 0

0101101
*
Ed
 1e-07 1 1 0
1  722 0 0 1219.2
0

0101000
-644 0 +647 0 *
Ve
1e-07
3505.2 0 2819.4
0 0

0101101
*
Ed
 1e-07 1 1 0
1  723 0 0 106.68
0

0101000
-644 0 +642 0 *
Ed
 1e-07 1 1 0
1  724 0 0 1219.2
0

0101000
-642 0 +646 0 *
Wi

0101100
-645 0 -643 0 +641 0 +640 0 *
Fa
0  1e-07 361 0

0101000
+639 0 *
Ve
1e-07
8534.4 -1219.2 2926.08
0 0

0101101
*
Ve
1e-07
8534.4 -1219.2 2819.4
0 0

0101101
*
Ed
 1e-07 1 1 0
1  725 0 0 106.68
0

0101000
-637 0 +636 0 *
Ve
1e-07
8534.4 0 2926.08
0 0

0101101
*
Ed
 1e-07 1 1 0
1  726 0 0 1219.2
0

0101000
-634 0 +637 0 *
Ve
1e-07
8534.4 0 2819.4
0 0

0101101
*
Ed
 1e-07 1 1 0
1  727 0 0 106.68
0

0101000
-634 0 +632 0 *
Ed
 1e-07 1 1 0
1  728 0 0 1219.2
0

0101000
-632 0 +636 0 *
Wi

0101100
-635 0 -633 0 +631 0 +630 0 *
Fa
0  1e-07 362 0

0101000
+629 0 *
Ed
 1e-07 1 1 0
1  729 0 0 5029.2
0

0101000
-636 0 +646 0 *
Ed
 1e-07 1 1 0
1  730 0 0 5029.2
0

0101000
-637 0 +647 0 *
Wi

0101100
-627 0 -635 0 +626 0 +645 0 *
Fa
0  1e-07 363 0

0101000
+625 0 *
Ed
 1e-07 1 1 0
1  731 0 0 5029.2
0

0101000
-632 0 +642 0 *
Ed
 1e-07 1 1 0
1  732 0 0 5029.2
0

0101000
-634 0 +644 0 *
Wi

0101100
-623 0 -631 0 +622 0 +641 0 *
Fa
0  1e-07 364 0

0101000
+621 0 *
Wi

0101100
-640 0 -623 0 +630 0 +627 0 *
Fa
0  1e-07 365 0

0101000
+619 0 *
Wi

0101100
-643 0 -622 0 +633 0 +626 0 *
Fa
0  1e-07 366 0

0101000
+617 0 *
Sh

0101100
-638 0 +628 0 -624 0 +620 0 -618 0 +616 0 *
So

0100000
+615 0 *
Ve
1e-07
7315.2 0 2926.08
0 0

0101101
*
Ve
1e-07
7315.2 0 2819.4
0 0

0101101
*
Ed
 1e-07 1 1 0
1  733 0 0 106.68
0

0101000
-613 0 +612 0 *
Ve
1e-07
7315.2 5943.6 2926.08
0 0

0101101
*
Ed
 1e-07 1 1 0
1  734 0 0 5943.6
0

0101000
-610 0 +613 0 *
Ve
1e-07
7315.2 5943.6 2819.4
0 0

0101101
*
Ed
 1e-07 1 1 0
1  735 0 0 106.68
0

0101000
-610 0 +608 0 *
Ed
 1e-07 1 1 0
1  736 0 0 5943.6
0

0101000
-608 0 +612 0 *
Wi

0101100
-611 0 -609 0 +607 0 +606 0 *
Fa
0  1e-07 367 0

0101000
+605 0 *
Ve
1e-07
8534.4 0 2926.08
0 0

0101101
*
Ve
1e-07
8534.4 0 2819.4
0 0

0101101
*
Ed
 1e-07 1 1 0
1  737 0 0 106.68
0

0101000
-603 0 +602 0 *
Ve
1e-07
8534.4 5943.6 2926.08
0 0

0101101
*
Ed
 1e-07 1 1 0
1  738 0 0 5943.6
0

0101000
-600 0 +603 0 *
Ve
1e-07
8534.4 5943.6 2819.4
0 0

0101101
*
Ed
 1e-07 1 1 0
1  739 0 0 106.68
0

0101000
-600 0 +598 0 *
Ed
 1e-07 1 1 0
1  740 0 0 5943.6
0

0101000
-598 0 +602 0 *
Wi

0101100
-601 0 -599 0 +597 0 +596 0 *
Fa
0  1e-07 368 0

0101000
+595 0 *
Ed
 1e-07 1 1 0
1  741 0 0 1219.2
0

0101000
-602 0 +612 0 *
Ed
 1e-07 1 1 0
1  742 0 0 1219.2
0

0101000
-603 0 +613 0 *
Wi

0101100
-593 0 -601 0 +592 0 +611 0 *
Fa
0  1e-07 369 0

0101000
+591 0 *
Ed
 1e-07 1 1 0
1  743 0 0 1219.2
0

0101000
-598 0 +608 0 *
Ed
 1e-07 1 1 0
1  744 0 0 1219.2
0

0101000
-600 0 +610 0 *
Wi

0101100
-589 0 -597 0 +588 0 +607 0 *
Fa
0  1e-07 370 0

0101000
+587 0 *
Wi

0101100
-606 0 -589 0 +596 0 +593 0 *
Fa
0  1e-07 371 0

0101000
+585 0 *
Wi

0101100
-609 0 -588 0 +599 0 +592 0 *
Fa
0  1e-07 372 0

0101000
+583 0 *
Sh

0101100
-604 0 +594 0 -590 0 +586 0 -584 0 +582 0 *
So

0100000
+581 0 *
Ve
1e-07
152.4 -1219.2 201.385714285714
0 0

0101101
*
Ve
1e-07
152.4 -1219.2 0
0 0

0101101
*
Ed
 1e-07 1 1 0
1  745 0 0 201.385714285714
0

0101000
-579 0 +578 0 *
Ve
1e-07
152.4 0 201.385714285714
0 0

0101101
*
Ed
 1e-07 1 1 0
1  746 0 0 1219.2
0

0101000
-576 0 +579 0 *
Ve
1e-07
152.4 0 0
0 0

0101101
*
Ed
 1e-07 1 1 0
1  747 0 0 201.385714285714
0

0101000
-576 0 +574 0 *
Ed
 1e-07 1 1 0
1  748 0 0 1219.2
0

0101000
-574 0 +578 0 *
Wi

0101100
-577 0 -575 0 +573 0 +572 0 *
Fa
0  1e-07 373 0

0101000
+571 0 *
Ve
1e-07
416.403692307692 -1219.2 201.385714285714
0 0

0101101
*
Ve
1e-07
416.403692307692 -1219.2 0
0 0

0101101
*
Ed
 1e-07 1 1 0
1  749 0 0 201.385714285714
0

0101000
-569 0 +568 0 *
Ve
1e-07
416.403692307692 0 201.385714285714
0 0

0101101
*
Ed
 1e-07 1 1 0
1  750 0 0 1219.2
0

0101000
-566 0 +569 0 *
Ve
1e-07
416.403692307692 0 0
0 0

0101101
*
Ed
 1e-07 1 1 0
1  751 0 0 201.385714285714
0

0101000
-566 0 +564 0 *
Ed
 1e-07 1 1 0
1  752 0 0 1219.2
0

0101000
-564 0 +568 0 *
Wi

0101100
-567 0 -565 0 +563 0 +562 0 *
Fa
0  1e-07 374 0

0101000
+561 0 *
Ed
 1e-07 1 1 0
1  753 0 0 264.003692307692
0

0101000
-568 0 +578 0 *
Ed
 1e-07 1 1 0
1  754 0 0 264.003692307692
0

0101000
-569 0 +579 0 *
Wi

0101100
-559 0 -567 0 +558 0 +577 0 *
Fa
0  1e-07 375 0

0101000
+557 0 *
Ed
 1e-07 1 1 0
1  755 0 0 264.003692307692
0

0101000
-564 0 +574 0 *
Ed
 1e-07 1 1 0
1  756 0 0 264.003692307692
0

0101000
-566 0 +576 0 *
Wi

0101100
-555 0 -563 0 +554 0 +573 0 *
Fa
0  1e-07 376 0

0101000
+553 0 *
Wi

0101100
-572 0 -555 0 +562 0 +559 0 *
Fa
0  1e-07 377 0

0101000
+551 0 *
Wi

0101100
-575 0 -554 0 +565 0 +558 0 *
Fa
0  1e-07 378 0

0101000
+549 0 *
Sh

0101100
-570 0 +560 0 -556 0 +552 0 -550 0 +548 0 *
So

0100000
+547 0 *
Ve
1e-07
410.307692307692 -1219.2 402.771428571429
0 0

0101101
*
Ve
1e-07
410.307692307692 -1219.2 0
0 0

0101101
*
Ed
 1e-07 1 1 0
1  757 0 0 402.771428571429
0

0101000
-545 0 +544 0 *
Ve
1e-07
410.307692307692 0 402.771428571429
0 0

0101101
*
Ed
 1e-07 1 1 0
1  758 0 0 1219.2
0

0101000
-542 0 +545 0 *
Ve
1e-07
410.307692307692 0 0
0 0

0101101
*
Ed
 1e-07 1 1 0
1  759 0 0 402.771428571429
0

0101000
-542 0 +540 0 *
Ed
 1e-07 1 1 0
1  760 0 0 1219.2
0

0101000
-540 0 +544 0 *
Wi

0101100
-543 0 -541 0 +539 0 +538 0 *
Fa
0  1e-07 379 0

0101000
+537 0 *
Ve
1e-07
674.311384615385 -1219.2 402.771428571429
0 0

0101101
*
Ve
1e-07
674.311384615385 -1219.2 0
0 0

0101101
*
Ed
 1e-07 1 1 0
1  761 0 0 402.771428571429
0

0101000
-535 0 +534 0 *
Ve
1e-07
674.311384615385 0 402.771428571429
0 0

0101101
*
Ed
 1e-07 1 1 0
1  762 0 0 1219.2
0

0101000
-532 0 +535 0 *
Ve
1e-07
674.311384615385 0 0
0 0

0101101
*
Ed
 1e-07 1 1 0
1  763 0 0 402.771428571429
0

0101000
-532 0 +530 0 *
Ed
 1e-07 1 1 0
1  764 0 0 1219.2
0

0101000
-530 0 +534 0 *
Wi

0101100
-533 0 -531 0 +529 0 +528 0 *
Fa
0  1e-07 380 0

0101000
+527 0 *
Ed
 1e-07 1 1 0
1  765 0 0 264.003692307692
0

0101000
-534 0 +544 0 *
Ed
 1e-07 1 1 0
1  766 0 0 264.003692307692
0

0101000
-535 0 +545 0 *
Wi

0101100
-525 0 -533 0 +524 0 +543 0 *
Fa
0  1e-07 381 0

0101000
+523 0 *
Ed
 1e-07 1 1 0
1  767 0 0 264.003692307692
0

0101000
-530 0 +540 0 *
Ed
 1e-07 1 1 0
1  768 0 0 264.003692307692
0

0101000
-532 0 +542 0 *
Wi

0101100
-521 0 -529 0 +520 0 +539 0 *
Fa
0  1e-07 382 0

0101000
+519 0 *
Wi

0101100
-538 0 -521 0 +528 0 +525 0 *
Fa
0  1e-07 383 0

0101000
+517 0 *
Wi

0101100
-541 0 -520 0 +531 0 +524 0 *
Fa
0  1e-07 384 0

0101000
+515 0 *
Sh

0101100
-536 0 +526 0 -522 0 +518 0 -516 0 +514 0 *
So

0100000
+513 0 *
Ve
1e-07
668.215384615385 -1219.2 604.157142857143
0 0

0101101
*
Ve
1e-07
668.215384615385 -1219.2 0
0 0

0101101
*
Ed
 1e-07 1 1 0
1  769 0 0 604.157142857143
0

0101000
-511 0 +510 0 *
Ve
1e-07
668.215384615385 0 604.157142857143
0 0

0101101
*
Ed
 1e-07 1 1 0
1  770 0 0 1219.2
0

0101000
-508 0 +511 0 *
Ve
1e-07
668.215384615385 0 0
0 0

0101101
*
Ed
 1e-07 1 1 0
1  771 0 0 604.157142857143
0

0101000
-508 0 +506 0 *
Ed
 1e-07 1 1 0
1  772 0 0 1219.2
0

0101000
-506 0 +510 0 *
Wi

0101100
-509 0 -507 0 +505 0 +504 0 *
Fa
0  1e-07 385 0

0101000
+503 0 *
Ve
1e-07
932.219076923077 -1219.2 604.157142857143
0 0

0101101
*
Ve
1e-07
932.219076923077 -1219.2 0
0 0

0101101
*
Ed
 1e-07 1 1 0
1  773 0 0 604.157142857143
0

0101000
-501 0 +500 0 *
Ve
1e-07
932.219076923077 0 604.157142857143
0 0

0101101
*
Ed
 1e-07 1 1 0
1  774 0 0 1219.2
0

0101000
-498 0 +501 0 *
Ve
1e-07
932.219076923077 0 0
0 0

0101101
*
Ed
 1e-07 1 1 0
1  775 0 0 604.157142857143
0

0101000
-498 0 +496 0 *
Ed
 1e-07 1 1 0
1  776 0 0 1219.2
0

0101000
-496 0 +500 0 *
Wi

0101100
-499 0 -497 0 +495 0 +494 0 *
Fa
0  1e-07 386 0

0101000
+493 0 *
Ed
 1e-07 1 1 0
1  777 0 0 264.003692307692
0

0101000
-500 0 +510 0 *
Ed
 1e-07 1 1 0
1  778 0 0 264.003692307692
0

0101000
-501 0 +511 0 *
Wi

0101100
-491 0 -499 0 +490 0 +509 0 *
Fa
0  1e-07 387 0

0101000
+489 0 *
Ed
 1e-07 1 1 0
1  779 0 0 264.003692307692
0

0101000
-496 0 +506 0 *
Ed
 1e-07 1 1 0
1  780 0 0 264.003692307692
0

0101000
-498 0 +508 0 *
Wi

0101100
-487 0 -495 0 +486 0 +505 0 *
Fa
0  1e-07 388 0

0101000
+485 0 *
Wi

0101100
-504 0 -487 0 +494 0 +491 0 *
Fa
0  1e-07 389 0

0101000
+483 0 *
Wi

0101100
-507 0 -486 0 +497 0 +490 0 *
Fa
0  1e-07 390 0

0101000
+481 0 *
Sh

0101100
-502 0 +492 0 -488 0 +484 0 -482 0 +480 0 *
So

0100000
+479 0 *
Ve
1e-07
926.123076923077 -1219.2 805.542857142857
0 0

0101101
*
Ve
1e-07
926.123076923077 -1219.2 0
0 0

0101101
*
Ed
 1e-07 1 1 0
1  781 0 0 805.542857142857
0

0101000
-477 0 +476 0 *
Ve
1e-07
926.123076923077 0 805.542857142857
0 0

0101101
*
Ed
 1e-07 1 1 0
1  782 0 0 1219.2
0

0101000
-474 0 +477 0 *
Ve
1e-07
926.123076923077 0 0
0 0

0101101
*
Ed
 1e-07 1 1 0
1  783 0 0 805.542857142857
0

0101000
-474 0 +472 0 *
Ed
 1e-07 1 1 0
1  784 0 0 1219.2
0

0101000
-472 0 +476 0 *
Wi

0101100
-475 0 -473 0 +471 0 +470 0 *
Fa
0  1e-07 391 0

0101000
+469 0 *
Ve
1e-07
1190.12676923077 -1219.2 805.542857142857
0 0

0101101
*
Ve
1e-07
1190.12676923077 -1219.2 0
0 0

0101101
*
Ed
 1e-07 1 1 0
1  785 0 0 805.542857142857
0

0101000
-467 0 +466 0 *
Ve
1e-07
1190.12676923077 0 805.542857142857
0 0

0101101
*
Ed
 1e-07 1 1 0
1  786 0 0 1219.2
0

0101000
-464 0 +467 0 *
Ve
1e-07
1190.12676923077 0 0
0 0

0101101
*
Ed
 1e-07 1 1 0
1  787 0 0 805.542857142857
0

0101000
-464 0 +462 0 *
Ed
 1e-07 1 1 0
1  788 0 0 1219.2
0

0101000
-462 0 +466 0 *
Wi

0101100
-465 0 -463 0 +461 0 +460 0 *
Fa
0  1e-07 392 0

0101000
+459 0 *
Ed
 1e-07 1 1 0
1  789 0 0 264.003692307692
0

0101000
-466 0 +476 0 *
Ed
 1e-07 1 1 0
1  790 0 0 264.003692307692
0

0101000
-467 0 +477 0 *
Wi

0101100
-457 0 -465 0 +456 0 +475 0 *
Fa
0  1e-07 393 0

0101000
+455 0 *
Ed
 1e-07 1 1 0
1  791 0 0 264.003692307692
0

0101000
-462 0 +472 0 *
Ed
 1e-07 1 1 0
1  792 0 0 264.003692307692
0

0101000
-464 0 +474 0 *
Wi

0101100
-453 0 -461 0 +452 0 +471 0 *
Fa
0  1e-07 394 0

0101000
+451 0 *
Wi

0101100
-470 0 -453 0 +460 0 +457 0 *
Fa
0  1e-07 395 0

0101000
+449 0 *
Wi

0101100
-473 0 -452 0 +463 0 +456 0 *
Fa
0  1e-07 396 0

0101000
+447 0 *
Sh

0101100
-468 0 +458 0 -454 0 +450 0 -448 0 +446 0 *
So

0100000
+445 0 *
Ve
1e-07
1184.03076923077 -1219.2 1006.92857142857
0 0

0101101
*
Ve
1e-07
1184.03076923077 -1219.2 0
0 0

0101101
*
Ed
 1e-07 1 1 0
1  793 0 0 1006.92857142857
0

0101000
-443 0 +442 0 *
Ve
1e-07
1184.03076923077 0 1006.92857142857
0 0

0101101
*
Ed
 1e-07 1 1 0
1  794 0 0 1219.2
0

0101000
-440 0 +443 0 *
Ve
1e-07
1184.03076923077 0 0
0 0

0101101
*
Ed
 1e-07 1 1 0
1  795 0 0 1006.92857142857
0

0101000
-440 0 +438 0 *
Ed
 1e-07 1 1 0
1  796 0 0 1219.2
0

0101000
-438 0 +442 0 *
Wi

0101100
-441 0 -439 0 +437 0 +436 0 *
Fa
0  1e-07 397 0

0101000
+435 0 *
Ve
1e-07
1448.03446153846 -1219.2 1006.92857142857
0 0

0101101
*
Ve
1e-07
1448.03446153846 -1219.2 0
0 0

0101101
*
Ed
 1e-07 1 1 0
1  797 0 0 1006.92857142857
0

0101000
-433 0 +432 0 *
Ve
1e-07
1448.03446153846 0 1006.92857142857
0 0

0101101
*
Ed
 1e-07 1 1 0
1  798 0 0 1219.2
0

0101000
-430 0 +433 0 *
Ve
1e-07
1448.03446153846 0 0
0 0

0101101
*
Ed
 1e-07 1 1 0
1  799 0 0 1006.92857142857
0

0101000
-430 0 +428 0 *
Ed
 1e-07 1 1 0
1  800 0 0 1219.2
0

0101000
-428 0 +432 0 *
Wi

0101100
-431 0 -429 0 +427 0 +426 0 *
Fa
0  1e-07 398 0

0101000
+425 0 *
Ed
 1e-07 1 1 0
1  801 0 0 264.003692307692
0

0101000
-432 0 +442 0 *
Ed
 1e-07 1 1 0
1  802 0 0 264.003692307692
0

0101000
-433 0 +443 0 *
Wi

0101100
-423 0 -431 0 +422 0 +441 0 *
Fa
0  1e-07 399 0

0101000
+421 0 *
Ed
 1e-07 1 1 0
1  803 0 0 264.003692307692
0

0101000
-428 0 +438 0 *
Ed
 1e-07 1 1 0
1  804 0 0 264.003692307692
0

0101000
-430 0 +440 0 *
Wi

0101100
-419 0 -427 0 +418 0 +437 0 *
Fa
0  1e-07 400 0

0101000
+417 0 *
Wi

0101100
-436 0 -419 0 +426 0 +423 0 *
Fa
0  1e-07 401 0

0101000
+415 0 *
Wi

0101100
-439 0 -418 0 +429 0 +422 0 *
Fa
0  1e-07 402 0

0101000
+413 0 *
Sh

0101100
-434 0 +424 0 -420 0 +416 0 -414 0 +412 0 *
So

0100000
+411 0 *
Ve
1e-07
1441.93846153846 -1219.2 1208.31428571429
0 0

0101101
*
Ve
1e-07
1441.93846153846 -1219.2 0
0 0

0101101
*
Ed
 1e-07 1 1 0
1  805 0 0 1208.31428571429
0

0101000
-409 0 +408 0 *
Ve
1e-07
1441.93846153846 0 1208.31428571429
0 0

0101101
*
Ed
 1e-07 1 1 0
1  806 0 0 1219.2
0

0101000
-406 0 +409 0 *
Ve
1e-07
1441.93846153846 0 0
0 0

0101101
*
Ed
 1e-07 1 1 0
1  807 0 0 1208.31428571429
0

0101000
-406 0 +404 0 *
Ed
 1e-07 1 1 0
1  808 0 0 1219.2
0

0101000
-404 0 +408 0 *
Wi

0101100
-407 0 -405 0 +403 0 +402 0 *
Fa
0  1e-07 403 0

0101000
+401 0 *
Ve
1e-07
1705.94215384615 -1219.2 1208.31428571429
0 0

0101101
*
Ve
1e-07
1705.94215384615 -1219.2 0
0 0

0101101
*
Ed
 1e-07 1 1 0
1  809 0 0 1208.31428571429
0

0101000
-399 0 +398 0 *
Ve
1e-07
1705.94215384615 0 1208.31428571429
0 0

0101101
*
Ed
 1e-07 1 1 0
1  810 0 0 1219.2
0

0101000
-396 0 +399 0 *
Ve
1e-07
1705.94215384615 0 0
0 0

0101101
*
Ed
 1e-07 1 1 0
1  811 0 0 1208.31428571429
0

0101000
-396 0 +394 0 *
Ed
 1e-07 1 1 0
1  812 0 0 1219.2
0

0101000
-394 0 +398 0 *
Wi

0101100
-397 0 -395 0 +393 0 +392 0 *
Fa
0  1e-07 404 0

0101000
+391 0 *
Ed
 1e-07 1 1 0
1  813 0 0 264.003692307692
0

0101000
-398 0 +408 0 *
Ed
 1e-07 1 1 0
1  814 0 0 264.003692307692
0

0101000
-399 0 +409 0 *
Wi

0101100
-389 0 -397 0 +388 0 +407 0 *
Fa
0  1e-07 405 0

0101000
+387 0 *
Ed
 1e-07 1 1 0
1  815 0 0 264.003692307692
0

0101000
-394 0 +404 0 *
Ed
 1e-07 1 1 0
1  816 0 0 264.003692307692
0

0101000
-396 0 +406 0 *
Wi

0101100
-385 0 -393 0 +384 0 +403 0 *
Fa
0  1e-07 406 0

0101000
+383 0 *
Wi

0101100
-402 0 -385 0 +392 0 +389 0 *
Fa
0  1e-07 407 0

0101000
+381 0 *
Wi

0101100
-405 0 -384 0 +395 0 +388 0 *
Fa
0  1e-07 408 0

0101000
+379 0 *
Sh

0101100
-400 0 +390 0 -386 0 +382 0 -380 0 +378 0 *
So

0100000
+377 0 *
Ve
1e-07
1699.84615384615 -1219.2 1409.7
0 0

0101101
*
Ve
1e-07
1699.84615384615 -1219.2 0
0 0

0101101
*
Ed
 1e-07 1 1 0
1  817 0 0 1409.7
0

0101000
-375 0 +374 0 *
Ve
1e-07
1699.84615384615 0 1409.7
0 0

0101101
*
Ed
 1e-07 1 1 0
1  818 0 0 1219.2
0

0101000
-372 0 +375 0 *
Ve
1e-07
1699.84615384615 0 0
0 0

0101101
*
Ed
 1e-07 1 1 0
1  819 0 0 1409.7
0

0101000
-372 0 +370 0 *
Ed
 1e-07 1 1 0
1  820 0 0 1219.2
0

0101000
-370 0 +374 0 *
Wi

0101100
-373 0 -371 0 +369 0 +368 0 *
Fa
0  1e-07 409 0

0101000
+367 0 *
Ve
1e-07
1963.84984615385 -1219.2 1409.7
0 0

0101101
*
Ve
1e-07
1963.84984615385 -1219.2 0
0 0

0101101
*
Ed
 1e-07 1 1 0
1  821 0 0 1409.7
0

0101000
-365 0 +364 0 *
Ve
1e-07
1963.84984615385 0 1409.7
0 0

0101101
*
Ed
 1e-07 1 1 0
1  822 0 0 1219.2
0

0101000
-362 0 +365 0 *
Ve
1e-07
1963.84984615385 0 0
0 0

0101101
*
Ed
 1e-07 1 1 0
1  823 0 0 1409.7
0

0101000
-362 0 +360 0 *
Ed
 1e-07 1 1 0
1  824 0 0 1219.2
0

0101000
-360 0 +364 0 *
Wi

0101100
-363 0 -361 0 +359 0 +358 0 *
Fa
0  1e-07 410 0

0101000
+357 0 *
Ed
 1e-07 1 1 0
1  825 0 0 264.003692307692
0

0101000
-364 0 +374 0 *
Ed
 1e-07 1 1 0
1  826 0 0 264.003692307692
0

0101000
-365 0 +375 0 *
Wi

0101100
-355 0 -363 0 +354 0 +373 0 *
Fa
0  1e-07 411 0

0101000
+353 0 *
Ed
 1e-07 1 1 0
1  827 0 0 264.003692307692
0

0101000
-360 0 +370 0 *
Ed
 1e-07 1 1 0
1  828 0 0 264.003692307692
0

0101000
-362 0 +372 0 *
Wi

0101100
-351 0 -359 0 +350 0 +369 0 *
Fa
0  1e-07 412 0

0101000
+349 0 *
Wi

0101100
-368 0 -351 0 +358 0 +355 0 *
Fa
0  1e-07 413 0

0101000
+347 0 *
Wi

0101100
-371 0 -350 0 +361 0 +354 0 *
Fa
0  1e-07 414 0

0101000
+345 0 *
Sh

0101100
-366 0 +356 0 -352 0 +348 0 -346 0 +344 0 *
So

0100000
+343 0 *
Ve
1e-07
1957.75384615385 -1219.2 1611.08571428571
0 0

0101101
*
Ve
1e-07
1957.75384615385 -1219.2 0
0 0

0101101
*
Ed
 1e-07 1 1 0
1  829 0 0 1611.08571428571
0

0101000
-341 0 +340 0 *
Ve
1e-07
1957.75384615385 0 1611.08571428571
0 0

0101101
*
Ed
 1e-07 1 1 0
1  830 0 0 1219.2
0

0101000
-338 0 +341 0 *
Ve
1e-07
1957.75384615385 0 0
0 0

0101101
*
Ed
 1e-07 1 1 0
1  831 0 0 1611.08571428571
0

0101000
-338 0 +336 0 *
Ed
 1e-07 1 1 0
1  832 0 0 1219.2
0

0101000
-336 0 +340 0 *
Wi

0101100
-339 0 -337 0 +335 0 +334 0 *
Fa
0  1e-07 415 0

0101000
+333 0 *
Ve
1e-07
2221.75753846154 -1219.2 1611.08571428571
0 0

0101101
*
Ve
1e-07
2221.75753846154 -1219.2 0
0 0

0101101
*
Ed
 1e-07 1 1 0
1  833 0 0 1611.08571428571
0

0101000
-331 0 +330 0 *
Ve
1e-07
2221.75753846154 0 1611.08571428571
0 0

0101101
*
Ed
 1e-07 1 1 0
1  834 0 0 1219.2
0

0101000
-328 0 +331 0 *
Ve
1e-07
2221.75753846154 0 0
0 0

0101101
*
Ed
 1e-07 1 1 0
1  835 0 0 1611.08571428571
0

0101000
-328 0 +326 0 *
Ed
 1e-07 1 1 0
1  836 0 0 1219.2
0

0101000
-326 0 +330 0 *
Wi

0101100
-329 0 -327 0 +325 0 +324 0 *
Fa
0  1e-07 416 0

0101000
+323 0 *
Ed
 1e-07 1 1 0
1  837 0 0 264.003692307692
0

0101000
-330 0 +340 0 *
Ed
 1e-07 1 1 0
1  838 0 0 264.003692307692
0

0101000
-331 0 +341 0 *
Wi

0101100
-321 0 -329 0 +320 0 +339 0 *
Fa
0  1e-07 417 0

0101000
+319 0 *
Ed
 1e-07 1 1 0
1  839 0 0 264.003692307692
0

0101000
-326 0 +336 0 *
Ed
 1e-07 1 1 0
1  840 0 0 264.003692307692
0

0101000
-328 0 +338 0 *
Wi

0101100
-317 0 -325 0 +316 0 +335 0 *
Fa
0  1e-07 418 0

0101000
+315 0 *
Wi

0101100
-334 0 -317 0 +324 0 +321 0 *
Fa
0  1e-07 419 0

0101000
+313 0 *
Wi

0101100
-337 0 -316 0 +327 0 +320 0 *
Fa
0  1e-07 420 0

0101000
+311 0 *
Sh

0101100
-332 0 +322 0 -318 0 +314 0 -312 0 +310 0 *
So

0100000
+309 0 *
Ve
1e-07
2215.66153846154 -1219.2 1812.47142857143
0 0

0101101
*
Ve
1e-07
2215.66153846154 -1219.2 0
0 0

0101101
*
Ed
 1e-07 1 1 0
1  841 0 0 1812.47142857143
0

0101000
-307 0 +306 0 *
Ve
1e-07
2215.66153846154 0 1812.47142857143
0 0

0101101
*
Ed
 1e-07 1 1 0
1  842 0 0 1219.2
0

0101000
-304 0 +307 0 *
Ve
1e-07
2215.66153846154 0 0
0 0

0101101
*
Ed
 1e-07 1 1 0
1  843 0 0 1812.47142857143
0

0101000
-304 0 +302 0 *
Ed
 1e-07 1 1 0
1  844 0 0 1219.2
0

0101000
-302 0 +306 0 *
Wi

0101100
-305 0 -303 0 +301 0 +300 0 *
Fa
0  1e-07 421 0

0101000
+299 0 *
Ve
1e-07
2479.66523076923 -1219.2 1812.47142857143
0 0

0101101
*
Ve
1e-07
2479.66523076923 -1219.2 0
0 0

0101101
*
Ed
 1e-07 1 1 0
1  845 0 0 1812.47142857143
0

0101000
-297 0 +296 0 *
Ve
1e-07
2479.66523076923 0 1812.47142857143
0 0

0101101
*
Ed
 1e-07 1 1 0
1  846 0 0 1219.2
0

0101000
-294 0 +297 0 *
Ve
1e-07
2479.66523076923 0 0
0 0

0101101
*
Ed
 1e-07 1 1 0
1  847 0 0 1812.47142857143
0

0101000
-294 0 +292 0 *
Ed
 1e-07 1 1 0
1  848 0 0 1219.2
0

0101000
-292 0 +296 0 *
Wi

0101100
-295 0 -293 0 +291 0 +290 0 *
Fa
0  1e-07 422 0

0101000
+289 0 *
Ed
 1e-07 1 1 0
1  849 0 0 264.003692307692
0

0101000
-296 0 +306 0 *
Ed
 1e-07 1 1 0
1  850 0 0 264.003692307692
0

0101000
-297 0 +307 0 *
Wi

0101100
-287 0 -295 0 +286 0 +305 0 *
Fa
0  1e-07 423 0

0101000
+285 0 *
Ed
 1e-07 1 1 0
1  851 0 0 264.003692307692
0

0101000
-292 0 +302 0 *
Ed
 1e-07 1 1 0
1  852 0 0 264.003692307692
0

0101000
-294 0 +304 0 *
Wi

0101100
-283 0 -291 0 +282 0 +301 0 *
Fa
0  1e-07 424 0

0101000
+281 0 *
Wi

0101100
-300 0 -283 0 +290 0 +287 0 *
Fa
0  1e-07 425 0

0101000
+279 0 *
Wi

0101100
-303 0 -282 0 +293 0 +286 0 *
Fa
0  1e-07 426 0

0101000
+277 0 *
Sh

0101100
-298 0 +288 0 -284 0 +280 0 -278 0 +276 0 *
So

0100000
+275 0 *
Ve
1e-07
2473.56923076923 -1219.2 2013.85714285714
0 0

0101101
*
Ve
1e-07
2473.56923076923 -1219.2 0
0 0

0101101
*
Ed
 1e-07 1 1 0
1  853 0 0 2013.85714285714
0

0101000
-273 0 +272 0 *
Ve
1e-07
2473.56923076923 0 2013.85714285714
0 0

0101101
*
Ed
 1e-07 1 1 0
1  854 0 0 1219.2
0

0101000
-270 0 +273 0 *
Ve
1e-07
2473.56923076923 0 0
0 0

0101101
*
Ed
 1e-07 1 1 0
1  855 0 0 2013.85714285714
0

0101000
-270 0 +268 0 *
Ed
 1e-07 1 1 0
1  856 0 0 1219.2
0

0101000
-268 0 +272 0 *
Wi

0101100
-271 0 -269 0 +267 0 +266 0 *
Fa
0  1e-07 427 0

0101000
+265 0 *
Ve
1e-07
2737.57292307692 -1219.2 2013.85714285714
0 0

0101101
*
Ve
1e-07
2737.57292307692 -1219.2 0
0 0

0101101
*
Ed
 1e-07 1 1 0
1  857 0 0 2013.85714285714
0

0101000
-263 0 +262 0 *
Ve
1e-07
2737.57292307692 0 2013.85714285714
0 0

0101101
*
Ed
 1e-07 1 1 0
1  858 0 0 1219.2
0

0101000
-260 0 +263 0 *
Ve
1e-07
2737.57292307692 0 0
0 0

0101101
*
Ed
 1e-07 1 1 0
1  859 0 0 2013.85714285714
0

0101000
-260 0 +258 0 *
Ed
 1e-07 1 1 0
1  860 0 0 1219.2
0

0101000
-258 0 +262 0 *
Wi

0101100
-261 0 -259 0 +257 0 +256 0 *
Fa
0  1e-07 428 0

0101000
+255 0 *
Ed
 1e-07 1 1 0
1  861 0 0 264.003692307692
0

0101000
-262 0 +272 0 *
Ed
 1e-07 1 1 0
1  862 0 0 264.003692307692
0

0101000
-263 0 +273 0 *
Wi

0101100
-253 0 -261 0 +252 0 +271 0 *
Fa
0  1e-07 429 0

0101000
+251 0 *
Ed
 1e-07 1 1 0
1  863 0 0 264.003692307692
0

0101000
-258 0 +268 0 *
Ed
 1e-07 1 1 0
1  864 0 0 264.003692307692
0

0101000
-260 0 +270 0 *
Wi

0101100
-249 0 -257 0 +248 0 +267 0 *
Fa
0  1e-07 430 0

0101000
+247 0 *
Wi

0101100
-266 0 -249 0 +256 0 +253 0 *
Fa
0  1e-07 431 0

0101000
+245 0 *
Wi

0101100
-269 0 -248 0 +259 0 +252 0 *
Fa
0  1e-07 432 0

0101000
+243 0 *
Sh

0101100
-264 0 +254 0 -250 0 +246 0 -244 0 +242 0 *
So

0100000
+241 0 *
Ve
1e-07
2731.47692307692 -1219.2 2215.24285714286
0 0

0101101
*
Ve
1e-07
2731.47692307692 -1219.2 0
0 0

0101101
*
Ed
 1e-07 1 1 0
1  865 0 0 2215.24285714286
0

0101000
-239 0 +238 0 *
Ve
1e-07
2731.47692307692 0 2215.24285714286
0 0

0101101
*
Ed
 1e-07 1 1 0
1  866 0 0 1219.2
0

0101000
-236 0 +239 0 *
Ve
1e-07
2731.47692307692 0 0
0 0

0101101
*
Ed
 1e-07 1 1 0
1  867 0 0 2215.24285714286
0

0101000
-236 0 +234 0 *
Ed
 1e-07 1 1 0
1  868 0 0 1219.2
0

0101000
-234 0 +238 0 *
Wi

0101100
-237 0 -235 0 +233 0 +232 0 *
Fa
0  1e-07 433 0

0101000
+231 0 *
Ve
1e-07
2995.48061538462 -1219.2 2215.24285714286
0 0

0101101
*
Ve
1e-07
2995.48061538462 -1219.2 0
0 0

0101101
*
Ed
 1e-07 1 1 0
1  869 0 0 2215.24285714286
0

0101000
-229 0 +228 0 *
Ve
1e-07
2995.48061538462 0 2215.24285714286
0 0

0101101
*
Ed
 1e-07 1 1 0
1  870 0 0 1219.2
0

0101000
-226 0 +229 0 *
Ve
1e-07
2995.48061538462 0 0
0 0

0101101
*
Ed
 1e-07 1 1 0
1  871 0 0 2215.24285714286
0

0101000
-226 0 +224 0 *
Ed
 1e-07 1 1 0
1  872 0 0 1219.2
0

0101000
-224 0 +228 0 *
Wi

0101100
-227 0 -225 0 +223 0 +222 0 *
Fa
0  1e-07 434 0

0101000
+221 0 *
Ed
 1e-07 1 1 0
1  873 0 0 264.003692307692
0

0101000
-228 0 +238 0 *
Ed
 1e-07 1 1 0
1  874 0 0 264.003692307692
0

0101000
-229 0 +239 0 *
Wi

0101100
-219 0 -227 0 +218 0 +237 0 *
Fa
0  1e-07 435 0

0101000
+217 0 *
Ed
 1e-07 1 1 0
1  875 0 0 264.003692307692
0

0101000
-224 0 +234 0 *
Ed
 1e-07 1 1 0
1  876 0 0 264.003692307692
0

0101000
-226 0 +236 0 *
Wi

0101100
-215 0 -223 0 +214 0 +233 0 *
Fa
0  1e-07 436 0

0101000
+213 0 *
Wi

0101100
-232 0 -215 0 +222 0 +219 0 *
Fa
0  1e-07 437 0

0101000
+211 0 *
Wi

0101100
-235 0 -214 0 +225 0 +218 0 *
Fa
0  1e-07 438 0

0101000
+209 0 *
Sh

0101100
-230 0 +220 0 -216 0 +212 0 -210 0 +208 0 *
So

0100000
+207 0 *
Ve
1e-07
2989.38461538462 -1219.2 2416.62857142857
0 0

0101101
*
Ve
1e-07
2989.38461538462 -1219.2 0
0 0

0101101
*
Ed
 1e-07 1 1 0
1  877 0 0 2416.62857142857
0

0101000
-205 0 +204 0 *
Ve
1e-07
2989.38461538462 0 2416.62857142857
0 0

0101101
*
Ed
 1e-07 1 1 0
1  878 0 0 1219.2
0

0101000
-202 0 +205 0 *
Ve
1e-07
2989.38461538462 0 0
0 0

0101101
*
Ed
 1e-07 1 1 0
1  879 0 0 2416.62857142857
0

0101000
-202 0 +200 0 *
Ed
 1e-07 1 1 0
1  880 0 0 1219.2
0

0101000
-200 0 +204 0 *
Wi

0101100
-203 0 -201 0 +199 0 +198 0 *
Fa
0  1e-07 439 0

0101000
+197 0 *
Ve
1e-07
3253.38830769231 -1219.2 2416.62857142857
0 0

0101101
*
Ve
1e-07
3253.38830769231 -1219.2 0
0 0

0101101
*
Ed
 1e-07 1 1 0
1  881 0 0 2416.62857142857
0

0101000
-195 0 +194 0 *
Ve
1e-07
3253.38830769231 0 2416.62857142857
0 0

0101101
*
Ed
 1e-07 1 1 0
1  882 0 0 1219.2
0

0101000
-192 0 +195 0 *
Ve
1e-07
3253.38830769231 0 0
0 0

0101101
*
Ed
 1e-07 1 1 0
1  883 0 0 2416.62857142857
0

0101000
-192 0 +190 0 *
Ed
 1e-07 1 1 0
1  884 0 0 1219.2
0

0101000
-190 0 +194 0 *
Wi

0101100
-193 0 -191 0 +189 0 +188 0 *
Fa
0  1e-07 440 0

0101000
+187 0 *
Ed
 1e-07 1 1 0
1  885 0 0 264.003692307692
0

0101000
-194 0 +204 0 *
Ed
 1e-07 1 1 0
1  886 0 0 264.003692307692
0

0101000
-195 0 +205 0 *
Wi

0101100
-185 0 -193 0 +184 0 +203 0 *
Fa
0  1e-07 441 0

0101000
+183 0 *
Ed
 1e-07 1 1 0
1  887 0 0 264.003692307692
0

0101000
-190 0 +200 0 *
Ed
 1e-07 1 1 0
1  888 0 0 264.003692307692
0

0101000
-192 0 +202 0 *
Wi

0101100
-181 0 -189 0 +180 0 +199 0 *
Fa
0  1e-07 442 0

0101000
+179 0 *
Wi

0101100
-198 0 -181 0 +188 0 +185 0 *
Fa
0  1e-07 443 0

0101000
+177 0 *
Wi

0101100
-201 0 -180 0 +191 0 +184 0 *
Fa
0  1e-07 444 0

0101000
+175 0 *
Sh

0101100
-196 0 +186 0 -182 0 +178 0 -176 0 +174 0 *
So

0100000
+173 0 *
Ve
1e-07
3247.29230769231 -1219.2 2618.01428571429
0 0

0101101
*
Ve
1e-07
3247.29230769231 -1219.2 0
0 0

0101101
*
Ed
 1e-07 1 1 0
1  889 0 0 2618.01428571429
0

0101000
-171 0 +170 0 *
Ve
1e-07
3247.29230769231 0 2618.01428571429
0 0

0101101
*
Ed
 1e-07 1 1 0
1  890 0 0 1219.2
0

0101000
-168 0 +171 0 *
Ve
1e-07
3247.29230769231 0 0
0 0

0101101
*
Ed
 1e-07 1 1 0
1  891 0 0 2618.01428571429
0

0101000
-168 0 +166 0 *
Ed
 1e-07 1 1 0
1  892 0 0 1219.2
0

0101000
-166 0 +170 0 *
Wi

0101100
-169 0 -167 0 +165 0 +164 0 *
Fa
0  1e-07 445 0

0101000
+163 0 *
Ve
1e-07
3511.296 -1219.2 2618.01428571429
0 0

0101101
*
Ve
1e-07
3511.296 -1219.2 0
0 0

0101101
*
Ed
 1e-07 1 1 0
1  893 0 0 2618.01428571429
0

0101000
-161 0 +160 0 *
Ve
1e-07
3511.296 0 2618.01428571429
0 0

0101101
*
Ed
 1e-07 1 1 0
1  894 0 0 1219.2
0

0101000
-158 0 +161 0 *
Ve
1e-07
3511.296 0 0
0 0

0101101
*
Ed
 1e-07 1 1 0
1  895 0 0 2618.01428571429
0

0101000
-158 0 +156 0 *
Ed
 1e-07 1 1 0
1  896 0 0 1219.2
0

0101000
-156 0 +160 0 *
Wi

0101100
-159 0 -157 0 +155 0 +154 0 *
Fa
0  1e-07 446 0

0101000
+153 0 *
Ed
 1e-07 1 1 0
1  897 0 0 264.003692307692
0

0101000
-160 0 +170 0 *
Ed
 1e-07 1 1 0
1  898 0 0 264.003692307692
0

0101000
-161 0 +171 0 *
Wi

0101100
-151 0 -159 0 +150 0 +169 0 *
Fa
0  1e-07 447 0

0101000
+149 0 *
Ed
 1e-07 1 1 0
1  899 0 0 264.003692307692
0

0101000
-156 0 +166 0 *
Ed
 1e-07 1 1 0
1  900 0 0 264.003692307692
0

0101000
-158 0 +168 0 *
Wi

0101100
-147 0 -155 0 +146 0 +165 0 *
Fa
0  1e-07 448 0

0101000
+145 0 *
Wi

0101100
-164 0 -147 0 +154 0 +151 0 *
Fa
0  1e-07 449 0

0101000
+143 0 *
Wi

0101100
-167 0 -146 0 +157 0 +150 0 *
Fa
0  1e-07 450 0

0101000
+141 0 *
Sh

0101100
-162 0 +152 0 -148 0 +144 0 -142 0 +140 0 *
So

0100000
+139 0 *
Ve
1e-07
3505.2 -1219.2 3840.48
0 0

0101101
*
Ve
1e-07
3505.2 -1219.2 2926.08
0 0

0101101
*
Ed
 1e-07 1 1 0
1  901 0 0 914.4
0

0101000
-137 0 +136 0 *
Ve
1e-07
3505.2 -1182.624 3840.48
0 0

0101101
*
Ed
 1e-07 1 1 0
1  902 0 0 36.576
0

0101000
-134 0 +137 0 *
Ve
1e-07
3505.2 -1182.624 2926.08
0 0

0101101
*
Ed
 1e-07 1 1 0
1  903 0 0 914.4
0

0101000
-134 0 +132 0 *
Ed
 1e-07 1 1 0
1  904 0 0 36.576
0

0101000
-132 0 +136 0 *
Wi

0101100
-135 0 -133 0 +131 0 +130 0 *
Fa
0  1e-07 451 0

0101000
+129 0 *
Ve
1e-07
8534.4 -1219.2 3840.48
0 0

0101101
*
Ve
1e-07
8534.4 -1219.2 2926.08
0 0

0101101
*
Ed
 1e-07 1 1 0
1  905 0 0 914.4
0

0101000
-127 0 +126 0 *
Ve
1e-07
8534.4 -1182.624 3840.48
0 0

0101101
*
Ed
 1e-07 1 1 0
1  906 0 0 36.576
0

0101000
-124 0 +127 0 *
Ve
1e-07
8534.4 -1182.624 2926.08
0 0

0101101
*
Ed
 1e-07 1 1 0
1  907 0 0 914.4
0

0101000
-124 0 +122 0 *
Ed
 1e-07 1 1 0
1  908 0 0 36.576
0

0101000
-122 0 +126 0 *
Wi

0101100
-125 0 -123 0 +121 0 +120 0 *
Fa
0  1e-07 452 0

0101000
+119 0 *
Ed
 1e-07 1 1 0
1  909 0 0 5029.2
0

0101000
-126 0 +136 0 *
Ed
 1e-07 1 1 0
1  910 0 0 5029.2
0

0101000
-127 0 +137 0 *
Wi

0101100
-117 0 -125 0 +116 0 +135 0 *
Fa
0  1e-07 453 0

0101000
+115 0 *
Ed
 1e-07 1 1 0
1  911 0 0 5029.2
0

0101000
-122 0 +132 0 *
Ed
 1e-07 1 1 0
1  912 0 0 5029.2
0

0101000
-124 0 +134 0 *
Wi

0101100
-113 0 -121 0 +112 0 +131 0 *
Fa
0  1e-07 454 0

0101000
+111 0 *
Wi

0101100
-130 0 -113 0 +120 0 +117 0 *
Fa
0  1e-07 455 0

0101000
+109 0 *
Wi

0101100
-133 0 -112 0 +123 0 +116 0 *
Fa
0  1e-07 456 0

0101000
+107 0 *
Sh

0101100
-128 0 +118 0 -114 0 +110 0 -108 0 +106 0 *
So

0100000
+105 0 *
Ve
1e-07
8497.824 0 3840.48
0 0

0101101
*
Ve
1e-07
8497.824 0 2926.08
0 0

0101101
*
Ed
 1e-07 1 1 0
1  913 0 0 914.4
0

0101000
-103 0 +102 0 *
Ve
1e-07
8497.824 5943.6 3840.48
0 0

0101101
*
Ed
 1e-07 1 1 0
1  914 0 0 5943.6
0

0101000
-100 0 +103 0 *
Ve
1e-07
8497.824 5943.6 2926.08
0 0

0101101
*
Ed
 1e-07 1 1 0
1  915 0 0 914.4
0

0101000
-100 0 +98 0 *
Ed
 1e-07 1 1 0
1  916 0 0 5943.6
0

0101000
-98 0 +102 0 *
Wi

0101100
-101 0 -99 0 +97 0 +96 0 *
Fa
0  1e-07 457 0

0101000
+95 0 *
Ve
1e-07
8534.4 0 3840.48
0 0

0101101
*
Ve
1e-07
8534.4 0 2926.08
0 0

0101101
*
Ed
 1e-07 1 1 0
1  917 0 0 914.4
0

0101000
-93 0 +92 0 *
Ve
1e-07
8534.4 5943.6 3840.48
0 0

0101101
*
Ed
 1e-07 1 1 0
1  918 0 0 5943.6
0

0101000
-90 0 +93 0 *
Ve
1e-07
8534.4 5943.6 2926.08
0 0

0101101
*
Ed
 1e-07 1 1 0
1  919 0 0 914.4
0

0101000
-90 0 +88 0 *
Ed
 1e-07 1 1 0
1  920 0 0 5943.6
0

0101000
-88 0 +92 0 *
Wi

0101100
-91 0 -89 0 +87 0 +86 0 *
Fa
0  1e-07 458 0

0101000
+85 0 *
Ed
 1e-07 1 1 0
1  921 0 0 36.576
0

0101000
-92 0 +102 0 *
Ed
 1e-07 1 1 0
1  922 0 0 36.576
0

0101000
-93 0 +103 0 *
Wi

0101100
-83 0 -91 0 +82 0 +101 0 *
Fa
0  1e-07 459 0

0101000
+81 0 *
Ed
 1e-07 1 1 0
1  923 0 0 36.576
0

0101000
-88 0 +98 0 *
Ed
 1e-07 1 1 0
1  924 0 0 36.576
0

0101000
-90 0 +100 0 *
Wi

0101100
-79 0 -87 0 +78 0 +97 0 *
Fa
0  1e-07 460 0

0101000
+77 0 *
Wi

0101100
-96 0 -79 0 +86 0 +83 0 *
Fa
0  1e-07 461 0

0101000
+75 0 *
Wi

0101100
-99 0 -78 0 +89 0 +82 0 *
Fa
0  1e-07 462 0

0101000
+73 0 *
Sh

0101100
-94 0 +84 0 -80 0 +76 0 -74 0 +72 0 *
So

0100000
+71 0 *
Ve
1e-07
0 -19.0923054129762 4876.8
0 0

0101101
*
Ve
1e-07
0 19.0923054129762 4777.18796309647
0 0

0101101
*
Ed
 1e-07 1 1 0
1  925 0 0 106.68
0

0101000
-69 0 +68 0 *
Ve
1e-07
0 3028.90769458702 6045.1998984
0 0

0101101
*
Ed
 1e-07 1 1 0
1  926 0 0 3264.27056516171
0

0101000
-66 0 +69 0 *
Ve
1e-07
0 3067.09230541298 5945.58786149647
0 0

0101101
*
Ed
 1e-07 1 1 0
1  927 0 0 106.68
0

0101000
-66 0 +64 0 *
Ed
 1e-07 1 1 0
1  928 0 0 3264.27056516171
0

0101000
-64 0 +68 0 *
Wi

0101100
-67 0 -65 0 +63 0 +62 0 *
Fa
0  1e-07 463 0

0101000
+61 0 *
Ve
1e-07
7315.2 -19.0923054129762 4876.8
0 0

0101101
*
Ve
1e-07
7315.2 19.0923054129762 4777.18796309647
0 0

0101101
*
Ed
 1e-07 1 1 0
1  929 0 0 106.68
0

0101000
-59 0 +58 0 *
Ve
1e-07
7315.2 3028.90769458702 6045.1998984
0 0

0101101
*
Ed
 1e-07 1 1 0
1  930 0 0 3264.27056516171
0

0101000
-56 0 +59 0 *
Ve
1e-07
7315.2 3067.09230541298 5945.58786149647
0 0

0101101
*
Ed
 1e-07 1 1 0
1  931 0 0 106.68
0

0101000
-56 0 +54 0 *
Ed
 1e-07 1 1 0
1  932 0 0 3264.27056516171
0

0101000
-54 0 +58 0 *
Wi

0101100
-57 0 -55 0 +53 0 +52 0 *
Fa
0  1e-07 464 0

0101000
+51 0 *
Ed
 1e-07 1 1 0
1  933 0 0 7315.2
0

0101000
-58 0 +68 0 *
Ed
 1e-07 1 1 0
1  934 0 0 7315.2
0

0101000
-59 0 +69 0 *
Wi

0101100
-49 0 -57 0 +48 0 +67 0 *
Fa
0  1e-07 465 0

0101000
+47 0 *
Ed
 1e-07 1 1 0
1  935 0 0 7315.2
0

0101000
-54 0 +64 0 *
Ed
 1e-07 1 1 0
1  936 0 0 7315.2
0

0101000
-56 0 +66 0 *
Wi

0101100
-45 0 -53 0 +44 0 +63 0 *
Fa
0  1e-07 466 0

0101000
+43 0 *
Wi

0101100
-62 0 -45 0 +52 0 +49 0 *
Fa
0  1e-07 467 0

0101000
+41 0 *
Wi

0101100
-65 0 -44 0 +55 0 +48 0 *
Fa
0  1e-07 468 0

0101000
+39 0 *
Sh

0101100
-60 0 +50 0 -46 0 +42 0 -40 0 +38 0 *
So

0100000
+37 0 *
Ve
1e-07
0 3048 6045.1998984
0 0

0101101
*
Ve
1e-07
0 3009.81538917405 5945.58786149647
0 0

0101101
*
Ed
 1e-07 1 1 0
1  937 0 0 106.68
0

0101000
-35 0 +34 0 *
Ve
1e-07
0 6096 4876.8
0 0

0101101
*
Ed
 1e-07 1 1 0
1  938 0 0 3264.27056516171
0

0101000
-32 0 +35 0 *
Ve
1e-07
0 6057.81538917405 4777.18796309647
0 0

0101101
*
Ed
 1e-07 1 1 0
1  939 0 0 106.68
0

0101000
-32 0 +30 0 *
Ed
 1e-07 1 1 0
1  940 0 0 3264.27056516171
0

0101000
-30 0 +34 0 *
Wi

0101100
-33 0 -31 0 +29 0 +28 0 *
Fa
0  1e-07 469 0

0101000
+27 0 *
Ve
1e-07
7315.2 3048 6045.1998984
0 0

0101101
*
Ve
1e-07
7315.2 3009.81538917405 5945.58786149647
0 0

0101101
*
Ed
 1e-07 1 1 0
1  941 0 0 106.68
0

0101000
-25 0 +24 0 *
Ve
1e-07
7315.2 6096 4876.8
0 0

0101101
*
Ed
 1e-07 1 1 0
1  942 0 0 3264.27056516171
0

0101000
-22 0 +25 0 *
Ve
1e-07
7315.2 6057.81538917405 4777.18796309647
0 0

0101101
*
Ed
 1e-07 1 1 0
1  943 0 0 106.68
0

0101000
-22 0 +20 0 *
Ed
 1e-07 1 1 0
1  944 0 0 3264.27056516171
0

0101000
-20 0 +24 0 *
Wi

0101100
-23 0 -21 0 +19 0 +18 0 *
Fa
0  1e-07 470 0

0101000
+17 0 *
Ed
 1e-07 1 1 0
1  945 0 0 7315.2
0

0101000
-24 0 +34 0 *
Ed
 1e-07 1 1 0
1  946 0 0 7315.2
0

0101000
-25 0 +35 0 *
Wi

0101100
-15 0 -23 0 +14 0 +33 0 *
Fa
0  1e-07 471 0

0101000
+13 0 *
Ed
 1e-07 1 1 0
1  947 0 0 7315.2
0

0101000
-20 0 +30 0 *
Ed
 1e-07 1 1 0
1  948 0 0 7315.2
0

0101000
-22 0 +32 0 *
Wi

0101100
-11 0 -19 0 +10 0 +29 0 *
Fa
0  1e-07 472 0

0101000
+9 0 *
Wi

0101100
-28 0 -11 0 +18 0 +15 0 *
Fa
0  1e-07 473 0

0101000
+7 0 *
Wi

0101100
-31 0 -10 0 +21 0 +14 0 *
Fa
0  1e-07 474 0

0101000
+5 0 *
Sh

0101100
-26 0 +16 0 -12 0 +8 0 -6 0 +4 0 *
So

0100000
+3 0 *
Co

1100000
+2654 0 +2620 0 +2586 0 +2552 0 +2518 0 +2484 0 +2450 0 +2416 0 +2382 0 +2348 0 
+2314 0 +2280 0 +2246 0 +2212 0 +2178 0 +2144 0 +2110 0 +2076 0 +2042 0 +2008 0 
+1974 0 +1940 0 +1906 0 +1872 0 +1838 0 +1804 0 +1770 0 +1736 0 +1702 0 +1668 0 
+1634 0 +1600 0 +1566 0 +1532 0 +1498 0 +1464 0 +1430 0 +1396 0 +1362 0 +1328 0 
+1294 0 +1260 0 +1226 0 +1192 0 +1158 0 +1124 0 +1090 0 +1056 0 +1022 0 +988 0 
+954 0 +920 0 +886 0 +852 0 +818 0 +784 0 +750 0 +716 0 +682 0 +648 0 
+614 0 +580 0 +546 0 +512 0 +478 0 +444 0 +410 0 +376 0 +342 0 +308 0 
+274 0 +240 0 +206 0 +172 0 +138 0 +104 0 +70 0 +36 0 +2 0 *

+1 0 