DBRep_DrawableShape

CASCADE Topology V1, (c) Matra-Datavision
Locations 74
1
              1               0               0               0 
              0               1               0               0 
              0               0               1               0 
1
              1               0               0               0 
              0               1               0               0 
              0               0               1               0 
1
              1               0               0               0 
              0               1               0               0 
              0               0               1               0 
1
              1               0               0               0 
              0               1               0               0 
              0               0               1               0 
1
              1               0               0               0 
              0               1               0               0 
              0               0               1               0 
1
              1               0               0               0 
              0               1               0               0 
              0               0               1               0 
1
              1               0               0               0 
              0               1               0               0 
              0               0               1               0 
1
              1               0               0               0 
              0               1               0               0 
              0               0               1               0 
1
              1               0               0               0 
              0               1               0               0 
              0               0               1               0 
1
              1               0               0               0 
              0               1               0               0 
              0               0               1               0 
1
              1               0               0               0 
              0               1               0               0 
              0               0               1               0 
1
              1               0               0               0 
              0               1               0               0 
              0               0               1               0 
1
              1               0               0               0 
              0               1               0               0 
              0               0               1               0 
1
              1               0               0               0 
              0               1               0               0 
              0               0               1               0 
1
              1               0               0               0 
              0               1               0               0 
              0               0               1               0 
1
              1               0               0               0 
              0               1               0               0 
              0               0               1               0 
1
              1               0               0               0 
              0               1               0               0 
              0               0               1               0 
1
              1               0               0               0 
              0               1               0               0 
              0               0               1               0 
1
              1               0               0               0 
              0               1               0               0 
              0               0               1               0 
1
              1               0               0               0 
              0               1               0               0 
              0               0               1               0 
1
              1               0               0               0 
              0               1               0               0 
              0               0               1               0 
1
              1               0               0               0 
              0               1               0               0 
              0               0               1               0 
1
              1               0               0               0 
              0               1               0               0 
              0               0               1               0 
1
              1               0               0               0 
              0               1               0               0 
              0               0               1               0 
1
              1               0               0               0 
              0               1               0               0 
              0               0               1               0 
1
              1               0               0               0 
              0               1               0               0 
              0               0               1               0 
1
              1               0               0               0 
              0               1               0               0 
              0               0               1               0 
1
              1               0               0               0 
              0               1               0               0 
              0               0               1               0 
1
              1               0               0               0 
              0               1               0               0 
              0               0               1               0 
1
              1               0               0               0 
              0               1               0               0 
              0               0               1               0 
1
              1               0               0               0 
              0               1               0               0 
              0               0               1               0 
1
              1               0               0               0 
              0               1               0               0 
              0               0               1               0 
1
              1               0               0               0 
              0               1               0               0 
              0               0               1               0 
1
              1               0               0               0 
              0               1               0               0 
              0               0               1               0 
1
              1               0               0               0 
              0               1               0               0 
              0               0               1               0 
1
              1               0               0               0 
              0               1               0               0 
              0               0               1               0 
1
              1               0               0               0 
              0               1               0               0 
              0               0               1               0 
1
              1               0               0               0 
              0               1               0               0 
              0               0               1               0 
1
              1               0               0               0 
              0               1               0               0 
              0               0               1               0 
1
              1               0               0               0 
              0               1               0               0 
              0               0               1               0 
1
              1               0               0               0 
              0               1               0               0 
              0               0               1               0 
1
              1               0               0               0 
              0               1               0               0 
              0               0               1               0 
1
              1               0               0               0 
              0               1               0               0 
              0               0               1               0 
1
              1               0               0               0 
              0               1               0               0 
              0               0               1               0 
1
              1               0               0               0 
              0               1               0               0 
              0               0               1               0 
1
              1               0               0               0 
              0               1               0               0 
              0               0               1               0 
1
              1               0               0               0 
              0               1               0               0 
              0               0               1               0 
1
              1               0               0               0 
              0               1               0               0 
              0               0               1               0 
1
              1               0               0               0 
              0               1               0               0 
              0               0               1               0 
1
              1               0               0               0 
              0               1               0               0 
              0               0               1               0 
1
              1               0               0               0 
              0               1               0               0 
              0               0               1               0 
1
              1               0               0               0 
              0               1               0               0 
              0               0               1               0 
1
              1               0               0               0 
              0               1               0               0 
              0               0               1               0 
1
              1               0               0          7315.2 
              0               1               0               0 
              0               0               1               0 
1
              1               0               0               0 
              0               1               0               0 
              0               0               1               0 
1
              1               0               0               0 
              0               1               0               0 
              0               0               1               0 
1
              1               0               0               0 
              0               1               0               0 
              0               0               1               0 
1
              1               0               0               0 
              0               1               0               0 
              0               0               1               0 
1
              1               0               0               0 
              0               1               0               0 
              0               0               1               0 
1
              1               0               0               0 
              0               1               0               0 
              0               0               1               0 
1
              1               0               0               0 
              0               1               0               0 
              0               0               1               0 
1
              1               0               0               0 
              0               1               0               0 
              0               0               1               0 
1
              1               0               0               0 
              0               1               0               0 
              0               0               1               0 
1
              1               0               0               0 
              0               1               0               0 
              0               0               1               0 
1
              1               0               0               0 
              0               1               0               0 
              0               0               1               0 
1
              1               0               0               0 
              0               1               0               0 
              0               0               1               0 
1
              1               0               0          7315.2 
              0               1               0               0 
              0               0               1               0 
1
              1               0               0               0 
              0               1               0               0 
              0               0               1               0 
1
              1               0               0               0 
              0               1               0               0 
              0               0               1               0 
1
              1               0               0               0 
              0               1               0               0 
              0               0               1               0 
1
              1               0               0               0 
              0               1               0               0 
              0               0               1               0 
1
              1               0               0               0 
              0               1               0               0 
              0               0               1               0 
1
              1               0               0               0 
              0               1               0               0 
              0               0               1               0 
1
              1               0               0               0 
              0               1               0               0 
              0               0               1               0 
Curve2ds 1984
1 0 0 1 0 
1 0 0 1 0 
1 12.192000000000007 0 0 -1 
1 0 0 0 1 
1 0 -1773.9360000000001 1 0 
1 0 0 1 0 
1 0 0 0 -1 
1 0 0 0 1 
1 0 0 1 0 
1 0 1920.24 1 0 
1 12.192000000000007 0 0 -1 
1 1920.24 0 0 1 
1 0 -1773.9360000000001 1 0 
1 0 1920.24 1 0 
1 0 0 0 -1 
1 1920.24 0 0 1 
1 0 0 0 1 
1 0 0 1 0 
1 12.192000000000007 0 0 1 
1 0 0 1 0 
1 0 0 0 1 
1 0 1773.9360000000001 1 0 
1 12.192000000000007 0 0 1 
1 0 1773.9360000000001 1 0 
1 0 0 1 0 
1 0 0 1 0 
1 12.192000000000007 0 0 -1 
1 0 0 0 1 
1 0 -2865.1200000000003 1 0 
1 0 0 1 0 
1 0 0 0 -1 
1 0 0 0 1 
1 0 0 1 0 
1 0 2926.0799999999999 1 0 
1 12.192000000000007 0 0 -1 
1 2926.0799999999999 0 0 1 
1 0 -2865.1200000000003 1 0 
1 0 2926.0799999999999 1 0 
1 0 0 0 -1 
1 2926.0799999999999 0 0 1 
1 0 0 0 1 
1 0 0 1 0 
1 12.192000000000007 0 0 1 
1 0 0 1 0 
1 0 0 0 1 
1 0 2865.1200000000003 1 0 
1 12.192000000000007 0 0 1 
1 0 2865.1200000000003 1 0 
1 0 0 1 0 
1 0 0 1 0 
1 36.576000000000022 0 0 -1 
1 0 0 0 1 
1 0 -5943.6000000000004 1 0 
1 0 0 1 0 
1 0 0 0 -1 
1 0 0 0 1 
1 0 0 1 0 
1 0 36.575999999999112 1 0 
1 36.576000000000022 0 0 -1 
1 36.575999999999112 0 0 1 
1 0 -5943.6000000000004 1 0 
1 0 36.575999999999112 1 0 
1 0 0 0 -1 
1 36.575999999999112 0 0 1 
1 0 0 0 1 
1 0 0 1 0 
1 36.576000000000022 0 0 1 
1 0 0 1 0 
1 0 0 0 1 
1 0 5943.6000000000004 1 0 
1 36.576000000000022 0 0 1 
1 0 5943.6000000000004 1 0 
1 0 0 1 0 
1 0 0 1 0 
1 914.40000000000009 0 0 -1 
1 0 0 0 1 
1 0 -2011.6800000000003 1 0 
1 0 0 1 0 
1 0 0 0 -1 
1 0 0 0 1 
1 0 0 1 0 
1 0 661.41600000000017 1 0 
1 914.40000000000009 0 0 -1 
1 661.41600000000017 0 0 1 
1 0 -2011.6800000000003 1 0 
1 0 661.41600000000017 1 0 
1 0 0 0 -1 
1 661.41600000000017 0 0 1 
1 0 0 0 1 
1 0 0 1 0 
1 914.40000000000009 0 0 1 
1 0 0 1 0 
1 0 0 0 1 
1 0 2011.6800000000003 1 0 
1 914.40000000000009 0 0 1 
1 0 2011.6800000000003 1 0 
1 0 0 1 0 
1 0 0 1 0 
1 762 0 0 -1 
1 0 0 0 1 
1 0 -609.59999999999991 1 0 
1 0 0 1 0 
1 0 0 0 -1 
1 0 0 0 1 
1 0 0 1 0 
1 0 38.100000000000364 1 0 
1 762 0 0 -1 
1 38.100000000000364 0 0 1 
1 0 -609.59999999999991 1 0 
1 0 38.100000000000364 1 0 
1 0 0 0 -1 
1 38.100000000000364 0 0 1 
1 0 0 0 1 
1 0 0 1 0 
1 762 0 0 1 
1 0 0 1 0 
1 0 0 0 1 
1 0 609.59999999999991 1 0 
1 762 0 0 1 
1 0 609.59999999999991 1 0 
1 0 0 1 0 
1 0 0 1 0 
1 1920.2400000000002 0 0 -1 
1 0 0 0 1 
1 0 -1524 1 0 
1 0 0 1 0 
1 0 0 0 -1 
1 0 0 0 1 
1 0 0 1 0 
1 0 38.100000000000364 1 0 
1 1920.2400000000002 0 0 -1 
1 38.100000000000364 0 0 1 
1 0 -1524 1 0 
1 0 38.100000000000364 1 0 
1 0 0 0 -1 
1 38.100000000000364 0 0 1 
1 0 0 0 1 
1 0 0 1 0 
1 1920.2400000000002 0 0 1 
1 0 0 1 0 
1 0 0 0 1 
1 0 1524 1 0 
1 1920.2400000000002 0 0 1 
1 0 1524 1 0 
1 0 0 1 0 
1 0 0 1 0 
1 222.73846153846154 0 0 -1 
1 0 0 0 1 
1 0 -1219.2 1 0 
1 0 0 1 0 
1 0 0 0 -1 
1 0 0 0 1 
1 0 0 1 0 
1 0 267.05169230769241 1 0 
1 222.73846153846154 0 0 -1 
1 267.05169230769241 0 0 1 
1 0 -1219.2 1 0 
1 0 267.05169230769241 1 0 
1 0 0 0 -1 
1 267.05169230769241 0 0 1 
1 0 0 0 1 
1 0 0 1 0 
1 222.73846153846154 0 0 1 
1 0 0 1 0 
1 0 0 0 1 
1 0 1219.2 1 0 
1 222.73846153846154 0 0 1 
1 0 1219.2 1 0 
1 0 0 1 0 
1 0 0 1 0 
1 445.47692307692307 0 0 -1 
1 0 0 0 1 
1 0 -1219.2 1 0 
1 0 0 1 0 
1 0 0 0 -1 
1 0 0 0 1 
1 0 0 1 0 
1 0 267.05169230769229 1 0 
1 445.47692307692307 0 0 -1 
1 267.05169230769229 0 0 1 
1 0 -1219.2 1 0 
1 0 267.05169230769229 1 0 
1 0 0 0 -1 
1 267.05169230769229 0 0 1 
1 0 0 0 1 
1 0 0 1 0 
1 445.47692307692307 0 0 1 
1 0 0 1 0 
1 0 0 0 1 
1 0 1219.2 1 0 
1 445.47692307692307 0 0 1 
1 0 1219.2 1 0 
1 0 0 1 0 
1 0 0 1 0 
1 668.21538461538455 0 0 -1 
1 0 0 0 1 
1 0 -1219.2 1 0 
1 0 0 1 0 
1 0 0 0 -1 
1 0 0 0 1 
1 0 0 1 0 
1 0 267.05169230769229 1 0 
1 668.21538461538455 0 0 -1 
1 267.05169230769229 0 0 1 
1 0 -1219.2 1 0 
1 0 267.05169230769229 1 0 
1 0 0 0 -1 
1 267.05169230769229 0 0 1 
1 0 0 0 1 
1 0 0 1 0 
1 668.21538461538455 0 0 1 
1 0 0 1 0 
1 0 0 0 1 
1 0 1219.2 1 0 
1 668.21538461538455 0 0 1 
1 0 1219.2 1 0 
1 0 0 1 0 
1 0 0 1 0 
1 890.95384615384614 0 0 -1 
1 0 0 0 1 
1 0 -1219.2 1 0 
1 0 0 1 0 
1 0 0 0 -1 
1 0 0 0 1 
1 0 0 1 0 
1 0 267.05169230769229 1 0 
1 890.95384615384614 0 0 -1 
1 267.05169230769229 0 0 1 
1 0 -1219.2 1 0 
1 0 267.05169230769229 1 0 
1 0 0 0 -1 
1 267.05169230769229 0 0 1 
1 0 0 0 1 
1 0 0 1 0 
1 890.95384615384614 0 0 1 
1 0 0 1 0 
1 0 0 0 1 
1 0 1219.2 1 0 
1 890.95384615384614 0 0 1 
1 0 1219.2 1 0 
1 0 0 1 0 
1 0 0 1 0 
1 1113.6923076923076 0 0 -1 
1 0 0 0 1 
1 0 -1219.2 1 0 
1 0 0 1 0 
1 0 0 0 -1 
1 0 0 0 1 
1 0 0 1 0 
1 0 267.05169230769229 1 0 
1 1113.6923076923076 0 0 -1 
1 267.05169230769229 0 0 1 
1 0 -1219.2 1 0 
1 0 267.05169230769229 1 0 
1 0 0 0 -1 
1 267.05169230769229 0 0 1 
1 0 0 0 1 
1 0 0 1 0 
1 1113.6923076923076 0 0 1 
1 0 0 1 0 
1 0 0 0 1 
1 0 1219.2 1 0 
1 1113.6923076923076 0 0 1 
1 0 1219.2 1 0 
1 0 0 1 0 
1 0 0 1 0 
1 1336.4307692307691 0 0 -1 
1 0 0 0 1 
1 0 -1219.2 1 0 
1 0 0 1 0 
1 0 0 0 -1 
1 0 0 0 1 
1 0 0 1 0 
1 0 267.05169230769229 1 0 
1 1336.4307692307691 0 0 -1 
1 267.05169230769229 0 0 1 
1 0 -1219.2 1 0 
1 0 267.05169230769229 1 0 
1 0 0 0 -1 
1 267.05169230769229 0 0 1 
1 0 0 0 1 
1 0 0 1 0 
1 1336.4307692307691 0 0 1 
1 0 0 1 0 
1 0 0 0 1 
1 0 1219.2 1 0 
1 1336.4307692307691 0 0 1 
1 0 1219.2 1 0 
1 0 0 1 0 
1 0 0 1 0 
1 1559.1692307692308 0 0 -1 
1 0 0 0 1 
1 0 -1219.2 1 0 
1 0 0 1 0 
1 0 0 0 -1 
1 0 0 0 1 
1 0 0 1 0 
1 0 267.05169230769229 1 0 
1 1559.1692307692308 0 0 -1 
1 267.05169230769229 0 0 1 
1 0 -1219.2 1 0 
1 0 267.05169230769229 1 0 
1 0 0 0 -1 
1 267.05169230769229 0 0 1 
1 0 0 0 1 
1 0 0 1 0 
1 1559.1692307692308 0 0 1 
1 0 0 1 0 
1 0 0 0 1 
1 0 1219.2 1 0 
1 1559.1692307692308 0 0 1 
1 0 1219.2 1 0 
1 0 0 1 0 
1 0 0 1 0 
1 1781.9076923076923 0 0 -1 
1 0 0 0 1 
1 0 -1219.2 1 0 
1 0 0 1 0 
1 0 0 0 -1 
1 0 0 0 1 
1 0 0 1 0 
1 0 267.05169230769229 1 0 
1 1781.9076923076923 0 0 -1 
1 267.05169230769229 0 0 1 
1 0 -1219.2 1 0 
1 0 267.05169230769229 1 0 
1 0 0 0 -1 
1 267.05169230769229 0 0 1 
1 0 0 0 1 
1 0 0 1 0 
1 1781.9076923076923 0 0 1 
1 0 0 1 0 
1 0 0 0 1 
1 0 1219.2 1 0 
1 1781.9076923076923 0 0 1 
1 0 1219.2 1 0 
1 0 0 1 0 
1 0 0 1 0 
1 2004.6461538461538 0 0 -1 
1 0 0 0 1 
1 0 -1219.2 1 0 
1 0 0 1 0 
1 0 0 0 -1 
1 0 0 0 1 
1 0 0 1 0 
1 0 267.05169230769252 1 0 
1 2004.6461538461538 0 0 -1 
1 267.05169230769252 0 0 1 
1 0 -1219.2 1 0 
1 0 267.05169230769252 1 0 
1 0 0 0 -1 
1 267.05169230769252 0 0 1 
1 0 0 0 1 
1 0 0 1 0 
1 2004.6461538461538 0 0 1 
1 0 0 1 0 
1 0 0 0 1 
1 0 1219.2 1 0 
1 2004.6461538461538 0 0 1 
1 0 1219.2 1 0 
1 0 0 1 0 
1 0 0 1 0 
1 2227.3846153846152 0 0 -1 
1 0 0 0 1 
1 0 -1219.2 1 0 
1 0 0 1 0 
1 0 0 0 -1 
1 0 0 0 1 
1 0 0 1 0 
1 0 267.05169230769252 1 0 
1 2227.3846153846152 0 0 -1 
1 267.05169230769252 0 0 1 
1 0 -1219.2 1 0 
1 0 267.05169230769252 1 0 
1 0 0 0 -1 
1 267.05169230769252 0 0 1 
1 0 0 0 1 
1 0 0 1 0 
1 2227.3846153846152 0 0 1 
1 0 0 1 0 
1 0 0 0 1 
1 0 1219.2 1 0 
1 2227.3846153846152 0 0 1 
1 0 1219.2 1 0 
1 0 0 1 0 
1 0 0 1 0 
1 2450.123076923077 0 0 -1 
1 0 0 0 1 
1 0 -1219.2 1 0 
1 0 0 1 0 
1 0 0 0 -1 
1 0 0 0 1 
1 0 0 1 0 
1 0 267.05169230769252 1 0 
1 2450.123076923077 0 0 -1 
1 267.05169230769252 0 0 1 
1 0 -1219.2 1 0 
1 0 267.05169230769252 1 0 
1 0 0 0 -1 
1 267.05169230769252 0 0 1 
1 0 0 0 1 
1 0 0 1 0 
1 2450.123076923077 0 0 1 
1 0 0 1 0 
1 0 0 0 1 
1 0 1219.2 1 0 
1 2450.123076923077 0 0 1 
1 0 1219.2 1 0 
1 0 0 1 0 
1 0 0 1 0 
1 2672.8615384615382 0 0 -1 
1 0 0 0 1 
1 0 -1219.2 1 0 
1 0 0 1 0 
1 0 0 0 -1 
1 0 0 0 1 
1 0 0 1 0 
1 0 267.05169230769252 1 0 
1 2672.8615384615382 0 0 -1 
1 267.05169230769252 0 0 1 
1 0 -1219.2 1 0 
1 0 267.05169230769252 1 0 
1 0 0 0 -1 
1 267.05169230769252 0 0 1 
1 0 0 0 1 
1 0 0 1 0 
1 2672.8615384615382 0 0 1 
1 0 0 1 0 
1 0 0 0 1 
1 0 1219.2 1 0 
1 2672.8615384615382 0 0 1 
1 0 1219.2 1 0 
1 0 0 1 0 
1 0 0 1 0 
1 2895.5999999999999 0 0 -1 
1 0 0 0 1 
1 0 -1219.2 1 0 
1 0 0 1 0 
1 0 0 0 -1 
1 0 0 0 1 
1 0 0 1 0 
1 0 267.05169230769252 1 0 
1 2895.5999999999999 0 0 -1 
1 267.05169230769252 0 0 1 
1 0 -1219.2 1 0 
1 0 267.05169230769252 1 0 
1 0 0 0 -1 
1 267.05169230769252 0 0 1 
1 0 0 0 1 
1 0 0 1 0 
1 2895.5999999999999 0 0 1 
1 0 0 1 0 
1 0 0 0 1 
1 0 1219.2 1 0 
1 2895.5999999999999 0 0 1 
1 0 1219.2 1 0 
1 0 0 1 0 
1 0 0 1 0 
1 12.192000000000007 0 0 -1 
1 0 0 0 1 
1 0 -4084.3200000000002 1 0 
1 0 0 1 0 
1 0 0 0 -1 
1 0 0 0 1 
1 0 0 1 0 
1 0 4084.3200000000002 1 0 
1 12.192000000000007 0 0 -1 
1 4084.3200000000002 0 0 1 
1 0 -4084.3200000000002 1 0 
1 0 4084.3200000000002 1 0 
1 0 0 0 -1 
1 4084.3200000000002 0 0 1 
1 0 0 0 1 
1 0 0 1 0 
1 12.192000000000007 0 0 1 
1 0 0 1 0 
1 0 0 0 1 
1 0 4084.3200000000002 1 0 
1 12.192000000000007 0 0 1 
1 0 4084.3200000000002 1 0 
1 0 0 1 0 
1 0 0 1 0 
1 12.192000000000007 0 0 -1 
1 0 0 0 1 
1 0 -1645.9200000000001 1 0 
1 0 0 1 0 
1 0 0 0 -1 
1 0 0 0 1 
1 0 0 1 0 
1 0 2103.1200000000003 1 0 
1 12.192000000000007 0 0 -1 
1 2103.1200000000003 0 0 1 
1 0 -1645.9200000000001 1 0 
1 0 2103.1200000000003 1 0 
1 0 0 0 -1 
1 2103.1200000000003 0 0 1 
1 0 0 0 1 
1 0 0 1 0 
1 12.192000000000007 0 0 1 
1 0 0 1 0 
1 0 0 0 1 
1 0 1645.9200000000001 1 0 
1 12.192000000000007 0 0 1 
1 0 1645.9200000000001 1 0 
1 0 0 1 0 
1 0 0 1 0 
1 2286 0 0 -1 
1 0 0 0 1 
1 0 -2956.5599999999999 1 0 
1 0 0 1 0 
1 0 0 0 -1 
1 0 0 0 1 
1 0 0 1 0 
1 0 38.099999999999994 1 0 
1 2286 0 0 -1 
1 38.099999999999994 0 0 1 
1 0 -2956.5599999999999 1 0 
1 0 38.099999999999994 1 0 
1 0 0 0 -1 
1 38.099999999999994 0 0 1 
1 0 0 0 1 
1 0 0 1 0 
1 2286 0 0 1 
1 0 0 1 0 
1 0 0 0 1 
1 0 2956.5599999999999 1 0 
1 2286 0 0 1 
1 0 2956.5599999999999 1 0 
1 0 0 1 0 
1 0 0 1 0 
1 76.200000000000003 0 0 -1 
1 0 0 0 1 
1 0 -5943.6000000000004 1 0 
1 0 0 1 0 
1 0 0 0 -1 
1 0 0 0 1 
1 0 0 1 0 
1 0 1066.7999999999993 1 0 
1 76.200000000000003 0 0 -1 
1 1066.7999999999993 0 0 1 
1 0 -5943.6000000000004 1 0 
1 0 1066.7999999999993 1 0 
1 0 0 0 -1 
1 1066.7999999999993 0 0 1 
1 0 0 0 1 
1 0 0 1 0 
1 76.200000000000003 0 0 1 
1 0 0 1 0 
1 0 0 0 1 
1 0 5943.6000000000004 1 0 
1 76.200000000000003 0 0 1 
1 0 5943.6000000000004 1 0 
1 0 0 1 0 
1 0 0 1 0 
1 76.200000000000003 0 0 -1 
1 0 0 0 1 
1 0 -1219.2 1 0 
1 0 0 1 0 
1 0 0 0 -1 
1 0 0 0 1 
1 0 0 1 0 
1 0 4876.7999999999993 1 0 
1 76.200000000000003 0 0 -1 
1 4876.7999999999993 0 0 1 
1 0 -1219.2 1 0 
1 0 4876.7999999999993 1 0 
1 0 0 0 -1 
1 4876.7999999999993 0 0 1 
1 0 0 0 1 
1 0 0 1 0 
1 76.200000000000003 0 0 1 
1 0 0 1 0 
1 0 0 0 1 
1 0 1219.2 1 0 
1 76.200000000000003 0 0 1 
1 0 1219.2 1 0 
1 0 0 1 0 
1 0 0 1 0 
1 12.192000000000007 0 0 -1 
1 0 0 0 1 
1 0 -2072.6399999999999 1 0 
1 0 0 1 0 
1 0 0 0 -1 
1 0 0 0 1 
1 0 0 1 0 
1 0 3931.9200000000001 1 0 
1 12.192000000000007 0 0 -1 
1 3931.9200000000001 0 0 1 
1 0 -2072.6399999999999 1 0 
1 0 3931.9200000000001 1 0 
1 0 0 0 -1 
1 3931.9200000000001 0 0 1 
1 0 0 0 1 
1 0 0 1 0 
1 12.192000000000007 0 0 1 
1 0 0 1 0 
1 0 0 0 1 
1 0 2072.6399999999999 1 0 
1 12.192000000000007 0 0 1 
1 0 2072.6399999999999 1 0 
1 0 0 1 0 
1 0 0 1 0 
1 914.40000000000009 0 0 -1 
1 0 0 0 1 
1 0 -670.55999999999995 1 0 
1 0 0 1 0 
1 0 0 0 -1 
1 0 0 0 1 
1 0 0 1 0 
1 0 2255.5200000000004 1 0 
1 914.40000000000009 0 0 -1 
1 2255.5200000000004 0 0 1 
1 0 -670.55999999999995 1 0 
1 0 2255.5200000000004 1 0 
1 0 0 0 -1 
1 2255.5200000000004 0 0 1 
1 0 0 0 1 
1 0 0 1 0 
1 914.40000000000009 0 0 1 
1 0 0 1 0 
1 0 0 0 1 
1 0 670.55999999999995 1 0 
1 914.40000000000009 0 0 1 
1 0 670.55999999999995 1 0 
1 0 0 1 0 
1 0 0 1 0 
1 2743.2000000000003 0 0 -1 
1 0 0 0 1 
1 0 -100.58399999999983 1 0 
1 0 0 1 0 
1 0 0 0 -1 
1 0 0 0 1 
1 0 0 0 1 
1 0 0 1 0 
8 -2072.6399999999999 0
1 0 1005.8400000000001 -1 0 
8 -2072.6399999999999 0
1 0 -15.239999999999782 -1 -0 
8 502.92000000000007 1234.4400000000001
1 2072.6399999999999 502.92000000000007 0 1 
8 502.92000000000007 1234.4400000000001
1 -502.92000000000007 15.239999999999782 1 0 
8 -2072.6399999999999 0
1 0 1737.3600000000001 -1 0 
8 -2072.6399999999999 0
1 0 -15.239999999999782 -1 -0 
1 0 0 1 0 
1 0 1981.1999999999998 1 0 
1 2743.2000000000003 0 0 1 
1 0 0 1 0 
1 2743.2000000000003 0 0 1 
1 0 100.58399999999983 1 0 
1 2743.2000000000003 0 0 -1 
1 1981.1999999999998 0 0 1 
1 0 0 0 1 
1 0 100.58399999999983 1 0 
8 -2072.6399999999999 0
1 0 1005.8400000000001 -1 0 
8 -2072.6399999999999 0
1 0 -115.82399999999961 -1 -0 
8 502.92000000000007 1234.4400000000001
1 2072.6399999999999 502.92000000000007 0 1 
8 502.92000000000007 1234.4400000000001
1 -502.92000000000007 115.82399999999961 1 0 
8 -2072.6399999999999 0
1 0 1737.3600000000001 -1 0 
8 -2072.6399999999999 0
1 0 -115.82399999999961 -1 -0 
1 0 -100.58399999999983 1 0 
1 0 1981.1999999999998 1 0 
1 0 0 0 -1 
1 0 0 0 1 
1 2072.6399999999999 0 0 -1 
1 0 0 0 1 
1 2072.6399999999999 0 0 -1 
1 731.51999999999998 0 0 1 
1 0 0 0 -1 
1 731.51999999999998 0 0 1 
1 0 0 0 -1 
1 1981.1999999999998 0 0 1 
1 0 0 1 0 
1 0 0 1 0 
1 2743.2000000000003 0 0 -1 
1 0 0 0 1 
1 0 -1676.4000000000005 1 0 
1 0 0 1 0 
1 0 0 0 -1 
1 0 0 0 1 
1 0 0 1 0 
1 0 100.58399999999983 1 0 
1 2743.2000000000003 0 0 -1 
1 100.58399999999983 0 0 1 
1 0 -1676.4000000000005 1 0 
1 0 100.58399999999983 1 0 
1 0 0 0 -1 
1 100.58399999999983 0 0 1 
1 0 0 0 1 
1 0 0 1 0 
1 2743.2000000000003 0 0 1 
1 0 0 1 0 
1 0 0 0 1 
1 0 1676.4000000000005 1 0 
1 2743.2000000000003 0 0 1 
1 0 1676.4000000000005 1 0 
1 0 -6096 1 0 
1 0 0 1 0 
1 0 0 0 -1 
1 0 0 0 1 
8 0 2072.6399999999999
1 0 -5577.8400000000001 1 0 
8 0 2072.6399999999999
1 0 15.239999999999782 1 0 
8 -3169.9200000000001 -2407.9200000000001
1 2072.6399999999999 -2407.9200000000001 0 1 
8 -3169.9200000000001 -2407.9200000000001
1 15.239999999999782 -2407.9200000000001 0 -1 
8 0 2072.6399999999999
1 0 -4815.8400000000001 1 0 
8 0 2072.6399999999999
1 0 15.239999999999782 1 0 
8 0 2133.5999999999999
1 0 -3688.0799999999999 1 0 
8 0 2133.5999999999999
1 0 15.239999999999782 1 0 
8 -2453.6399999999999 -1234.4400000000001
1 2133.5999999999999 -1234.4400000000001 0 1 
8 -2453.6399999999999 -1234.4400000000001
1 15.239999999999782 -1234.4400000000001 0 -1 
8 0 2133.5999999999999
1 0 -2468.8800000000001 1 0 
8 0 2133.5999999999999
1 0 15.239999999999782 1 0 
1 0 0 1 0 
1 0 0 1 0 
1 2743.2000000000003 0 0 -1 
1 0 0 0 1 
8 -1249.6800000000001 -487.68000000000006
1 914.39999999999998 -487.68000000000006 0 1 
8 -1249.6800000000001 -487.68000000000006
1 15.239999999999782 -487.68000000000006 0 -1 
8 457.19999999999993 1524
1 457.20000000000005 -1737.3600000000001 1 0 
8 457.19999999999993 1524
1 -457.19999999999993 15.239999999999782 1 0 
8 457.19999999999993 1524
1 457.20000000000005 -975.36000000000013 1 0 
8 457.19999999999993 1524
1 -457.19999999999993 15.239999999999782 1 0 
8 -1249.6800000000001 -487.68000000000006
1 1981.1999999999998 -487.68000000000006 0 1 
8 -1249.6800000000001 -487.68000000000006
1 15.239999999999782 -487.68000000000006 0 -1 
1 0 0 0 1 
1 0 6096 1 0 
1 0 -6096 1 0 
1 0 152.39999999999964 1 0 
1 2743.2000000000003 0 0 1 
1 0 6096 1 0 
1 0 0 0 -1 
1 152.39999999999964 0 0 1 
1 0 0 0 1 
1 0 762 1 0 
8 0 2072.6399999999999
1 0 -5577.8400000000001 1 0 
8 0 2072.6399999999999
1 0 167.63999999999942 1 0 
1 2072.6399999999999 0 0 1 
1 0 762 1 0 
8 -3169.9200000000001 -2407.9200000000001
1 2072.6399999999999 -2407.9200000000001 0 1 
8 -3169.9200000000001 -2407.9200000000001
1 167.63999999999942 -2407.9200000000001 0 -1 
1 2072.6399999999999 0 0 1 
1 0 0 1 0 
1 0 0 0 1 
1 0 0 1 0 
8 0 2072.6399999999999
1 0 -4815.8400000000001 1 0 
8 0 2072.6399999999999
1 0 167.63999999999942 1 0 
1 0 0 0 1 
1 0 1219.1999999999998 1 0 
8 0 2133.5999999999999
1 0 -3688.0799999999999 1 0 
8 0 2133.5999999999999
1 0 167.63999999999942 1 0 
1 2133.5999999999999 0 0 1 
1 0 1219.1999999999998 1 0 
8 -2453.6399999999999 -1234.4400000000001
1 2133.5999999999999 -1234.4400000000001 0 1 
8 -2453.6399999999999 -1234.4400000000001
1 167.63999999999942 -1234.4400000000001 0 -1 
1 2133.5999999999999 0 0 1 
1 0 0 1 0 
1 0 0 0 1 
1 0 0 1 0 
8 0 2133.5999999999999
1 0 -2468.8800000000001 1 0 
8 0 2133.5999999999999
1 0 167.63999999999942 1 0 
1 0 0 0 1 
1 0 0 1 0 
1 0 0 1 0 
1 0 152.39999999999964 1 0 
1 2743.2000000000003 0 0 1 
1 0 0 1 0 
1 2743.2000000000003 0 0 -1 
1 152.39999999999964 0 0 1 
1 0 0 0 1 
1 0 762 1 0 
8 -1249.6800000000001 -487.68000000000006
1 914.39999999999998 -487.68000000000006 0 1 
8 -1249.6800000000001 -487.68000000000006
1 167.63999999999942 -487.68000000000006 0 -1 
1 0 0 0 1 
1 0 0 1 0 
8 457.19999999999993 1524
1 457.20000000000005 -1737.3600000000001 1 0 
8 457.19999999999993 1524
1 -457.19999999999993 167.63999999999942 1 0 
1 1066.8 0 0 1 
1 0 762 1 0 
8 457.19999999999993 1524
1 457.20000000000005 -975.36000000000013 1 0 
8 457.19999999999993 1524
1 -457.19999999999993 167.63999999999942 1 0 
1 1066.8 0 0 1 
1 0 0 1 0 
8 -1249.6800000000001 -487.68000000000006
1 1981.1999999999998 -487.68000000000006 0 1 
8 -1249.6800000000001 -487.68000000000006
1 167.63999999999942 -487.68000000000006 0 -1 
1 2743.2000000000003 0 0 -1 
1 0 0 0 1 
1 0 -5791.1999999999998 1 0 
1 0 0 1 0 
1 0 0 0 -1 
1 0 0 0 1 
8 0 2133.5999999999999
1 0 -3200.4000000000001 1 0 
8 0 2133.5999999999999
1 0 15.239999999999782 1 0 
8 -2057.4000000000001 -1143
1 2133.5999999999999 -1143 0 1 
8 -2057.4000000000001 -1143
1 15.239999999999782 -1143 0 -1 
8 0 2133.5999999999999
1 0 -2286 1 0 
8 0 2133.5999999999999
1 0 15.239999999999782 1 0 
1 0 0 1 0 
1 0 0 1 0 
1 2743.2000000000003 0 0 1 
1 0 5791.1999999999998 1 0 
1 2743.2000000000003 0 0 -1 
1 100.58399999999983 0 0 1 
1 2743.2000000000003 0 0 1 
1 0 0 1 0 
1 0 0 0 1 
1 0 5791.1999999999998 1 0 
1 0 -5791.1999999999998 1 0 
1 0 100.58399999999983 1 0 
1 0 0 0 -1 
1 100.58399999999983 0 0 1 
1 0 0 0 1 
1 0 914.40000000000009 1 0 
8 0 2133.5999999999999
1 0 -3200.4000000000001 1 0 
8 0 2133.5999999999999
1 0 115.82399999999961 1 0 
1 2133.5999999999999 0 0 1 
1 0 914.40000000000009 1 0 
8 -2057.4000000000001 -1143
1 2133.5999999999999 -1143 0 1 
8 -2057.4000000000001 -1143
1 115.82399999999961 -1143 0 -1 
1 2133.5999999999999 0 0 1 
1 0 0 1 0 
1 0 0 0 1 
1 0 0 1 0 
8 0 2133.5999999999999
1 0 -2286 1 0 
8 0 2133.5999999999999
1 0 115.82399999999961 1 0 
1 0 0 0 1 
1 0 0 1 0 
1 0 0 1 0 
1 0 100.58399999999983 1 0 
1 0 0 1 0 
1 0 0 1 0 
1 2743.2000000000003 0 0 -1 
1 0 0 0 1 
1 0 -152.39999999999964 1 0 
1 0 0 1 0 
1 0 0 0 -1 
1 0 0 0 1 
1 0 0 1 0 
1 0 7315.2000000000007 1 0 
1 2743.2000000000003 0 0 -1 
1 7315.2000000000007 0 0 1 
1 0 -152.39999999999964 1 0 
1 0 7315.2000000000007 1 0 
1 0 0 0 -1 
1 7315.2000000000007 0 0 1 
1 0 0 0 1 
1 0 0 1 0 
1 2743.2000000000003 0 0 1 
1 0 0 1 0 
1 0 0 0 1 
1 0 152.39999999999964 1 0 
1 2743.2000000000003 0 0 1 
1 0 152.39999999999964 1 0 
1 0 0 1 0 
1 0 0 1 0 
1 2743.2000000000003 0 0 -1 
1 0 0 0 1 
1 0 -100.58399999999983 1 0 
1 0 0 1 0 
1 0 0 0 -1 
1 0 0 0 1 
1 0 0 0 1 
1 0 0 1 0 
8 -2072.6399999999999 0
1 0 609.60000000000036 -1 0 
8 -2072.6399999999999 0
1 0 -15.239999999999782 -1 -0 
8 304.80000000000018 1097.2800000000007
1 2072.6399999999999 304.80000000000018 0 1 
8 304.80000000000018 1097.2800000000007
1 -304.80000000000018 15.239999999999782 1 0 
8 -2072.6399999999999 0
1 0 1402.0800000000008 -1 0 
8 -2072.6399999999999 0
1 0 -15.239999999999782 -1 -0 
1 0 0 1 0 
1 0 2895.5999999999995 1 0 
1 2743.2000000000003 0 0 1 
1 0 0 1 0 
1 2743.2000000000003 0 0 1 
1 0 100.58399999999983 1 0 
1 2743.2000000000003 0 0 -1 
1 2895.5999999999995 0 0 1 
1 0 0 0 1 
1 0 100.58399999999983 1 0 
8 -2072.6399999999999 0
1 0 609.60000000000036 -1 0 
8 -2072.6399999999999 0
1 0 -115.82399999999961 -1 -0 
8 304.80000000000018 1097.2800000000007
1 2072.6399999999999 304.80000000000018 0 1 
8 304.80000000000018 1097.2800000000007
1 -304.80000000000018 115.82399999999961 1 0 
8 -2072.6399999999999 0
1 0 1402.0800000000008 -1 0 
8 -2072.6399999999999 0
1 0 -115.82399999999961 -1 -0 
1 0 -100.58399999999983 1 0 
1 0 2895.5999999999995 1 0 
1 0 0 0 -1 
1 0 0 0 1 
1 2072.6399999999999 0 0 -1 
1 0 0 0 1 
1 2072.6399999999999 0 0 -1 
1 792.48000000000047 0 0 1 
1 0 0 0 -1 
1 792.48000000000047 0 0 1 
1 0 0 0 -1 
1 2895.5999999999995 0 0 1 
1 0 0 1 0 
1 0 0 1 0 
1 45.719999999999999 0 0 -1 
1 0 0 0 1 
1 0 -914.39999999999964 1 0 
1 0 0 1 0 
1 0 0 0 -1 
1 0 0 0 1 
1 0 0 1 0 
1 0 914.40000000000009 1 0 
1 45.719999999999999 0 0 -1 
1 914.40000000000009 0 0 1 
1 0 -914.39999999999964 1 0 
1 0 914.40000000000009 1 0 
1 0 0 0 -1 
1 914.40000000000009 0 0 1 
1 0 0 0 1 
1 0 0 1 0 
1 45.719999999999999 0 0 1 
1 0 0 1 0 
1 0 0 0 1 
1 0 914.39999999999964 1 0 
1 45.719999999999999 0 0 1 
1 0 914.39999999999964 1 0 
1 0 0 1 0 
1 0 0 1 0 
1 2743.2000000000003 0 0 -1 
1 0 0 0 1 
1 0 -152.40000000000001 1 0 
1 0 0 1 0 
1 0 0 0 -1 
1 0 0 0 1 
1 0 0 1 0 
1 0 7315.2000000000007 1 0 
1 2743.2000000000003 0 0 -1 
1 7315.2000000000007 0 0 1 
1 0 -152.40000000000001 1 0 
1 0 7315.2000000000007 1 0 
1 0 0 0 -1 
1 7315.2000000000007 0 0 1 
1 0 0 0 1 
1 0 0 1 0 
1 2743.2000000000003 0 0 1 
1 0 0 1 0 
1 0 0 0 1 
1 0 152.40000000000001 1 0 
1 2743.2000000000003 0 0 1 
1 0 152.40000000000001 1 0 
1 0 0 1 0 
1 0 0 1 0 
1 853.43999999999994 0 0 -1 
1 0 0 0 1 
1 0 -441.96000000000004 1 0 
1 0 0 1 0 
1 0 0 0 -1 
1 0 0 0 1 
1 0 0 1 0 
1 0 731.51999999999998 1 0 
1 853.43999999999994 0 0 -1 
1 731.51999999999998 0 0 1 
1 0 -441.96000000000004 1 0 
1 0 731.51999999999998 1 0 
1 0 0 0 -1 
1 731.51999999999998 0 0 1 
1 0 0 0 1 
1 0 0 1 0 
1 853.43999999999994 0 0 1 
1 0 0 1 0 
1 0 0 0 1 
1 0 441.96000000000004 1 0 
1 853.43999999999994 0 0 1 
1 0 441.96000000000004 1 0 
1 2743.2000000000003 0 0 -1 
1 0 0 0 1 
1 0 -6096 1 0 
1 0 0 1 0 
1 0 0 0 -1 
1 0 0 0 1 
8 0 2286
1 0 -3627.1199999999999 1 0 
8 0 2286
1 0 15.240000000000002 1 0 
8 -3291.8400000000001 -335.28000000000003
1 2286 -335.28000000000003 0 1 
8 -3291.8400000000001 -335.28000000000003
1 15.240000000000002 -335.28000000000003 0 -1 
8 0 2286
1 0 -670.56000000000006 1 0 
8 0 2286
1 0 15.240000000000002 1 0 
1 0 0 1 0 
1 0 0 1 0 
1 2743.2000000000003 0 0 1 
1 0 6096 1 0 
1 2743.2000000000003 0 0 -1 
1 152.40000000000001 0 0 1 
1 2743.2000000000003 0 0 1 
1 0 0 1 0 
1 0 0 0 1 
1 0 6096 1 0 
1 0 -6096 1 0 
1 0 152.40000000000001 1 0 
1 0 0 0 -1 
1 152.40000000000001 0 0 1 
1 0 0 0 1 
1 0 2956.5599999999999 1 0 
8 0 2286
1 0 -3627.1199999999999 1 0 
8 0 2286
1 0 167.64000000000001 1 0 
1 2286 0 0 1 
1 0 2956.5599999999999 1 0 
8 -3291.8400000000001 -335.28000000000003
1 2286 -335.28000000000003 0 1 
8 -3291.8400000000001 -335.28000000000003
1 167.64000000000001 -335.28000000000003 0 -1 
1 2286 0 0 1 
1 0 0 1 0 
1 0 0 0 1 
1 0 0 1 0 
8 0 2286
1 0 -670.56000000000006 1 0 
8 0 2286
1 0 167.64000000000001 1 0 
1 0 0 0 1 
1 0 0 1 0 
1 0 0 1 0 
1 0 152.40000000000001 1 0 
1 1752.5999999999999 0 0 -1 
1 0 0 0 1 
8 0 1752.5999999999999
1 0 -304.80000000000018 1 0 
8 0 1752.5999999999999
1 0 15.240000000000236 1 0 
1 0 0 0 -1 
1 0 0 0 1 
1 0 0 1 0 
1 0 0 1 0 
8 -108.20400000000018 -7.6200000000003456
1 -7.6200000000003456 304.80000000000018 -1 0 
8 -108.20400000000018 -7.6200000000003456
1 1752.5999999999999 7.6199999999998909 0 -1 
1 1752.5999999999999 0 0 -1 
1 100.58399999999983 0 0 1 
1 1752.5999999999999 0 0 1 
1 0 0 1 0 
1 0 0 0 1 
1 0 0 1 0 
8 0 1752.5999999999999
1 0 -304.80000000000018 1 0 
8 0 1752.5999999999999
1 0 115.82400000000007 1 0 
1 0 0 0 -1 
1 100.58399999999983 0 0 1 
1 0 0 0 1 
1 0 0 1 0 
1 0 0 1 0 
1 0 100.58399999999983 1 0 
1 0 -1889.7600000000002 1 0 
1 0 0 1 0 
8 0 1752.5999999999999
1 0 -1036.3200000000002 1 0 
8 0 1752.5999999999999
1 0 15.240000000000236 1 0 
1 1752.5999999999999 0 0 1 
1 0 1889.7600000000002 1 0 
8 -108.20400000000018 -7.6200000000003456
1 -7.6200000000003456 1036.3200000000002 -1 0 
8 -108.20400000000018 -7.6200000000003456
1 1752.5999999999999 7.6199999999998909 0 -1 
1 0 0 0 1 
1 0 1889.7600000000002 1 0 
1 0 -1889.7600000000002 1 0 
1 0 100.58399999999983 1 0 
1 0 0 0 1 
1 0 731.51999999999998 1 0 
8 0 1752.5999999999999
1 0 -1036.3200000000002 1 0 
8 0 1752.5999999999999
1 0 115.82400000000007 1 0 
1 0 0 1 0 
1 0 0 1 0 
1 1752.5999999999999 0 0 -1 
1 0 0 0 1 
1 0 -100.58399999999983 1 0 
1 0 0 1 0 
1 0 0 0 -1 
1 0 0 0 1 
1 0 0 1 0 
1 0 2051.3040000000001 1 0 
1 1752.5999999999999 0 0 -1 
1 2051.3040000000001 0 0 1 
1 0 -100.58399999999983 1 0 
1 0 2051.3040000000001 1 0 
1 0 0 0 -1 
1 2051.3040000000001 0 0 1 
1 0 0 0 1 
1 0 0 1 0 
1 1752.5999999999999 0 0 1 
1 0 0 1 0 
1 0 0 0 1 
1 0 100.58399999999983 1 0 
1 1752.5999999999999 0 0 1 
1 0 100.58399999999983 1 0 
1 0 0 1 0 
1 0 0 1 0 
1 1752.5999999999999 0 0 -1 
1 0 0 0 1 
1 0 -100.58399999999983 1 0 
1 0 0 1 0 
1 0 0 0 -1 
1 0 0 0 1 
1 0 0 0 1 
1 0 0 1 0 
8 -1752.5999999999999 0
1 0 152.40000000000001 -1 0 
8 -1752.5999999999999 0
1 0 -15.239999999999782 -1 -0 
1 1752.5999999999999 0 0 1 
1 0 0 1 0 
1 1752.5999999999999 0 0 1 
1 0 100.58399999999983 1 0 
8 7.6199999999998909 108.20399999999972
1 152.40000000000001 -7.6199999999998909 0 1 
8 7.6199999999998909 108.20399999999972
1 1752.5999999999999 -7.6199999999998909 0 -1 
1 0 0 0 1 
1 0 100.58399999999983 1 0 
8 -1752.5999999999999 0
1 0 152.40000000000001 -1 0 
8 -1752.5999999999999 0
1 0 -115.82399999999961 -1 -0 
1 0 0 0 -1 
1 0 0 0 1 
1 0 0 1 0 
1 0 1828.8000000000002 1 0 
8 -1752.5999999999999 0
1 0 1676.3999999999999 -1 0 
8 -1752.5999999999999 0
1 0 -15.239999999999782 -1 -0 
1 0 0 0 -1 
1 1828.8000000000002 0 0 1 
1 0 0 0 -1 
1 1524 0 0 1 
1 1752.5999999999999 0 0 -1 
1 1828.8000000000002 0 0 1 
1 0 -100.58399999999983 1 0 
1 0 1828.8000000000002 1 0 
8 7.6199999999998909 108.20399999999972
1 1676.3999999999999 -7.6199999999998909 0 1 
8 7.6199999999998909 108.20399999999972
1 1752.5999999999999 -7.6199999999998909 0 -1 
8 -1752.5999999999999 0
1 0 1676.3999999999999 -1 0 
8 -1752.5999999999999 0
1 0 -115.82399999999961 -1 -0 
1 1752.5999999999999 0 0 -1 
1 0 0 0 1 
8 0 1752.5999999999999
1 0 -2011.6799999999998 1 0 
8 0 1752.5999999999999
1 0 15.240000000000236 1 0 
1 0 0 0 -1 
1 0 0 0 1 
1 0 0 1 0 
1 0 0 1 0 
8 -108.20399999999972 -7.6199999999998909
1 -7.6199999999998909 2011.6799999999998 -1 0 
8 -108.20399999999972 -7.6199999999998909
1 1752.5999999999999 7.6200000000003456 0 -1 
1 1752.5999999999999 0 0 -1 
1 100.58399999999983 0 0 1 
1 1752.5999999999999 0 0 1 
1 0 0 1 0 
1 0 0 0 1 
1 0 0 1 0 
8 0 1752.5999999999999
1 0 -2011.6799999999998 1 0 
8 0 1752.5999999999999
1 0 115.82400000000007 1 0 
1 0 0 0 -1 
1 100.58399999999983 0 0 1 
1 0 0 0 1 
1 0 0 1 0 
1 0 0 1 0 
1 0 100.58399999999983 1 0 
1 0 -2895.5999999999999 1 0 
1 0 0 1 0 
8 0 1752.5999999999999
1 0 -2743.1999999999998 1 0 
8 0 1752.5999999999999
1 0 15.240000000000236 1 0 
1 1752.5999999999999 0 0 1 
1 0 2895.5999999999999 1 0 
8 -108.20399999999972 -7.6199999999998909
1 -7.6199999999998909 2743.1999999999998 -1 0 
8 -108.20399999999972 -7.6199999999998909
1 1752.5999999999999 7.6200000000003456 0 -1 
1 0 0 0 1 
1 0 2895.5999999999999 1 0 
1 0 -2895.5999999999999 1 0 
1 0 100.58399999999983 1 0 
1 0 0 0 1 
1 0 731.51999999999998 1 0 
8 0 1752.5999999999999
1 0 -2743.1999999999998 1 0 
8 0 1752.5999999999999
1 0 115.82400000000007 1 0 
1 0 0 1 0 
1 0 0 1 0 
1 1752.5999999999999 0 0 -1 
1 0 0 0 1 
1 0 -100.58399999999983 1 0 
1 0 0 1 0 
1 0 0 0 -1 
1 0 0 0 1 
1 0 0 1 0 
1 0 3057.1439999999998 1 0 
1 1752.5999999999999 0 0 -1 
1 3057.1439999999998 0 0 1 
1 0 -100.58399999999983 1 0 
1 0 3057.1439999999998 1 0 
1 0 0 0 -1 
1 3057.1439999999998 0 0 1 
1 0 0 0 1 
1 0 0 1 0 
1 1752.5999999999999 0 0 1 
1 0 0 1 0 
1 0 0 0 1 
1 0 100.58399999999983 1 0 
1 1752.5999999999999 0 0 1 
1 0 100.58399999999983 1 0 
1 1752.5999999999999 0 0 -1 
1 0 0 0 1 
8 0 1752.5999999999999
1 0 -609.60000000000002 1 0 
8 0 1752.5999999999999
1 0 15.239999999999782 1 0 
1 0 0 0 -1 
1 0 0 0 1 
1 0 0 1 0 
1 0 0 1 0 
8 -160.01999999999953 -7.6199999999998909
1 -7.6199999999998909 609.60000000000002 -1 0 
8 -160.01999999999953 -7.6199999999998909
1 1752.5999999999999 7.6199999999998909 0 -1 
1 1752.5999999999999 0 0 -1 
1 152.39999999999964 0 0 1 
1 1752.5999999999999 0 0 1 
1 0 0 1 0 
1 0 0 0 1 
1 0 0 1 0 
8 0 1752.5999999999999
1 0 -609.60000000000002 1 0 
8 0 1752.5999999999999
1 0 167.63999999999942 1 0 
1 0 0 0 -1 
1 152.39999999999964 0 0 1 
1 0 0 0 1 
1 0 0 1 0 
1 0 0 1 0 
1 0 152.39999999999964 1 0 
8 0 1752.5999999999999
1 0 -2133.5999999999999 1 0 
8 0 1752.5999999999999
1 0 15.239999999999782 1 0 
1 0 -6096 1 0 
1 0 0 1 0 
8 -2011.6799999999998 -1402.0799999999999
1 731.51999999999998 -1402.0799999999999 0 1 
8 -2011.6799999999998 -1402.0799999999999
1 15.239999999999782 -1402.0799999999999 0 -1 
8 365.76000000000022 1127.7600000000002
1 365.75999999999976 -3413.7599999999998 1 0 
8 365.76000000000022 1127.7600000000002
1 -365.76000000000022 15.239999999999782 1 0 
8 -2011.6799999999998 -1402.0799999999999
1 1493.52 -1402.0799999999999 0 1 
8 -2011.6799999999998 -1402.0799999999999
1 15.239999999999782 -1402.0799999999999 0 -1 
8 365.76000000000022 1127.7600000000002
1 365.75999999999976 -2804.1599999999999 1 0 
8 365.76000000000022 1127.7600000000002
1 -365.76000000000022 15.239999999999782 1 0 
1 1752.5999999999999 0 0 1 
1 0 6096 1 0 
8 -160.01999999999953 -7.6199999999998909
1 -7.6199999999998909 2133.5999999999999 -1 0 
8 -160.01999999999953 -7.6199999999998909
1 1752.5999999999999 7.6199999999998909 0 -1 
1 0 0 0 1 
1 0 1524 1 0 
8 0 1752.5999999999999
1 0 -2133.5999999999999 1 0 
8 0 1752.5999999999999
1 0 167.63999999999942 1 0 
1 0 0 0 1 
1 0 6096 1 0 
1 0 -6096 1 0 
1 0 152.39999999999964 1 0 
1 0 0 0 1 
1 0 609.59999999999991 1 0 
8 -2011.6799999999998 -1402.0799999999999
1 731.51999999999998 -1402.0799999999999 0 1 
8 -2011.6799999999998 -1402.0799999999999
1 167.63999999999942 -1402.0799999999999 0 -1 
1 0 0 0 1 
1 0 0 1 0 
8 365.76000000000022 1127.7600000000002
1 365.75999999999976 -3413.7599999999998 1 0 
8 365.76000000000022 1127.7600000000002
1 -365.76000000000022 167.63999999999942 1 0 
1 762 0 0 1 
1 0 609.59999999999991 1 0 
8 -2011.6799999999998 -1402.0799999999999
1 1493.52 -1402.0799999999999 0 1 
8 -2011.6799999999998 -1402.0799999999999
1 167.63999999999942 -1402.0799999999999 0 -1 
1 762 0 0 1 
1 0 0 1 0 
8 365.76000000000022 1127.7600000000002
1 365.75999999999976 -2804.1599999999999 1 0 
8 365.76000000000022 1127.7600000000002
1 -365.76000000000022 167.63999999999942 1 0 
1 0 0 1 0 
1 0 0 1 0 
1 1752.5999999999999 0 0 -1 
1 0 0 0 1 
1 0 -152.39999999999964 1 0 
1 0 0 1 0 
1 0 0 0 -1 
1 0 0 0 1 
1 0 0 1 0 
1 0 7315.2000000000007 1 0 
1 1752.5999999999999 0 0 -1 
1 7315.2000000000007 0 0 1 
1 0 -152.39999999999964 1 0 
1 0 7315.2000000000007 1 0 
1 0 0 0 -1 
1 7315.2000000000007 0 0 1 
1 0 0 0 1 
1 0 0 1 0 
1 1752.5999999999999 0 0 1 
1 0 0 1 0 
1 0 0 0 1 
1 0 152.39999999999964 1 0 
1 1752.5999999999999 0 0 1 
1 0 152.39999999999964 1 0 
1 0 0 1 0 
1 0 0 1 0 
1 45.7199999999998 0 0 -1 
1 0 0 0 1 
1 0 -914.40000000000009 1 0 
1 0 0 1 0 
1 0 0 0 -1 
1 0 0 0 1 
1 0 0 1 0 
1 0 914.39999999999998 1 0 
1 45.7199999999998 0 0 -1 
1 914.39999999999998 0 0 1 
1 0 -914.40000000000009 1 0 
1 0 914.39999999999998 1 0 
1 0 0 0 -1 
1 914.39999999999998 0 0 1 
1 0 0 0 1 
1 0 0 1 0 
1 45.7199999999998 0 0 1 
1 0 0 1 0 
1 0 0 0 1 
1 0 914.40000000000009 1 0 
1 45.7199999999998 0 0 1 
1 0 914.40000000000009 1 0 
1 0 0 1 0 
1 0 0 1 0 
1 1752.5999999999999 0 0 -1 
1 0 0 0 1 
1 0 -152.40000000000001 1 0 
1 0 0 1 0 
1 0 0 0 -1 
1 0 0 0 1 
1 0 0 0 1 
1 0 0 1 0 
1 0 0 1 0 
1 0 7315.2000000000007 1 0 
1 1752.5999999999999 0 0 1 
1 0 0 1 0 
8 2286 3048
1 1493.52 2286 0 1 
8 2286 3048
1 -2286 15.240000000000002 1 0 
8 -1127.7600000000002 -365.76000000000022
1 365.75999999999976 5334 -1 0 
8 -1127.7600000000002 -365.76000000000022
1 -365.76000000000022 -15.240000000000002 -1 -0 
8 2286 3048
1 731.51999999999998 2286 0 1 
8 2286 3048
1 -2286 15.240000000000002 1 0 
8 -1127.7600000000002 -365.76000000000022
1 365.75999999999976 4572 -1 0 
8 -1127.7600000000002 -365.76000000000022
1 -365.76000000000022 -15.240000000000002 -1 -0 
1 1752.5999999999999 0 0 1 
1 0 152.40000000000001 1 0 
1 1752.5999999999999 0 0 -1 
1 7315.2000000000007 0 0 1 
1 0 0 0 1 
1 0 152.40000000000001 1 0 
1 0 -152.40000000000001 1 0 
1 0 7315.2000000000007 1 0 
8 2286 3048
1 1493.52 2286 0 1 
8 2286 3048
1 -2286 167.64000000000001 1 0 
8 -1127.7600000000002 -365.76000000000022
1 365.75999999999976 5334 -1 0 
8 -1127.7600000000002 -365.76000000000022
1 -365.76000000000022 -167.64000000000001 -1 -0 
8 2286 3048
1 731.51999999999998 2286 0 1 
8 2286 3048
1 -2286 167.64000000000001 1 0 
8 -1127.7600000000002 -365.76000000000022
1 365.75999999999976 4572 -1 0 
8 -1127.7600000000002 -365.76000000000022
1 -365.76000000000022 -167.64000000000001 -1 -0 
1 0 0 0 -1 
1 7315.2000000000007 0 0 1 
1 762 0 0 -1 
1 0 0 0 1 
1 762 0 0 -1 
1 762 0 0 1 
1 0 0 0 -1 
1 762 0 0 1 
1 0 0 0 -1 
1 0 0 0 1 
1 0 0 1 0 
1 0 0 1 0 
1 853.44000000000005 0 0 -1 
1 0 0 0 1 
1 0 -533.39999999999964 1 0 
1 0 0 1 0 
1 0 0 0 -1 
1 0 0 0 1 
1 0 0 1 0 
1 0 731.51999999999998 1 0 
1 853.44000000000005 0 0 -1 
1 731.51999999999998 0 0 1 
1 0 -533.39999999999964 1 0 
1 0 731.51999999999998 1 0 
1 0 0 0 -1 
1 731.51999999999998 0 0 1 
1 0 0 0 1 
1 0 0 1 0 
1 853.44000000000005 0 0 1 
1 0 0 1 0 
1 0 0 0 1 
1 0 533.39999999999964 1 0 
1 853.44000000000005 0 0 1 
1 0 533.39999999999964 1 0 
1 0 0 1 0 
1 0 0 1 0 
1 1752.5999999999999 0 0 -1 
1 0 0 0 1 
1 0 0 0 -1 
1 0 0 0 1 
1 0 -6096 1 0 
1 0 0 1 0 
8 -2468.8800000000001 -1859.28
1 853.44000000000005 -1859.28 0 1 
8 -2468.8800000000001 -1859.28
1 15.240000000000002 -1859.28 0 -1 
8 426.72000000000025 1188.7200000000003
1 426.7199999999998 -4328.1599999999999 1 0 
8 426.72000000000025 1188.7200000000003
1 -426.72000000000025 15.240000000000002 1 0 
8 -2468.8800000000001 -1859.28
1 1615.4400000000001 -1859.28 0 1 
8 -2468.8800000000001 -1859.28
1 15.240000000000002 -1859.28 0 -1 
8 426.72000000000025 1188.7200000000003
1 426.7199999999998 -3718.5599999999999 1 0 
8 426.72000000000025 1188.7200000000003
1 -426.72000000000025 15.240000000000002 1 0 
8 -1264.9200000000001 -502.92000000000002
1 701.03999999999996 -502.92000000000002 0 1 
8 -1264.9200000000001 -502.92000000000002
1 15.240000000000002 -502.92000000000002 0 -1 
8 350.51999999999998 1325.8800000000001
1 350.51999999999998 -1767.8400000000001 1 0 
8 350.51999999999998 1325.8800000000001
1 -350.51999999999998 15.240000000000002 1 0 
8 350.51999999999998 1325.8800000000001
1 350.51999999999998 -1005.84 1 0 
8 350.51999999999998 1325.8800000000001
1 -350.51999999999998 15.240000000000002 1 0 
8 -1264.9200000000001 -502.92000000000002
1 1676.4000000000001 -502.92000000000002 0 1 
8 -1264.9200000000001 -502.92000000000002
1 15.240000000000002 -502.92000000000002 0 -1 
1 0 0 0 1 
1 0 0 1 0 
1 0 0 1 0 
1 0 152.40000000000001 1 0 
1 1752.5999999999999 0 0 1 
1 0 0 1 0 
1 1752.5999999999999 0 0 1 
1 0 6096 1 0 
1 1752.5999999999999 0 0 -1 
1 152.40000000000001 0 0 1 
1 0 0 0 1 
1 0 6096 1 0 
1 0 0 0 -1 
1 152.40000000000001 0 0 1 
1 0 -6096 1 0 
1 0 152.40000000000001 1 0 
1 0 0 0 1 
1 0 609.59999999999991 1 0 
8 -2468.8800000000001 -1859.28
1 853.44000000000005 -1859.28 0 1 
8 -2468.8800000000001 -1859.28
1 167.64000000000001 -1859.28 0 -1 
1 0 0 0 1 
1 0 0 1 0 
8 426.72000000000025 1188.7200000000003
1 426.7199999999998 -4328.1599999999999 1 0 
8 426.72000000000025 1188.7200000000003
1 -426.72000000000025 167.64000000000001 1 0 
1 762 0 0 1 
1 0 609.59999999999991 1 0 
8 -2468.8800000000001 -1859.28
1 1615.4400000000001 -1859.28 0 1 
8 -2468.8800000000001 -1859.28
1 167.64000000000001 -1859.28 0 -1 
1 762 0 0 1 
1 0 0 1 0 
8 426.72000000000025 1188.7200000000003
1 426.7199999999998 -3718.5599999999999 1 0 
8 426.72000000000025 1188.7200000000003
1 -426.72000000000025 167.64000000000001 1 0 
1 0 0 0 1 
1 0 762.00000000000011 1 0 
8 -1264.9200000000001 -502.92000000000002
1 701.03999999999996 -502.92000000000002 0 1 
8 -1264.9200000000001 -502.92000000000002
1 167.64000000000001 -502.92000000000002 0 -1 
1 0 0 0 1 
1 0 0 1 0 
8 350.51999999999998 1325.8800000000001
1 350.51999999999998 -1767.8400000000001 1 0 
8 350.51999999999998 1325.8800000000001
1 -350.51999999999998 167.64000000000001 1 0 
1 975.36000000000013 0 0 1 
1 0 762.00000000000011 1 0 
8 350.51999999999998 1325.8800000000001
1 350.51999999999998 -1005.84 1 0 
8 350.51999999999998 1325.8800000000001
1 -350.51999999999998 167.64000000000001 1 0 
1 975.36000000000013 0 0 1 
1 0 0 1 0 
8 -1264.9200000000001 -502.92000000000002
1 1676.4000000000001 -502.92000000000002 0 1 
8 -1264.9200000000001 -502.92000000000002
1 167.64000000000001 -502.92000000000002 0 -1 
1 0 0 1 0 
1 0 0 1 0 
1 12.192000000000007 0 0 -1 
1 0 0 0 1 
1 0 -1560.576 1 0 
1 0 0 1 0 
1 0 0 0 -1 
1 0 0 0 1 
1 0 0 1 0 
1 0 1780.0319999999997 1 0 
1 12.192000000000007 0 0 -1 
1 1780.0319999999997 0 0 1 
1 0 -1560.576 1 0 
1 0 1780.0319999999997 1 0 
1 0 0 0 -1 
1 1780.0319999999997 0 0 1 
1 0 0 0 1 
1 0 0 1 0 
1 12.192000000000007 0 0 1 
1 0 0 1 0 
1 0 0 0 1 
1 0 1560.576 1 0 
1 12.192000000000007 0 0 1 
1 0 1560.576 1 0 
1 0 0 1 0 
1 0 0 1 0 
1 152.40000000000001 0 0 -1 
1 0 0 0 1 
1 0 -6096 1 0 
1 0 0 1 0 
1 0 0 0 -1 
1 0 0 0 1 
1 0 0 1 0 
1 0 7315.2000000000007 1 0 
1 152.40000000000001 0 0 -1 
1 7315.2000000000007 0 0 1 
1 0 -6096 1 0 
1 0 7315.2000000000007 1 0 
1 0 0 0 -1 
1 7315.2000000000007 0 0 1 
1 0 0 0 1 
1 0 0 1 0 
1 152.40000000000001 0 0 1 
1 0 0 1 0 
1 0 0 0 1 
1 0 6096 1 0 
1 152.40000000000001 0 0 1 
1 0 6096 1 0 
1 0 0 1 0 
1 0 0 1 0 
1 228.59999999999991 0 0 -1 
1 0 0 0 1 
1 0 -6096 1 0 
1 0 0 1 0 
1 0 0 0 -1 
1 0 0 0 1 
1 0 0 1 0 
1 0 7315.2000000000007 1 0 
1 228.59999999999991 0 0 -1 
1 7315.2000000000007 0 0 1 
1 0 -6096 1 0 
1 0 7315.2000000000007 1 0 
1 0 0 0 -1 
1 7315.2000000000007 0 0 1 
1 0 0 0 1 
1 0 0 1 0 
1 228.59999999999991 0 0 1 
1 0 0 1 0 
1 0 0 0 1 
1 0 6096 1 0 
1 228.59999999999991 0 0 1 
1 0 6096 1 0 
1 0 0 1 0 
1 0 0 1 0 
1 1219.2000000000003 0 0 -1 
1 0 0 0 1 
1 0 -106.67999999999984 1 0 
1 0 0 1 0 
1 0 0 0 -1 
1 0 0 0 1 
1 0 0 1 0 
1 0 1981.1999999999998 1 0 
1 1219.2000000000003 0 0 -1 
1 1981.1999999999998 0 0 1 
1 0 -106.67999999999984 1 0 
1 0 1981.1999999999998 1 0 
1 0 0 0 -1 
1 1981.1999999999998 0 0 1 
1 0 0 0 1 
1 0 0 1 0 
1 1219.2000000000003 0 0 1 
1 0 0 1 0 
1 0 0 0 1 
1 0 106.67999999999984 1 0 
1 1219.2000000000003 0 0 1 
1 0 106.67999999999984 1 0 
1 0 0 1 0 
1 0 0 1 0 
1 12.192000000000007 0 0 -1 
1 0 0 0 1 
1 0 -890.01599999999962 1 0 
1 0 0 1 0 
1 0 0 0 -1 
1 0 0 0 1 
1 0 0 1 0 
1 0 1920.24 1 0 
1 12.192000000000007 0 0 -1 
1 1920.24 0 0 1 
1 0 -890.01599999999962 1 0 
1 0 1920.24 1 0 
1 0 0 0 -1 
1 1920.24 0 0 1 
1 0 0 0 1 
1 0 0 1 0 
1 12.192000000000007 0 0 1 
1 0 0 1 0 
1 0 0 0 1 
1 0 890.01599999999962 1 0 
1 12.192000000000007 0 0 1 
1 0 890.01599999999962 1 0 
1 0 0 1 0 
1 0 0 1 0 
1 12.192000000000007 0 0 -1 
1 0 0 0 1 
1 0 -1560.576 1 0 
1 0 0 1 0 
1 0 0 0 -1 
1 0 0 0 1 
1 0 0 1 0 
1 0 2779.7759999999998 1 0 
1 12.192000000000007 0 0 -1 
1 2779.7759999999998 0 0 1 
1 0 -1560.576 1 0 
1 0 2779.7759999999998 1 0 
1 0 0 0 -1 
1 2779.7759999999998 0 0 1 
1 0 0 0 1 
1 0 0 1 0 
1 12.192000000000007 0 0 1 
1 0 0 1 0 
1 0 0 0 1 
1 0 1560.576 1 0 
1 12.192000000000007 0 0 1 
1 0 1560.576 1 0 
1 0 0 1 0 
1 0 0 1 0 
1 762 0 0 -1 
1 0 0 0 1 
1 0 -487.68000000000029 1 0 
1 0 0 1 0 
1 0 0 0 -1 
1 0 0 0 1 
1 0 0 1 0 
1 0 1706.8800000000001 1 0 
1 762 0 0 -1 
1 1706.8800000000001 0 0 1 
1 0 -487.68000000000029 1 0 
1 0 1706.8800000000001 1 0 
1 0 0 0 -1 
1 1706.8800000000001 0 0 1 
1 0 0 0 1 
1 0 0 1 0 
1 762 0 0 1 
1 0 0 1 0 
1 0 0 0 1 
1 0 487.68000000000029 1 0 
1 762 0 0 1 
1 0 487.68000000000029 1 0 
1 0 0 1 0 
1 0 0 1 0 
1 2072.6399999999999 0 0 -1 
1 0 0 0 1 
1 0 -762 1 0 
1 0 0 1 0 
1 0 0 0 -1 
1 0 0 0 1 
1 0 0 1 0 
1 0 38.100000000000364 1 0 
1 2072.6399999999999 0 0 -1 
1 38.100000000000364 0 0 1 
1 0 -762 1 0 
1 0 38.100000000000364 1 0 
1 0 0 0 -1 
1 38.100000000000364 0 0 1 
1 0 0 0 1 
1 0 0 1 0 
1 2072.6399999999999 0 0 1 
1 0 0 1 0 
1 0 0 0 1 
1 0 762 1 0 
1 2072.6399999999999 0 0 1 
1 0 762 1 0 
1 0 0 1 0 
1 0 0 1 0 
1 12.192000000000007 0 0 -1 
1 0 0 0 1 
1 0 -2468.8800000000001 1 0 
1 0 0 1 0 
1 0 0 0 -1 
1 0 0 0 1 
1 0 0 1 0 
1 0 3931.9200000000001 1 0 
1 12.192000000000007 0 0 -1 
1 3931.9200000000001 0 0 1 
1 0 -2468.8800000000001 1 0 
1 0 3931.9200000000001 1 0 
1 0 0 0 -1 
1 3931.9200000000001 0 0 1 
1 0 0 0 1 
1 0 0 1 0 
1 12.192000000000007 0 0 1 
1 0 0 1 0 
1 0 0 0 1 
1 0 2468.8800000000001 1 0 
1 12.192000000000007 0 0 1 
1 0 2468.8800000000001 1 0 
1 0 0 1 0 
1 0 0 1 0 
1 1981.2000000000003 0 0 -1 
1 0 0 0 1 
1 0 -731.51999999999998 1 0 
1 0 0 1 0 
1 0 0 0 -1 
1 0 0 0 1 
1 0 0 1 0 
1 0 518.15999999999985 1 0 
1 1981.2000000000003 0 0 -1 
1 518.15999999999985 0 0 1 
1 0 -731.51999999999998 1 0 
1 0 518.15999999999985 1 0 
1 0 0 0 -1 
1 518.15999999999985 0 0 1 
1 0 0 0 1 
1 0 0 1 0 
1 1981.2000000000003 0 0 1 
1 0 0 1 0 
1 0 0 0 1 
1 0 731.51999999999998 1 0 
1 1981.2000000000003 0 0 1 
1 0 731.51999999999998 1 0 
1 0 0 1 0 
1 0 0 1 0 
1 1981.2000000000003 0 0 -1 
1 0 0 0 1 
1 0 -792.48000000000002 1 0 
1 0 0 1 0 
1 0 0 0 -1 
1 0 0 0 1 
1 0 0 1 0 
1 0 762 1 0 
1 1981.2000000000003 0 0 -1 
1 762 0 0 1 
1 0 -792.48000000000002 1 0 
1 0 762 1 0 
1 0 0 0 -1 
1 762 0 0 1 
1 0 0 0 1 
1 0 0 1 0 
1 1981.2000000000003 0 0 1 
1 0 0 1 0 
1 0 0 0 1 
1 0 792.48000000000002 1 0 
1 1981.2000000000003 0 0 1 
1 0 792.48000000000002 1 0 
1 0 0 1 0 
1 0 0 1 0 
1 1066.7999999999997 0 0 -1 
1 0 0 0 1 
1 0 -36.576000000000022 1 0 
1 0 0 1 0 
1 0 0 0 -1 
1 0 0 0 1 
1 0 0 1 0 
1 0 36.576000000000022 1 0 
1 1066.7999999999997 0 0 -1 
1 36.576000000000022 0 0 1 
1 0 -36.576000000000022 1 0 
1 0 36.576000000000022 1 0 
1 0 0 0 -1 
1 36.576000000000022 0 0 1 
1 0 0 0 1 
1 0 0 1 0 
1 1066.7999999999997 0 0 1 
1 0 0 1 0 
1 0 0 0 1 
1 0 36.576000000000022 1 0 
1 1066.7999999999997 0 0 1 
1 0 36.576000000000022 1 0 
1 0 0 1 0 
1 0 0 1 0 
1 1066.7999999999997 0 0 -1 
1 0 0 0 1 
1 0 -36.576000000000022 1 0 
1 0 0 1 0 
1 0 0 0 -1 
1 0 0 0 1 
1 0 0 1 0 
1 0 36.576000000000022 1 0 
1 1066.7999999999997 0 0 -1 
1 36.576000000000022 0 0 1 
1 0 -36.576000000000022 1 0 
1 0 36.576000000000022 1 0 
1 0 0 0 -1 
1 36.576000000000022 0 0 1 
1 0 0 0 1 
1 0 0 1 0 
1 1066.7999999999997 0 0 1 
1 0 0 1 0 
1 0 0 0 1 
1 0 36.576000000000022 1 0 
1 1066.7999999999997 0 0 1 
1 0 36.576000000000022 1 0 
1 0 0 1 0 
1 0 0 1 0 
1 1066.7999999999997 0 0 -1 
1 0 0 0 1 
1 0 -36.576000000000022 1 0 
1 0 0 1 0 
1 0 0 0 -1 
1 0 0 0 1 
1 0 0 1 0 
1 0 36.575999999999112 1 0 
1 1066.7999999999997 0 0 -1 
1 36.575999999999112 0 0 1 
1 0 -36.576000000000022 1 0 
1 0 36.575999999999112 1 0 
1 0 0 0 -1 
1 36.575999999999112 0 0 1 
1 0 0 0 1 
1 0 0 1 0 
1 1066.7999999999997 0 0 1 
1 0 0 1 0 
1 0 0 0 1 
1 0 36.576000000000022 1 0 
1 1066.7999999999997 0 0 1 
1 0 36.576000000000022 1 0 
1 0 0 1 0 
1 0 0 1 0 
1 36.576000000000022 0 0 -1 
1 0 0 0 1 
1 0 -36.576000000000022 1 0 
1 0 0 1 0 
1 0 0 0 -1 
1 0 0 0 1 
1 0 0 1 0 
1 0 4876.7999999999993 1 0 
1 36.576000000000022 0 0 -1 
1 4876.7999999999993 0 0 1 
1 0 -36.576000000000022 1 0 
1 0 4876.7999999999993 1 0 
1 0 0 0 -1 
1 4876.7999999999993 0 0 1 
1 0 0 0 1 
1 0 0 1 0 
1 36.576000000000022 0 0 1 
1 0 0 1 0 
1 0 0 0 1 
1 0 36.576000000000022 1 0 
1 36.576000000000022 0 0 1 
1 0 36.576000000000022 1 0 
1 0 0 1 0 
1 0 0 1 0 
1 762 0 0 -1 
1 0 0 0 1 
1 0 -38.099999999999994 1 0 
1 0 0 1 0 
1 0 0 0 -1 
1 0 0 0 1 
1 0 0 1 0 
1 0 762 1 0 
1 762 0 0 -1 
1 762 0 0 1 
1 0 -38.099999999999994 1 0 
1 0 762 1 0 
1 0 0 0 -1 
1 762 0 0 1 
1 0 0 0 1 
1 0 0 1 0 
1 762 0 0 1 
1 0 0 1 0 
1 0 0 0 1 
1 0 38.099999999999994 1 0 
1 762 0 0 1 
1 0 38.099999999999994 1 0 
1 0 0 1 0 
1 0 0 1 0 
1 12.192000000000007 0 0 -1 
1 0 0 0 1 
1 0 -4084.3200000000002 1 0 
1 0 0 1 0 
1 0 0 0 -1 
1 0 0 0 1 
1 0 0 1 0 
1 0 2779.7759999999998 1 0 
1 12.192000000000007 0 0 -1 
1 2779.7759999999998 0 0 1 
1 0 -4084.3200000000002 1 0 
1 0 2779.7759999999998 1 0 
1 0 0 0 -1 
1 2779.7759999999998 0 0 1 
1 0 0 0 1 
1 0 0 1 0 
1 12.192000000000007 0 0 1 
1 0 0 1 0 
1 0 0 0 1 
1 0 4084.3200000000002 1 0 
1 12.192000000000007 0 0 1 
1 0 4084.3200000000002 1 0 
1 0 0 1 0 
1 0 0 1 0 
1 2133.5999999999999 0 0 -1 
1 0 0 0 1 
1 0 -1219.1999999999998 1 0 
1 0 0 1 0 
1 0 0 0 -1 
1 0 0 0 1 
1 0 0 1 0 
1 0 38.100000000000364 1 0 
1 2133.5999999999999 0 0 -1 
1 38.100000000000364 0 0 1 
1 0 -1219.1999999999998 1 0 
1 0 38.100000000000364 1 0 
1 0 0 0 -1 
1 38.100000000000364 0 0 1 
1 0 0 0 1 
1 0 0 1 0 
1 2133.5999999999999 0 0 1 
1 0 0 1 0 
1 0 0 0 1 
1 0 1219.1999999999998 1 0 
1 2133.5999999999999 0 0 1 
1 0 1219.1999999999998 1 0 
1 0 0 1 0 
1 0 0 1 0 
1 1066.8 0 0 -1 
1 0 0 0 1 
1 0 -762 1 0 
1 0 0 1 0 
1 0 0 0 -1 
1 0 0 0 1 
1 0 0 1 0 
1 0 38.100000000000364 1 0 
1 1066.8 0 0 -1 
1 38.100000000000364 0 0 1 
1 0 -762 1 0 
1 0 38.100000000000364 1 0 
1 0 0 0 -1 
1 38.100000000000364 0 0 1 
1 0 0 0 1 
1 0 0 1 0 
1 1066.8 0 0 1 
1 0 0 1 0 
1 0 0 0 1 
1 0 762 1 0 
1 1066.8 0 0 1 
1 0 762 1 0 
1 0 0 1 0 
1 0 0 1 0 
1 106.67999999999984 0 0 -1 
1 0 0 0 1 
1 0 -5943.6000000000004 1 0 
1 0 0 1 0 
1 0 0 0 -1 
1 0 0 0 1 
1 0 0 1 0 
1 0 1066.7999999999993 1 0 
1 106.67999999999984 0 0 -1 
1 1066.7999999999993 0 0 1 
1 0 -5943.6000000000004 1 0 
1 0 1066.7999999999993 1 0 
1 0 0 0 -1 
1 1066.7999999999993 0 0 1 
1 0 0 0 1 
1 0 0 1 0 
1 106.67999999999984 0 0 1 
1 0 0 1 0 
1 0 0 0 1 
1 0 5943.6000000000004 1 0 
1 106.67999999999984 0 0 1 
1 0 5943.6000000000004 1 0 
1 0 0 1 0 
1 0 0 1 0 
1 106.67999999999984 0 0 -1 
1 0 0 0 1 
1 0 -1219.2 1 0 
1 0 0 1 0 
1 0 0 0 -1 
1 0 0 0 1 
1 0 0 1 0 
1 0 4876.7999999999993 1 0 
1 106.67999999999984 0 0 -1 
1 4876.7999999999993 0 0 1 
1 0 -1219.2 1 0 
1 0 4876.7999999999993 1 0 
1 0 0 0 -1 
1 4876.7999999999993 0 0 1 
1 0 0 0 1 
1 0 0 1 0 
1 106.67999999999984 0 0 1 
1 0 0 1 0 
1 0 0 0 1 
1 0 1219.2 1 0 
1 106.67999999999984 0 0 1 
1 0 1219.2 1 0 
1 0 0 1 0 
1 0 0 1 0 
1 762 0 0 -1 
1 0 0 0 1 
1 0 -609.59999999999991 1 0 
1 0 0 1 0 
1 0 0 0 -1 
1 0 0 0 1 
1 0 0 1 0 
1 0 38.099999999999994 1 0 
1 762 0 0 -1 
1 38.099999999999994 0 0 1 
1 0 -609.59999999999991 1 0 
1 0 38.099999999999994 1 0 
1 0 0 0 -1 
1 38.099999999999994 0 0 1 
1 0 0 0 1 
1 0 0 1 0 
1 762 0 0 1 
1 0 0 1 0 
1 0 0 0 1 
1 0 609.59999999999991 1 0 
1 762 0 0 1 
1 0 609.59999999999991 1 0 
1 0 0 1 0 
1 0 0 1 0 
1 975.36000000000013 0 0 -1 
1 0 0 0 1 
1 0 -762.00000000000011 1 0 
1 0 0 1 0 
1 0 0 0 -1 
1 0 0 0 1 
1 0 0 1 0 
1 0 38.099999999999994 1 0 
1 975.36000000000013 0 0 -1 
1 38.099999999999994 0 0 1 
1 0 -762.00000000000011 1 0 
1 0 38.099999999999994 1 0 
1 0 0 0 -1 
1 38.099999999999994 0 0 1 
1 0 0 0 1 
1 0 0 1 0 
1 975.36000000000013 0 0 1 
1 0 0 1 0 
1 0 0 0 1 
1 0 762.00000000000011 1 0 
1 975.36000000000013 0 0 1 
1 0 762.00000000000011 1 0 
Curves 1008
1 167.64000000000001 3148.5840000000003 3130.2959999999998 0 0 1 
1 167.64000000000001 3148.5840000000003 3142.4879999999998 -0 1 0 
1 167.64000000000001 4922.5200000000004 3130.2959999999998 0 0 1 
1 167.64000000000001 3148.5840000000003 3130.2959999999998 -0 1 0 
1 2087.8800000000001 3148.5840000000003 3130.2959999999998 0 0 1 
1 2087.8800000000001 3148.5840000000003 3142.4879999999998 -0 1 0 
1 2087.8800000000001 4922.5200000000004 3130.2959999999998 0 0 1 
1 2087.8800000000001 3148.5840000000003 3130.2959999999998 -0 1 0 
1 167.64000000000001 3148.5840000000003 3130.2959999999998 1 0 -0 
1 167.64000000000001 3148.5840000000003 3142.4879999999998 1 0 -0 
1 167.64000000000001 4922.5200000000004 3130.2959999999998 1 0 -0 
1 167.64000000000001 4922.5200000000004 3142.4879999999998 1 0 -0 
1 167.64000000000001 167.64000000000001 3130.2959999999998 0 0 1 
1 167.64000000000001 167.64000000000001 3142.4879999999998 -0 1 0 
1 167.64000000000001 3032.7600000000002 3130.2959999999998 0 0 1 
1 167.64000000000001 167.64000000000001 3130.2959999999998 -0 1 0 
1 3093.7199999999998 167.64000000000001 3130.2959999999998 0 0 1 
1 3093.7199999999998 167.64000000000001 3142.4879999999998 -0 1 0 
1 3093.7199999999998 3032.7600000000002 3130.2959999999998 0 0 1 
1 3093.7199999999998 167.64000000000001 3130.2959999999998 -0 1 0 
1 167.64000000000001 167.64000000000001 3130.2959999999998 1 0 -0 
1 167.64000000000001 167.64000000000001 3142.4879999999998 1 0 -0 
1 167.64000000000001 3032.7600000000002 3130.2959999999998 1 0 -0 
1 167.64000000000001 3032.7600000000002 3142.4879999999998 1 0 -0 
1 8345.4240000000009 0 3925.8240000000005 0 0 1 
1 8345.4240000000009 0 3962.4000000000005 -0 1 0 
1 8345.4240000000009 5943.6000000000004 3925.8240000000005 0 0 1 
1 8345.4240000000009 0 3925.8240000000005 -0 1 0 
1 8382 0 3925.8240000000005 0 0 1 
1 8382 0 3962.4000000000005 -0 1 0 
1 8382 5943.6000000000004 3925.8240000000005 0 0 1 
1 8382 0 3925.8240000000005 -0 1 0 
1 8345.4240000000009 0 3925.8240000000005 1 0 -0 
1 8345.4240000000009 0 3962.4000000000005 1 0 -0 
1 8345.4240000000009 5943.6000000000004 3925.8240000000005 1 0 -0 
1 8345.4240000000009 5943.6000000000004 3962.4000000000005 1 0 -0 
1 6501.384 2590.8000000000002 3124.2000000000003 0 0 1 
1 6501.384 2590.8000000000002 4038.6000000000004 -0 1 0 
1 6501.384 4602.4800000000005 3124.2000000000003 0 0 1 
1 6501.384 2590.8000000000002 3124.2000000000003 -0 1 0 
1 7162.8000000000002 2590.8000000000002 3124.2000000000003 0 0 1 
1 7162.8000000000002 2590.8000000000002 4038.6000000000004 -0 1 0 
1 7162.8000000000002 4602.4800000000005 3124.2000000000003 0 0 1 
1 7162.8000000000002 2590.8000000000002 3124.2000000000003 -0 1 0 
1 6501.384 2590.8000000000002 3124.2000000000003 1 0 -0 
1 6501.384 2590.8000000000002 4038.6000000000004 1 0 -0 
1 6501.384 4602.4800000000005 3124.2000000000003 1 0 -0 
1 6501.384 4602.4800000000005 4038.6000000000004 1 0 -0 
1 7219.9499999999998 2804.1599999999999 3855.7200000000003 0 0 1 
1 7219.9499999999998 2804.1599999999999 4617.7200000000003 -0 1 0 
1 7219.9499999999998 3413.7599999999998 3855.7200000000003 0 0 1 
1 7219.9499999999998 2804.1599999999999 3855.7200000000003 -0 1 0 
1 7258.0500000000002 2804.1599999999999 3855.7200000000003 0 0 1 
1 7258.0500000000002 2804.1599999999999 4617.7200000000003 -0 1 0 
1 7258.0500000000002 3413.7599999999998 3855.7200000000003 0 0 1 
1 7258.0500000000002 2804.1599999999999 3855.7200000000003 -0 1 0 
1 7219.9499999999998 2804.1599999999999 3855.7200000000003 1 0 -0 
1 7219.9499999999998 2804.1599999999999 4617.7200000000003 1 0 -0 
1 7219.9499999999998 3413.7599999999998 3855.7200000000003 1 0 -0 
1 7219.9499999999998 3413.7599999999998 4617.7200000000003 1 0 -0 
1 7219.9499999999998 609.60000000000002 3124.2000000000003 0 0 1 
1 7219.9499999999998 609.60000000000002 5044.4400000000005 -0 1 0 
1 7219.9499999999998 2133.5999999999999 3124.2000000000003 0 0 1 
1 7219.9499999999998 609.60000000000002 3124.2000000000003 -0 1 0 
1 7258.0500000000002 609.60000000000002 3124.2000000000003 0 0 1 
1 7258.0500000000002 609.60000000000002 5044.4400000000005 -0 1 0 
1 7258.0500000000002 2133.5999999999999 3124.2000000000003 0 0 1 
1 7258.0500000000002 609.60000000000002 3124.2000000000003 -0 1 0 
1 7219.9499999999998 609.60000000000002 3124.2000000000003 1 0 -0 
1 7219.9499999999998 609.60000000000002 5044.4400000000005 1 0 -0 
1 7219.9499999999998 2133.5999999999999 3124.2000000000003 1 0 -0 
1 7219.9499999999998 2133.5999999999999 5044.4400000000005 1 0 -0 
1 152.40000000000001 -1219.2 0 0 0 1 
1 152.40000000000001 -1219.2 222.73846153846154 -0 1 0 
1 152.40000000000001 0 0 0 0 1 
1 152.40000000000001 -1219.2 0 -0 1 0 
1 419.45169230769238 -1219.2 0 0 0 1 
1 419.45169230769238 -1219.2 222.73846153846154 -0 1 0 
1 419.45169230769238 0 0 0 0 1 
1 419.45169230769238 -1219.2 0 -0 1 0 
1 152.40000000000001 -1219.2 0 1 0 -0 
1 152.40000000000001 -1219.2 222.73846153846154 1 0 -0 
1 152.40000000000001 0 0 1 0 -0 
1 152.40000000000001 0 222.73846153846154 1 0 -0 
1 410.30769230769238 -1219.2 0 0 0 1 
1 410.30769230769238 -1219.2 445.47692307692307 -0 1 0 
1 410.30769230769238 0 0 0 0 1 
1 410.30769230769238 -1219.2 0 -0 1 0 
1 677.35938461538467 -1219.2 0 0 0 1 
1 677.35938461538467 -1219.2 445.47692307692307 -0 1 0 
1 677.35938461538467 0 0 0 0 1 
1 677.35938461538467 -1219.2 0 -0 1 0 
1 410.30769230769238 -1219.2 0 1 0 -0 
1 410.30769230769238 -1219.2 445.47692307692307 1 0 -0 
1 410.30769230769238 0 0 1 0 -0 
1 410.30769230769238 0 445.47692307692307 1 0 -0 
1 668.21538461538466 -1219.2 0 0 0 1 
1 668.21538461538466 -1219.2 668.21538461538455 -0 1 0 
1 668.21538461538466 0 0 0 0 1 
1 668.21538461538466 -1219.2 0 -0 1 0 
1 935.26707692307696 -1219.2 0 0 0 1 
1 935.26707692307696 -1219.2 668.21538461538455 -0 1 0 
1 935.26707692307696 0 0 0 0 1 
1 935.26707692307696 -1219.2 0 -0 1 0 
1 668.21538461538466 -1219.2 0 1 0 -0 
1 668.21538461538466 -1219.2 668.21538461538455 1 0 -0 
1 668.21538461538466 0 0 1 0 -0 
1 668.21538461538466 0 668.21538461538455 1 0 -0 
1 926.12307692307695 -1219.2 0 0 0 1 
1 926.12307692307695 -1219.2 890.95384615384614 -0 1 0 
1 926.12307692307695 0 0 0 0 1 
1 926.12307692307695 -1219.2 0 -0 1 0 
1 1193.1747692307692 -1219.2 0 0 0 1 
1 1193.1747692307692 -1219.2 890.95384615384614 -0 1 0 
1 1193.1747692307692 0 0 0 0 1 
1 1193.1747692307692 -1219.2 0 -0 1 0 
1 926.12307692307695 -1219.2 0 1 0 -0 
1 926.12307692307695 -1219.2 890.95384615384614 1 0 -0 
1 926.12307692307695 0 0 1 0 -0 
1 926.12307692307695 0 890.95384615384614 1 0 -0 
1 1184.0307692307692 -1219.2 0 0 0 1 
1 1184.0307692307692 -1219.2 1113.6923076923076 -0 1 0 
1 1184.0307692307692 0 0 0 0 1 
1 1184.0307692307692 -1219.2 0 -0 1 0 
1 1451.0824615384615 -1219.2 0 0 0 1 
1 1451.0824615384615 -1219.2 1113.6923076923076 -0 1 0 
1 1451.0824615384615 0 0 0 0 1 
1 1451.0824615384615 -1219.2 0 -0 1 0 
1 1184.0307692307692 -1219.2 0 1 0 -0 
1 1184.0307692307692 -1219.2 1113.6923076923076 1 0 -0 
1 1184.0307692307692 0 0 1 0 -0 
1 1184.0307692307692 0 1113.6923076923076 1 0 -0 
1 1441.9384615384615 -1219.2 0 0 0 1 
1 1441.9384615384615 -1219.2 1336.4307692307691 -0 1 0 
1 1441.9384615384615 0 0 0 0 1 
1 1441.9384615384615 -1219.2 0 -0 1 0 
1 1708.9901538461538 -1219.2 0 0 0 1 
1 1708.9901538461538 -1219.2 1336.4307692307691 -0 1 0 
1 1708.9901538461538 0 0 0 0 1 
1 1708.9901538461538 -1219.2 0 -0 1 0 
1 1441.9384615384615 -1219.2 0 1 0 -0 
1 1441.9384615384615 -1219.2 1336.4307692307691 1 0 -0 
1 1441.9384615384615 0 0 1 0 -0 
1 1441.9384615384615 0 1336.4307692307691 1 0 -0 
1 1699.8461538461538 -1219.2 0 0 0 1 
1 1699.8461538461538 -1219.2 1559.1692307692308 -0 1 0 
1 1699.8461538461538 0 0 0 0 1 
1 1699.8461538461538 -1219.2 0 -0 1 0 
1 1966.8978461538461 -1219.2 0 0 0 1 
1 1966.8978461538461 -1219.2 1559.1692307692308 -0 1 0 
1 1966.8978461538461 0 0 0 0 1 
1 1966.8978461538461 -1219.2 0 -0 1 0 
1 1699.8461538461538 -1219.2 0 1 0 -0 
1 1699.8461538461538 -1219.2 1559.1692307692308 1 0 -0 
1 1699.8461538461538 0 0 1 0 -0 
1 1699.8461538461538 0 1559.1692307692308 1 0 -0 
1 1957.7538461538463 -1219.2 0 0 0 1 
1 1957.7538461538463 -1219.2 1781.9076923076923 -0 1 0 
1 1957.7538461538463 0 0 0 0 1 
1 1957.7538461538463 -1219.2 0 -0 1 0 
1 2224.8055384615386 -1219.2 0 0 0 1 
1 2224.8055384615386 -1219.2 1781.9076923076923 -0 1 0 
1 2224.8055384615386 0 0 0 0 1 
1 2224.8055384615386 -1219.2 0 -0 1 0 
1 1957.7538461538463 -1219.2 0 1 0 -0 
1 1957.7538461538463 -1219.2 1781.9076923076923 1 0 -0 
1 1957.7538461538463 0 0 1 0 -0 
1 1957.7538461538463 0 1781.9076923076923 1 0 -0 
1 2215.6615384615384 -1219.2 0 0 0 1 
1 2215.6615384615384 -1219.2 2004.6461538461538 -0 1 0 
1 2215.6615384615384 0 0 0 0 1 
1 2215.6615384615384 -1219.2 0 -0 1 0 
1 2482.7132307692309 -1219.2 0 0 0 1 
1 2482.7132307692309 -1219.2 2004.6461538461538 -0 1 0 
1 2482.7132307692309 0 0 0 0 1 
1 2482.7132307692309 -1219.2 0 -0 1 0 
1 2215.6615384615384 -1219.2 0 1 0 -0 
1 2215.6615384615384 -1219.2 2004.6461538461538 1 0 -0 
1 2215.6615384615384 0 0 1 0 -0 
1 2215.6615384615384 0 2004.6461538461538 1 0 -0 
1 2473.5692307692307 -1219.2 0 0 0 1 
1 2473.5692307692307 -1219.2 2227.3846153846152 -0 1 0 
1 2473.5692307692307 0 0 0 0 1 
1 2473.5692307692307 -1219.2 0 -0 1 0 
1 2740.6209230769232 -1219.2 0 0 0 1 
1 2740.6209230769232 -1219.2 2227.3846153846152 -0 1 0 
1 2740.6209230769232 0 0 0 0 1 
1 2740.6209230769232 -1219.2 0 -0 1 0 
1 2473.5692307692307 -1219.2 0 1 0 -0 
1 2473.5692307692307 -1219.2 2227.3846153846152 1 0 -0 
1 2473.5692307692307 0 0 1 0 -0 
1 2473.5692307692307 0 2227.3846153846152 1 0 -0 
1 2731.4769230769234 -1219.2 0 0 0 1 
1 2731.4769230769234 -1219.2 2450.123076923077 -0 1 0 
1 2731.4769230769234 0 0 0 0 1 
1 2731.4769230769234 -1219.2 0 -0 1 0 
1 2998.5286153846159 -1219.2 0 0 0 1 
1 2998.5286153846159 -1219.2 2450.123076923077 -0 1 0 
1 2998.5286153846159 0 0 0 0 1 
1 2998.5286153846159 -1219.2 0 -0 1 0 
1 2731.4769230769234 -1219.2 0 1 0 -0 
1 2731.4769230769234 -1219.2 2450.123076923077 1 0 -0 
1 2731.4769230769234 0 0 1 0 -0 
1 2731.4769230769234 0 2450.123076923077 1 0 -0 
1 2989.3846153846157 -1219.2 0 0 0 1 
1 2989.3846153846157 -1219.2 2672.8615384615382 -0 1 0 
1 2989.3846153846157 0 0 0 0 1 
1 2989.3846153846157 -1219.2 0 -0 1 0 
1 3256.4363076923082 -1219.2 0 0 0 1 
1 3256.4363076923082 -1219.2 2672.8615384615382 -0 1 0 
1 3256.4363076923082 0 0 0 0 1 
1 3256.4363076923082 -1219.2 0 -0 1 0 
1 2989.3846153846157 -1219.2 0 1 0 -0 
1 2989.3846153846157 -1219.2 2672.8615384615382 1 0 -0 
1 2989.3846153846157 0 0 1 0 -0 
1 2989.3846153846157 0 2672.8615384615382 1 0 -0 
1 3247.2923076923075 -1219.2 0 0 0 1 
1 3247.2923076923075 -1219.2 2895.5999999999999 -0 1 0 
1 3247.2923076923075 0 0 0 0 1 
1 3247.2923076923075 -1219.2 0 -0 1 0 
1 3514.3440000000001 -1219.2 0 0 0 1 
1 3514.3440000000001 -1219.2 2895.5999999999999 -0 1 0 
1 3514.3440000000001 0 0 0 0 1 
1 3514.3440000000001 -1219.2 0 -0 1 0 
1 3247.2923076923075 -1219.2 0 1 0 -0 
1 3247.2923076923075 -1219.2 2895.5999999999999 1 0 -0 
1 3247.2923076923075 0 0 1 0 -0 
1 3247.2923076923075 0 2895.5999999999999 1 0 -0 
1 167.64000000000001 167.64000000000001 158.49600000000001 0 0 1 
1 167.64000000000001 167.64000000000001 170.68800000000002 -0 1 0 
1 167.64000000000001 4251.96 158.49600000000001 0 0 1 
1 167.64000000000001 167.64000000000001 158.49600000000001 -0 1 0 
1 4251.96 167.64000000000001 158.49600000000001 0 0 1 
1 4251.96 167.64000000000001 170.68800000000002 -0 1 0 
1 4251.96 4251.96 158.49600000000001 0 0 1 
1 4251.96 167.64000000000001 158.49600000000001 -0 1 0 
1 167.64000000000001 167.64000000000001 158.49600000000001 1 0 -0 
1 167.64000000000001 167.64000000000001 170.68800000000002 1 0 -0 
1 167.64000000000001 4251.96 158.49600000000001 1 0 -0 
1 167.64000000000001 4251.96 170.68800000000002 1 0 -0 
1 167.64000000000001 4282.4400000000005 158.49600000000001 0 0 1 
1 167.64000000000001 4282.4400000000005 170.68800000000002 -0 1 0 
1 167.64000000000001 5928.3600000000006 158.49600000000001 0 0 1 
1 167.64000000000001 4282.4400000000005 158.49600000000001 -0 1 0 
1 2270.7600000000002 4282.4400000000005 158.49600000000001 0 0 1 
1 2270.7600000000002 4282.4400000000005 170.68800000000002 -0 1 0 
1 2270.7600000000002 5928.3600000000006 158.49600000000001 0 0 1 
1 2270.7600000000002 4282.4400000000005 158.49600000000001 -0 1 0 
1 167.64000000000001 4282.4400000000005 158.49600000000001 1 0 -0 
1 167.64000000000001 4282.4400000000005 170.68800000000002 1 0 -0 
1 167.64000000000001 5928.3600000000006 158.49600000000001 1 0 -0 
1 167.64000000000001 5928.3600000000006 170.68800000000002 1 0 -0 
1 57.150000000000006 670.56000000000006 152.40000000000001 0 0 1 
1 57.150000000000006 670.56000000000006 2438.4000000000001 -0 1 0 
1 57.150000000000006 3627.1199999999999 152.40000000000001 0 0 1 
1 57.150000000000006 670.56000000000006 152.40000000000001 -0 1 0 
1 95.25 670.56000000000006 152.40000000000001 0 0 1 
1 95.25 670.56000000000006 2438.4000000000001 -0 1 0 
1 95.25 3627.1199999999999 152.40000000000001 0 0 1 
1 95.25 670.56000000000006 152.40000000000001 -0 1 0 
1 57.150000000000006 670.56000000000006 152.40000000000001 1 0 -0 
1 57.150000000000006 670.56000000000006 2438.4000000000001 1 0 -0 
1 57.150000000000006 3627.1199999999999 152.40000000000001 1 0 -0 
1 57.150000000000006 3627.1199999999999 2438.4000000000001 1 0 -0 
1 7315.2000000000007 0 0 0 0 1 
1 7315.2000000000007 0 76.200000000000003 -0 1 0 
1 7315.2000000000007 5943.6000000000004 0 0 0 1 
1 7315.2000000000007 0 0 -0 1 0 
1 8382 0 0 0 0 1 
1 8382 0 76.200000000000003 -0 1 0 
1 8382 5943.6000000000004 0 0 0 1 
1 8382 0 0 -0 1 0 
1 7315.2000000000007 0 0 1 0 -0 
1 7315.2000000000007 0 76.200000000000003 1 0 -0 
1 7315.2000000000007 5943.6000000000004 0 1 0 -0 
1 7315.2000000000007 5943.6000000000004 76.200000000000003 1 0 -0 
1 3505.2000000000003 -1219.2 0 0 0 1 
1 3505.2000000000003 -1219.2 76.200000000000003 -0 1 0 
1 3505.2000000000003 0 0 0 0 1 
1 3505.2000000000003 -1219.2 0 -0 1 0 
1 8382 -1219.2 0 0 0 1 
1 8382 -1219.2 76.200000000000003 -0 1 0 
1 8382 0 0 0 0 1 
1 8382 -1219.2 0 -0 1 0 
1 3505.2000000000003 -1219.2 0 1 0 -0 
1 3505.2000000000003 -1219.2 76.200000000000003 1 0 -0 
1 3505.2000000000003 0 0 1 0 -0 
1 3505.2000000000003 0 76.200000000000003 1 0 -0 
1 3215.6400000000003 2651.7599999999998 3130.2959999999998 0 0 1 
1 3215.6400000000003 2651.7599999999998 3142.4879999999998 -0 1 0 
1 3215.6400000000003 4724.3999999999996 3130.2959999999998 0 0 1 
1 3215.6400000000003 2651.7599999999998 3130.2959999999998 -0 1 0 
1 7147.5600000000004 2651.7599999999998 3130.2959999999998 0 0 1 
1 7147.5600000000004 2651.7599999999998 3142.4879999999998 -0 1 0 
1 7147.5600000000004 4724.3999999999996 3130.2959999999998 0 0 1 
1 7147.5600000000004 2651.7599999999998 3130.2959999999998 -0 1 0 
1 3215.6400000000003 2651.7599999999998 3130.2959999999998 1 0 -0 
1 3215.6400000000003 2651.7599999999998 3142.4879999999998 1 0 -0 
1 3215.6400000000003 4724.3999999999996 3130.2959999999998 1 0 -0 
1 3215.6400000000003 4724.3999999999996 3142.4879999999998 1 0 -0 
1 3657.6000000000004 2712.7200000000003 3124.2000000000003 0 0 1 
1 3657.6000000000004 2712.7200000000003 4038.6000000000004 -0 1 0 
1 3657.6000000000004 3383.2800000000002 3124.2000000000003 0 0 1 
1 3657.6000000000004 2712.7200000000003 3124.2000000000003 -0 1 0 
1 5913.1200000000008 2712.7200000000003 3124.2000000000003 0 0 1 
1 5913.1200000000008 2712.7200000000003 4038.6000000000004 -0 1 0 
1 5913.1200000000008 3383.2800000000002 3124.2000000000003 0 0 1 
1 5913.1200000000008 2712.7200000000003 3124.2000000000003 -0 1 0 
1 3657.6000000000004 2712.7200000000003 3124.2000000000003 1 0 -0 
1 3657.6000000000004 2712.7200000000003 4038.6000000000004 1 0 -0 
1 3657.6000000000004 3383.2800000000002 3124.2000000000003 1 0 -0 
1 3657.6000000000004 3383.2800000000002 4038.6000000000004 1 0 -0 
1 2286 4267.1999999999998 152.40000000000001 0 0 1 
1 2286 4267.1999999999998 2895.6000000000004 -0 1 0 
1 2286 4367.7839999999997 152.40000000000001 0 0 1 
1 2286 4267.1999999999998 152.40000000000001 -0 1 0 
1 2286 4267.1999999999998 152.40000000000001 1 0 -0 
1 3291.8400000000001 4267.1999999999998 152.40000000000001 -0 0 -1 
1 2788.9200000000001 4267.1999999999998 2225.04 1 0 -0 
1 4023.3600000000001 4267.1999999999998 152.40000000000001 -0 0 -1 
1 4267.1999999999998 4267.1999999999998 152.40000000000001 0 0 1 
1 2286 4267.1999999999998 2895.6000000000004 1 0 -0 
1 2286 4367.7839999999997 2895.6000000000004 1 0 -0 
1 4267.1999999999998 4267.1999999999998 2895.6000000000004 -0 1 0 
1 2286 4367.7839999999997 152.40000000000001 1 0 -0 
1 3291.8400000000001 4367.7839999999997 152.40000000000001 -0 0 -1 
1 2788.9200000000001 4367.7839999999997 2225.04 1 0 -0 
1 4023.3600000000001 4367.7839999999997 152.40000000000001 -0 0 -1 
1 4267.1999999999998 4367.7839999999997 152.40000000000001 0 0 1 
1 3291.8400000000001 4251.96 152.40000000000001 -0 1 0 
1 3291.8400000000001 4251.96 2225.04 -0 1 0 
1 4023.3600000000001 4251.96 2225.04 -0 1 0 
1 4023.3600000000001 4251.96 152.40000000000001 -0 1 0 
1 4267.1999999999998 4267.1999999999998 152.40000000000001 -0 1 0 
1 2286 4267.1999999999998 152.40000000000001 0 0 1 
1 2286 4267.1999999999998 2895.6000000000004 -0 1 0 
1 2286 5943.6000000000004 152.40000000000001 0 0 1 
1 2286 4267.1999999999998 152.40000000000001 -0 1 0 
1 2386.5839999999998 4267.1999999999998 152.40000000000001 0 0 1 
1 2386.5839999999998 4267.1999999999998 2895.6000000000004 -0 1 0 
1 2386.5839999999998 5943.6000000000004 152.40000000000001 0 0 1 
1 2386.5839999999998 4267.1999999999998 152.40000000000001 -0 1 0 
1 2286 4267.1999999999998 152.40000000000001 1 0 -0 
1 2286 4267.1999999999998 2895.6000000000004 1 0 -0 
1 2286 5943.6000000000004 152.40000000000001 1 0 -0 
1 2286 5943.6000000000004 2895.6000000000004 1 0 -0 
1 7162.8000000000002 6096 152.40000000000001 0 0 1 
1 7162.8000000000002 0 152.40000000000001 -0 1 0 
1 7162.8000000000002 5577.8400000000001 152.40000000000001 0 0 1 
1 7162.8000000000002 2407.9200000000001 2225.04 0 -1 0 
1 7162.8000000000002 4815.8400000000001 152.40000000000001 0 0 1 
1 7162.8000000000002 3688.0799999999999 152.40000000000001 0 0 1 
1 7162.8000000000002 1234.4400000000001 2286 0 -1 0 
1 7162.8000000000002 2468.8800000000001 152.40000000000001 0 0 1 
1 7162.8000000000002 0 152.40000000000001 0 0 1 
1 7162.8000000000002 0 2895.6000000000004 -0 1 0 
1 7162.8000000000002 487.68000000000006 1066.8 0 -1 0 
1 7162.8000000000002 1737.3600000000001 609.60000000000002 0 0 1 
1 7162.8000000000002 975.36000000000013 609.60000000000002 0 0 1 
1 7162.8000000000002 487.68000000000006 2133.5999999999999 0 -1 0 
1 7162.8000000000002 6096 152.40000000000001 1 0 -0 
1 7315.1999999999998 6096 152.40000000000001 0 0 1 
1 7162.8000000000002 6096 2895.6000000000004 1 0 -0 
1 7315.1999999999998 0 152.40000000000001 -0 1 0 
1 7147.5600000000004 5577.8400000000001 152.40000000000001 1 0 -0 
1 7315.1999999999998 5577.8400000000001 152.40000000000001 0 0 1 
1 7147.5600000000004 5577.8400000000001 2225.04 1 0 -0 
1 7315.1999999999998 2407.9200000000001 2225.04 0 -1 0 
1 7147.5600000000004 4815.8400000000001 2225.04 1 0 -0 
1 7147.5600000000004 4815.8400000000001 152.40000000000001 1 0 -0 
1 7315.1999999999998 4815.8400000000001 152.40000000000001 0 0 1 
1 7147.5600000000004 3688.0799999999999 152.40000000000001 1 0 -0 
1 7315.1999999999998 3688.0799999999999 152.40000000000001 0 0 1 
1 7147.5600000000004 3688.0799999999999 2286 1 0 -0 
1 7315.1999999999998 1234.4400000000001 2286 0 -1 0 
1 7147.5600000000004 2468.8800000000001 2286 1 0 -0 
1 7147.5600000000004 2468.8800000000001 152.40000000000001 1 0 -0 
1 7315.1999999999998 2468.8800000000001 152.40000000000001 0 0 1 
1 7162.8000000000002 0 152.40000000000001 1 0 -0 
1 7315.1999999999998 0 152.40000000000001 0 0 1 
1 7162.8000000000002 0 2895.6000000000004 1 0 -0 
1 7315.1999999999998 0 2895.6000000000004 -0 1 0 
1 7147.5600000000004 1737.3600000000001 1066.8 1 0 -0 
1 7315.1999999999998 487.68000000000006 1066.8 0 -1 0 
1 7147.5600000000004 975.36000000000013 1066.8 1 0 -0 
1 7315.1999999999998 1737.3600000000001 609.60000000000002 0 0 1 
1 7147.5600000000004 1737.3600000000001 2133.5999999999999 1 0 -0 
1 7315.1999999999998 975.36000000000013 609.60000000000002 0 0 1 
1 7147.5600000000004 975.36000000000013 2133.5999999999999 1 0 -0 
1 7315.1999999999998 487.68000000000006 2133.5999999999999 0 -1 0 
1 4267.1999999999998 152.40000000000001 2895.6000000000004 -0 1 0 
1 4267.1999999999998 5943.5999999999995 152.40000000000001 0 0 1 
1 4267.1999999999998 152.40000000000001 152.40000000000001 -0 1 0 
1 4267.1999999999998 3352.8000000000002 152.40000000000001 0 0 1 
1 4267.1999999999998 1295.4000000000001 2286 0 -1 0 
1 4267.1999999999998 2438.4000000000001 152.40000000000001 0 0 1 
1 4267.1999999999998 152.40000000000001 152.40000000000001 0 0 1 
1 4267.1999999999998 5943.5999999999995 2895.6000000000004 1 0 -0 
1 4367.7839999999997 152.40000000000001 2895.6000000000004 -0 1 0 
1 4267.1999999999998 152.40000000000001 2895.6000000000004 1 0 -0 
1 4267.1999999999998 5943.5999999999995 152.40000000000001 1 0 -0 
1 4367.7839999999997 5943.5999999999995 152.40000000000001 0 0 1 
1 4367.7839999999997 152.40000000000001 152.40000000000001 -0 1 0 
1 4251.96 3352.8000000000002 152.40000000000001 1 0 -0 
1 4367.7839999999997 3352.8000000000002 152.40000000000001 0 0 1 
1 4251.96 3352.8000000000002 2286 1 0 -0 
1 4367.7839999999997 1295.4000000000001 2286 0 -1 0 
1 4251.96 2438.4000000000001 2286 1 0 -0 
1 4251.96 2438.4000000000001 152.40000000000001 1 0 -0 
1 4367.7839999999997 2438.4000000000001 152.40000000000001 0 0 1 
1 4267.1999999999998 152.40000000000001 152.40000000000001 1 0 -0 
1 4367.7839999999997 152.40000000000001 152.40000000000001 0 0 1 
1 0 5943.6000000000004 152.40000000000001 0 0 1 
1 0 5943.6000000000004 2895.6000000000004 -0 1 0 
1 0 6096 152.40000000000001 0 0 1 
1 0 5943.6000000000004 152.40000000000001 -0 1 0 
1 7315.2000000000007 5943.6000000000004 152.40000000000001 0 0 1 
1 7315.2000000000007 5943.6000000000004 2895.6000000000004 -0 1 0 
1 7315.2000000000007 6096 152.40000000000001 0 0 1 
1 7315.2000000000007 5943.6000000000004 152.40000000000001 -0 1 0 
1 0 5943.6000000000004 152.40000000000001 1 0 -0 
1 0 5943.6000000000004 2895.6000000000004 1 0 -0 
1 0 6096 152.40000000000001 1 0 -0 
1 0 6096 2895.6000000000004 1 0 -0 
1 4267.1999999999998 4267.1999999999998 152.40000000000001 0 0 1 
1 4267.1999999999998 4267.1999999999998 2895.6000000000004 -0 1 0 
1 4267.1999999999998 4367.7839999999997 152.40000000000001 0 0 1 
1 4267.1999999999998 4267.1999999999998 152.40000000000001 -0 1 0 
1 4267.1999999999998 4267.1999999999998 152.40000000000001 1 0 -0 
1 4876.8000000000002 4267.1999999999998 152.40000000000001 -0 0 -1 
1 4572 4267.1999999999998 2225.04 1 0 -0 
1 5669.2800000000007 4267.1999999999998 152.40000000000001 -0 0 -1 
1 7162.7999999999993 4267.1999999999998 152.40000000000001 0 0 1 
1 4267.1999999999998 4267.1999999999998 2895.6000000000004 1 0 -0 
1 4267.1999999999998 4367.7839999999997 2895.6000000000004 1 0 -0 
1 7162.7999999999993 4267.1999999999998 2895.6000000000004 -0 1 0 
1 4267.1999999999998 4367.7839999999997 152.40000000000001 1 0 -0 
1 4876.8000000000002 4367.7839999999997 152.40000000000001 -0 0 -1 
1 4572 4367.7839999999997 2225.04 1 0 -0 
1 5669.2800000000007 4367.7839999999997 152.40000000000001 -0 0 -1 
1 7162.7999999999993 4367.7839999999997 152.40000000000001 0 0 1 
1 4876.8000000000002 4251.96 152.40000000000001 -0 1 0 
1 4876.8000000000002 4251.96 2225.04 -0 1 0 
1 5669.2800000000007 4251.96 2225.04 -0 1 0 
1 5669.2800000000007 4251.96 152.40000000000001 -0 1 0 
1 7162.7999999999993 4267.1999999999998 152.40000000000001 -0 1 0 
1 2407.9200000000001 4907.2800000000007 152.40000000000001 0 0 1 
1 2407.9200000000001 4907.2800000000007 198.12 -0 1 0 
1 2407.9200000000001 5821.6800000000003 152.40000000000001 0 0 1 
1 2407.9200000000001 4907.2800000000007 152.40000000000001 -0 1 0 
1 3322.3200000000002 4907.2800000000007 152.40000000000001 0 0 1 
1 3322.3200000000002 4907.2800000000007 198.12 -0 1 0 
1 3322.3200000000002 5821.6800000000003 152.40000000000001 0 0 1 
1 3322.3200000000002 4907.2800000000007 152.40000000000001 -0 1 0 
1 2407.9200000000001 4907.2800000000007 152.40000000000001 1 0 -0 
1 2407.9200000000001 4907.2800000000007 198.12 1 0 -0 
1 2407.9200000000001 5821.6800000000003 152.40000000000001 1 0 -0 
1 2407.9200000000001 5821.6800000000003 198.12 1 0 -0 
1 0 0 152.40000000000001 0 0 1 
1 0 0 2895.6000000000004 -0 1 0 
1 0 152.40000000000001 152.40000000000001 0 0 1 
1 0 0 152.40000000000001 -0 1 0 
1 7315.2000000000007 0 152.40000000000001 0 0 1 
1 7315.2000000000007 0 2895.6000000000004 -0 1 0 
1 7315.2000000000007 152.40000000000001 152.40000000000001 0 0 1 
1 7315.2000000000007 0 152.40000000000001 -0 1 0 
1 0 0 152.40000000000001 1 0 -0 
1 0 0 2895.6000000000004 1 0 -0 
1 0 152.40000000000001 152.40000000000001 1 0 -0 
1 0 152.40000000000001 2895.6000000000004 1 0 -0 
1 2438.4000000000001 4373.8800000000001 152.40000000000001 0 0 1 
1 2438.4000000000001 4373.8800000000001 1005.8399999999999 -0 1 0 
1 2438.4000000000001 4815.8400000000001 152.40000000000001 0 0 1 
1 2438.4000000000001 4373.8800000000001 152.40000000000001 -0 1 0 
1 3169.9200000000001 4373.8800000000001 152.40000000000001 0 0 1 
1 3169.9200000000001 4373.8800000000001 1005.8399999999999 -0 1 0 
1 3169.9200000000001 4815.8400000000001 152.40000000000001 0 0 1 
1 3169.9200000000001 4373.8800000000001 152.40000000000001 -0 1 0 
1 2438.4000000000001 4373.8800000000001 152.40000000000001 1 0 -0 
1 2438.4000000000001 4373.8800000000001 1005.8399999999999 1 0 -0 
1 2438.4000000000001 4815.8400000000001 152.40000000000001 1 0 -0 
1 2438.4000000000001 4815.8400000000001 1005.8399999999999 1 0 -0 
1 0 0 2895.6000000000004 -0 1 0 
1 0 6096 152.40000000000001 0 0 1 
1 0 0 152.40000000000001 -0 1 0 
1 0 3627.1199999999999 152.40000000000001 0 0 1 
1 0 335.28000000000003 2438.4000000000001 0 -1 0 
1 0 670.56000000000006 152.40000000000001 0 0 1 
1 0 0 152.40000000000001 0 0 1 
1 0 6096 2895.6000000000004 1 0 -0 
1 152.40000000000001 0 2895.6000000000004 -0 1 0 
1 0 0 2895.6000000000004 1 0 -0 
1 0 6096 152.40000000000001 1 0 -0 
1 152.40000000000001 6096 152.40000000000001 0 0 1 
1 152.40000000000001 0 152.40000000000001 -0 1 0 
1 -15.240000000000002 3627.1199999999999 152.40000000000001 1 0 -0 
1 152.40000000000001 3627.1199999999999 152.40000000000001 0 0 1 
1 -15.240000000000002 3627.1199999999999 2438.4000000000001 1 0 -0 
1 152.40000000000001 335.28000000000003 2438.4000000000001 0 -1 0 
1 -15.240000000000002 670.56000000000006 2438.4000000000001 1 0 -0 
1 -15.240000000000002 670.56000000000006 152.40000000000001 1 0 -0 
1 152.40000000000001 670.56000000000006 152.40000000000001 0 0 1 
1 0 0 152.40000000000001 1 0 -0 
1 152.40000000000001 0 152.40000000000001 0 0 1 
1 2103.1200000000003 3048 4876.8000000000002 -0 1 0 
1 2103.1200000000003 3352.8000000000002 3124.2000000000003 0 0 1 
1 2103.1200000000003 3048 3124.2000000000003 -0 1 0 
1 2103.1200000000003 3048 3124.2000000000003 0 0 1 
1 2095.5 3352.8000000000002 4876.8000000000002 -1 -0 0 
1 2203.7040000000002 3048 4876.8000000000002 -0 1 0 
1 2103.1200000000003 3048 4876.8000000000002 1 0 -0 
1 2087.8800000000001 3352.8000000000002 3124.2000000000003 1 0 -0 
1 2203.7040000000002 3352.8000000000002 3124.2000000000003 0 0 1 
1 2203.7040000000002 3048 3124.2000000000003 -0 1 0 
1 2103.1200000000003 3048 3124.2000000000003 1 0 -0 
1 2203.7040000000002 3048 3124.2000000000003 0 0 1 
1 2103.1200000000003 4937.7600000000002 3124.2000000000003 0 0 1 
1 2103.1200000000003 4084.3200000000002 3124.2000000000003 0 0 1 
1 2103.1200000000003 4937.7600000000002 4876.8000000000002 1 0 -0 
1 2095.5 4084.3200000000002 4876.8000000000002 -1 -0 0 
1 2103.1200000000003 4937.7600000000002 3124.2000000000003 1 0 -0 
1 2203.7040000000002 4937.7600000000002 3124.2000000000003 0 0 1 
1 2087.8800000000001 4084.3200000000002 3124.2000000000003 1 0 -0 
1 2203.7040000000002 4084.3200000000002 3124.2000000000003 0 0 1 
1 152.40000000000001 4937.7600000000002 3124.2000000000003 0 0 1 
1 152.40000000000001 4937.7600000000002 4876.8000000000002 -0 1 0 
1 152.40000000000001 5038.3440000000001 3124.2000000000003 0 0 1 
1 152.40000000000001 4937.7600000000002 3124.2000000000003 -0 1 0 
1 2203.7040000000002 4937.7600000000002 3124.2000000000003 0 0 1 
1 2203.7040000000002 4937.7600000000002 4876.8000000000002 -0 1 0 
1 2203.7040000000002 5038.3440000000001 3124.2000000000003 0 0 1 
1 2203.7040000000002 4937.7600000000002 3124.2000000000003 -0 1 0 
1 152.40000000000001 4937.7600000000002 3124.2000000000003 1 0 -0 
1 152.40000000000001 4937.7600000000002 4876.8000000000002 1 0 -0 
1 152.40000000000001 5038.3440000000001 3124.2000000000003 1 0 -0 
1 152.40000000000001 5038.3440000000001 4876.8000000000002 1 0 -0 
1 152.40000000000001 2438.4000000000001 3124.2000000000003 0 0 1 
1 152.40000000000001 2438.4000000000001 4876.8000000000002 -0 1 0 
1 152.40000000000001 2538.9839999999999 3124.2000000000003 0 0 1 
1 152.40000000000001 2438.4000000000001 3124.2000000000003 -0 1 0 
1 152.40000000000001 2438.4000000000001 3124.2000000000003 1 0 -0 
1 304.80000000000001 2438.4000000000001 3124.2000000000003 -0 0 -1 
1 152.40000000000001 2438.4000000000001 4876.8000000000002 1 0 -0 
1 152.40000000000001 2538.9839999999999 4876.8000000000002 1 0 -0 
1 304.80000000000001 2430.7800000000002 4876.8000000000002 -0 1 0 
1 152.40000000000001 2538.9839999999999 3124.2000000000003 1 0 -0 
1 304.80000000000001 2538.9839999999999 3124.2000000000003 -0 0 -1 
1 304.80000000000001 2423.1600000000003 3124.2000000000003 -0 1 0 
1 1981.2000000000003 2438.4000000000001 3124.2000000000003 0 0 1 
1 1828.8 2438.4000000000001 3124.2000000000003 -0 0 -1 
1 1981.2000000000003 2438.4000000000001 3124.2000000000003 -0 1 0 
1 1828.8 2423.1600000000003 3124.2000000000003 -0 1 0 
1 1981.2000000000003 2438.4000000000001 4876.8000000000002 -0 1 0 
1 1981.2000000000003 2538.9839999999999 3124.2000000000003 0 0 1 
1 1828.8 2430.7800000000002 4876.8000000000002 -0 1 0 
1 1828.8 2538.9839999999999 3124.2000000000003 -0 0 -1 
1 3108.96 152.40000000000001 4876.8000000000002 -0 1 0 
1 3108.96 2164.0799999999999 3124.2000000000003 0 0 1 
1 3108.96 152.40000000000001 3124.2000000000003 -0 1 0 
1 3108.96 152.40000000000001 3124.2000000000003 0 0 1 
1 3101.3400000000001 2164.0799999999999 4876.8000000000002 -1 -0 0 
1 3209.5439999999999 152.40000000000001 4876.8000000000002 -0 1 0 
1 3108.96 152.40000000000001 4876.8000000000002 1 0 -0 
1 3093.7199999999998 2164.0799999999999 3124.2000000000003 1 0 -0 
1 3209.5439999999999 2164.0799999999999 3124.2000000000003 0 0 1 
1 3209.5439999999999 152.40000000000001 3124.2000000000003 -0 1 0 
1 3108.96 152.40000000000001 3124.2000000000003 1 0 -0 
1 3209.5439999999999 152.40000000000001 3124.2000000000003 0 0 1 
1 3108.96 3048 3124.2000000000003 0 0 1 
1 3108.96 2895.5999999999999 3124.2000000000003 0 0 1 
1 3108.96 3048 4876.8000000000002 1 0 -0 
1 3101.3400000000001 2895.5999999999999 4876.8000000000002 -1 -0 0 
1 3108.96 3048 3124.2000000000003 1 0 -0 
1 3209.5439999999999 3048 3124.2000000000003 0 0 1 
1 3093.7199999999998 2895.5999999999999 3124.2000000000003 1 0 -0 
1 3209.5439999999999 2895.5999999999999 3124.2000000000003 0 0 1 
1 152.40000000000001 3048 3124.2000000000003 0 0 1 
1 152.40000000000001 3048 4876.8000000000002 -0 1 0 
1 152.40000000000001 3148.5839999999998 3124.2000000000003 0 0 1 
1 152.40000000000001 3048 3124.2000000000003 -0 1 0 
1 3209.5439999999999 3048 3124.2000000000003 0 0 1 
1 3209.5439999999999 3048 4876.8000000000002 -0 1 0 
1 3209.5439999999999 3148.5839999999998 3124.2000000000003 0 0 1 
1 3209.5439999999999 3048 3124.2000000000003 -0 1 0 
1 152.40000000000001 3048 3124.2000000000003 1 0 -0 
1 152.40000000000001 3048 4876.8000000000002 1 0 -0 
1 152.40000000000001 3148.5839999999998 3124.2000000000003 1 0 -0 
1 152.40000000000001 3148.5839999999998 4876.8000000000002 1 0 -0 
1 7162.8000000000002 0 4876.8000000000002 -0 1 0 
1 7162.8000000000002 609.60000000000002 3124.2000000000003 0 0 1 
1 7162.8000000000002 0 3124.2000000000003 -0 1 0 
1 7162.8000000000002 0 3124.2000000000003 0 0 1 
1 7155.1800000000003 609.60000000000002 4876.8000000000002 -1 -0 0 
1 7315.1999999999998 0 4876.8000000000002 -0 1 0 
1 7162.8000000000002 0 4876.8000000000002 1 0 -0 
1 7147.5600000000004 609.60000000000002 3124.2000000000003 1 0 -0 
1 7315.1999999999998 609.60000000000002 3124.2000000000003 0 0 1 
1 7315.1999999999998 0 3124.2000000000003 -0 1 0 
1 7162.8000000000002 0 3124.2000000000003 1 0 -0 
1 7315.1999999999998 0 3124.2000000000003 0 0 1 
1 7162.8000000000002 2133.5999999999999 3124.2000000000003 0 0 1 
1 7162.8000000000002 6096 3124.2000000000003 0 0 1 
1 7162.8000000000002 1402.0799999999999 3855.7200000000003 0 -1 0 
1 7162.8000000000002 3413.7599999999998 3489.96 0 0 1 
1 7162.8000000000002 1402.0799999999999 4617.7200000000003 0 -1 0 
1 7162.8000000000002 2804.1599999999999 3489.96 0 0 1 
1 7162.8000000000002 6096 4876.8000000000002 1 0 -0 
1 7155.1800000000003 2133.5999999999999 4876.8000000000002 -1 -0 0 
1 7147.5600000000004 2133.5999999999999 3124.2000000000003 1 0 -0 
1 7315.1999999999998 2133.5999999999999 3124.2000000000003 0 0 1 
1 7162.8000000000002 6096 3124.2000000000003 1 0 -0 
1 7315.1999999999998 6096 3124.2000000000003 0 0 1 
1 7147.5600000000004 3413.7599999999998 3855.7200000000003 1 0 -0 
1 7315.1999999999998 1402.0799999999999 3855.7200000000003 0 -1 0 
1 7147.5600000000004 2804.1599999999999 3855.7200000000003 1 0 -0 
1 7315.1999999999998 3413.7599999999998 3489.96 0 0 1 
1 7147.5600000000004 3413.7599999999998 4617.7200000000003 1 0 -0 
1 7315.1999999999998 1402.0799999999999 4617.7200000000003 0 -1 0 
1 7147.5600000000004 2804.1599999999999 4617.7200000000003 1 0 -0 
1 7315.1999999999998 2804.1599999999999 3489.96 0 0 1 
1 0 5943.6000000000004 3124.2000000000003 0 0 1 
1 0 5943.6000000000004 4876.8000000000002 -0 1 0 
1 0 6096 3124.2000000000003 0 0 1 
1 0 5943.6000000000004 3124.2000000000003 -0 1 0 
1 7315.2000000000007 5943.6000000000004 3124.2000000000003 0 0 1 
1 7315.2000000000007 5943.6000000000004 4876.8000000000002 -0 1 0 
1 7315.2000000000007 6096 3124.2000000000003 0 0 1 
1 7315.2000000000007 5943.6000000000004 3124.2000000000003 -0 1 0 
1 0 5943.6000000000004 3124.2000000000003 1 0 -0 
1 0 5943.6000000000004 4876.8000000000002 1 0 -0 
1 0 6096 3124.2000000000003 1 0 -0 
1 0 6096 4876.8000000000002 1 0 -0 
1 213.35999999999999 3169.9200000000001 3124.2000000000003 0 0 1 
1 213.35999999999999 3169.9200000000001 3169.9200000000001 -0 1 0 
1 213.35999999999999 4084.3200000000002 3124.2000000000003 0 0 1 
1 213.35999999999999 3169.9200000000001 3124.2000000000003 -0 1 0 
1 1127.76 3169.9200000000001 3124.2000000000003 0 0 1 
1 1127.76 3169.9200000000001 3169.9200000000001 -0 1 0 
1 1127.76 4084.3200000000002 3124.2000000000003 0 0 1 
1 1127.76 3169.9200000000001 3124.2000000000003 -0 1 0 
1 213.35999999999999 3169.9200000000001 3124.2000000000003 1 0 -0 
1 213.35999999999999 3169.9200000000001 3169.9200000000001 1 0 -0 
1 213.35999999999999 4084.3200000000002 3124.2000000000003 1 0 -0 
1 213.35999999999999 4084.3200000000002 3169.9200000000001 1 0 -0 
1 0 0 3124.2000000000003 0 0 1 
1 0 0 4876.8000000000002 -0 1 0 
1 0 152.40000000000001 3124.2000000000003 0 0 1 
1 0 0 3124.2000000000003 -0 1 0 
1 0 0 3124.2000000000003 1 0 -0 
1 7315.2000000000007 0 3124.2000000000003 0 0 1 
1 0 0 4876.8000000000002 1 0 -0 
1 2286 0 4617.7200000000003 1 0 -0 
1 5334 0 3489.96 -0 0 -1 
1 2286 0 3855.7200000000003 1 0 -0 
1 4572 0 3489.96 -0 0 -1 
1 0 152.40000000000001 4876.8000000000002 1 0 -0 
1 7315.2000000000007 0 4876.8000000000002 -0 1 0 
1 0 152.40000000000001 3124.2000000000003 1 0 -0 
1 7315.2000000000007 152.40000000000001 3124.2000000000003 0 0 1 
1 2286 152.40000000000001 4617.7200000000003 1 0 -0 
1 5334 152.40000000000001 3489.96 -0 0 -1 
1 2286 152.40000000000001 3855.7200000000003 1 0 -0 
1 4572 152.40000000000001 3489.96 -0 0 -1 
1 7315.2000000000007 0 3124.2000000000003 -0 1 0 
1 4572 -15.240000000000002 4617.7200000000003 -0 1 0 
1 5334 -15.240000000000002 4617.7200000000003 -0 1 0 
1 5334 -15.240000000000002 3855.7200000000003 -0 1 0 
1 4572 -15.240000000000002 3855.7200000000003 -0 1 0 
1 213.35999999999999 4191 3124.2000000000003 0 0 1 
1 213.35999999999999 4191 3977.6400000000003 -0 1 0 
1 213.35999999999999 4724.3999999999996 3124.2000000000003 0 0 1 
1 213.35999999999999 4191 3124.2000000000003 -0 1 0 
1 944.88 4191 3124.2000000000003 0 0 1 
1 944.88 4191 3977.6400000000003 -0 1 0 
1 944.88 4724.3999999999996 3124.2000000000003 0 0 1 
1 944.88 4191 3124.2000000000003 -0 1 0 
1 213.35999999999999 4191 3124.2000000000003 1 0 -0 
1 213.35999999999999 4191 3977.6400000000003 1 0 -0 
1 213.35999999999999 4724.3999999999996 3124.2000000000003 1 0 -0 
1 213.35999999999999 4724.3999999999996 3977.6400000000003 1 0 -0 
1 0 0 3124.2000000000003 0 0 1 
1 0 0 4876.8000000000002 -0 1 0 
1 0 0 3124.2000000000003 -0 1 0 
1 0 6096 3124.2000000000003 0 0 1 
1 0 1859.28 3977.6400000000003 0 -1 0 
1 0 4328.1599999999999 3550.9200000000001 0 0 1 
1 0 1859.28 4739.6400000000003 0 -1 0 
1 0 3718.5599999999999 3550.9200000000001 0 0 1 
1 0 502.92000000000002 3825.2400000000002 0 -1 0 
1 0 1767.8400000000001 3474.7200000000003 0 0 1 
1 0 1005.84 3474.7200000000003 0 0 1 
1 0 502.92000000000002 4800.6000000000004 0 -1 0 
1 0 0 3124.2000000000003 1 0 -0 
1 152.40000000000001 0 3124.2000000000003 0 0 1 
1 0 0 4876.8000000000002 1 0 -0 
1 0 6096 4876.8000000000002 1 0 -0 
1 152.40000000000001 0 4876.8000000000002 -0 1 0 
1 0 6096 3124.2000000000003 1 0 -0 
1 152.40000000000001 0 3124.2000000000003 -0 1 0 
1 152.40000000000001 6096 3124.2000000000003 0 0 1 
1 -15.240000000000002 4328.1599999999999 3977.6400000000003 1 0 -0 
1 152.40000000000001 1859.28 3977.6400000000003 0 -1 0 
1 -15.240000000000002 3718.5599999999999 3977.6400000000003 1 0 -0 
1 152.40000000000001 4328.1599999999999 3550.9200000000001 0 0 1 
1 -15.240000000000002 4328.1599999999999 4739.6400000000003 1 0 -0 
1 152.40000000000001 1859.28 4739.6400000000003 0 -1 0 
1 -15.240000000000002 3718.5599999999999 4739.6400000000003 1 0 -0 
1 152.40000000000001 3718.5599999999999 3550.9200000000001 0 0 1 
1 -15.240000000000002 1767.8400000000001 3825.2400000000002 1 0 -0 
1 152.40000000000001 502.92000000000002 3825.2400000000002 0 -1 0 
1 -15.240000000000002 1005.84 3825.2400000000002 1 0 -0 
1 152.40000000000001 1767.8400000000001 3474.7200000000003 0 0 1 
1 -15.240000000000002 1767.8400000000001 4800.6000000000004 1 0 -0 
1 152.40000000000001 1005.84 3474.7200000000003 0 0 1 
1 -15.240000000000002 1005.84 4800.6000000000004 1 0 -0 
1 152.40000000000001 502.92000000000002 4800.6000000000004 0 -1 0 
1 2386.5840000000003 4367.7840000000006 158.49600000000001 0 0 1 
1 2386.5840000000003 4367.7840000000006 170.68800000000002 -0 1 0 
1 2386.5840000000003 5928.3600000000006 158.49600000000001 0 0 1 
1 2386.5840000000003 4367.7840000000006 158.49600000000001 -0 1 0 
1 4166.616 4367.7840000000006 158.49600000000001 0 0 1 
1 4166.616 4367.7840000000006 170.68800000000002 -0 1 0 
1 4166.616 5928.3600000000006 158.49600000000001 0 0 1 
1 4166.616 4367.7840000000006 158.49600000000001 -0 1 0 
1 2386.5840000000003 4367.7840000000006 158.49600000000001 1 0 -0 
1 2386.5840000000003 4367.7840000000006 170.68800000000002 1 0 -0 
1 2386.5840000000003 5928.3600000000006 158.49600000000001 1 0 -0 
1 2386.5840000000003 5928.3600000000006 170.68800000000002 1 0 -0 
1 0 0 0 0 0 1 
1 0 0 152.40000000000001 -0 1 0 
1 0 6096 0 0 0 1 
1 0 0 0 -0 1 0 
1 7315.2000000000007 0 0 0 0 1 
1 7315.2000000000007 0 152.40000000000001 -0 1 0 
1 7315.2000000000007 6096 0 0 0 1 
1 7315.2000000000007 0 0 -0 1 0 
1 0 0 0 1 0 -0 
1 0 0 152.40000000000001 1 0 -0 
1 0 6096 0 1 0 -0 
1 0 6096 152.40000000000001 1 0 -0 
1 0 0 2895.5999999999999 0 0 1 
1 0 0 3124.1999999999998 -0 1 0 
1 0 6096 2895.5999999999999 0 0 1 
1 0 0 2895.5999999999999 -0 1 0 
1 7315.2000000000007 0 2895.5999999999999 0 0 1 
1 7315.2000000000007 0 3124.1999999999998 -0 1 0 
1 7315.2000000000007 6096 2895.5999999999999 0 0 1 
1 7315.2000000000007 0 2895.5999999999999 -0 1 0 
1 0 0 2895.5999999999999 1 0 -0 
1 0 0 3124.1999999999998 1 0 -0 
1 0 6096 2895.5999999999999 1 0 -0 
1 0 6096 3124.1999999999998 1 0 -0 
1 3657.6000000000004 2240.2800000000002 3124.2000000000003 0 0 1 
1 3657.6000000000004 2240.2800000000002 4343.4000000000005 -0 1 0 
1 3657.6000000000004 2346.96 3124.2000000000003 0 0 1 
1 3657.6000000000004 2240.2800000000002 3124.2000000000003 -0 1 0 
1 5638.8000000000002 2240.2800000000002 3124.2000000000003 0 0 1 
1 5638.8000000000002 2240.2800000000002 4343.4000000000005 -0 1 0 
1 5638.8000000000002 2346.96 3124.2000000000003 0 0 1 
1 5638.8000000000002 2240.2800000000002 3124.2000000000003 -0 1 0 
1 3657.6000000000004 2240.2800000000002 3124.2000000000003 1 0 -0 
1 3657.6000000000004 2240.2800000000002 4343.4000000000005 1 0 -0 
1 3657.6000000000004 2346.96 3124.2000000000003 1 0 -0 
1 3657.6000000000004 2346.96 4343.4000000000005 1 0 -0 
1 167.64000000000001 5038.344000000001 3130.2959999999998 0 0 1 
1 167.64000000000001 5038.344000000001 3142.4879999999998 -0 1 0 
1 167.64000000000001 5928.3600000000006 3130.2959999999998 0 0 1 
1 167.64000000000001 5038.344000000001 3130.2959999999998 -0 1 0 
1 2087.8800000000001 5038.344000000001 3130.2959999999998 0 0 1 
1 2087.8800000000001 5038.344000000001 3142.4879999999998 -0 1 0 
1 2087.8800000000001 5928.3600000000006 3130.2959999999998 0 0 1 
1 2087.8800000000001 5038.344000000001 3130.2959999999998 -0 1 0 
1 167.64000000000001 5038.344000000001 3130.2959999999998 1 0 -0 
1 167.64000000000001 5038.344000000001 3142.4879999999998 1 0 -0 
1 167.64000000000001 5928.3600000000006 3130.2959999999998 1 0 -0 
1 167.64000000000001 5928.3600000000006 3142.4879999999998 1 0 -0 
1 0 3048 6096 1 0 0 
1 0 6096 4876.8000000000002 1 0 0 
1 0 3048 6096 0 0.92847669088525941 -0.37139067635410372 
1 0 6096 4770.1199999999999 1 0 0 
1 0 6096 4876.8000000000002 0 0 -1 
1 0 3048 5989.3199999999997 1 0 0 
1 0 6096 4770.1199999999999 0 -0.92847669088525941 0.37139067635410372 
1 0 3048 5989.3199999999997 0 0 1 
1 4367.7840000000006 4367.7840000000006 158.49600000000001 0 0 1 
1 4367.7840000000006 4367.7840000000006 170.68800000000002 -0 1 0 
1 4367.7840000000006 5928.3600000000006 158.49600000000001 0 0 1 
1 4367.7840000000006 4367.7840000000006 158.49600000000001 -0 1 0 
1 7147.5600000000004 4367.7840000000006 158.49600000000001 0 0 1 
1 7147.5600000000004 4367.7840000000006 170.68800000000002 -0 1 0 
1 7147.5600000000004 5928.3600000000006 158.49600000000001 0 0 1 
1 7147.5600000000004 4367.7840000000006 158.49600000000001 -0 1 0 
1 4367.7840000000006 4367.7840000000006 158.49600000000001 1 0 -0 
1 4367.7840000000006 4367.7840000000006 170.68800000000002 1 0 -0 
1 4367.7840000000006 5928.3600000000006 158.49600000000001 1 0 -0 
1 4367.7840000000006 5928.3600000000006 170.68800000000002 1 0 -0 
1 4572 5242.5600000000004 152.40000000000001 0 0 1 
1 4572 5242.5600000000004 914.39999999999998 -0 1 0 
1 4572 5730.2400000000007 152.40000000000001 0 0 1 
1 4572 5242.5600000000004 152.40000000000001 -0 1 0 
1 6278.8800000000001 5242.5600000000004 152.40000000000001 0 0 1 
1 6278.8800000000001 5242.5600000000004 914.39999999999998 -0 1 0 
1 6278.8800000000001 5730.2400000000007 152.40000000000001 0 0 1 
1 6278.8800000000001 5242.5600000000004 152.40000000000001 -0 1 0 
1 4572 5242.5600000000004 152.40000000000001 1 0 -0 
1 4572 5242.5600000000004 914.39999999999998 1 0 -0 
1 4572 5730.2400000000007 152.40000000000001 1 0 -0 
1 4572 5730.2400000000007 914.39999999999998 1 0 -0 
1 7219.9499999999998 4815.8400000000001 152.40000000000001 0 0 1 
1 7219.9499999999998 4815.8400000000001 2225.04 -0 1 0 
1 7219.9499999999998 5577.8400000000001 152.40000000000001 0 0 1 
1 7219.9499999999998 4815.8400000000001 152.40000000000001 -0 1 0 
1 7258.0500000000002 4815.8400000000001 152.40000000000001 0 0 1 
1 7258.0500000000002 4815.8400000000001 2225.04 -0 1 0 
1 7258.0500000000002 5577.8400000000001 152.40000000000001 0 0 1 
1 7258.0500000000002 4815.8400000000001 152.40000000000001 -0 1 0 
1 7219.9499999999998 4815.8400000000001 152.40000000000001 1 0 -0 
1 7219.9499999999998 4815.8400000000001 2225.04 1 0 -0 
1 7219.9499999999998 5577.8400000000001 152.40000000000001 1 0 -0 
1 7219.9499999999998 5577.8400000000001 2225.04 1 0 -0 
1 3215.6400000000003 167.64000000000001 3130.2959999999998 0 0 1 
1 3215.6400000000003 167.64000000000001 3142.4879999999998 -0 1 0 
1 3215.6400000000003 2636.52 3130.2959999999998 0 0 1 
1 3215.6400000000003 167.64000000000001 3130.2959999999998 -0 1 0 
1 7147.5600000000004 167.64000000000001 3130.2959999999998 0 0 1 
1 7147.5600000000004 167.64000000000001 3142.4879999999998 -0 1 0 
1 7147.5600000000004 2636.52 3130.2959999999998 0 0 1 
1 7147.5600000000004 167.64000000000001 3130.2959999999998 -0 1 0 
1 3215.6400000000003 167.64000000000001 3130.2959999999998 1 0 -0 
1 3215.6400000000003 167.64000000000001 3142.4879999999998 1 0 -0 
1 3215.6400000000003 2636.52 3130.2959999999998 1 0 -0 
1 3215.6400000000003 2636.52 3142.4879999999998 1 0 -0 
1 6537.96 2743.2000000000003 3124.2000000000003 0 0 1 
1 6537.96 2743.2000000000003 5105.4000000000005 -0 1 0 
1 6537.96 3474.7200000000003 3124.2000000000003 0 0 1 
1 6537.96 2743.2000000000003 3124.2000000000003 -0 1 0 
1 7056.1199999999999 2743.2000000000003 3124.2000000000003 0 0 1 
1 7056.1199999999999 2743.2000000000003 5105.4000000000005 -0 1 0 
1 7056.1199999999999 3474.7200000000003 3124.2000000000003 0 0 1 
1 7056.1199999999999 2743.2000000000003 3124.2000000000003 -0 1 0 
1 6537.96 2743.2000000000003 3124.2000000000003 1 0 -0 
1 6537.96 2743.2000000000003 5105.4000000000005 1 0 -0 
1 6537.96 3474.7200000000003 3124.2000000000003 1 0 -0 
1 6537.96 3474.7200000000003 5105.4000000000005 1 0 -0 
1 6370.3199999999997 3718.5599999999999 3124.2000000000003 0 0 1 
1 6370.3199999999997 3718.5599999999999 5105.4000000000005 -0 1 0 
1 6370.3199999999997 4511.04 3124.2000000000003 0 0 1 
1 6370.3199999999997 3718.5599999999999 3124.2000000000003 -0 1 0 
1 7132.3199999999997 3718.5599999999999 3124.2000000000003 0 0 1 
1 7132.3199999999997 3718.5599999999999 5105.4000000000005 -0 1 0 
1 7132.3199999999997 4511.04 3124.2000000000003 0 0 1 
1 7132.3199999999997 3718.5599999999999 3124.2000000000003 -0 1 0 
1 6370.3199999999997 3718.5599999999999 3124.2000000000003 1 0 -0 
1 6370.3199999999997 3718.5599999999999 5105.4000000000005 1 0 -0 
1 6370.3199999999997 4511.04 3124.2000000000003 1 0 -0 
1 6370.3199999999997 4511.04 5105.4000000000005 1 0 -0 
1 3505.2000000000003 -1219.2 2895.5999999999999 0 0 1 
1 3505.2000000000003 -1219.2 3962.3999999999996 -0 1 0 
1 3505.2000000000003 -1182.624 2895.5999999999999 0 0 1 
1 3505.2000000000003 -1219.2 2895.5999999999999 -0 1 0 
1 3541.7760000000003 -1219.2 2895.5999999999999 0 0 1 
1 3541.7760000000003 -1219.2 3962.3999999999996 -0 1 0 
1 3541.7760000000003 -1182.624 2895.5999999999999 0 0 1 
1 3541.7760000000003 -1219.2 2895.5999999999999 -0 1 0 
1 3505.2000000000003 -1219.2 2895.5999999999999 1 0 -0 
1 3505.2000000000003 -1219.2 3962.3999999999996 1 0 -0 
1 3505.2000000000003 -1182.624 2895.5999999999999 1 0 -0 
1 3505.2000000000003 -1182.624 3962.3999999999996 1 0 -0 
1 5943.6000000000004 -1219.2 2895.5999999999999 0 0 1 
1 5943.6000000000004 -1219.2 3962.3999999999996 -0 1 0 
1 5943.6000000000004 -1182.624 2895.5999999999999 0 0 1 
1 5943.6000000000004 -1219.2 2895.5999999999999 -0 1 0 
1 5980.1760000000004 -1219.2 2895.5999999999999 0 0 1 
1 5980.1760000000004 -1219.2 3962.3999999999996 -0 1 0 
1 5980.1760000000004 -1182.624 2895.5999999999999 0 0 1 
1 5980.1760000000004 -1219.2 2895.5999999999999 -0 1 0 
1 5943.6000000000004 -1219.2 2895.5999999999999 1 0 -0 
1 5943.6000000000004 -1219.2 3962.3999999999996 1 0 -0 
1 5943.6000000000004 -1182.624 2895.5999999999999 1 0 -0 
1 5943.6000000000004 -1182.624 3962.3999999999996 1 0 -0 
1 8345.4240000000009 -1219.2 2895.5999999999999 0 0 1 
1 8345.4240000000009 -1219.2 3962.3999999999996 -0 1 0 
1 8345.4240000000009 -1182.624 2895.5999999999999 0 0 1 
1 8345.4240000000009 -1219.2 2895.5999999999999 -0 1 0 
1 8382 -1219.2 2895.5999999999999 0 0 1 
1 8382 -1219.2 3962.3999999999996 -0 1 0 
1 8382 -1182.624 2895.5999999999999 0 0 1 
1 8382 -1219.2 2895.5999999999999 -0 1 0 
1 8345.4240000000009 -1219.2 2895.5999999999999 1 0 -0 
1 8345.4240000000009 -1219.2 3962.3999999999996 1 0 -0 
1 8345.4240000000009 -1182.624 2895.5999999999999 1 0 -0 
1 8345.4240000000009 -1182.624 3962.3999999999996 1 0 -0 
1 3505.2000000000003 -1219.2 3925.8240000000005 0 0 1 
1 3505.2000000000003 -1219.2 3962.4000000000005 -0 1 0 
1 3505.2000000000003 -1182.624 3925.8240000000005 0 0 1 
1 3505.2000000000003 -1219.2 3925.8240000000005 -0 1 0 
1 8382 -1219.2 3925.8240000000005 0 0 1 
1 8382 -1219.2 3962.4000000000005 -0 1 0 
1 8382 -1182.624 3925.8240000000005 0 0 1 
1 8382 -1219.2 3925.8240000000005 -0 1 0 
1 3505.2000000000003 -1219.2 3925.8240000000005 1 0 -0 
1 3505.2000000000003 -1219.2 3962.4000000000005 1 0 -0 
1 3505.2000000000003 -1182.624 3925.8240000000005 1 0 -0 
1 3505.2000000000003 -1182.624 3962.4000000000005 1 0 -0 
1 4572 57.150000000000006 3855.7200000000003 0 0 1 
1 4572 57.150000000000006 4617.7200000000003 -0 1 0 
1 4572 95.25 3855.7200000000003 0 0 1 
1 4572 57.150000000000006 3855.7200000000003 -0 1 0 
1 5334 57.150000000000006 3855.7200000000003 0 0 1 
1 5334 57.150000000000006 4617.7200000000003 -0 1 0 
1 5334 95.25 3855.7200000000003 0 0 1 
1 5334 57.150000000000006 3855.7200000000003 -0 1 0 
1 4572 57.150000000000006 3855.7200000000003 1 0 -0 
1 4572 57.150000000000006 4617.7200000000003 1 0 -0 
1 4572 95.25 3855.7200000000003 1 0 -0 
1 4572 95.25 4617.7200000000003 1 0 -0 
1 0 0 4876.8000000000002 1 0 0 
1 0 3048 6096 1 0 0 
1 0 0 4876.8000000000002 0 0.92847669088525941 0.37139067635410372 
1 0 3048 5989.3199999999997 1 0 0 
1 0 3048 6096 0 0 -1 
1 0 0 4770.1199999999999 1 0 0 
1 0 3048 5989.3199999999997 0 -0.92847669088525941 -0.37139067635410372 
1 0 0 4770.1199999999999 0 0 1 
1 4367.7840000000006 167.64000000000001 158.49600000000001 0 0 1 
1 4367.7840000000006 167.64000000000001 170.68800000000002 -0 1 0 
1 4367.7840000000006 4251.96 158.49600000000001 0 0 1 
1 4367.7840000000006 167.64000000000001 158.49600000000001 -0 1 0 
1 7147.5600000000004 167.64000000000001 158.49600000000001 0 0 1 
1 7147.5600000000004 167.64000000000001 170.68800000000002 -0 1 0 
1 7147.5600000000004 4251.96 158.49600000000001 0 0 1 
1 7147.5600000000004 167.64000000000001 158.49600000000001 -0 1 0 
1 4367.7840000000006 167.64000000000001 158.49600000000001 1 0 -0 
1 4367.7840000000006 167.64000000000001 170.68800000000002 1 0 -0 
1 4367.7840000000006 4251.96 158.49600000000001 1 0 -0 
1 4367.7840000000006 4251.96 170.68800000000002 1 0 -0 
1 7219.9499999999998 2468.8800000000001 152.40000000000001 0 0 1 
1 7219.9499999999998 2468.8800000000001 2286 -0 1 0 
1 7219.9499999999998 3688.0799999999999 152.40000000000001 0 0 1 
1 7219.9499999999998 2468.8800000000001 152.40000000000001 -0 1 0 
1 7258.0500000000002 2468.8800000000001 152.40000000000001 0 0 1 
1 7258.0500000000002 2468.8800000000001 2286 -0 1 0 
1 7258.0500000000002 3688.0799999999999 152.40000000000001 0 0 1 
1 7258.0500000000002 2468.8800000000001 152.40000000000001 -0 1 0 
1 7219.9499999999998 2468.8800000000001 152.40000000000001 1 0 -0 
1 7219.9499999999998 2468.8800000000001 2286 1 0 -0 
1 7219.9499999999998 3688.0799999999999 152.40000000000001 1 0 -0 
1 7219.9499999999998 3688.0799999999999 2286 1 0 -0 
1 7219.9499999999998 975.36000000000013 1066.8 0 0 1 
1 7219.9499999999998 975.36000000000013 2133.5999999999999 -0 1 0 
1 7219.9499999999998 1737.3600000000001 1066.8 0 0 1 
1 7219.9499999999998 975.36000000000013 1066.8 -0 1 0 
1 7258.0500000000002 975.36000000000013 1066.8 0 0 1 
1 7258.0500000000002 975.36000000000013 2133.5999999999999 -0 1 0 
1 7258.0500000000002 1737.3600000000001 1066.8 0 0 1 
1 7258.0500000000002 975.36000000000013 1066.8 -0 1 0 
1 7219.9499999999998 975.36000000000013 1066.8 1 0 -0 
1 7219.9499999999998 975.36000000000013 2133.5999999999999 1 0 -0 
1 7219.9499999999998 1737.3600000000001 1066.8 1 0 -0 
1 7219.9499999999998 1737.3600000000001 2133.5999999999999 1 0 -0 
1 7315.2000000000007 0 2895.5999999999999 0 0 1 
1 7315.2000000000007 0 3002.2799999999997 -0 1 0 
1 7315.2000000000007 5943.6000000000004 2895.5999999999999 0 0 1 
1 7315.2000000000007 0 2895.5999999999999 -0 1 0 
1 8382 0 2895.5999999999999 0 0 1 
1 8382 0 3002.2799999999997 -0 1 0 
1 8382 5943.6000000000004 2895.5999999999999 0 0 1 
1 8382 0 2895.5999999999999 -0 1 0 
1 7315.2000000000007 0 2895.5999999999999 1 0 -0 
1 7315.2000000000007 0 3002.2799999999997 1 0 -0 
1 7315.2000000000007 5943.6000000000004 2895.5999999999999 1 0 -0 
1 7315.2000000000007 5943.6000000000004 3002.2799999999997 1 0 -0 
1 3505.2000000000003 -1219.2 2895.5999999999999 0 0 1 
1 3505.2000000000003 -1219.2 3002.2799999999997 -0 1 0 
1 3505.2000000000003 0 2895.5999999999999 0 0 1 
1 3505.2000000000003 -1219.2 2895.5999999999999 -0 1 0 
1 8382 -1219.2 2895.5999999999999 0 0 1 
1 8382 -1219.2 3002.2799999999997 -0 1 0 
1 8382 0 2895.5999999999999 0 0 1 
1 8382 -1219.2 2895.5999999999999 -0 1 0 
1 3505.2000000000003 -1219.2 2895.5999999999999 1 0 -0 
1 3505.2000000000003 -1219.2 3002.2799999999997 1 0 -0 
1 3505.2000000000003 0 2895.5999999999999 1 0 -0 
1 3505.2000000000003 0 3002.2799999999997 1 0 -0 
1 57.150000000000006 3718.5599999999999 3977.6400000000003 0 0 1 
1 57.150000000000006 3718.5599999999999 4739.6400000000003 -0 1 0 
1 57.150000000000006 4328.1599999999999 3977.6400000000003 0 0 1 
1 57.150000000000006 3718.5599999999999 3977.6400000000003 -0 1 0 
1 95.25 3718.5599999999999 3977.6400000000003 0 0 1 
1 95.25 3718.5599999999999 4739.6400000000003 -0 1 0 
1 95.25 4328.1599999999999 3977.6400000000003 0 0 1 
1 95.25 3718.5599999999999 3977.6400000000003 -0 1 0 
1 57.150000000000006 3718.5599999999999 3977.6400000000003 1 0 -0 
1 57.150000000000006 3718.5599999999999 4739.6400000000003 1 0 -0 
1 57.150000000000006 4328.1599999999999 3977.6400000000003 1 0 -0 
1 57.150000000000006 4328.1599999999999 4739.6400000000003 1 0 -0 
1 57.150000000000006 1005.84 3825.2400000000002 0 0 1 
1 57.150000000000006 1005.84 4800.6000000000004 -0 1 0 
1 57.150000000000006 1767.8400000000001 3825.2400000000002 0 0 1 
1 57.150000000000006 1005.84 3825.2400000000002 -0 1 0 
1 95.25 1005.84 3825.2400000000002 0 0 1 
1 95.25 1005.84 4800.6000000000004 -0 1 0 
1 95.25 1767.8400000000001 3825.2400000000002 0 0 1 
1 95.25 1005.84 3825.2400000000002 -0 1 0 
1 57.150000000000006 1005.84 3825.2400000000002 1 0 -0 
1 57.150000000000006 1005.84 4800.6000000000004 1 0 -0 
1 57.150000000000006 1767.8400000000001 3825.2400000000002 1 0 -0 
1 57.150000000000006 1767.8400000000001 4800.6000000000004 1 0 -0 
Polygon3D 0
PolygonOnTriangulations 0
Surfaces 486
1 167.64000000000001 3148.5840000000003 3130.2959999999998 1 0 -0 0 0 1 0 -1 0 
1 167.64000000000001 3148.5840000000003 3130.2959999999998 -0 1 0 0 0 1 1 0 -0 
1 167.64000000000001 3148.5840000000003 3142.4879999999998 0 0 1 1 0 -0 -0 1 0 
1 167.64000000000001 4922.5200000000004 3130.2959999999998 -0 1 0 0 0 1 1 0 -0 
1 167.64000000000001 3148.5840000000003 3130.2959999999998 0 0 1 1 0 -0 -0 1 0 
1 2087.8800000000001 3148.5840000000003 3130.2959999999998 1 0 -0 0 0 1 0 -1 0 
1 167.64000000000001 167.64000000000001 3130.2959999999998 1 0 -0 0 0 1 0 -1 0 
1 167.64000000000001 167.64000000000001 3130.2959999999998 -0 1 0 0 0 1 1 0 -0 
1 167.64000000000001 167.64000000000001 3142.4879999999998 0 0 1 1 0 -0 -0 1 0 
1 167.64000000000001 3032.7600000000002 3130.2959999999998 -0 1 0 0 0 1 1 0 -0 
1 167.64000000000001 167.64000000000001 3130.2959999999998 0 0 1 1 0 -0 -0 1 0 
1 3093.7199999999998 167.64000000000001 3130.2959999999998 1 0 -0 0 0 1 0 -1 0 
1 8345.4240000000009 0 3925.8240000000005 1 0 -0 0 0 1 0 -1 0 
1 8345.4240000000009 0 3925.8240000000005 -0 1 0 0 0 1 1 0 -0 
1 8345.4240000000009 0 3962.4000000000005 0 0 1 1 0 -0 -0 1 0 
1 8345.4240000000009 5943.6000000000004 3925.8240000000005 -0 1 0 0 0 1 1 0 -0 
1 8345.4240000000009 0 3925.8240000000005 0 0 1 1 0 -0 -0 1 0 
1 8382 0 3925.8240000000005 1 0 -0 0 0 1 0 -1 0 
1 6501.384 2590.8000000000002 3124.2000000000003 1 0 -0 0 0 1 0 -1 0 
1 6501.384 2590.8000000000002 3124.2000000000003 -0 1 0 0 0 1 1 0 -0 
1 6501.384 2590.8000000000002 4038.6000000000004 0 0 1 1 0 -0 -0 1 0 
1 6501.384 4602.4800000000005 3124.2000000000003 -0 1 0 0 0 1 1 0 -0 
1 6501.384 2590.8000000000002 3124.2000000000003 0 0 1 1 0 -0 -0 1 0 
1 7162.8000000000002 2590.8000000000002 3124.2000000000003 1 0 -0 0 0 1 0 -1 0 
1 7219.9499999999998 2804.1599999999999 3855.7200000000003 1 0 -0 0 0 1 0 -1 0 
1 7219.9499999999998 2804.1599999999999 3855.7200000000003 -0 1 0 0 0 1 1 0 -0 
1 7219.9499999999998 2804.1599999999999 4617.7200000000003 0 0 1 1 0 -0 -0 1 0 
1 7219.9499999999998 3413.7599999999998 3855.7200000000003 -0 1 0 0 0 1 1 0 -0 
1 7219.9499999999998 2804.1599999999999 3855.7200000000003 0 0 1 1 0 -0 -0 1 0 
1 7258.0500000000002 2804.1599999999999 3855.7200000000003 1 0 -0 0 0 1 0 -1 0 
1 7219.9499999999998 609.60000000000002 3124.2000000000003 1 0 -0 0 0 1 0 -1 0 
1 7219.9499999999998 609.60000000000002 3124.2000000000003 -0 1 0 0 0 1 1 0 -0 
1 7219.9499999999998 609.60000000000002 5044.4400000000005 0 0 1 1 0 -0 -0 1 0 
1 7219.9499999999998 2133.5999999999999 3124.2000000000003 -0 1 0 0 0 1 1 0 -0 
1 7219.9499999999998 609.60000000000002 3124.2000000000003 0 0 1 1 0 -0 -0 1 0 
1 7258.0500000000002 609.60000000000002 3124.2000000000003 1 0 -0 0 0 1 0 -1 0 
1 152.40000000000001 -1219.2 0 1 0 -0 0 0 1 0 -1 0 
1 152.40000000000001 -1219.2 0 -0 1 0 0 0 1 1 0 -0 
1 152.40000000000001 -1219.2 222.73846153846154 0 0 1 1 0 -0 -0 1 0 
1 152.40000000000001 0 0 -0 1 0 0 0 1 1 0 -0 
1 152.40000000000001 -1219.2 0 0 0 1 1 0 -0 -0 1 0 
1 419.45169230769238 -1219.2 0 1 0 -0 0 0 1 0 -1 0 
1 410.30769230769238 -1219.2 0 1 0 -0 0 0 1 0 -1 0 
1 410.30769230769238 -1219.2 0 -0 1 0 0 0 1 1 0 -0 
1 410.30769230769238 -1219.2 445.47692307692307 0 0 1 1 0 -0 -0 1 0 
1 410.30769230769238 0 0 -0 1 0 0 0 1 1 0 -0 
1 410.30769230769238 -1219.2 0 0 0 1 1 0 -0 -0 1 0 
1 677.35938461538467 -1219.2 0 1 0 -0 0 0 1 0 -1 0 
1 668.21538461538466 -1219.2 0 1 0 -0 0 0 1 0 -1 0 
1 668.21538461538466 -1219.2 0 -0 1 0 0 0 1 1 0 -0 
1 668.21538461538466 -1219.2 668.21538461538455 0 0 1 1 0 -0 -0 1 0 
1 668.21538461538466 0 0 -0 1 0 0 0 1 1 0 -0 
1 668.21538461538466 -1219.2 0 0 0 1 1 0 -0 -0 1 0 
1 935.26707692307696 -1219.2 0 1 0 -0 0 0 1 0 -1 0 
1 926.12307692307695 -1219.2 0 1 0 -0 0 0 1 0 -1 0 
1 926.12307692307695 -1219.2 0 -0 1 0 0 0 1 1 0 -0 
1 926.12307692307695 -1219.2 890.95384615384614 0 0 1 1 0 -0 -0 1 0 
1 926.12307692307695 0 0 -0 1 0 0 0 1 1 0 -0 
1 926.12307692307695 -1219.2 0 0 0 1 1 0 -0 -0 1 0 
1 1193.1747692307692 -1219.2 0 1 0 -0 0 0 1 0 -1 0 
1 1184.0307692307692 -1219.2 0 1 0 -0 0 0 1 0 -1 0 
1 1184.0307692307692 -1219.2 0 -0 1 0 0 0 1 1 0 -0 
1 1184.0307692307692 -1219.2 1113.6923076923076 0 0 1 1 0 -0 -0 1 0 
1 1184.0307692307692 0 0 -0 1 0 0 0 1 1 0 -0 
1 1184.0307692307692 -1219.2 0 0 0 1 1 0 -0 -0 1 0 
1 1451.0824615384615 -1219.2 0 1 0 -0 0 0 1 0 -1 0 
1 1441.9384615384615 -1219.2 0 1 0 -0 0 0 1 0 -1 0 
1 1441.9384615384615 -1219.2 0 -0 1 0 0 0 1 1 0 -0 
1 1441.9384615384615 -1219.2 1336.4307692307691 0 0 1 1 0 -0 -0 1 0 
1 1441.9384615384615 0 0 -0 1 0 0 0 1 1 0 -0 
1 1441.9384615384615 -1219.2 0 0 0 1 1 0 -0 -0 1 0 
1 1708.9901538461538 -1219.2 0 1 0 -0 0 0 1 0 -1 0 
1 1699.8461538461538 -1219.2 0 1 0 -0 0 0 1 0 -1 0 
1 1699.8461538461538 -1219.2 0 -0 1 0 0 0 1 1 0 -0 
1 1699.8461538461538 -1219.2 1559.1692307692308 0 0 1 1 0 -0 -0 1 0 
1 1699.8461538461538 0 0 -0 1 0 0 0 1 1 0 -0 
1 1699.8461538461538 -1219.2 0 0 0 1 1 0 -0 -0 1 0 
1 1966.8978461538461 -1219.2 0 1 0 -0 0 0 1 0 -1 0 
1 1957.7538461538463 -1219.2 0 1 0 -0 0 0 1 0 -1 0 
1 1957.7538461538463 -1219.2 0 -0 1 0 0 0 1 1 0 -0 
1 1957.7538461538463 -1219.2 1781.9076923076923 0 0 1 1 0 -0 -0 1 0 
1 1957.7538461538463 0 0 -0 1 0 0 0 1 1 0 -0 
1 1957.7538461538463 -1219.2 0 0 0 1 1 0 -0 -0 1 0 
1 2224.8055384615386 -1219.2 0 1 0 -0 0 0 1 0 -1 0 
1 2215.6615384615384 -1219.2 0 1 0 -0 0 0 1 0 -1 0 
1 2215.6615384615384 -1219.2 0 -0 1 0 0 0 1 1 0 -0 
1 2215.6615384615384 -1219.2 2004.6461538461538 0 0 1 1 0 -0 -0 1 0 
1 2215.6615384615384 0 0 -0 1 0 0 0 1 1 0 -0 
1 2215.6615384615384 -1219.2 0 0 0 1 1 0 -0 -0 1 0 
1 2482.7132307692309 -1219.2 0 1 0 -0 0 0 1 0 -1 0 
1 2473.5692307692307 -1219.2 0 1 0 -0 0 0 1 0 -1 0 
1 2473.5692307692307 -1219.2 0 -0 1 0 0 0 1 1 0 -0 
1 2473.5692307692307 -1219.2 2227.3846153846152 0 0 1 1 0 -0 -0 1 0 
1 2473.5692307692307 0 0 -0 1 0 0 0 1 1 0 -0 
1 2473.5692307692307 -1219.2 0 0 0 1 1 0 -0 -0 1 0 
1 2740.6209230769232 -1219.2 0 1 0 -0 0 0 1 0 -1 0 
1 2731.4769230769234 -1219.2 0 1 0 -0 0 0 1 0 -1 0 
1 2731.4769230769234 -1219.2 0 -0 1 0 0 0 1 1 0 -0 
1 2731.4769230769234 -1219.2 2450.123076923077 0 0 1 1 0 -0 -0 1 0 
1 2731.4769230769234 0 0 -0 1 0 0 0 1 1 0 -0 
1 2731.4769230769234 -1219.2 0 0 0 1 1 0 -0 -0 1 0 
1 2998.5286153846159 -1219.2 0 1 0 -0 0 0 1 0 -1 0 
1 2989.3846153846157 -1219.2 0 1 0 -0 0 0 1 0 -1 0 
1 2989.3846153846157 -1219.2 0 -0 1 0 0 0 1 1 0 -0 
1 2989.3846153846157 -1219.2 2672.8615384615382 0 0 1 1 0 -0 -0 1 0 
1 2989.3846153846157 0 0 -0 1 0 0 0 1 1 0 -0 
1 2989.3846153846157 -1219.2 0 0 0 1 1 0 -0 -0 1 0 
1 3256.4363076923082 -1219.2 0 1 0 -0 0 0 1 0 -1 0 
1 3247.2923076923075 -1219.2 0 1 0 -0 0 0 1 0 -1 0 
1 3247.2923076923075 -1219.2 0 -0 1 0 0 0 1 1 0 -0 
1 3247.2923076923075 -1219.2 2895.5999999999999 0 0 1 1 0 -0 -0 1 0 
1 3247.2923076923075 0 0 -0 1 0 0 0 1 1 0 -0 
1 3247.2923076923075 -1219.2 0 0 0 1 1 0 -0 -0 1 0 
1 3514.3440000000001 -1219.2 0 1 0 -0 0 0 1 0 -1 0 
1 167.64000000000001 167.64000000000001 158.49600000000001 1 0 -0 0 0 1 0 -1 0 
1 167.64000000000001 167.64000000000001 158.49600000000001 -0 1 0 0 0 1 1 0 -0 
1 167.64000000000001 167.64000000000001 170.68800000000002 0 0 1 1 0 -0 -0 1 0 
1 167.64000000000001 4251.96 158.49600000000001 -0 1 0 0 0 1 1 0 -0 
1 167.64000000000001 167.64000000000001 158.49600000000001 0 0 1 1 0 -0 -0 1 0 
1 4251.96 167.64000000000001 158.49600000000001 1 0 -0 0 0 1 0 -1 0 
1 167.64000000000001 4282.4400000000005 158.49600000000001 1 0 -0 0 0 1 0 -1 0 
1 167.64000000000001 4282.4400000000005 158.49600000000001 -0 1 0 0 0 1 1 0 -0 
1 167.64000000000001 4282.4400000000005 170.68800000000002 0 0 1 1 0 -0 -0 1 0 
1 167.64000000000001 5928.3600000000006 158.49600000000001 -0 1 0 0 0 1 1 0 -0 
1 167.64000000000001 4282.4400000000005 158.49600000000001 0 0 1 1 0 -0 -0 1 0 
1 2270.7600000000002 4282.4400000000005 158.49600000000001 1 0 -0 0 0 1 0 -1 0 
1 57.150000000000006 670.56000000000006 152.40000000000001 1 0 -0 0 0 1 0 -1 0 
1 57.150000000000006 670.56000000000006 152.40000000000001 -0 1 0 0 0 1 1 0 -0 
1 57.150000000000006 670.56000000000006 2438.4000000000001 0 0 1 1 0 -0 -0 1 0 
1 57.150000000000006 3627.1199999999999 152.40000000000001 -0 1 0 0 0 1 1 0 -0 
1 57.150000000000006 670.56000000000006 152.40000000000001 0 0 1 1 0 -0 -0 1 0 
1 95.25 670.56000000000006 152.40000000000001 1 0 -0 0 0 1 0 -1 0 
1 7315.2000000000007 0 0 1 0 -0 0 0 1 0 -1 0 
1 7315.2000000000007 0 0 -0 1 0 0 0 1 1 0 -0 
1 7315.2000000000007 0 76.200000000000003 0 0 1 1 0 -0 -0 1 0 
1 7315.2000000000007 5943.6000000000004 0 -0 1 0 0 0 1 1 0 -0 
1 7315.2000000000007 0 0 0 0 1 1 0 -0 -0 1 0 
1 8382 0 0 1 0 -0 0 0 1 0 -1 0 
1 3505.2000000000003 -1219.2 0 1 0 -0 0 0 1 0 -1 0 
1 3505.2000000000003 -1219.2 0 -0 1 0 0 0 1 1 0 -0 
1 3505.2000000000003 -1219.2 76.200000000000003 0 0 1 1 0 -0 -0 1 0 
1 3505.2000000000003 0 0 -0 1 0 0 0 1 1 0 -0 
1 3505.2000000000003 -1219.2 0 0 0 1 1 0 -0 -0 1 0 
1 8382 -1219.2 0 1 0 -0 0 0 1 0 -1 0 
1 3215.6400000000003 2651.7599999999998 3130.2959999999998 1 0 -0 0 0 1 0 -1 0 
1 3215.6400000000003 2651.7599999999998 3130.2959999999998 -0 1 0 0 0 1 1 0 -0 
1 3215.6400000000003 2651.7599999999998 3142.4879999999998 0 0 1 1 0 -0 -0 1 0 
1 3215.6400000000003 4724.3999999999996 3130.2959999999998 -0 1 0 0 0 1 1 0 -0 
1 3215.6400000000003 2651.7599999999998 3130.2959999999998 0 0 1 1 0 -0 -0 1 0 
1 7147.5600000000004 2651.7599999999998 3130.2959999999998 1 0 -0 0 0 1 0 -1 0 
1 3657.6000000000004 2712.7200000000003 3124.2000000000003 1 0 -0 0 0 1 0 -1 0 
1 3657.6000000000004 2712.7200000000003 3124.2000000000003 -0 1 0 0 0 1 1 0 -0 
1 3657.6000000000004 2712.7200000000003 4038.6000000000004 0 0 1 1 0 -0 -0 1 0 
1 3657.6000000000004 3383.2800000000002 3124.2000000000003 -0 1 0 0 0 1 1 0 -0 
1 3657.6000000000004 2712.7200000000003 3124.2000000000003 0 0 1 1 0 -0 -0 1 0 
1 5913.1200000000008 2712.7200000000003 3124.2000000000003 1 0 -0 0 0 1 0 -1 0 
1 2286 4267.1999999999998 152.40000000000001 1 0 -0 0 0 1 0 -1 0 
1 2286 4267.1999999999998 152.40000000000001 -0 1 0 0 0 1 1 0 -0 
1 2286 4267.1999999999998 2895.6000000000004 0 0 1 1 0 -0 -0 1 0 
1 2286 4367.7839999999997 152.40000000000001 -0 1 0 0 0 1 1 0 -0 
1 2286 4267.1999999999998 152.40000000000001 0 0 1 1 0 -0 -0 1 0 
1 3291.8400000000001 4251.96 152.40000000000001 1 0 -0 0 0 1 0 -1 0 
1 3291.8400000000001 4251.96 2225.04 0 0 1 1 0 -0 -0 1 0 
1 4023.3600000000001 4251.96 152.40000000000001 1 0 -0 0 0 1 0 -1 0 
1 4267.1999999999998 4267.1999999999998 152.40000000000001 1 0 -0 0 0 1 0 -1 0 
1 3291.8400000000001 4251.96 152.40000000000001 0 0 1 1 0 -0 -0 1 0 
1 2286 4267.1999999999998 152.40000000000001 1 0 -0 0 0 1 0 -1 0 
1 2286 4267.1999999999998 152.40000000000001 -0 1 0 0 0 1 1 0 -0 
1 2286 4267.1999999999998 2895.6000000000004 0 0 1 1 0 -0 -0 1 0 
1 2286 5943.6000000000004 152.40000000000001 -0 1 0 0 0 1 1 0 -0 
1 2286 4267.1999999999998 152.40000000000001 0 0 1 1 0 -0 -0 1 0 
1 2386.5839999999998 4267.1999999999998 152.40000000000001 1 0 -0 0 0 1 0 -1 0 
1 7162.8000000000002 0 152.40000000000001 1 0 -0 0 0 1 0 -1 0 
1 7162.8000000000002 6096 152.40000000000001 -0 1 0 0 0 1 1 0 -0 
1 7162.8000000000002 0 152.40000000000001 0 0 1 1 0 -0 -0 1 0 
1 7147.5600000000004 5577.8400000000001 152.40000000000001 -0 1 0 0 0 1 1 0 -0 
1 7147.5600000000004 4815.8400000000001 2225.04 0 0 1 1 0 -0 -0 1 0 
1 7147.5600000000004 4815.8400000000001 152.40000000000001 -0 1 0 0 0 1 1 0 -0 
1 7147.5600000000004 3688.0799999999999 152.40000000000001 -0 1 0 0 0 1 1 0 -0 
1 7147.5600000000004 2468.8800000000001 2286 0 0 1 1 0 -0 -0 1 0 
1 7147.5600000000004 2468.8800000000001 152.40000000000001 -0 1 0 0 0 1 1 0 -0 
1 7162.8000000000002 0 152.40000000000001 -0 1 0 0 0 1 1 0 -0 
1 7162.8000000000002 0 2895.6000000000004 0 0 1 1 0 -0 -0 1 0 
1 7147.5600000000004 975.36000000000013 1066.8 0 0 1 1 0 -0 -0 1 0 
1 7147.5600000000004 1737.3600000000001 1066.8 -0 1 0 0 0 1 1 0 -0 
1 7147.5600000000004 975.36000000000013 1066.8 -0 1 0 0 0 1 1 0 -0 
1 7147.5600000000004 975.36000000000013 2133.5999999999999 0 0 1 1 0 -0 -0 1 0 
1 7315.1999999999998 0 152.40000000000001 1 0 -0 0 0 1 0 -1 0 
1 7147.5600000000004 4815.8400000000001 152.40000000000001 0 0 1 1 0 -0 -0 1 0 
1 7147.5600000000004 2468.8800000000001 152.40000000000001 0 0 1 1 0 -0 -0 1 0 
1 4267.1999999999998 152.40000000000001 152.40000000000001 1 0 -0 0 0 1 0 -1 0 
1 4267.1999999999998 152.40000000000001 2895.6000000000004 0 0 1 1 0 -0 -0 1 0 
1 4267.1999999999998 5943.5999999999995 152.40000000000001 -0 1 0 0 0 1 1 0 -0 
1 4267.1999999999998 152.40000000000001 152.40000000000001 0 0 1 1 0 -0 -0 1 0 
1 4251.96 3352.8000000000002 152.40000000000001 -0 1 0 0 0 1 1 0 -0 
1 4251.96 2438.4000000000001 2286 0 0 1 1 0 -0 -0 1 0 
1 4251.96 2438.4000000000001 152.40000000000001 -0 1 0 0 0 1 1 0 -0 
1 4267.1999999999998 152.40000000000001 152.40000000000001 -0 1 0 0 0 1 1 0 -0 
1 4367.7839999999997 152.40000000000001 152.40000000000001 1 0 -0 0 0 1 0 -1 0 
1 4251.96 2438.4000000000001 152.40000000000001 0 0 1 1 0 -0 -0 1 0 
1 0 5943.6000000000004 152.40000000000001 1 0 -0 0 0 1 0 -1 0 
1 0 5943.6000000000004 152.40000000000001 -0 1 0 0 0 1 1 0 -0 
1 0 5943.6000000000004 2895.6000000000004 0 0 1 1 0 -0 -0 1 0 
1 0 6096 152.40000000000001 -0 1 0 0 0 1 1 0 -0 
1 0 5943.6000000000004 152.40000000000001 0 0 1 1 0 -0 -0 1 0 
1 7315.2000000000007 5943.6000000000004 152.40000000000001 1 0 -0 0 0 1 0 -1 0 
1 4267.1999999999998 4267.1999999999998 152.40000000000001 1 0 -0 0 0 1 0 -1 0 
1 4267.1999999999998 4267.1999999999998 152.40000000000001 -0 1 0 0 0 1 1 0 -0 
1 4267.1999999999998 4267.1999999999998 2895.6000000000004 0 0 1 1 0 -0 -0 1 0 
1 4267.1999999999998 4367.7839999999997 152.40000000000001 -0 1 0 0 0 1 1 0 -0 
1 4267.1999999999998 4267.1999999999998 152.40000000000001 0 0 1 1 0 -0 -0 1 0 
1 4876.8000000000002 4251.96 152.40000000000001 1 0 -0 0 0 1 0 -1 0 
1 4876.8000000000002 4251.96 2225.04 0 0 1 1 0 -0 -0 1 0 
1 5669.2800000000007 4251.96 152.40000000000001 1 0 -0 0 0 1 0 -1 0 
1 7162.7999999999993 4267.1999999999998 152.40000000000001 1 0 -0 0 0 1 0 -1 0 
1 4876.8000000000002 4251.96 152.40000000000001 0 0 1 1 0 -0 -0 1 0 
1 2407.9200000000001 4907.2800000000007 152.40000000000001 1 0 -0 0 0 1 0 -1 0 
1 2407.9200000000001 4907.2800000000007 152.40000000000001 -0 1 0 0 0 1 1 0 -0 
1 2407.9200000000001 4907.2800000000007 198.12 0 0 1 1 0 -0 -0 1 0 
1 2407.9200000000001 5821.6800000000003 152.40000000000001 -0 1 0 0 0 1 1 0 -0 
1 2407.9200000000001 4907.2800000000007 152.40000000000001 0 0 1 1 0 -0 -0 1 0 
1 3322.3200000000002 4907.2800000000007 152.40000000000001 1 0 -0 0 0 1 0 -1 0 
1 0 0 152.40000000000001 1 0 -0 0 0 1 0 -1 0 
1 0 0 152.40000000000001 -0 1 0 0 0 1 1 0 -0 
1 0 0 2895.6000000000004 0 0 1 1 0 -0 -0 1 0 
1 0 152.40000000000001 152.40000000000001 -0 1 0 0 0 1 1 0 -0 
1 0 0 152.40000000000001 0 0 1 1 0 -0 -0 1 0 
1 7315.2000000000007 0 152.40000000000001 1 0 -0 0 0 1 0 -1 0 
1 2438.4000000000001 4373.8800000000001 152.40000000000001 1 0 -0 0 0 1 0 -1 0 
1 2438.4000000000001 4373.8800000000001 152.40000000000001 -0 1 0 0 0 1 1 0 -0 
1 2438.4000000000001 4373.8800000000001 1005.8399999999999 0 0 1 1 0 -0 -0 1 0 
1 2438.4000000000001 4815.8400000000001 152.40000000000001 -0 1 0 0 0 1 1 0 -0 
1 2438.4000000000001 4373.8800000000001 152.40000000000001 0 0 1 1 0 -0 -0 1 0 
1 3169.9200000000001 4373.8800000000001 152.40000000000001 1 0 -0 0 0 1 0 -1 0 
1 0 0 152.40000000000001 1 0 -0 0 0 1 0 -1 0 
1 0 0 2895.6000000000004 0 0 1 1 0 -0 -0 1 0 
1 0 6096 152.40000000000001 -0 1 0 0 0 1 1 0 -0 
1 0 0 152.40000000000001 0 0 1 1 0 -0 -0 1 0 
1 -15.240000000000002 3627.1199999999999 152.40000000000001 -0 1 0 0 0 1 1 0 -0 
1 -15.240000000000002 670.56000000000006 2438.4000000000001 0 0 1 1 0 -0 -0 1 0 
1 -15.240000000000002 670.56000000000006 152.40000000000001 -0 1 0 0 0 1 1 0 -0 
1 0 0 152.40000000000001 -0 1 0 0 0 1 1 0 -0 
1 152.40000000000001 0 152.40000000000001 1 0 -0 0 0 1 0 -1 0 
1 -15.240000000000002 670.56000000000006 152.40000000000001 0 0 1 1 0 -0 -0 1 0 
1 2103.1200000000003 3048 3124.2000000000003 1 0 -0 0 0 1 0 -1 0 
1 2103.1200000000003 3048 4876.8000000000002 0 0 1 1 0 -0 -0 1 0 
1 2087.8800000000001 3352.8000000000002 3124.2000000000003 -0 1 0 0 0 1 1 0 -0 
1 2103.1200000000003 3048 3124.2000000000003 0 0 1 1 0 -0 -0 1 0 
1 2103.1200000000003 3048 3124.2000000000003 -0 1 0 0 0 1 1 0 -0 
1 2203.7040000000002 3048 3124.2000000000003 1 0 -0 0 0 1 0 -1 0 
1 2087.8800000000001 3352.8000000000002 3124.2000000000003 0 0 1 1 0 -0 -0 1 0 
1 2103.1200000000003 4937.7600000000002 3124.2000000000003 -0 1 0 0 0 1 1 0 -0 
1 2087.8800000000001 4084.3200000000002 3124.2000000000003 -0 1 0 0 0 1 1 0 -0 
1 152.40000000000001 4937.7600000000002 3124.2000000000003 1 0 -0 0 0 1 0 -1 0 
1 152.40000000000001 4937.7600000000002 3124.2000000000003 -0 1 0 0 0 1 1 0 -0 
1 152.40000000000001 4937.7600000000002 4876.8000000000002 0 0 1 1 0 -0 -0 1 0 
1 152.40000000000001 5038.3440000000001 3124.2000000000003 -0 1 0 0 0 1 1 0 -0 
1 152.40000000000001 4937.7600000000002 3124.2000000000003 0 0 1 1 0 -0 -0 1 0 
1 2203.7040000000002 4937.7600000000002 3124.2000000000003 1 0 -0 0 0 1 0 -1 0 
1 152.40000000000001 2438.4000000000001 3124.2000000000003 1 0 -0 0 0 1 0 -1 0 
1 152.40000000000001 2438.4000000000001 3124.2000000000003 -0 1 0 0 0 1 1 0 -0 
1 152.40000000000001 2438.4000000000001 4876.8000000000002 0 0 1 1 0 -0 -0 1 0 
1 152.40000000000001 2538.9839999999999 3124.2000000000003 -0 1 0 0 0 1 1 0 -0 
1 152.40000000000001 2438.4000000000001 3124.2000000000003 0 0 1 1 0 -0 -0 1 0 
1 304.80000000000001 2423.1600000000003 3124.2000000000003 1 0 -0 0 0 1 0 -1 0 
1 304.80000000000001 2423.1600000000003 3124.2000000000003 0 0 1 1 0 -0 -0 1 0 
1 1981.2000000000003 2438.4000000000001 3124.2000000000003 1 0 -0 0 0 1 0 -1 0 
1 1828.8 2423.1600000000003 3124.2000000000003 1 0 -0 0 0 1 0 -1 0 
1 3108.96 152.40000000000001 3124.2000000000003 1 0 -0 0 0 1 0 -1 0 
1 3108.96 152.40000000000001 4876.8000000000002 0 0 1 1 0 -0 -0 1 0 
1 3093.7199999999998 2164.0799999999999 3124.2000000000003 -0 1 0 0 0 1 1 0 -0 
1 3108.96 152.40000000000001 3124.2000000000003 0 0 1 1 0 -0 -0 1 0 
1 3108.96 152.40000000000001 3124.2000000000003 -0 1 0 0 0 1 1 0 -0 
1 3209.5439999999999 152.40000000000001 3124.2000000000003 1 0 -0 0 0 1 0 -1 0 
1 3093.7199999999998 2164.0799999999999 3124.2000000000003 0 0 1 1 0 -0 -0 1 0 
1 3108.96 3048 3124.2000000000003 -0 1 0 0 0 1 1 0 -0 
1 3093.7199999999998 2895.5999999999999 3124.2000000000003 -0 1 0 0 0 1 1 0 -0 
1 152.40000000000001 3048 3124.2000000000003 1 0 -0 0 0 1 0 -1 0 
1 152.40000000000001 3048 3124.2000000000003 -0 1 0 0 0 1 1 0 -0 
1 152.40000000000001 3048 4876.8000000000002 0 0 1 1 0 -0 -0 1 0 
1 152.40000000000001 3148.5839999999998 3124.2000000000003 -0 1 0 0 0 1 1 0 -0 
1 152.40000000000001 3048 3124.2000000000003 0 0 1 1 0 -0 -0 1 0 
1 3209.5439999999999 3048 3124.2000000000003 1 0 -0 0 0 1 0 -1 0 
1 7162.8000000000002 0 3124.2000000000003 1 0 -0 0 0 1 0 -1 0 
1 7162.8000000000002 0 4876.8000000000002 0 0 1 1 0 -0 -0 1 0 
1 7147.5600000000004 609.60000000000002 3124.2000000000003 -0 1 0 0 0 1 1 0 -0 
1 7162.8000000000002 0 3124.2000000000003 0 0 1 1 0 -0 -0 1 0 
1 7162.8000000000002 0 3124.2000000000003 -0 1 0 0 0 1 1 0 -0 
1 7315.1999999999998 0 3124.2000000000003 1 0 -0 0 0 1 0 -1 0 
1 7147.5600000000004 609.60000000000002 3124.2000000000003 0 0 1 1 0 -0 -0 1 0 
1 7147.5600000000004 2133.5999999999999 3124.2000000000003 -0 1 0 0 0 1 1 0 -0 
1 7162.8000000000002 6096 3124.2000000000003 -0 1 0 0 0 1 1 0 -0 
1 7147.5600000000004 2804.1599999999999 3855.7200000000003 0 0 1 1 0 -0 -0 1 0 
1 7147.5600000000004 3413.7599999999998 3855.7200000000003 -0 1 0 0 0 1 1 0 -0 
1 7147.5600000000004 2804.1599999999999 4617.7200000000003 0 0 1 1 0 -0 -0 1 0 
1 7147.5600000000004 2804.1599999999999 3855.7200000000003 -0 1 0 0 0 1 1 0 -0 
1 0 5943.6000000000004 3124.2000000000003 1 0 -0 0 0 1 0 -1 0 
1 0 5943.6000000000004 3124.2000000000003 -0 1 0 0 0 1 1 0 -0 
1 0 5943.6000000000004 4876.8000000000002 0 0 1 1 0 -0 -0 1 0 
1 0 6096 3124.2000000000003 -0 1 0 0 0 1 1 0 -0 
1 0 5943.6000000000004 3124.2000000000003 0 0 1 1 0 -0 -0 1 0 
1 7315.2000000000007 5943.6000000000004 3124.2000000000003 1 0 -0 0 0 1 0 -1 0 
1 213.35999999999999 3169.9200000000001 3124.2000000000003 1 0 -0 0 0 1 0 -1 0 
1 213.35999999999999 3169.9200000000001 3124.2000000000003 -0 1 0 0 0 1 1 0 -0 
1 213.35999999999999 3169.9200000000001 3169.9200000000001 0 0 1 1 0 -0 -0 1 0 
1 213.35999999999999 4084.3200000000002 3124.2000000000003 -0 1 0 0 0 1 1 0 -0 
1 213.35999999999999 3169.9200000000001 3124.2000000000003 0 0 1 1 0 -0 -0 1 0 
1 1127.76 3169.9200000000001 3124.2000000000003 1 0 -0 0 0 1 0 -1 0 
1 0 0 3124.2000000000003 1 0 -0 0 0 1 0 -1 0 
1 0 0 3124.2000000000003 -0 1 0 0 0 1 1 0 -0 
1 0 0 4876.8000000000002 0 0 1 1 0 -0 -0 1 0 
1 0 152.40000000000001 3124.2000000000003 -0 1 0 0 0 1 1 0 -0 
1 0 0 3124.2000000000003 0 0 1 1 0 -0 -0 1 0 
1 7315.2000000000007 0 3124.2000000000003 1 0 -0 0 0 1 0 -1 0 
1 4572 -15.240000000000002 4617.7200000000003 0 0 1 1 0 -0 -0 1 0 
1 5334 -15.240000000000002 3855.7200000000003 1 0 -0 0 0 1 0 -1 0 
1 4572 -15.240000000000002 3855.7200000000003 0 0 1 1 0 -0 -0 1 0 
1 4572 -15.240000000000002 3855.7200000000003 1 0 -0 0 0 1 0 -1 0 
1 213.35999999999999 4191 3124.2000000000003 1 0 -0 0 0 1 0 -1 0 
1 213.35999999999999 4191 3124.2000000000003 -0 1 0 0 0 1 1 0 -0 
1 213.35999999999999 4191 3977.6400000000003 0 0 1 1 0 -0 -0 1 0 
1 213.35999999999999 4724.3999999999996 3124.2000000000003 -0 1 0 0 0 1 1 0 -0 
1 213.35999999999999 4191 3124.2000000000003 0 0 1 1 0 -0 -0 1 0 
1 944.88 4191 3124.2000000000003 1 0 -0 0 0 1 0 -1 0 
1 0 0 3124.2000000000003 1 0 -0 0 0 1 0 -1 0 
1 0 0 3124.2000000000003 -0 1 0 0 0 1 1 0 -0 
1 0 0 4876.8000000000002 0 0 1 1 0 -0 -0 1 0 
1 0 0 3124.2000000000003 0 0 1 1 0 -0 -0 1 0 
1 0 6096 3124.2000000000003 -0 1 0 0 0 1 1 0 -0 
1 -15.240000000000002 3718.5599999999999 3977.6400000000003 0 0 1 1 0 -0 -0 1 0 
1 -15.240000000000002 4328.1599999999999 3977.6400000000003 -0 1 0 0 0 1 1 0 -0 
1 -15.240000000000002 3718.5599999999999 4739.6400000000003 0 0 1 1 0 -0 -0 1 0 
1 -15.240000000000002 3718.5599999999999 3977.6400000000003 -0 1 0 0 0 1 1 0 -0 
1 -15.240000000000002 1005.84 3825.2400000000002 0 0 1 1 0 -0 -0 1 0 
1 -15.240000000000002 1767.8400000000001 3825.2400000000002 -0 1 0 0 0 1 1 0 -0 
1 -15.240000000000002 1005.84 3825.2400000000002 -0 1 0 0 0 1 1 0 -0 
1 -15.240000000000002 1005.84 4800.6000000000004 0 0 1 1 0 -0 -0 1 0 
1 152.40000000000001 0 3124.2000000000003 1 0 -0 0 0 1 0 -1 0 
1 2386.5840000000003 4367.7840000000006 158.49600000000001 1 0 -0 0 0 1 0 -1 0 
1 2386.5840000000003 4367.7840000000006 158.49600000000001 -0 1 0 0 0 1 1 0 -0 
1 2386.5840000000003 4367.7840000000006 170.68800000000002 0 0 1 1 0 -0 -0 1 0 
1 2386.5840000000003 5928.3600000000006 158.49600000000001 -0 1 0 0 0 1 1 0 -0 
1 2386.5840000000003 4367.7840000000006 158.49600000000001 0 0 1 1 0 -0 -0 1 0 
1 4166.616 4367.7840000000006 158.49600000000001 1 0 -0 0 0 1 0 -1 0 
1 0 0 0 1 0 -0 0 0 1 0 -1 0 
1 0 0 0 -0 1 0 0 0 1 1 0 -0 
1 0 0 152.40000000000001 0 0 1 1 0 -0 -0 1 0 
1 0 6096 0 -0 1 0 0 0 1 1 0 -0 
1 0 0 0 0 0 1 1 0 -0 -0 1 0 
1 7315.2000000000007 0 0 1 0 -0 0 0 1 0 -1 0 
1 0 0 2895.5999999999999 1 0 -0 0 0 1 0 -1 0 
1 0 0 2895.5999999999999 -0 1 0 0 0 1 1 0 -0 
1 0 0 3124.1999999999998 0 0 1 1 0 -0 -0 1 0 
1 0 6096 2895.5999999999999 -0 1 0 0 0 1 1 0 -0 
1 0 0 2895.5999999999999 0 0 1 1 0 -0 -0 1 0 
1 7315.2000000000007 0 2895.5999999999999 1 0 -0 0 0 1 0 -1 0 
1 3657.6000000000004 2240.2800000000002 3124.2000000000003 1 0 -0 0 0 1 0 -1 0 
1 3657.6000000000004 2240.2800000000002 3124.2000000000003 -0 1 0 0 0 1 1 0 -0 
1 3657.6000000000004 2240.2800000000002 4343.4000000000005 0 0 1 1 0 -0 -0 1 0 
1 3657.6000000000004 2346.96 3124.2000000000003 -0 1 0 0 0 1 1 0 -0 
1 3657.6000000000004 2240.2800000000002 3124.2000000000003 0 0 1 1 0 -0 -0 1 0 
1 5638.8000000000002 2240.2800000000002 3124.2000000000003 1 0 -0 0 0 1 0 -1 0 
1 167.64000000000001 5038.344000000001 3130.2959999999998 1 0 -0 0 0 1 0 -1 0 
1 167.64000000000001 5038.344000000001 3130.2959999999998 -0 1 0 0 0 1 1 0 -0 
1 167.64000000000001 5038.344000000001 3142.4879999999998 0 0 1 1 0 -0 -0 1 0 
1 167.64000000000001 5928.3600000000006 3130.2959999999998 -0 1 0 0 0 1 1 0 -0 
1 167.64000000000001 5038.344000000001 3130.2959999999998 0 0 1 1 0 -0 -0 1 0 
1 2087.8800000000001 5038.344000000001 3130.2959999999998 1 0 -0 0 0 1 0 -1 0 
1 0 3048 6096 -0 0.37139067635410372 0.92847669088525941 0 0.92847669088525941 -0.37139067635410372 -1 0 -0 
1 0 6096 4876.8000000000002 -0 1 0 0 0 -1 -1 0 -0 
1 0 6096 4770.1199999999999 0 -0.37139067635410372 -0.92847669088525941 0 -0.92847669088525941 0.37139067635410372 -1 -0 0 
1 0 3048 5989.3199999999997 0 -1 0 0 0 1 -1 0 0 
1 0 4572 5433.0600000000004 -1 -0 -0 0 0 -1 0 -1 0 
1 4367.7840000000006 4367.7840000000006 158.49600000000001 1 0 -0 0 0 1 0 -1 0 
1 4367.7840000000006 4367.7840000000006 158.49600000000001 -0 1 0 0 0 1 1 0 -0 
1 4367.7840000000006 4367.7840000000006 170.68800000000002 0 0 1 1 0 -0 -0 1 0 
1 4367.7840000000006 5928.3600000000006 158.49600000000001 -0 1 0 0 0 1 1 0 -0 
1 4367.7840000000006 4367.7840000000006 158.49600000000001 0 0 1 1 0 -0 -0 1 0 
1 7147.5600000000004 4367.7840000000006 158.49600000000001 1 0 -0 0 0 1 0 -1 0 
1 4572 5242.5600000000004 152.40000000000001 1 0 -0 0 0 1 0 -1 0 
1 4572 5242.5600000000004 152.40000000000001 -0 1 0 0 0 1 1 0 -0 
1 4572 5242.5600000000004 914.39999999999998 0 0 1 1 0 -0 -0 1 0 
1 4572 5730.2400000000007 152.40000000000001 -0 1 0 0 0 1 1 0 -0 
1 4572 5242.5600000000004 152.40000000000001 0 0 1 1 0 -0 -0 1 0 
1 6278.8800000000001 5242.5600000000004 152.40000000000001 1 0 -0 0 0 1 0 -1 0 
1 7219.9499999999998 4815.8400000000001 152.40000000000001 1 0 -0 0 0 1 0 -1 0 
1 7219.9499999999998 4815.8400000000001 152.40000000000001 -0 1 0 0 0 1 1 0 -0 
1 7219.9499999999998 4815.8400000000001 2225.04 0 0 1 1 0 -0 -0 1 0 
1 7219.9499999999998 5577.8400000000001 152.40000000000001 -0 1 0 0 0 1 1 0 -0 
1 7219.9499999999998 4815.8400000000001 152.40000000000001 0 0 1 1 0 -0 -0 1 0 
1 7258.0500000000002 4815.8400000000001 152.40000000000001 1 0 -0 0 0 1 0 -1 0 
1 3215.6400000000003 167.64000000000001 3130.2959999999998 1 0 -0 0 0 1 0 -1 0 
1 3215.6400000000003 167.64000000000001 3130.2959999999998 -0 1 0 0 0 1 1 0 -0 
1 3215.6400000000003 167.64000000000001 3142.4879999999998 0 0 1 1 0 -0 -0 1 0 
1 3215.6400000000003 2636.52 3130.2959999999998 -0 1 0 0 0 1 1 0 -0 
1 3215.6400000000003 167.64000000000001 3130.2959999999998 0 0 1 1 0 -0 -0 1 0 
1 7147.5600000000004 167.64000000000001 3130.2959999999998 1 0 -0 0 0 1 0 -1 0 
1 6537.96 2743.2000000000003 3124.2000000000003 1 0 -0 0 0 1 0 -1 0 
1 6537.96 2743.2000000000003 3124.2000000000003 -0 1 0 0 0 1 1 0 -0 
1 6537.96 2743.2000000000003 5105.4000000000005 0 0 1 1 0 -0 -0 1 0 
1 6537.96 3474.7200000000003 3124.2000000000003 -0 1 0 0 0 1 1 0 -0 
1 6537.96 2743.2000000000003 3124.2000000000003 0 0 1 1 0 -0 -0 1 0 
1 7056.1199999999999 2743.2000000000003 3124.2000000000003 1 0 -0 0 0 1 0 -1 0 
1 6370.3199999999997 3718.5599999999999 3124.2000000000003 1 0 -0 0 0 1 0 -1 0 
1 6370.3199999999997 3718.5599999999999 3124.2000000000003 -0 1 0 0 0 1 1 0 -0 
1 6370.3199999999997 3718.5599999999999 5105.4000000000005 0 0 1 1 0 -0 -0 1 0 
1 6370.3199999999997 4511.04 3124.2000000000003 -0 1 0 0 0 1 1 0 -0 
1 6370.3199999999997 3718.5599999999999 3124.2000000000003 0 0 1 1 0 -0 -0 1 0 
1 7132.3199999999997 3718.5599999999999 3124.2000000000003 1 0 -0 0 0 1 0 -1 0 
1 3505.2000000000003 -1219.2 2895.5999999999999 1 0 -0 0 0 1 0 -1 0 
1 3505.2000000000003 -1219.2 2895.5999999999999 -0 1 0 0 0 1 1 0 -0 
1 3505.2000000000003 -1219.2 3962.3999999999996 0 0 1 1 0 -0 -0 1 0 
1 3505.2000000000003 -1182.624 2895.5999999999999 -0 1 0 0 0 1 1 0 -0 
1 3505.2000000000003 -1219.2 2895.5999999999999 0 0 1 1 0 -0 -0 1 0 
1 3541.7760000000003 -1219.2 2895.5999999999999 1 0 -0 0 0 1 0 -1 0 
1 5943.6000000000004 -1219.2 2895.5999999999999 1 0 -0 0 0 1 0 -1 0 
1 5943.6000000000004 -1219.2 2895.5999999999999 -0 1 0 0 0 1 1 0 -0 
1 5943.6000000000004 -1219.2 3962.3999999999996 0 0 1 1 0 -0 -0 1 0 
1 5943.6000000000004 -1182.624 2895.5999999999999 -0 1 0 0 0 1 1 0 -0 
1 5943.6000000000004 -1219.2 2895.5999999999999 0 0 1 1 0 -0 -0 1 0 
1 5980.1760000000004 -1219.2 2895.5999999999999 1 0 -0 0 0 1 0 -1 0 
1 8345.4240000000009 -1219.2 2895.5999999999999 1 0 -0 0 0 1 0 -1 0 
1 8345.4240000000009 -1219.2 2895.5999999999999 -0 1 0 0 0 1 1 0 -0 
1 8345.4240000000009 -1219.2 3962.3999999999996 0 0 1 1 0 -0 -0 1 0 
1 8345.4240000000009 -1182.624 2895.5999999999999 -0 1 0 0 0 1 1 0 -0 
1 8345.4240000000009 -1219.2 2895.5999999999999 0 0 1 1 0 -0 -0 1 0 
1 8382 -1219.2 2895.5999999999999 1 0 -0 0 0 1 0 -1 0 
1 3505.2000000000003 -1219.2 3925.8240000000005 1 0 -0 0 0 1 0 -1 0 
1 3505.2000000000003 -1219.2 3925.8240000000005 -0 1 0 0 0 1 1 0 -0 
1 3505.2000000000003 -1219.2 3962.4000000000005 0 0 1 1 0 -0 -0 1 0 
1 3505.2000000000003 -1182.624 3925.8240000000005 -0 1 0 0 0 1 1 0 -0 
1 3505.2000000000003 -1219.2 3925.8240000000005 0 0 1 1 0 -0 -0 1 0 
1 8382 -1219.2 3925.8240000000005 1 0 -0 0 0 1 0 -1 0 
1 4572 57.150000000000006 3855.7200000000003 1 0 -0 0 0 1 0 -1 0 
1 4572 57.150000000000006 3855.7200000000003 -0 1 0 0 0 1 1 0 -0 
1 4572 57.150000000000006 4617.7200000000003 0 0 1 1 0 -0 -0 1 0 
1 4572 95.25 3855.7200000000003 -0 1 0 0 0 1 1 0 -0 
1 4572 57.150000000000006 3855.7200000000003 0 0 1 1 0 -0 -0 1 0 
1 5334 57.150000000000006 3855.7200000000003 1 0 -0 0 0 1 0 -1 0 
1 0 0 4876.8000000000002 0 -0.37139067635410372 0.92847669088525941 0 0.92847669088525941 0.37139067635410372 -1 0 0 
1 0 3048 6096 -0 1 0 0 0 -1 -1 0 -0 
1 0 3048 5989.3199999999997 0 0.37139067635410372 -0.92847669088525941 0 -0.92847669088525941 -0.37139067635410372 -1 0 -0 
1 0 0 4770.1199999999999 0 -1 0 0 0 1 -1 0 0 
1 0 1524.0000000000002 5433.0600000000004 -1 -0 -0 0 0 -1 0 -1 0 
1 4367.7840000000006 167.64000000000001 158.49600000000001 1 0 -0 0 0 1 0 -1 0 
1 4367.7840000000006 167.64000000000001 158.49600000000001 -0 1 0 0 0 1 1 0 -0 
1 4367.7840000000006 167.64000000000001 170.68800000000002 0 0 1 1 0 -0 -0 1 0 
1 4367.7840000000006 4251.96 158.49600000000001 -0 1 0 0 0 1 1 0 -0 
1 4367.7840000000006 167.64000000000001 158.49600000000001 0 0 1 1 0 -0 -0 1 0 
1 7147.5600000000004 167.64000000000001 158.49600000000001 1 0 -0 0 0 1 0 -1 0 
1 7219.9499999999998 2468.8800000000001 152.40000000000001 1 0 -0 0 0 1 0 -1 0 
1 7219.9499999999998 2468.8800000000001 152.40000000000001 -0 1 0 0 0 1 1 0 -0 
1 7219.9499999999998 2468.8800000000001 2286 0 0 1 1 0 -0 -0 1 0 
1 7219.9499999999998 3688.0799999999999 152.40000000000001 -0 1 0 0 0 1 1 0 -0 
1 7219.9499999999998 2468.8800000000001 152.40000000000001 0 0 1 1 0 -0 -0 1 0 
1 7258.0500000000002 2468.8800000000001 152.40000000000001 1 0 -0 0 0 1 0 -1 0 
1 7219.9499999999998 975.36000000000013 1066.8 1 0 -0 0 0 1 0 -1 0 
1 7219.9499999999998 975.36000000000013 1066.8 -0 1 0 0 0 1 1 0 -0 
1 7219.9499999999998 975.36000000000013 2133.5999999999999 0 0 1 1 0 -0 -0 1 0 
1 7219.9499999999998 1737.3600000000001 1066.8 -0 1 0 0 0 1 1 0 -0 
1 7219.9499999999998 975.36000000000013 1066.8 0 0 1 1 0 -0 -0 1 0 
1 7258.0500000000002 975.36000000000013 1066.8 1 0 -0 0 0 1 0 -1 0 
1 7315.2000000000007 0 2895.5999999999999 1 0 -0 0 0 1 0 -1 0 
1 7315.2000000000007 0 2895.5999999999999 -0 1 0 0 0 1 1 0 -0 
1 7315.2000000000007 0 3002.2799999999997 0 0 1 1 0 -0 -0 1 0 
1 7315.2000000000007 5943.6000000000004 2895.5999999999999 -0 1 0 0 0 1 1 0 -0 
1 7315.2000000000007 0 2895.5999999999999 0 0 1 1 0 -0 -0 1 0 
1 8382 0 2895.5999999999999 1 0 -0 0 0 1 0 -1 0 
1 3505.2000000000003 -1219.2 2895.5999999999999 1 0 -0 0 0 1 0 -1 0 
1 3505.2000000000003 -1219.2 2895.5999999999999 -0 1 0 0 0 1 1 0 -0 
1 3505.2000000000003 -1219.2 3002.2799999999997 0 0 1 1 0 -0 -0 1 0 
1 3505.2000000000003 0 2895.5999999999999 -0 1 0 0 0 1 1 0 -0 
1 3505.2000000000003 -1219.2 2895.5999999999999 0 0 1 1 0 -0 -0 1 0 
1 8382 -1219.2 2895.5999999999999 1 0 -0 0 0 1 0 -1 0 
1 57.150000000000006 3718.5599999999999 3977.6400000000003 1 0 -0 0 0 1 0 -1 0 
1 57.150000000000006 3718.5599999999999 3977.6400000000003 -0 1 0 0 0 1 1 0 -0 
1 57.150000000000006 3718.5599999999999 4739.6400000000003 0 0 1 1 0 -0 -0 1 0 
1 57.150000000000006 4328.1599999999999 3977.6400000000003 -0 1 0 0 0 1 1 0 -0 
1 57.150000000000006 3718.5599999999999 3977.6400000000003 0 0 1 1 0 -0 -0 1 0 
1 95.25 3718.5599999999999 3977.6400000000003 1 0 -0 0 0 1 0 -1 0 
1 57.150000000000006 1005.84 3825.2400000000002 1 0 -0 0 0 1 0 -1 0 
1 57.150000000000006 1005.84 3825.2400000000002 -0 1 0 0 0 1 1 0 -0 
1 57.150000000000006 1005.84 4800.6000000000004 0 0 1 1 0 -0 -0 1 0 
1 57.150000000000006 1767.8400000000001 3825.2400000000002 -0 1 0 0 0 1 1 0 -0 
1 57.150000000000006 1005.84 3825.2400000000002 0 0 1 1 0 -0 -0 1 0 
1 95.25 1005.84 3825.2400000000002 1 0 -0 0 0 1 0 -1 0 
Triangulations 0

TShapes 2899
Ve
1e-07
167.64 3148.584 3142.488
0 0

0101101
*
Ve
1e-07
167.64 3148.584 3130.296
0 0

0101101
*
Ed
 1e-07 1 1 0
1  1 0 0 12.192
2  1 1 0 0 12.192
2  2 2 0 0 12.192
0

0101000
-2899 0 +2898 0 *
Ve
1e-07
167.64 4922.52 3142.488
0 0

0101101
*
Ed
 1e-07 1 1 0
1  2 0 0 1773.936
2  3 1 0 0 1773.936
2  4 3 0 0 1773.936
0

0101000
-2896 0 +2899 0 *
Ve
1e-07
167.64 4922.52 3130.296
0 0

0101101
*
Ed
 1e-07 1 1 0
1  3 0 0 12.192
2  5 1 0 0 12.192
2  6 4 0 0 12.192
0

0101000
-2896 0 +2894 0 *
Ed
 1e-07 1 1 0
1  4 0 0 1773.936
2  7 1 0 0 1773.936
2  8 5 0 0 1773.936
0

0101000
-2894 0 +2898 0 *
Wi

0101100
-2897 0 -2895 0 +2893 0 +2892 0 *
Fa
0  1e-07 1 0

0101000
+2891 0 *
Ve
1e-07
2087.88 3148.584 3142.488
0 0

0101101
*
Ve
1e-07
2087.88 3148.584 3130.296
0 0

0101101
*
Ed
 1e-07 1 1 0
1  5 0 0 12.192
2  9 6 0 0 12.192
2  10 2 0 0 12.192
0

0101000
-2889 0 +2888 0 *
Ve
1e-07
2087.88 4922.52 3142.488
0 0

0101101
*
Ed
 1e-07 1 1 0
1  6 0 0 1773.936
2  11 6 0 0 1773.936
2  12 3 0 0 1773.936
0

0101000
-2886 0 +2889 0 *
Ve
1e-07
2087.88 4922.52 3130.296
0 0

0101101
*
Ed
 1e-07 1 1 0
1  7 0 0 12.192
2  13 6 0 0 12.192
2  14 4 0 0 12.192
0

0101000
-2886 0 +2884 0 *
Ed
 1e-07 1 1 0
1  8 0 0 1773.936
2  15 6 0 0 1773.936
2  16 5 0 0 1773.936
0

0101000
-2884 0 +2888 0 *
Wi

0101100
-2887 0 -2885 0 +2883 0 +2882 0 *
Fa
0  1e-07 6 0

0101000
+2881 0 *
Ed
 1e-07 1 1 0
1  9 0 0 1920.24
2  17 2 0 0 1920.24
2  18 5 0 0 1920.24
0

0101000
-2888 0 +2898 0 *
Ed
 1e-07 1 1 0
1  10 0 0 1920.24
2  19 2 0 0 1920.24
2  20 3 0 0 1920.24
0

0101000
-2889 0 +2899 0 *
Wi

0101100
-2879 0 -2887 0 +2878 0 +2897 0 *
Fa
0  1e-07 2 0

0101000
+2877 0 *
Ed
 1e-07 1 1 0
1  11 0 0 1920.24
2  21 4 0 0 1920.24
2  22 5 0 0 1920.24
0

0101000
-2884 0 +2894 0 *
Ed
 1e-07 1 1 0
1  12 0 0 1920.24
2  23 4 0 0 1920.24
2  24 3 0 0 1920.24
0

0101000
-2886 0 +2896 0 *
Wi

0101100
-2875 0 -2883 0 +2874 0 +2893 0 *
Fa
0  1e-07 4 0

0101000
+2873 0 *
Wi

0101100
-2892 0 -2875 0 +2882 0 +2879 0 *
Fa
0  1e-07 5 0

0101000
+2871 0 *
Wi

0101100
-2895 0 -2874 0 +2885 0 +2878 0 *
Fa
0  1e-07 3 0

0101000
+2869 0 *
Sh

0101100
-2890 0 +2880 0 -2876 0 +2872 0 -2870 0 +2868 0 *
So

0100000
+2867 0 *
Ve
1e-07
167.64 167.64 3142.488
0 0

0101101
*
Ve
1e-07
167.64 167.64 3130.296
0 0

0101101
*
Ed
 1e-07 1 1 0
1  13 0 0 12.192
2  25 7 0 0 12.192
2  26 8 0 0 12.192
0

0101000
-2865 0 +2864 0 *
Ve
1e-07
167.64 3032.76 3142.488
0 0

0101101
*
Ed
 1e-07 1 1 0
1  14 0 0 2865.12
2  27 7 0 0 2865.12
2  28 9 0 0 2865.12
0

0101000
-2862 0 +2865 0 *
Ve
1e-07
167.64 3032.76 3130.296
0 0

0101101
*
Ed
 1e-07 1 1 0
1  15 0 0 12.192
2  29 7 0 0 12.192
2  30 10 0 0 12.192
0

0101000
-2862 0 +2860 0 *
Ed
 1e-07 1 1 0
1  16 0 0 2865.12
2  31 7 0 0 2865.12
2  32 11 0 0 2865.12
0

0101000
-2860 0 +2864 0 *
Wi

0101100
-2863 0 -2861 0 +2859 0 +2858 0 *
Fa
0  1e-07 7 0

0101000
+2857 0 *
Ve
1e-07
3093.72 167.64 3142.488
0 0

0101101
*
Ve
1e-07
3093.72 167.64 3130.296
0 0

0101101
*
Ed
 1e-07 1 1 0
1  17 0 0 12.192
2  33 12 0 0 12.192
2  34 8 0 0 12.192
0

0101000
-2855 0 +2854 0 *
Ve
1e-07
3093.72 3032.76 3142.488
0 0

0101101
*
Ed
 1e-07 1 1 0
1  18 0 0 2865.12
2  35 12 0 0 2865.12
2  36 9 0 0 2865.12
0

0101000
-2852 0 +2855 0 *
Ve
1e-07
3093.72 3032.76 3130.296
0 0

0101101
*
Ed
 1e-07 1 1 0
1  19 0 0 12.192
2  37 12 0 0 12.192
2  38 10 0 0 12.192
0

0101000
-2852 0 +2850 0 *
Ed
 1e-07 1 1 0
1  20 0 0 2865.12
2  39 12 0 0 2865.12
2  40 11 0 0 2865.12
0

0101000
-2850 0 +2854 0 *
Wi

0101100
-2853 0 -2851 0 +2849 0 +2848 0 *
Fa
0  1e-07 12 0

0101000
+2847 0 *
Ed
 1e-07 1 1 0
1  21 0 0 2926.08
2  41 8 0 0 2926.08
2  42 11 0 0 2926.08
0

0101000
-2854 0 +2864 0 *
Ed
 1e-07 1 1 0
1  22 0 0 2926.08
2  43 8 0 0 2926.08
2  44 9 0 0 2926.08
0

0101000
-2855 0 +2865 0 *
Wi

0101100
-2845 0 -2853 0 +2844 0 +2863 0 *
Fa
0  1e-07 8 0

0101000
+2843 0 *
Ed
 1e-07 1 1 0
1  23 0 0 2926.08
2  45 10 0 0 2926.08
2  46 11 0 0 2926.08
0

0101000
-2850 0 +2860 0 *
Ed
 1e-07 1 1 0
1  24 0 0 2926.08
2  47 10 0 0 2926.08
2  48 9 0 0 2926.08
0

0101000
-2852 0 +2862 0 *
Wi

0101100
-2841 0 -2849 0 +2840 0 +2859 0 *
Fa
0  1e-07 10 0

0101000
+2839 0 *
Wi

0101100
-2858 0 -2841 0 +2848 0 +2845 0 *
Fa
0  1e-07 11 0

0101000
+2837 0 *
Wi

0101100
-2861 0 -2840 0 +2851 0 +2844 0 *
Fa
0  1e-07 9 0

0101000
+2835 0 *
Sh

0101100
-2856 0 +2846 0 -2842 0 +2838 0 -2836 0 +2834 0 *
So

0100000
+2833 0 *
Ve
1e-07
8345.424 0 3962.4
0 0

0101101
*
Ve
1e-07
8345.424 0 3925.824
0 0

0101101
*
Ed
 1e-07 1 1 0
1  25 0 0 36.576
2  49 13 0 0 36.576
2  50 14 0 0 36.576
0

0101000
-2831 0 +2830 0 *
Ve
1e-07
8345.424 5943.6 3962.4
0 0

0101101
*
Ed
 1e-07 1 1 0
1  26 0 0 5943.6
2  51 13 0 0 5943.6
2  52 15 0 0 5943.6
0

0101000
-2828 0 +2831 0 *
Ve
1e-07
8345.424 5943.6 3925.824
0 0

0101101
*
Ed
 1e-07 1 1 0
1  27 0 0 36.576
2  53 13 0 0 36.576
2  54 16 0 0 36.576
0

0101000
-2828 0 +2826 0 *
Ed
 1e-07 1 1 0
1  28 0 0 5943.6
2  55 13 0 0 5943.6
2  56 17 0 0 5943.6
0

0101000
-2826 0 +2830 0 *
Wi

0101100
-2829 0 -2827 0 +2825 0 +2824 0 *
Fa
0  1e-07 13 0

0101000
+2823 0 *
Ve
1e-07
8382 0 3962.4
0 0

0101101
*
Ve
1e-07
8382 0 3925.824
0 0

0101101
*
Ed
 1e-07 1 1 0
1  29 0 0 36.576
2  57 18 0 0 36.576
2  58 14 0 0 36.576
0

0101000
-2821 0 +2820 0 *
Ve
1e-07
8382 5943.6 3962.4
0 0

0101101
*
Ed
 1e-07 1 1 0
1  30 0 0 5943.6
2  59 18 0 0 5943.6
2  60 15 0 0 5943.6
0

0101000
-2818 0 +2821 0 *
Ve
1e-07
8382 5943.6 3925.824
0 0

0101101
*
Ed
 1e-07 1 1 0
1  31 0 0 36.576
2  61 18 0 0 36.576
2  62 16 0 0 36.576
0

0101000
-2818 0 +2816 0 *
Ed
 1e-07 1 1 0
1  32 0 0 5943.6
2  63 18 0 0 5943.6
2  64 17 0 0 5943.6
0

0101000
-2816 0 +2820 0 *
Wi

0101100
-2819 0 -2817 0 +2815 0 +2814 0 *
Fa
0  1e-07 18 0

0101000
+2813 0 *
Ed
 1e-07 1 1 0
1  33 0 0 36.5759999999991
2  65 14 0 0 36.5759999999991
2  66 17 0 0 36.5759999999991
0

0101000
-2820 0 +2830 0 *
Ed
 1e-07 1 1 0
1  34 0 0 36.5759999999991
2  67 14 0 0 36.5759999999991
2  68 15 0 0 36.5759999999991
0

0101000
-2821 0 +2831 0 *
Wi

0101100
-2811 0 -2819 0 +2810 0 +2829 0 *
Fa
0  1e-07 14 0

0101000
+2809 0 *
Ed
 1e-07 1 1 0
1  35 0 0 36.5759999999991
2  69 16 0 0 36.5759999999991
2  70 17 0 0 36.5759999999991
0

0101000
-2816 0 +2826 0 *
Ed
 1e-07 1 1 0
1  36 0 0 36.5759999999991
2  71 16 0 0 36.5759999999991
2  72 15 0 0 36.5759999999991
0

0101000
-2818 0 +2828 0 *
Wi

0101100
-2807 0 -2815 0 +2806 0 +2825 0 *
Fa
0  1e-07 16 0

0101000
+2805 0 *
Wi

0101100
-2824 0 -2807 0 +2814 0 +2811 0 *
Fa
0  1e-07 17 0

0101000
+2803 0 *
Wi

0101100
-2827 0 -2806 0 +2817 0 +2810 0 *
Fa
0  1e-07 15 0

0101000
+2801 0 *
Sh

0101100
-2822 0 +2812 0 -2808 0 +2804 0 -2802 0 +2800 0 *
So

0100000
+2799 0 *
Ve
1e-07
6501.384 2590.8 4038.6
0 0

0101101
*
Ve
1e-07
6501.384 2590.8 3124.2
0 0

0101101
*
Ed
 1e-07 1 1 0
1  37 0 0 914.4
2  73 19 0 0 914.4
2  74 20 0 0 914.4
0

0101000
-2797 0 +2796 0 *
Ve
1e-07
6501.384 4602.48 4038.6
0 0

0101101
*
Ed
 1e-07 1 1 0
1  38 0 0 2011.68
2  75 19 0 0 2011.68
2  76 21 0 0 2011.68
0

0101000
-2794 0 +2797 0 *
Ve
1e-07
6501.384 4602.48 3124.2
0 0

0101101
*
Ed
 1e-07 1 1 0
1  39 0 0 914.4
2  77 19 0 0 914.4
2  78 22 0 0 914.4
0

0101000
-2794 0 +2792 0 *
Ed
 1e-07 1 1 0
1  40 0 0 2011.68
2  79 19 0 0 2011.68
2  80 23 0 0 2011.68
0

0101000
-2792 0 +2796 0 *
Wi

0101100
-2795 0 -2793 0 +2791 0 +2790 0 *
Fa
0  1e-07 19 0

0101000
+2789 0 *
Ve
1e-07
7162.8 2590.8 4038.6
0 0

0101101
*
Ve
1e-07
7162.8 2590.8 3124.2
0 0

0101101
*
Ed
 1e-07 1 1 0
1  41 0 0 914.4
2  81 24 0 0 914.4
2  82 20 0 0 914.4
0

0101000
-2787 0 +2786 0 *
Ve
1e-07
7162.8 4602.48 4038.6
0 0

0101101
*
Ed
 1e-07 1 1 0
1  42 0 0 2011.68
2  83 24 0 0 2011.68
2  84 21 0 0 2011.68
0

0101000
-2784 0 +2787 0 *
Ve
1e-07
7162.8 4602.48 3124.2
0 0

0101101
*
Ed
 1e-07 1 1 0
1  43 0 0 914.4
2  85 24 0 0 914.4
2  86 22 0 0 914.4
0

0101000
-2784 0 +2782 0 *
Ed
 1e-07 1 1 0
1  44 0 0 2011.68
2  87 24 0 0 2011.68
2  88 23 0 0 2011.68
0

0101000
-2782 0 +2786 0 *
Wi

0101100
-2785 0 -2783 0 +2781 0 +2780 0 *
Fa
0  1e-07 24 0

0101000
+2779 0 *
Ed
 1e-07 1 1 0
1  45 0 0 661.416
2  89 20 0 0 661.416
2  90 23 0 0 661.416
0

0101000
-2786 0 +2796 0 *
Ed
 1e-07 1 1 0
1  46 0 0 661.416
2  91 20 0 0 661.416
2  92 21 0 0 661.416
0

0101000
-2787 0 +2797 0 *
Wi

0101100
-2777 0 -2785 0 +2776 0 +2795 0 *
Fa
0  1e-07 20 0

0101000
+2775 0 *
Ed
 1e-07 1 1 0
1  47 0 0 661.416
2  93 22 0 0 661.416
2  94 23 0 0 661.416
0

0101000
-2782 0 +2792 0 *
Ed
 1e-07 1 1 0
1  48 0 0 661.416
2  95 22 0 0 661.416
2  96 21 0 0 661.416
0

0101000
-2784 0 +2794 0 *
Wi

0101100
-2773 0 -2781 0 +2772 0 +2791 0 *
Fa
0  1e-07 22 0

0101000
+2771 0 *
Wi

0101100
-2790 0 -2773 0 +2780 0 +2777 0 *
Fa
0  1e-07 23 0

0101000
+2769 0 *
Wi

0101100
-2793 0 -2772 0 +2783 0 +2776 0 *
Fa
0  1e-07 21 0

0101000
+2767 0 *
Sh

0101100
-2788 0 +2778 0 -2774 0 +2770 0 -2768 0 +2766 0 *
So

0100000
+2765 0 *
Ve
1e-07
7219.95 2804.16 4617.72
0 0

0101101
*
Ve
1e-07
7219.95 2804.16 3855.72
0 0

0101101
*
Ed
 1e-07 1 1 0
1  49 0 0 762
2  97 25 0 0 762
2  98 26 0 0 762
0

0101000
-2763 0 +2762 0 *
Ve
1e-07
7219.95 3413.76 4617.72
0 0

0101101
*
Ed
 1e-07 1 1 0
1  50 0 0 609.6
2  99 25 0 0 609.6
2  100 27 0 0 609.6
0

0101000
-2760 0 +2763 0 *
Ve
1e-07
7219.95 3413.76 3855.72
0 0

0101101
*
Ed
 1e-07 1 1 0
1  51 0 0 762
2  101 25 0 0 762
2  102 28 0 0 762
0

0101000
-2760 0 +2758 0 *
Ed
 1e-07 1 1 0
1  52 0 0 609.6
2  103 25 0 0 609.6
2  104 29 0 0 609.6
0

0101000
-2758 0 +2762 0 *
Wi

0101100
-2761 0 -2759 0 +2757 0 +2756 0 *
Fa
0  1e-07 25 0

0101000
+2755 0 *
Ve
1e-07
7258.05 2804.16 4617.72
0 0

0101101
*
Ve
1e-07
7258.05 2804.16 3855.72
0 0

0101101
*
Ed
 1e-07 1 1 0
1  53 0 0 762
2  105 30 0 0 762
2  106 26 0 0 762
0

0101000
-2753 0 +2752 0 *
Ve
1e-07
7258.05 3413.76 4617.72
0 0

0101101
*
Ed
 1e-07 1 1 0
1  54 0 0 609.6
2  107 30 0 0 609.6
2  108 27 0 0 609.6
0

0101000
-2750 0 +2753 0 *
Ve
1e-07
7258.05 3413.76 3855.72
0 0

0101101
*
Ed
 1e-07 1 1 0
1  55 0 0 762
2  109 30 0 0 762
2  110 28 0 0 762
0

0101000
-2750 0 +2748 0 *
Ed
 1e-07 1 1 0
1  56 0 0 609.6
2  111 30 0 0 609.6
2  112 29 0 0 609.6
0

0101000
-2748 0 +2752 0 *
Wi

0101100
-2751 0 -2749 0 +2747 0 +2746 0 *
Fa
0  1e-07 30 0

0101000
+2745 0 *
Ed
 1e-07 1 1 0
1  57 0 0 38.1000000000004
2  113 26 0 0 38.1000000000004
2  114 29 0 0 38.1000000000004
0

0101000
-2752 0 +2762 0 *
Ed
 1e-07 1 1 0
1  58 0 0 38.1000000000004
2  115 26 0 0 38.1000000000004
2  116 27 0 0 38.1000000000004
0

0101000
-2753 0 +2763 0 *
Wi

0101100
-2743 0 -2751 0 +2742 0 +2761 0 *
Fa
0  1e-07 26 0

0101000
+2741 0 *
Ed
 1e-07 1 1 0
1  59 0 0 38.1000000000004
2  117 28 0 0 38.1000000000004
2  118 29 0 0 38.1000000000004
0

0101000
-2748 0 +2758 0 *
Ed
 1e-07 1 1 0
1  60 0 0 38.1000000000004
2  119 28 0 0 38.1000000000004
2  120 27 0 0 38.1000000000004
0

0101000
-2750 0 +2760 0 *
Wi

0101100
-2739 0 -2747 0 +2738 0 +2757 0 *
Fa
0  1e-07 28 0

0101000
+2737 0 *
Wi

0101100
-2756 0 -2739 0 +2746 0 +2743 0 *
Fa
0  1e-07 29 0

0101000
+2735 0 *
Wi

0101100
-2759 0 -2738 0 +2749 0 +2742 0 *
Fa
0  1e-07 27 0

0101000
+2733 0 *
Sh

0101100
-2754 0 +2744 0 -2740 0 +2736 0 -2734 0 +2732 0 *
So

0100000
+2731 0 *
Ve
1e-07
7219.95 609.6 5044.44
0 0

0101101
*
Ve
1e-07
7219.95 609.6 3124.2
0 0

0101101
*
Ed
 1e-07 1 1 0
1  61 0 0 1920.24
2  121 31 0 0 1920.24
2  122 32 0 0 1920.24
0

0101000
-2729 0 +2728 0 *
Ve
1e-07
7219.95 2133.6 5044.44
0 0

0101101
*
Ed
 1e-07 1 1 0
1  62 0 0 1524
2  123 31 0 0 1524
2  124 33 0 0 1524
0

0101000
-2726 0 +2729 0 *
Ve
1e-07
7219.95 2133.6 3124.2
0 0

0101101
*
Ed
 1e-07 1 1 0
1  63 0 0 1920.24
2  125 31 0 0 1920.24
2  126 34 0 0 1920.24
0

0101000
-2726 0 +2724 0 *
Ed
 1e-07 1 1 0
1  64 0 0 1524
2  127 31 0 0 1524
2  128 35 0 0 1524
0

0101000
-2724 0 +2728 0 *
Wi

0101100
-2727 0 -2725 0 +2723 0 +2722 0 *
Fa
0  1e-07 31 0

0101000
+2721 0 *
Ve
1e-07
7258.05 609.6 5044.44
0 0

0101101
*
Ve
1e-07
7258.05 609.6 3124.2
0 0

0101101
*
Ed
 1e-07 1 1 0
1  65 0 0 1920.24
2  129 36 0 0 1920.24
2  130 32 0 0 1920.24
0

0101000
-2719 0 +2718 0 *
Ve
1e-07
7258.05 2133.6 5044.44
0 0

0101101
*
Ed
 1e-07 1 1 0
1  66 0 0 1524
2  131 36 0 0 1524
2  132 33 0 0 1524
0

0101000
-2716 0 +2719 0 *
Ve
1e-07
7258.05 2133.6 3124.2
0 0

0101101
*
Ed
 1e-07 1 1 0
1  67 0 0 1920.24
2  133 36 0 0 1920.24
2  134 34 0 0 1920.24
0

0101000
-2716 0 +2714 0 *
Ed
 1e-07 1 1 0
1  68 0 0 1524
2  135 36 0 0 1524
2  136 35 0 0 1524
0

0101000
-2714 0 +2718 0 *
Wi

0101100
-2717 0 -2715 0 +2713 0 +2712 0 *
Fa
0  1e-07 36 0

0101000
+2711 0 *
Ed
 1e-07 1 1 0
1  69 0 0 38.1000000000004
2  137 32 0 0 38.1000000000004
2  138 35 0 0 38.1000000000004
0

0101000
-2718 0 +2728 0 *
Ed
 1e-07 1 1 0
1  70 0 0 38.1000000000004
2  139 32 0 0 38.1000000000004
2  140 33 0 0 38.1000000000004
0

0101000
-2719 0 +2729 0 *
Wi

0101100
-2709 0 -2717 0 +2708 0 +2727 0 *
Fa
0  1e-07 32 0

0101000
+2707 0 *
Ed
 1e-07 1 1 0
1  71 0 0 38.1000000000004
2  141 34 0 0 38.1000000000004
2  142 35 0 0 38.1000000000004
0

0101000
-2714 0 +2724 0 *
Ed
 1e-07 1 1 0
1  72 0 0 38.1000000000004
2  143 34 0 0 38.1000000000004
2  144 33 0 0 38.1000000000004
0

0101000
-2716 0 +2726 0 *
Wi

0101100
-2705 0 -2713 0 +2704 0 +2723 0 *
Fa
0  1e-07 34 0

0101000
+2703 0 *
Wi

0101100
-2722 0 -2705 0 +2712 0 +2709 0 *
Fa
0  1e-07 35 0

0101000
+2701 0 *
Wi

0101100
-2725 0 -2704 0 +2715 0 +2708 0 *
Fa
0  1e-07 33 0

0101000
+2699 0 *
Sh

0101100
-2720 0 +2710 0 -2706 0 +2702 0 -2700 0 +2698 0 *
So

0100000
+2697 0 *
Ve
1e-07
152.4 -1219.2 222.738461538462
0 0

0101101
*
Ve
1e-07
152.4 -1219.2 0
0 0

0101101
*
Ed
 1e-07 1 1 0
1  73 0 0 222.738461538462
2  145 37 0 0 222.738461538462
2  146 38 0 0 222.738461538462
0

0101000
-2695 0 +2694 0 *
Ve
1e-07
152.4 0 222.738461538462
0 0

0101101
*
Ed
 1e-07 1 1 0
1  74 0 0 1219.2
2  147 37 0 0 1219.2
2  148 39 0 0 1219.2
0

0101000
-2692 0 +2695 0 *
Ve
1e-07
152.4 0 0
0 0

0101101
*
Ed
 1e-07 1 1 0
1  75 0 0 222.738461538462
2  149 37 0 0 222.738461538462
2  150 40 0 0 222.738461538462
0

0101000
-2692 0 +2690 0 *
Ed
 1e-07 1 1 0
1  76 0 0 1219.2
2  151 37 0 0 1219.2
2  152 41 0 0 1219.2
0

0101000
-2690 0 +2694 0 *
Wi

0101100
-2693 0 -2691 0 +2689 0 +2688 0 *
Fa
0  1e-07 37 0

0101000
+2687 0 *
Ve
1e-07
419.451692307692 -1219.2 222.738461538462
0 0

0101101
*
Ve
1e-07
419.451692307692 -1219.2 0
0 0

0101101
*
Ed
 1e-07 1 1 0
1  77 0 0 222.738461538462
2  153 42 0 0 222.738461538462
2  154 38 0 0 222.738461538462
0

0101000
-2685 0 +2684 0 *
Ve
1e-07
419.451692307692 0 222.738461538462
0 0

0101101
*
Ed
 1e-07 1 1 0
1  78 0 0 1219.2
2  155 42 0 0 1219.2
2  156 39 0 0 1219.2
0

0101000
-2682 0 +2685 0 *
Ve
1e-07
419.451692307692 0 0
0 0

0101101
*
Ed
 1e-07 1 1 0
1  79 0 0 222.738461538462
2  157 42 0 0 222.738461538462
2  158 40 0 0 222.738461538462
0

0101000
-2682 0 +2680 0 *
Ed
 1e-07 1 1 0
1  80 0 0 1219.2
2  159 42 0 0 1219.2
2  160 41 0 0 1219.2
0

0101000
-2680 0 +2684 0 *
Wi

0101100
-2683 0 -2681 0 +2679 0 +2678 0 *
Fa
0  1e-07 42 0

0101000
+2677 0 *
Ed
 1e-07 1 1 0
1  81 0 0 267.051692307692
2  161 38 0 0 267.051692307692
2  162 41 0 0 267.051692307692
0

0101000
-2684 0 +2694 0 *
Ed
 1e-07 1 1 0
1  82 0 0 267.051692307692
2  163 38 0 0 267.051692307692
2  164 39 0 0 267.051692307692
0

0101000
-2685 0 +2695 0 *
Wi

0101100
-2675 0 -2683 0 +2674 0 +2693 0 *
Fa
0  1e-07 38 0

0101000
+2673 0 *
Ed
 1e-07 1 1 0
1  83 0 0 267.051692307692
2  165 40 0 0 267.051692307692
2  166 41 0 0 267.051692307692
0

0101000
-2680 0 +2690 0 *
Ed
 1e-07 1 1 0
1  84 0 0 267.051692307692
2  167 40 0 0 267.051692307692
2  168 39 0 0 267.051692307692
0

0101000
-2682 0 +2692 0 *
Wi

0101100
-2671 0 -2679 0 +2670 0 +2689 0 *
Fa
0  1e-07 40 0

0101000
+2669 0 *
Wi

0101100
-2688 0 -2671 0 +2678 0 +2675 0 *
Fa
0  1e-07 41 0

0101000
+2667 0 *
Wi

0101100
-2691 0 -2670 0 +2681 0 +2674 0 *
Fa
0  1e-07 39 0

0101000
+2665 0 *
Sh

0101100
-2686 0 +2676 0 -2672 0 +2668 0 -2666 0 +2664 0 *
So

0100000
+2663 0 *
Ve
1e-07
410.307692307692 -1219.2 445.476923076923
0 0

0101101
*
Ve
1e-07
410.307692307692 -1219.2 0
0 0

0101101
*
Ed
 1e-07 1 1 0
1  85 0 0 445.476923076923
2  169 43 0 0 445.476923076923
2  170 44 0 0 445.476923076923
0

0101000
-2661 0 +2660 0 *
Ve
1e-07
410.307692307692 0 445.476923076923
0 0

0101101
*
Ed
 1e-07 1 1 0
1  86 0 0 1219.2
2  171 43 0 0 1219.2
2  172 45 0 0 1219.2
0

0101000
-2658 0 +2661 0 *
Ve
1e-07
410.307692307692 0 0
0 0

0101101
*
Ed
 1e-07 1 1 0
1  87 0 0 445.476923076923
2  173 43 0 0 445.476923076923
2  174 46 0 0 445.476923076923
0

0101000
-2658 0 +2656 0 *
Ed
 1e-07 1 1 0
1  88 0 0 1219.2
2  175 43 0 0 1219.2
2  176 47 0 0 1219.2
0

0101000
-2656 0 +2660 0 *
Wi

0101100
-2659 0 -2657 0 +2655 0 +2654 0 *
Fa
0  1e-07 43 0

0101000
+2653 0 *
Ve
1e-07
677.359384615385 -1219.2 445.476923076923
0 0

0101101
*
Ve
1e-07
677.359384615385 -1219.2 0
0 0

0101101
*
Ed
 1e-07 1 1 0
1  89 0 0 445.476923076923
2  177 48 0 0 445.476923076923
2  178 44 0 0 445.476923076923
0

0101000
-2651 0 +2650 0 *
Ve
1e-07
677.359384615385 0 445.476923076923
0 0

0101101
*
Ed
 1e-07 1 1 0
1  90 0 0 1219.2
2  179 48 0 0 1219.2
2  180 45 0 0 1219.2
0

0101000
-2648 0 +2651 0 *
Ve
1e-07
677.359384615385 0 0
0 0

0101101
*
Ed
 1e-07 1 1 0
1  91 0 0 445.476923076923
2  181 48 0 0 445.476923076923
2  182 46 0 0 445.476923076923
0

0101000
-2648 0 +2646 0 *
Ed
 1e-07 1 1 0
1  92 0 0 1219.2
2  183 48 0 0 1219.2
2  184 47 0 0 1219.2
0

0101000
-2646 0 +2650 0 *
Wi

0101100
-2649 0 -2647 0 +2645 0 +2644 0 *
Fa
0  1e-07 48 0

0101000
+2643 0 *
Ed
 1e-07 1 1 0
1  93 0 0 267.051692307692
2  185 44 0 0 267.051692307692
2  186 47 0 0 267.051692307692
0

0101000
-2650 0 +2660 0 *
Ed
 1e-07 1 1 0
1  94 0 0 267.051692307692
2  187 44 0 0 267.051692307692
2  188 45 0 0 267.051692307692
0

0101000
-2651 0 +2661 0 *
Wi

0101100
-2641 0 -2649 0 +2640 0 +2659 0 *
Fa
0  1e-07 44 0

0101000
+2639 0 *
Ed
 1e-07 1 1 0
1  95 0 0 267.051692307692
2  189 46 0 0 267.051692307692
2  190 47 0 0 267.051692307692
0

0101000
-2646 0 +2656 0 *
Ed
 1e-07 1 1 0
1  96 0 0 267.051692307692
2  191 46 0 0 267.051692307692
2  192 45 0 0 267.051692307692
0

0101000
-2648 0 +2658 0 *
Wi

0101100
-2637 0 -2645 0 +2636 0 +2655 0 *
Fa
0  1e-07 46 0

0101000
+2635 0 *
Wi

0101100
-2654 0 -2637 0 +2644 0 +2641 0 *
Fa
0  1e-07 47 0

0101000
+2633 0 *
Wi

0101100
-2657 0 -2636 0 +2647 0 +2640 0 *
Fa
0  1e-07 45 0

0101000
+2631 0 *
Sh

0101100
-2652 0 +2642 0 -2638 0 +2634 0 -2632 0 +2630 0 *
So

0100000
+2629 0 *
Ve
1e-07
668.215384615385 -1219.2 668.215384615385
0 0

0101101
*
Ve
1e-07
668.215384615385 -1219.2 0
0 0

0101101
*
Ed
 1e-07 1 1 0
1  97 0 0 668.215384615385
2  193 49 0 0 668.215384615385
2  194 50 0 0 668.215384615385
0

0101000
-2627 0 +2626 0 *
Ve
1e-07
668.215384615385 0 668.215384615385
0 0

0101101
*
Ed
 1e-07 1 1 0
1  98 0 0 1219.2
2  195 49 0 0 1219.2
2  196 51 0 0 1219.2
0

0101000
-2624 0 +2627 0 *
Ve
1e-07
668.215384615385 0 0
0 0

0101101
*
Ed
 1e-07 1 1 0
1  99 0 0 668.215384615385
2  197 49 0 0 668.215384615385
2  198 52 0 0 668.215384615385
0

0101000
-2624 0 +2622 0 *
Ed
 1e-07 1 1 0
1  100 0 0 1219.2
2  199 49 0 0 1219.2
2  200 53 0 0 1219.2
0

0101000
-2622 0 +2626 0 *
Wi

0101100
-2625 0 -2623 0 +2621 0 +2620 0 *
Fa
0  1e-07 49 0

0101000
+2619 0 *
Ve
1e-07
935.267076923077 -1219.2 668.215384615385
0 0

0101101
*
Ve
1e-07
935.267076923077 -1219.2 0
0 0

0101101
*
Ed
 1e-07 1 1 0
1  101 0 0 668.215384615385
2  201 54 0 0 668.215384615385
2  202 50 0 0 668.215384615385
0

0101000
-2617 0 +2616 0 *
Ve
1e-07
935.267076923077 0 668.215384615385
0 0

0101101
*
Ed
 1e-07 1 1 0
1  102 0 0 1219.2
2  203 54 0 0 1219.2
2  204 51 0 0 1219.2
0

0101000
-2614 0 +2617 0 *
Ve
1e-07
935.267076923077 0 0
0 0

0101101
*
Ed
 1e-07 1 1 0
1  103 0 0 668.215384615385
2  205 54 0 0 668.215384615385
2  206 52 0 0 668.215384615385
0

0101000
-2614 0 +2612 0 *
Ed
 1e-07 1 1 0
1  104 0 0 1219.2
2  207 54 0 0 1219.2
2  208 53 0 0 1219.2
0

0101000
-2612 0 +2616 0 *
Wi

0101100
-2615 0 -2613 0 +2611 0 +2610 0 *
Fa
0  1e-07 54 0

0101000
+2609 0 *
Ed
 1e-07 1 1 0
1  105 0 0 267.051692307692
2  209 50 0 0 267.051692307692
2  210 53 0 0 267.051692307692
0

0101000
-2616 0 +2626 0 *
Ed
 1e-07 1 1 0
1  106 0 0 267.051692307692
2  211 50 0 0 267.051692307692
2  212 51 0 0 267.051692307692
0

0101000
-2617 0 +2627 0 *
Wi

0101100
-2607 0 -2615 0 +2606 0 +2625 0 *
Fa
0  1e-07 50 0

0101000
+2605 0 *
Ed
 1e-07 1 1 0
1  107 0 0 267.051692307692
2  213 52 0 0 267.051692307692
2  214 53 0 0 267.051692307692
0

0101000
-2612 0 +2622 0 *
Ed
 1e-07 1 1 0
1  108 0 0 267.051692307692
2  215 52 0 0 267.051692307692
2  216 51 0 0 267.051692307692
0

0101000
-2614 0 +2624 0 *
Wi

0101100
-2603 0 -2611 0 +2602 0 +2621 0 *
Fa
0  1e-07 52 0

0101000
+2601 0 *
Wi

0101100
-2620 0 -2603 0 +2610 0 +2607 0 *
Fa
0  1e-07 53 0

0101000
+2599 0 *
Wi

0101100
-2623 0 -2602 0 +2613 0 +2606 0 *
Fa
0  1e-07 51 0

0101000
+2597 0 *
Sh

0101100
-2618 0 +2608 0 -2604 0 +2600 0 -2598 0 +2596 0 *
So

0100000
+2595 0 *
Ve
1e-07
926.123076923077 -1219.2 890.953846153846
0 0

0101101
*
Ve
1e-07
926.123076923077 -1219.2 0
0 0

0101101
*
Ed
 1e-07 1 1 0
1  109 0 0 890.953846153846
2  217 55 0 0 890.953846153846
2  218 56 0 0 890.953846153846
0

0101000
-2593 0 +2592 0 *
Ve
1e-07
926.123076923077 0 890.953846153846
0 0

0101101
*
Ed
 1e-07 1 1 0
1  110 0 0 1219.2
2  219 55 0 0 1219.2
2  220 57 0 0 1219.2
0

0101000
-2590 0 +2593 0 *
Ve
1e-07
926.123076923077 0 0
0 0

0101101
*
Ed
 1e-07 1 1 0
1  111 0 0 890.953846153846
2  221 55 0 0 890.953846153846
2  222 58 0 0 890.953846153846
0

0101000
-2590 0 +2588 0 *
Ed
 1e-07 1 1 0
1  112 0 0 1219.2
2  223 55 0 0 1219.2
2  224 59 0 0 1219.2
0

0101000
-2588 0 +2592 0 *
Wi

0101100
-2591 0 -2589 0 +2587 0 +2586 0 *
Fa
0  1e-07 55 0

0101000
+2585 0 *
Ve
1e-07
1193.17476923077 -1219.2 890.953846153846
0 0

0101101
*
Ve
1e-07
1193.17476923077 -1219.2 0
0 0

0101101
*
Ed
 1e-07 1 1 0
1  113 0 0 890.953846153846
2  225 60 0 0 890.953846153846
2  226 56 0 0 890.953846153846
0

0101000
-2583 0 +2582 0 *
Ve
1e-07
1193.17476923077 0 890.953846153846
0 0

0101101
*
Ed
 1e-07 1 1 0
1  114 0 0 1219.2
2  227 60 0 0 1219.2
2  228 57 0 0 1219.2
0

0101000
-2580 0 +2583 0 *
Ve
1e-07
1193.17476923077 0 0
0 0

0101101
*
Ed
 1e-07 1 1 0
1  115 0 0 890.953846153846
2  229 60 0 0 890.953846153846
2  230 58 0 0 890.953846153846
0

0101000
-2580 0 +2578 0 *
Ed
 1e-07 1 1 0
1  116 0 0 1219.2
2  231 60 0 0 1219.2
2  232 59 0 0 1219.2
0

0101000
-2578 0 +2582 0 *
Wi

0101100
-2581 0 -2579 0 +2577 0 +2576 0 *
Fa
0  1e-07 60 0

0101000
+2575 0 *
Ed
 1e-07 1 1 0
1  117 0 0 267.051692307692
2  233 56 0 0 267.051692307692
2  234 59 0 0 267.051692307692
0

0101000
-2582 0 +2592 0 *
Ed
 1e-07 1 1 0
1  118 0 0 267.051692307692
2  235 56 0 0 267.051692307692
2  236 57 0 0 267.051692307692
0

0101000
-2583 0 +2593 0 *
Wi

0101100
-2573 0 -2581 0 +2572 0 +2591 0 *
Fa
0  1e-07 56 0

0101000
+2571 0 *
Ed
 1e-07 1 1 0
1  119 0 0 267.051692307692
2  237 58 0 0 267.051692307692
2  238 59 0 0 267.051692307692
0

0101000
-2578 0 +2588 0 *
Ed
 1e-07 1 1 0
1  120 0 0 267.051692307692
2  239 58 0 0 267.051692307692
2  240 57 0 0 267.051692307692
0

0101000
-2580 0 +2590 0 *
Wi

0101100
-2569 0 -2577 0 +2568 0 +2587 0 *
Fa
0  1e-07 58 0

0101000
+2567 0 *
Wi

0101100
-2586 0 -2569 0 +2576 0 +2573 0 *
Fa
0  1e-07 59 0

0101000
+2565 0 *
Wi

0101100
-2589 0 -2568 0 +2579 0 +2572 0 *
Fa
0  1e-07 57 0

0101000
+2563 0 *
Sh

0101100
-2584 0 +2574 0 -2570 0 +2566 0 -2564 0 +2562 0 *
So

0100000
+2561 0 *
Ve
1e-07
1184.03076923077 -1219.2 1113.69230769231
0 0

0101101
*
Ve
1e-07
1184.03076923077 -1219.2 0
0 0

0101101
*
Ed
 1e-07 1 1 0
1  121 0 0 1113.69230769231
2  241 61 0 0 1113.69230769231
2  242 62 0 0 1113.69230769231
0

0101000
-2559 0 +2558 0 *
Ve
1e-07
1184.03076923077 0 1113.69230769231
0 0

0101101
*
Ed
 1e-07 1 1 0
1  122 0 0 1219.2
2  243 61 0 0 1219.2
2  244 63 0 0 1219.2
0

0101000
-2556 0 +2559 0 *
Ve
1e-07
1184.03076923077 0 0
0 0

0101101
*
Ed
 1e-07 1 1 0
1  123 0 0 1113.69230769231
2  245 61 0 0 1113.69230769231
2  246 64 0 0 1113.69230769231
0

0101000
-2556 0 +2554 0 *
Ed
 1e-07 1 1 0
1  124 0 0 1219.2
2  247 61 0 0 1219.2
2  248 65 0 0 1219.2
0

0101000
-2554 0 +2558 0 *
Wi

0101100
-2557 0 -2555 0 +2553 0 +2552 0 *
Fa
0  1e-07 61 0

0101000
+2551 0 *
Ve
1e-07
1451.08246153846 -1219.2 1113.69230769231
0 0

0101101
*
Ve
1e-07
1451.08246153846 -1219.2 0
0 0

0101101
*
Ed
 1e-07 1 1 0
1  125 0 0 1113.69230769231
2  249 66 0 0 1113.69230769231
2  250 62 0 0 1113.69230769231
0

0101000
-2549 0 +2548 0 *
Ve
1e-07
1451.08246153846 0 1113.69230769231
0 0

0101101
*
Ed
 1e-07 1 1 0
1  126 0 0 1219.2
2  251 66 0 0 1219.2
2  252 63 0 0 1219.2
0

0101000
-2546 0 +2549 0 *
Ve
1e-07
1451.08246153846 0 0
0 0

0101101
*
Ed
 1e-07 1 1 0
1  127 0 0 1113.69230769231
2  253 66 0 0 1113.69230769231
2  254 64 0 0 1113.69230769231
0

0101000
-2546 0 +2544 0 *
Ed
 1e-07 1 1 0
1  128 0 0 1219.2
2  255 66 0 0 1219.2
2  256 65 0 0 1219.2
0

0101000
-2544 0 +2548 0 *
Wi

0101100
-2547 0 -2545 0 +2543 0 +2542 0 *
Fa
0  1e-07 66 0

0101000
+2541 0 *
Ed
 1e-07 1 1 0
1  129 0 0 267.051692307692
2  257 62 0 0 267.051692307692
2  258 65 0 0 267.051692307692
0

0101000
-2548 0 +2558 0 *
Ed
 1e-07 1 1 0
1  130 0 0 267.051692307692
2  259 62 0 0 267.051692307692
2  260 63 0 0 267.051692307692
0

0101000
-2549 0 +2559 0 *
Wi

0101100
-2539 0 -2547 0 +2538 0 +2557 0 *
Fa
0  1e-07 62 0

0101000
+2537 0 *
Ed
 1e-07 1 1 0
1  131 0 0 267.051692307692
2  261 64 0 0 267.051692307692
2  262 65 0 0 267.051692307692
0

0101000
-2544 0 +2554 0 *
Ed
 1e-07 1 1 0
1  132 0 0 267.051692307692
2  263 64 0 0 267.051692307692
2  264 63 0 0 267.051692307692
0

0101000
-2546 0 +2556 0 *
Wi

0101100
-2535 0 -2543 0 +2534 0 +2553 0 *
Fa
0  1e-07 64 0

0101000
+2533 0 *
Wi

0101100
-2552 0 -2535 0 +2542 0 +2539 0 *
Fa
0  1e-07 65 0

0101000
+2531 0 *
Wi

0101100
-2555 0 -2534 0 +2545 0 +2538 0 *
Fa
0  1e-07 63 0

0101000
+2529 0 *
Sh

0101100
-2550 0 +2540 0 -2536 0 +2532 0 -2530 0 +2528 0 *
So

0100000
+2527 0 *
Ve
1e-07
1441.93846153846 -1219.2 1336.43076923077
0 0

0101101
*
Ve
1e-07
1441.93846153846 -1219.2 0
0 0

0101101
*
Ed
 1e-07 1 1 0
1  133 0 0 1336.43076923077
2  265 67 0 0 1336.43076923077
2  266 68 0 0 1336.43076923077
0

0101000
-2525 0 +2524 0 *
Ve
1e-07
1441.93846153846 0 1336.43076923077
0 0

0101101
*
Ed
 1e-07 1 1 0
1  134 0 0 1219.2
2  267 67 0 0 1219.2
2  268 69 0 0 1219.2
0

0101000
-2522 0 +2525 0 *
Ve
1e-07
1441.93846153846 0 0
0 0

0101101
*
Ed
 1e-07 1 1 0
1  135 0 0 1336.43076923077
2  269 67 0 0 1336.43076923077
2  270 70 0 0 1336.43076923077
0

0101000
-2522 0 +2520 0 *
Ed
 1e-07 1 1 0
1  136 0 0 1219.2
2  271 67 0 0 1219.2
2  272 71 0 0 1219.2
0

0101000
-2520 0 +2524 0 *
Wi

0101100
-2523 0 -2521 0 +2519 0 +2518 0 *
Fa
0  1e-07 67 0

0101000
+2517 0 *
Ve
1e-07
1708.99015384615 -1219.2 1336.43076923077
0 0

0101101
*
Ve
1e-07
1708.99015384615 -1219.2 0
0 0

0101101
*
Ed
 1e-07 1 1 0
1  137 0 0 1336.43076923077
2  273 72 0 0 1336.43076923077
2  274 68 0 0 1336.43076923077
0

0101000
-2515 0 +2514 0 *
Ve
1e-07
1708.99015384615 0 1336.43076923077
0 0

0101101
*
Ed
 1e-07 1 1 0
1  138 0 0 1219.2
2  275 72 0 0 1219.2
2  276 69 0 0 1219.2
0

0101000
-2512 0 +2515 0 *
Ve
1e-07
1708.99015384615 0 0
0 0

0101101
*
Ed
 1e-07 1 1 0
1  139 0 0 1336.43076923077
2  277 72 0 0 1336.43076923077
2  278 70 0 0 1336.43076923077
0

0101000
-2512 0 +2510 0 *
Ed
 1e-07 1 1 0
1  140 0 0 1219.2
2  279 72 0 0 1219.2
2  280 71 0 0 1219.2
0

0101000
-2510 0 +2514 0 *
Wi

0101100
-2513 0 -2511 0 +2509 0 +2508 0 *
Fa
0  1e-07 72 0

0101000
+2507 0 *
Ed
 1e-07 1 1 0
1  141 0 0 267.051692307692
2  281 68 0 0 267.051692307692
2  282 71 0 0 267.051692307692
0

0101000
-2514 0 +2524 0 *
Ed
 1e-07 1 1 0
1  142 0 0 267.051692307692
2  283 68 0 0 267.051692307692
2  284 69 0 0 267.051692307692
0

0101000
-2515 0 +2525 0 *
Wi

0101100
-2505 0 -2513 0 +2504 0 +2523 0 *
Fa
0  1e-07 68 0

0101000
+2503 0 *
Ed
 1e-07 1 1 0
1  143 0 0 267.051692307692
2  285 70 0 0 267.051692307692
2  286 71 0 0 267.051692307692
0

0101000
-2510 0 +2520 0 *
Ed
 1e-07 1 1 0
1  144 0 0 267.051692307692
2  287 70 0 0 267.051692307692
2  288 69 0 0 267.051692307692
0

0101000
-2512 0 +2522 0 *
Wi

0101100
-2501 0 -2509 0 +2500 0 +2519 0 *
Fa
0  1e-07 70 0

0101000
+2499 0 *
Wi

0101100
-2518 0 -2501 0 +2508 0 +2505 0 *
Fa
0  1e-07 71 0

0101000
+2497 0 *
Wi

0101100
-2521 0 -2500 0 +2511 0 +2504 0 *
Fa
0  1e-07 69 0

0101000
+2495 0 *
Sh

0101100
-2516 0 +2506 0 -2502 0 +2498 0 -2496 0 +2494 0 *
So

0100000
+2493 0 *
Ve
1e-07
1699.84615384615 -1219.2 1559.16923076923
0 0

0101101
*
Ve
1e-07
1699.84615384615 -1219.2 0
0 0

0101101
*
Ed
 1e-07 1 1 0
1  145 0 0 1559.16923076923
2  289 73 0 0 1559.16923076923
2  290 74 0 0 1559.16923076923
0

0101000
-2491 0 +2490 0 *
Ve
1e-07
1699.84615384615 0 1559.16923076923
0 0

0101101
*
Ed
 1e-07 1 1 0
1  146 0 0 1219.2
2  291 73 0 0 1219.2
2  292 75 0 0 1219.2
0

0101000
-2488 0 +2491 0 *
Ve
1e-07
1699.84615384615 0 0
0 0

0101101
*
Ed
 1e-07 1 1 0
1  147 0 0 1559.16923076923
2  293 73 0 0 1559.16923076923
2  294 76 0 0 1559.16923076923
0

0101000
-2488 0 +2486 0 *
Ed
 1e-07 1 1 0
1  148 0 0 1219.2
2  295 73 0 0 1219.2
2  296 77 0 0 1219.2
0

0101000
-2486 0 +2490 0 *
Wi

0101100
-2489 0 -2487 0 +2485 0 +2484 0 *
Fa
0  1e-07 73 0

0101000
+2483 0 *
Ve
1e-07
1966.89784615385 -1219.2 1559.16923076923
0 0

0101101
*
Ve
1e-07
1966.89784615385 -1219.2 0
0 0

0101101
*
Ed
 1e-07 1 1 0
1  149 0 0 1559.16923076923
2  297 78 0 0 1559.16923076923
2  298 74 0 0 1559.16923076923
0

0101000
-2481 0 +2480 0 *
Ve
1e-07
1966.89784615385 0 1559.16923076923
0 0

0101101
*
Ed
 1e-07 1 1 0
1  150 0 0 1219.2
2  299 78 0 0 1219.2
2  300 75 0 0 1219.2
0

0101000
-2478 0 +2481 0 *
Ve
1e-07
1966.89784615385 0 0
0 0

0101101
*
Ed
 1e-07 1 1 0
1  151 0 0 1559.16923076923
2  301 78 0 0 1559.16923076923
2  302 76 0 0 1559.16923076923
0

0101000
-2478 0 +2476 0 *
Ed
 1e-07 1 1 0
1  152 0 0 1219.2
2  303 78 0 0 1219.2
2  304 77 0 0 1219.2
0

0101000
-2476 0 +2480 0 *
Wi

0101100
-2479 0 -2477 0 +2475 0 +2474 0 *
Fa
0  1e-07 78 0

0101000
+2473 0 *
Ed
 1e-07 1 1 0
1  153 0 0 267.051692307692
2  305 74 0 0 267.051692307692
2  306 77 0 0 267.051692307692
0

0101000
-2480 0 +2490 0 *
Ed
 1e-07 1 1 0
1  154 0 0 267.051692307692
2  307 74 0 0 267.051692307692
2  308 75 0 0 267.051692307692
0

0101000
-2481 0 +2491 0 *
Wi

0101100
-2471 0 -2479 0 +2470 0 +2489 0 *
Fa
0  1e-07 74 0

0101000
+2469 0 *
Ed
 1e-07 1 1 0
1  155 0 0 267.051692307692
2  309 76 0 0 267.051692307692
2  310 77 0 0 267.051692307692
0

0101000
-2476 0 +2486 0 *
Ed
 1e-07 1 1 0
1  156 0 0 267.051692307692
2  311 76 0 0 267.051692307692
2  312 75 0 0 267.051692307692
0

0101000
-2478 0 +2488 0 *
Wi

0101100
-2467 0 -2475 0 +2466 0 +2485 0 *
Fa
0  1e-07 76 0

0101000
+2465 0 *
Wi

0101100
-2484 0 -2467 0 +2474 0 +2471 0 *
Fa
0  1e-07 77 0

0101000
+2463 0 *
Wi

0101100
-2487 0 -2466 0 +2477 0 +2470 0 *
Fa
0  1e-07 75 0

0101000
+2461 0 *
Sh

0101100
-2482 0 +2472 0 -2468 0 +2464 0 -2462 0 +2460 0 *
So

0100000
+2459 0 *
Ve
1e-07
1957.75384615385 -1219.2 1781.90769230769
0 0

0101101
*
Ve
1e-07
1957.75384615385 -1219.2 0
0 0

0101101
*
Ed
 1e-07 1 1 0
1  157 0 0 1781.90769230769
2  313 79 0 0 1781.90769230769
2  314 80 0 0 1781.90769230769
0

0101000
-2457 0 +2456 0 *
Ve
1e-07
1957.75384615385 0 1781.90769230769
0 0

0101101
*
Ed
 1e-07 1 1 0
1  158 0 0 1219.2
2  315 79 0 0 1219.2
2  316 81 0 0 1219.2
0

0101000
-2454 0 +2457 0 *
Ve
1e-07
1957.75384615385 0 0
0 0

0101101
*
Ed
 1e-07 1 1 0
1  159 0 0 1781.90769230769
2  317 79 0 0 1781.90769230769
2  318 82 0 0 1781.90769230769
0

0101000
-2454 0 +2452 0 *
Ed
 1e-07 1 1 0
1  160 0 0 1219.2
2  319 79 0 0 1219.2
2  320 83 0 0 1219.2
0

0101000
-2452 0 +2456 0 *
Wi

0101100
-2455 0 -2453 0 +2451 0 +2450 0 *
Fa
0  1e-07 79 0

0101000
+2449 0 *
Ve
1e-07
2224.80553846154 -1219.2 1781.90769230769
0 0

0101101
*
Ve
1e-07
2224.80553846154 -1219.2 0
0 0

0101101
*
Ed
 1e-07 1 1 0
1  161 0 0 1781.90769230769
2  321 84 0 0 1781.90769230769
2  322 80 0 0 1781.90769230769
0

0101000
-2447 0 +2446 0 *
Ve
1e-07
2224.80553846154 0 1781.90769230769
0 0

0101101
*
Ed
 1e-07 1 1 0
1  162 0 0 1219.2
2  323 84 0 0 1219.2
2  324 81 0 0 1219.2
0

0101000
-2444 0 +2447 0 *
Ve
1e-07
2224.80553846154 0 0
0 0

0101101
*
Ed
 1e-07 1 1 0
1  163 0 0 1781.90769230769
2  325 84 0 0 1781.90769230769
2  326 82 0 0 1781.90769230769
0

0101000
-2444 0 +2442 0 *
Ed
 1e-07 1 1 0
1  164 0 0 1219.2
2  327 84 0 0 1219.2
2  328 83 0 0 1219.2
0

0101000
-2442 0 +2446 0 *
Wi

0101100
-2445 0 -2443 0 +2441 0 +2440 0 *
Fa
0  1e-07 84 0

0101000
+2439 0 *
Ed
 1e-07 1 1 0
1  165 0 0 267.051692307692
2  329 80 0 0 267.051692307692
2  330 83 0 0 267.051692307692
0

0101000
-2446 0 +2456 0 *
Ed
 1e-07 1 1 0
1  166 0 0 267.051692307692
2  331 80 0 0 267.051692307692
2  332 81 0 0 267.051692307692
0

0101000
-2447 0 +2457 0 *
Wi

0101100
-2437 0 -2445 0 +2436 0 +2455 0 *
Fa
0  1e-07 80 0

0101000
+2435 0 *
Ed
 1e-07 1 1 0
1  167 0 0 267.051692307692
2  333 82 0 0 267.051692307692
2  334 83 0 0 267.051692307692
0

0101000
-2442 0 +2452 0 *
Ed
 1e-07 1 1 0
1  168 0 0 267.051692307692
2  335 82 0 0 267.051692307692
2  336 81 0 0 267.051692307692
0

0101000
-2444 0 +2454 0 *
Wi

0101100
-2433 0 -2441 0 +2432 0 +2451 0 *
Fa
0  1e-07 82 0

0101000
+2431 0 *
Wi

0101100
-2450 0 -2433 0 +2440 0 +2437 0 *
Fa
0  1e-07 83 0

0101000
+2429 0 *
Wi

0101100
-2453 0 -2432 0 +2443 0 +2436 0 *
Fa
0  1e-07 81 0

0101000
+2427 0 *
Sh

0101100
-2448 0 +2438 0 -2434 0 +2430 0 -2428 0 +2426 0 *
So

0100000
+2425 0 *
Ve
1e-07
2215.66153846154 -1219.2 2004.64615384615
0 0

0101101
*
Ve
1e-07
2215.66153846154 -1219.2 0
0 0

0101101
*
Ed
 1e-07 1 1 0
1  169 0 0 2004.64615384615
2  337 85 0 0 2004.64615384615
2  338 86 0 0 2004.64615384615
0

0101000
-2423 0 +2422 0 *
Ve
1e-07
2215.66153846154 0 2004.64615384615
0 0

0101101
*
Ed
 1e-07 1 1 0
1  170 0 0 1219.2
2  339 85 0 0 1219.2
2  340 87 0 0 1219.2
0

0101000
-2420 0 +2423 0 *
Ve
1e-07
2215.66153846154 0 0
0 0

0101101
*
Ed
 1e-07 1 1 0
1  171 0 0 2004.64615384615
2  341 85 0 0 2004.64615384615
2  342 88 0 0 2004.64615384615
0

0101000
-2420 0 +2418 0 *
Ed
 1e-07 1 1 0
1  172 0 0 1219.2
2  343 85 0 0 1219.2
2  344 89 0 0 1219.2
0

0101000
-2418 0 +2422 0 *
Wi

0101100
-2421 0 -2419 0 +2417 0 +2416 0 *
Fa
0  1e-07 85 0

0101000
+2415 0 *
Ve
1e-07
2482.71323076923 -1219.2 2004.64615384615
0 0

0101101
*
Ve
1e-07
2482.71323076923 -1219.2 0
0 0

0101101
*
Ed
 1e-07 1 1 0
1  173 0 0 2004.64615384615
2  345 90 0 0 2004.64615384615
2  346 86 0 0 2004.64615384615
0

0101000
-2413 0 +2412 0 *
Ve
1e-07
2482.71323076923 0 2004.64615384615
0 0

0101101
*
Ed
 1e-07 1 1 0
1  174 0 0 1219.2
2  347 90 0 0 1219.2
2  348 87 0 0 1219.2
0

0101000
-2410 0 +2413 0 *
Ve
1e-07
2482.71323076923 0 0
0 0

0101101
*
Ed
 1e-07 1 1 0
1  175 0 0 2004.64615384615
2  349 90 0 0 2004.64615384615
2  350 88 0 0 2004.64615384615
0

0101000
-2410 0 +2408 0 *
Ed
 1e-07 1 1 0
1  176 0 0 1219.2
2  351 90 0 0 1219.2
2  352 89 0 0 1219.2
0

0101000
-2408 0 +2412 0 *
Wi

0101100
-2411 0 -2409 0 +2407 0 +2406 0 *
Fa
0  1e-07 90 0

0101000
+2405 0 *
Ed
 1e-07 1 1 0
1  177 0 0 267.051692307693
2  353 86 0 0 267.051692307693
2  354 89 0 0 267.051692307693
0

0101000
-2412 0 +2422 0 *
Ed
 1e-07 1 1 0
1  178 0 0 267.051692307693
2  355 86 0 0 267.051692307693
2  356 87 0 0 267.051692307693
0

0101000
-2413 0 +2423 0 *
Wi

0101100
-2403 0 -2411 0 +2402 0 +2421 0 *
Fa
0  1e-07 86 0

0101000
+2401 0 *
Ed
 1e-07 1 1 0
1  179 0 0 267.051692307693
2  357 88 0 0 267.051692307693
2  358 89 0 0 267.051692307693
0

0101000
-2408 0 +2418 0 *
Ed
 1e-07 1 1 0
1  180 0 0 267.051692307693
2  359 88 0 0 267.051692307693
2  360 87 0 0 267.051692307693
0

0101000
-2410 0 +2420 0 *
Wi

0101100
-2399 0 -2407 0 +2398 0 +2417 0 *
Fa
0  1e-07 88 0

0101000
+2397 0 *
Wi

0101100
-2416 0 -2399 0 +2406 0 +2403 0 *
Fa
0  1e-07 89 0

0101000
+2395 0 *
Wi

0101100
-2419 0 -2398 0 +2409 0 +2402 0 *
Fa
0  1e-07 87 0

0101000
+2393 0 *
Sh

0101100
-2414 0 +2404 0 -2400 0 +2396 0 -2394 0 +2392 0 *
So

0100000
+2391 0 *
Ve
1e-07
2473.56923076923 -1219.2 2227.38461538462
0 0

0101101
*
Ve
1e-07
2473.56923076923 -1219.2 0
0 0

0101101
*
Ed
 1e-07 1 1 0
1  181 0 0 2227.38461538462
2  361 91 0 0 2227.38461538462
2  362 92 0 0 2227.38461538462
0

0101000
-2389 0 +2388 0 *
Ve
1e-07
2473.56923076923 0 2227.38461538462
0 0

0101101
*
Ed
 1e-07 1 1 0
1  182 0 0 1219.2
2  363 91 0 0 1219.2
2  364 93 0 0 1219.2
0

0101000
-2386 0 +2389 0 *
Ve
1e-07
2473.56923076923 0 0
0 0

0101101
*
Ed
 1e-07 1 1 0
1  183 0 0 2227.38461538462
2  365 91 0 0 2227.38461538462
2  366 94 0 0 2227.38461538462
0

0101000
-2386 0 +2384 0 *
Ed
 1e-07 1 1 0
1  184 0 0 1219.2
2  367 91 0 0 1219.2
2  368 95 0 0 1219.2
0

0101000
-2384 0 +2388 0 *
Wi

0101100
-2387 0 -2385 0 +2383 0 +2382 0 *
Fa
0  1e-07 91 0

0101000
+2381 0 *
Ve
1e-07
2740.62092307692 -1219.2 2227.38461538462
0 0

0101101
*
Ve
1e-07
2740.62092307692 -1219.2 0
0 0

0101101
*
Ed
 1e-07 1 1 0
1  185 0 0 2227.38461538462
2  369 96 0 0 2227.38461538462
2  370 92 0 0 2227.38461538462
0

0101000
-2379 0 +2378 0 *
Ve
1e-07
2740.62092307692 0 2227.38461538462
0 0

0101101
*
Ed
 1e-07 1 1 0
1  186 0 0 1219.2
2  371 96 0 0 1219.2
2  372 93 0 0 1219.2
0

0101000
-2376 0 +2379 0 *
Ve
1e-07
2740.62092307692 0 0
0 0

0101101
*
Ed
 1e-07 1 1 0
1  187 0 0 2227.38461538462
2  373 96 0 0 2227.38461538462
2  374 94 0 0 2227.38461538462
0

0101000
-2376 0 +2374 0 *
Ed
 1e-07 1 1 0
1  188 0 0 1219.2
2  375 96 0 0 1219.2
2  376 95 0 0 1219.2
0

0101000
-2374 0 +2378 0 *
Wi

0101100
-2377 0 -2375 0 +2373 0 +2372 0 *
Fa
0  1e-07 96 0

0101000
+2371 0 *
Ed
 1e-07 1 1 0
1  189 0 0 267.051692307693
2  377 92 0 0 267.051692307693
2  378 95 0 0 267.051692307693
0

0101000
-2378 0 +2388 0 *
Ed
 1e-07 1 1 0
1  190 0 0 267.051692307693
2  379 92 0 0 267.051692307693
2  380 93 0 0 267.051692307693
0

0101000
-2379 0 +2389 0 *
Wi

0101100
-2369 0 -2377 0 +2368 0 +2387 0 *
Fa
0  1e-07 92 0

0101000
+2367 0 *
Ed
 1e-07 1 1 0
1  191 0 0 267.051692307693
2  381 94 0 0 267.051692307693
2  382 95 0 0 267.051692307693
0

0101000
-2374 0 +2384 0 *
Ed
 1e-07 1 1 0
1  192 0 0 267.051692307693
2  383 94 0 0 267.051692307693
2  384 93 0 0 267.051692307693
0

0101000
-2376 0 +2386 0 *
Wi

0101100
-2365 0 -2373 0 +2364 0 +2383 0 *
Fa
0  1e-07 94 0

0101000
+2363 0 *
Wi

0101100
-2382 0 -2365 0 +2372 0 +2369 0 *
Fa
0  1e-07 95 0

0101000
+2361 0 *
Wi

0101100
-2385 0 -2364 0 +2375 0 +2368 0 *
Fa
0  1e-07 93 0

0101000
+2359 0 *
Sh

0101100
-2380 0 +2370 0 -2366 0 +2362 0 -2360 0 +2358 0 *
So

0100000
+2357 0 *
Ve
1e-07
2731.47692307692 -1219.2 2450.12307692308
0 0

0101101
*
Ve
1e-07
2731.47692307692 -1219.2 0
0 0

0101101
*
Ed
 1e-07 1 1 0
1  193 0 0 2450.12307692308
2  385 97 0 0 2450.12307692308
2  386 98 0 0 2450.12307692308
0

0101000
-2355 0 +2354 0 *
Ve
1e-07
2731.47692307692 0 2450.12307692308
0 0

0101101
*
Ed
 1e-07 1 1 0
1  194 0 0 1219.2
2  387 97 0 0 1219.2
2  388 99 0 0 1219.2
0

0101000
-2352 0 +2355 0 *
Ve
1e-07
2731.47692307692 0 0
0 0

0101101
*
Ed
 1e-07 1 1 0
1  195 0 0 2450.12307692308
2  389 97 0 0 2450.12307692308
2  390 100 0 0 2450.12307692308
0

0101000
-2352 0 +2350 0 *
Ed
 1e-07 1 1 0
1  196 0 0 1219.2
2  391 97 0 0 1219.2
2  392 101 0 0 1219.2
0

0101000
-2350 0 +2354 0 *
Wi

0101100
-2353 0 -2351 0 +2349 0 +2348 0 *
Fa
0  1e-07 97 0

0101000
+2347 0 *
Ve
1e-07
2998.52861538462 -1219.2 2450.12307692308
0 0

0101101
*
Ve
1e-07
2998.52861538462 -1219.2 0
0 0

0101101
*
Ed
 1e-07 1 1 0
1  197 0 0 2450.12307692308
2  393 102 0 0 2450.12307692308
2  394 98 0 0 2450.12307692308
0

0101000
-2345 0 +2344 0 *
Ve
1e-07
2998.52861538462 0 2450.12307692308
0 0

0101101
*
Ed
 1e-07 1 1 0
1  198 0 0 1219.2
2  395 102 0 0 1219.2
2  396 99 0 0 1219.2
0

0101000
-2342 0 +2345 0 *
Ve
1e-07
2998.52861538462 0 0
0 0

0101101
*
Ed
 1e-07 1 1 0
1  199 0 0 2450.12307692308
2  397 102 0 0 2450.12307692308
2  398 100 0 0 2450.12307692308
0

0101000
-2342 0 +2340 0 *
Ed
 1e-07 1 1 0
1  200 0 0 1219.2
2  399 102 0 0 1219.2
2  400 101 0 0 1219.2
0

0101000
-2340 0 +2344 0 *
Wi

0101100
-2343 0 -2341 0 +2339 0 +2338 0 *
Fa
0  1e-07 102 0

0101000
+2337 0 *
Ed
 1e-07 1 1 0
1  201 0 0 267.051692307693
2  401 98 0 0 267.051692307693
2  402 101 0 0 267.051692307693
0

0101000
-2344 0 +2354 0 *
Ed
 1e-07 1 1 0
1  202 0 0 267.051692307693
2  403 98 0 0 267.051692307693
2  404 99 0 0 267.051692307693
0

0101000
-2345 0 +2355 0 *
Wi

0101100
-2335 0 -2343 0 +2334 0 +2353 0 *
Fa
0  1e-07 98 0

0101000
+2333 0 *
Ed
 1e-07 1 1 0
1  203 0 0 267.051692307693
2  405 100 0 0 267.051692307693
2  406 101 0 0 267.051692307693
0

0101000
-2340 0 +2350 0 *
Ed
 1e-07 1 1 0
1  204 0 0 267.051692307693
2  407 100 0 0 267.051692307693
2  408 99 0 0 267.051692307693
0

0101000
-2342 0 +2352 0 *
Wi

0101100
-2331 0 -2339 0 +2330 0 +2349 0 *
Fa
0  1e-07 100 0

0101000
+2329 0 *
Wi

0101100
-2348 0 -2331 0 +2338 0 +2335 0 *
Fa
0  1e-07 101 0

0101000
+2327 0 *
Wi

0101100
-2351 0 -2330 0 +2341 0 +2334 0 *
Fa
0  1e-07 99 0

0101000
+2325 0 *
Sh

0101100
-2346 0 +2336 0 -2332 0 +2328 0 -2326 0 +2324 0 *
So

0100000
+2323 0 *
Ve
1e-07
2989.38461538462 -1219.2 2672.86153846154
0 0

0101101
*
Ve
1e-07
2989.38461538462 -1219.2 0
0 0

0101101
*
Ed
 1e-07 1 1 0
1  205 0 0 2672.86153846154
2  409 103 0 0 2672.86153846154
2  410 104 0 0 2672.86153846154
0

0101000
-2321 0 +2320 0 *
Ve
1e-07
2989.38461538462 0 2672.86153846154
0 0

0101101
*
Ed
 1e-07 1 1 0
1  206 0 0 1219.2
2  411 103 0 0 1219.2
2  412 105 0 0 1219.2
0

0101000
-2318 0 +2321 0 *
Ve
1e-07
2989.38461538462 0 0
0 0

0101101
*
Ed
 1e-07 1 1 0
1  207 0 0 2672.86153846154
2  413 103 0 0 2672.86153846154
2  414 106 0 0 2672.86153846154
0

0101000
-2318 0 +2316 0 *
Ed
 1e-07 1 1 0
1  208 0 0 1219.2
2  415 103 0 0 1219.2
2  416 107 0 0 1219.2
0

0101000
-2316 0 +2320 0 *
Wi

0101100
-2319 0 -2317 0 +2315 0 +2314 0 *
Fa
0  1e-07 103 0

0101000
+2313 0 *
Ve
1e-07
3256.43630769231 -1219.2 2672.86153846154
0 0

0101101
*
Ve
1e-07
3256.43630769231 -1219.2 0
0 0

0101101
*
Ed
 1e-07 1 1 0
1  209 0 0 2672.86153846154
2  417 108 0 0 2672.86153846154
2  418 104 0 0 2672.86153846154
0

0101000
-2311 0 +2310 0 *
Ve
1e-07
3256.43630769231 0 2672.86153846154
0 0

0101101
*
Ed
 1e-07 1 1 0
1  210 0 0 1219.2
2  419 108 0 0 1219.2
2  420 105 0 0 1219.2
0

0101000
-2308 0 +2311 0 *
Ve
1e-07
3256.43630769231 0 0
0 0

0101101
*
Ed
 1e-07 1 1 0
1  211 0 0 2672.86153846154
2  421 108 0 0 2672.86153846154
2  422 106 0 0 2672.86153846154
0

0101000
-2308 0 +2306 0 *
Ed
 1e-07 1 1 0
1  212 0 0 1219.2
2  423 108 0 0 1219.2
2  424 107 0 0 1219.2
0

0101000
-2306 0 +2310 0 *
Wi

0101100
-2309 0 -2307 0 +2305 0 +2304 0 *
Fa
0  1e-07 108 0

0101000
+2303 0 *
Ed
 1e-07 1 1 0
1  213 0 0 267.051692307693
2  425 104 0 0 267.051692307693
2  426 107 0 0 267.051692307693
0

0101000
-2310 0 +2320 0 *
Ed
 1e-07 1 1 0
1  214 0 0 267.051692307693
2  427 104 0 0 267.051692307693
2  428 105 0 0 267.051692307693
0

0101000
-2311 0 +2321 0 *
Wi

0101100
-2301 0 -2309 0 +2300 0 +2319 0 *
Fa
0  1e-07 104 0

0101000
+2299 0 *
Ed
 1e-07 1 1 0
1  215 0 0 267.051692307693
2  429 106 0 0 267.051692307693
2  430 107 0 0 267.051692307693
0

0101000
-2306 0 +2316 0 *
Ed
 1e-07 1 1 0
1  216 0 0 267.051692307693
2  431 106 0 0 267.051692307693
2  432 105 0 0 267.051692307693
0

0101000
-2308 0 +2318 0 *
Wi

0101100
-2297 0 -2305 0 +2296 0 +2315 0 *
Fa
0  1e-07 106 0

0101000
+2295 0 *
Wi

0101100
-2314 0 -2297 0 +2304 0 +2301 0 *
Fa
0  1e-07 107 0

0101000
+2293 0 *
Wi

0101100
-2317 0 -2296 0 +2307 0 +2300 0 *
Fa
0  1e-07 105 0

0101000
+2291 0 *
Sh

0101100
-2312 0 +2302 0 -2298 0 +2294 0 -2292 0 +2290 0 *
So

0100000
+2289 0 *
Ve
1e-07
3247.29230769231 -1219.2 2895.6
0 0

0101101
*
Ve
1e-07
3247.29230769231 -1219.2 0
0 0

0101101
*
Ed
 1e-07 1 1 0
1  217 0 0 2895.6
2  433 109 0 0 2895.6
2  434 110 0 0 2895.6
0

0101000
-2287 0 +2286 0 *
Ve
1e-07
3247.29230769231 0 2895.6
0 0

0101101
*
Ed
 1e-07 1 1 0
1  218 0 0 1219.2
2  435 109 0 0 1219.2
2  436 111 0 0 1219.2
0

0101000
-2284 0 +2287 0 *
Ve
1e-07
3247.29230769231 0 0
0 0

0101101
*
Ed
 1e-07 1 1 0
1  219 0 0 2895.6
2  437 109 0 0 2895.6
2  438 112 0 0 2895.6
0

0101000
-2284 0 +2282 0 *
Ed
 1e-07 1 1 0
1  220 0 0 1219.2
2  439 109 0 0 1219.2
2  440 113 0 0 1219.2
0

0101000
-2282 0 +2286 0 *
Wi

0101100
-2285 0 -2283 0 +2281 0 +2280 0 *
Fa
0  1e-07 109 0

0101000
+2279 0 *
Ve
1e-07
3514.344 -1219.2 2895.6
0 0

0101101
*
Ve
1e-07
3514.344 -1219.2 0
0 0

0101101
*
Ed
 1e-07 1 1 0
1  221 0 0 2895.6
2  441 114 0 0 2895.6
2  442 110 0 0 2895.6
0

0101000
-2277 0 +2276 0 *
Ve
1e-07
3514.344 0 2895.6
0 0

0101101
*
Ed
 1e-07 1 1 0
1  222 0 0 1219.2
2  443 114 0 0 1219.2
2  444 111 0 0 1219.2
0

0101000
-2274 0 +2277 0 *
Ve
1e-07
3514.344 0 0
0 0

0101101
*
Ed
 1e-07 1 1 0
1  223 0 0 2895.6
2  445 114 0 0 2895.6
2  446 112 0 0 2895.6
0

0101000
-2274 0 +2272 0 *
Ed
 1e-07 1 1 0
1  224 0 0 1219.2
2  447 114 0 0 1219.2
2  448 113 0 0 1219.2
0

0101000
-2272 0 +2276 0 *
Wi

0101100
-2275 0 -2273 0 +2271 0 +2270 0 *
Fa
0  1e-07 114 0

0101000
+2269 0 *
Ed
 1e-07 1 1 0
1  225 0 0 267.051692307693
2  449 110 0 0 267.051692307693
2  450 113 0 0 267.051692307693
0

0101000
-2276 0 +2286 0 *
Ed
 1e-07 1 1 0
1  226 0 0 267.051692307693
2  451 110 0 0 267.051692307693
2  452 111 0 0 267.051692307693
0

0101000
-2277 0 +2287 0 *
Wi

0101100
-2267 0 -2275 0 +2266 0 +2285 0 *
Fa
0  1e-07 110 0

0101000
+2265 0 *
Ed
 1e-07 1 1 0
1  227 0 0 267.051692307693
2  453 112 0 0 267.051692307693
2  454 113 0 0 267.051692307693
0

0101000
-2272 0 +2282 0 *
Ed
 1e-07 1 1 0
1  228 0 0 267.051692307693
2  455 112 0 0 267.051692307693
2  456 111 0 0 267.051692307693
0

0101000
-2274 0 +2284 0 *
Wi

0101100
-2263 0 -2271 0 +2262 0 +2281 0 *
Fa
0  1e-07 112 0

0101000
+2261 0 *
Wi

0101100
-2280 0 -2263 0 +2270 0 +2267 0 *
Fa
0  1e-07 113 0

0101000
+2259 0 *
Wi

0101100
-2283 0 -2262 0 +2273 0 +2266 0 *
Fa
0  1e-07 111 0

0101000
+2257 0 *
Sh

0101100
-2278 0 +2268 0 -2264 0 +2260 0 -2258 0 +2256 0 *
So

0100000
+2255 0 *
Ve
1e-07
167.64 167.64 170.688
0 0

0101101
*
Ve
1e-07
167.64 167.64 158.496
0 0

0101101
*
Ed
 1e-07 1 1 0
1  229 0 0 12.192
2  457 115 0 0 12.192
2  458 116 0 0 12.192
0

0101000
-2253 0 +2252 0 *
Ve
1e-07
167.64 4251.96 170.688
0 0

0101101
*
Ed
 1e-07 1 1 0
1  230 0 0 4084.32
2  459 115 0 0 4084.32
2  460 117 0 0 4084.32
0

0101000
-2250 0 +2253 0 *
Ve
1e-07
167.64 4251.96 158.496
0 0

0101101
*
Ed
 1e-07 1 1 0
1  231 0 0 12.192
2  461 115 0 0 12.192
2  462 118 0 0 12.192
0

0101000
-2250 0 +2248 0 *
Ed
 1e-07 1 1 0
1  232 0 0 4084.32
2  463 115 0 0 4084.32
2  464 119 0 0 4084.32
0

0101000
-2248 0 +2252 0 *
Wi

0101100
-2251 0 -2249 0 +2247 0 +2246 0 *
Fa
0  1e-07 115 0

0101000
+2245 0 *
Ve
1e-07
4251.96 167.64 170.688
0 0

0101101
*
Ve
1e-07
4251.96 167.64 158.496
0 0

0101101
*
Ed
 1e-07 1 1 0
1  233 0 0 12.192
2  465 120 0 0 12.192
2  466 116 0 0 12.192
0

0101000
-2243 0 +2242 0 *
Ve
1e-07
4251.96 4251.96 170.688
0 0

0101101
*
Ed
 1e-07 1 1 0
1  234 0 0 4084.32
2  467 120 0 0 4084.32
2  468 117 0 0 4084.32
0

0101000
-2240 0 +2243 0 *
Ve
1e-07
4251.96 4251.96 158.496
0 0

0101101
*
Ed
 1e-07 1 1 0
1  235 0 0 12.192
2  469 120 0 0 12.192
2  470 118 0 0 12.192
0

0101000
-2240 0 +2238 0 *
Ed
 1e-07 1 1 0
1  236 0 0 4084.32
2  471 120 0 0 4084.32
2  472 119 0 0 4084.32
0

0101000
-2238 0 +2242 0 *
Wi

0101100
-2241 0 -2239 0 +2237 0 +2236 0 *
Fa
0  1e-07 120 0

0101000
+2235 0 *
Ed
 1e-07 1 1 0
1  237 0 0 4084.32
2  473 116 0 0 4084.32
2  474 119 0 0 4084.32
0

0101000
-2242 0 +2252 0 *
Ed
 1e-07 1 1 0
1  238 0 0 4084.32
2  475 116 0 0 4084.32
2  476 117 0 0 4084.32
0

0101000
-2243 0 +2253 0 *
Wi

0101100
-2233 0 -2241 0 +2232 0 +2251 0 *
Fa
0  1e-07 116 0

0101000
+2231 0 *
Ed
 1e-07 1 1 0
1  239 0 0 4084.32
2  477 118 0 0 4084.32
2  478 119 0 0 4084.32
0

0101000
-2238 0 +2248 0 *
Ed
 1e-07 1 1 0
1  240 0 0 4084.32
2  479 118 0 0 4084.32
2  480 117 0 0 4084.32
0

0101000
-2240 0 +2250 0 *
Wi

0101100
-2229 0 -2237 0 +2228 0 +2247 0 *
Fa
0  1e-07 118 0

0101000
+2227 0 *
Wi

0101100
-2246 0 -2229 0 +2236 0 +2233 0 *
Fa
0  1e-07 119 0

0101000
+2225 0 *
Wi

0101100
-2249 0 -2228 0 +2239 0 +2232 0 *
Fa
0  1e-07 117 0

0101000
+2223 0 *
Sh

0101100
-2244 0 +2234 0 -2230 0 +2226 0 -2224 0 +2222 0 *
So

0100000
+2221 0 *
Ve
1e-07
167.64 4282.44 170.688
0 0

0101101
*
Ve
1e-07
167.64 4282.44 158.496
0 0

0101101
*
Ed
 1e-07 1 1 0
1  241 0 0 12.192
2  481 121 0 0 12.192
2  482 122 0 0 12.192
0

0101000
-2219 0 +2218 0 *
Ve
1e-07
167.64 5928.36 170.688
0 0

0101101
*
Ed
 1e-07 1 1 0
1  242 0 0 1645.92
2  483 121 0 0 1645.92
2  484 123 0 0 1645.92
0

0101000
-2216 0 +2219 0 *
Ve
1e-07
167.64 5928.36 158.496
0 0

0101101
*
Ed
 1e-07 1 1 0
1  243 0 0 12.192
2  485 121 0 0 12.192
2  486 124 0 0 12.192
0

0101000
-2216 0 +2214 0 *
Ed
 1e-07 1 1 0
1  244 0 0 1645.92
2  487 121 0 0 1645.92
2  488 125 0 0 1645.92
0

0101000
-2214 0 +2218 0 *
Wi

0101100
-2217 0 -2215 0 +2213 0 +2212 0 *
Fa
0  1e-07 121 0

0101000
+2211 0 *
Ve
1e-07
2270.76 4282.44 170.688
0 0

0101101
*
Ve
1e-07
2270.76 4282.44 158.496
0 0

0101101
*
Ed
 1e-07 1 1 0
1  245 0 0 12.192
2  489 126 0 0 12.192
2  490 122 0 0 12.192
0

0101000
-2209 0 +2208 0 *
Ve
1e-07
2270.76 5928.36 170.688
0 0

0101101
*
Ed
 1e-07 1 1 0
1  246 0 0 1645.92
2  491 126 0 0 1645.92
2  492 123 0 0 1645.92
0

0101000
-2206 0 +2209 0 *
Ve
1e-07
2270.76 5928.36 158.496
0 0

0101101
*
Ed
 1e-07 1 1 0
1  247 0 0 12.192
2  493 126 0 0 12.192
2  494 124 0 0 12.192
0

0101000
-2206 0 +2204 0 *
Ed
 1e-07 1 1 0
1  248 0 0 1645.92
2  495 126 0 0 1645.92
2  496 125 0 0 1645.92
0

0101000
-2204 0 +2208 0 *
Wi

0101100
-2207 0 -2205 0 +2203 0 +2202 0 *
Fa
0  1e-07 126 0

0101000
+2201 0 *
Ed
 1e-07 1 1 0
1  249 0 0 2103.12
2  497 122 0 0 2103.12
2  498 125 0 0 2103.12
0

0101000
-2208 0 +2218 0 *
Ed
 1e-07 1 1 0
1  250 0 0 2103.12
2  499 122 0 0 2103.12
2  500 123 0 0 2103.12
0

0101000
-2209 0 +2219 0 *
Wi

0101100
-2199 0 -2207 0 +2198 0 +2217 0 *
Fa
0  1e-07 122 0

0101000
+2197 0 *
Ed
 1e-07 1 1 0
1  251 0 0 2103.12
2  501 124 0 0 2103.12
2  502 125 0 0 2103.12
0

0101000
-2204 0 +2214 0 *
Ed
 1e-07 1 1 0
1  252 0 0 2103.12
2  503 124 0 0 2103.12
2  504 123 0 0 2103.12
0

0101000
-2206 0 +2216 0 *
Wi

0101100
-2195 0 -2203 0 +2194 0 +2213 0 *
Fa
0  1e-07 124 0

0101000
+2193 0 *
Wi

0101100
-2212 0 -2195 0 +2202 0 +2199 0 *
Fa
0  1e-07 125 0

0101000
+2191 0 *
Wi

0101100
-2215 0 -2194 0 +2205 0 +2198 0 *
Fa
0  1e-07 123 0

0101000
+2189 0 *
Sh

0101100
-2210 0 +2200 0 -2196 0 +2192 0 -2190 0 +2188 0 *
So

0100000
+2187 0 *
Ve
1e-07
57.15 670.56 2438.4
0 0

0101101
*
Ve
1e-07
57.15 670.56 152.4
0 0

0101101
*
Ed
 1e-07 1 1 0
1  253 0 0 2286
2  505 127 0 0 2286
2  506 128 0 0 2286
0

0101000
-2185 0 +2184 0 *
Ve
1e-07
57.15 3627.12 2438.4
0 0

0101101
*
Ed
 1e-07 1 1 0
1  254 0 0 2956.56
2  507 127 0 0 2956.56
2  508 129 0 0 2956.56
0

0101000
-2182 0 +2185 0 *
Ve
1e-07
57.15 3627.12 152.4
0 0

0101101
*
Ed
 1e-07 1 1 0
1  255 0 0 2286
2  509 127 0 0 2286
2  510 130 0 0 2286
0

0101000
-2182 0 +2180 0 *
Ed
 1e-07 1 1 0
1  256 0 0 2956.56
2  511 127 0 0 2956.56
2  512 131 0 0 2956.56
0

0101000
-2180 0 +2184 0 *
Wi

0101100
-2183 0 -2181 0 +2179 0 +2178 0 *
Fa
0  1e-07 127 0

0101000
+2177 0 *
Ve
1e-07
95.25 670.56 2438.4
0 0

0101101
*
Ve
1e-07
95.25 670.56 152.4
0 0

0101101
*
Ed
 1e-07 1 1 0
1  257 0 0 2286
2  513 132 0 0 2286
2  514 128 0 0 2286
0

0101000
-2175 0 +2174 0 *
Ve
1e-07
95.25 3627.12 2438.4
0 0

0101101
*
Ed
 1e-07 1 1 0
1  258 0 0 2956.56
2  515 132 0 0 2956.56
2  516 129 0 0 2956.56
0

0101000
-2172 0 +2175 0 *
Ve
1e-07
95.25 3627.12 152.4
0 0

0101101
*
Ed
 1e-07 1 1 0
1  259 0 0 2286
2  517 132 0 0 2286
2  518 130 0 0 2286
0

0101000
-2172 0 +2170 0 *
Ed
 1e-07 1 1 0
1  260 0 0 2956.56
2  519 132 0 0 2956.56
2  520 131 0 0 2956.56
0

0101000
-2170 0 +2174 0 *
Wi

0101100
-2173 0 -2171 0 +2169 0 +2168 0 *
Fa
0  1e-07 132 0

0101000
+2167 0 *
Ed
 1e-07 1 1 0
1  261 0 0 38.1
2  521 128 0 0 38.1
2  522 131 0 0 38.1
0

0101000
-2174 0 +2184 0 *
Ed
 1e-07 1 1 0
1  262 0 0 38.1
2  523 128 0 0 38.1
2  524 129 0 0 38.1
0

0101000
-2175 0 +2185 0 *
Wi

0101100
-2165 0 -2173 0 +2164 0 +2183 0 *
Fa
0  1e-07 128 0

0101000
+2163 0 *
Ed
 1e-07 1 1 0
1  263 0 0 38.1
2  525 130 0 0 38.1
2  526 131 0 0 38.1
0

0101000
-2170 0 +2180 0 *
Ed
 1e-07 1 1 0
1  264 0 0 38.1
2  527 130 0 0 38.1
2  528 129 0 0 38.1
0

0101000
-2172 0 +2182 0 *
Wi

0101100
-2161 0 -2169 0 +2160 0 +2179 0 *
Fa
0  1e-07 130 0

0101000
+2159 0 *
Wi

0101100
-2178 0 -2161 0 +2168 0 +2165 0 *
Fa
0  1e-07 131 0

0101000
+2157 0 *
Wi

0101100
-2181 0 -2160 0 +2171 0 +2164 0 *
Fa
0  1e-07 129 0

0101000
+2155 0 *
Sh

0101100
-2176 0 +2166 0 -2162 0 +2158 0 -2156 0 +2154 0 *
So

0100000
+2153 0 *
Ve
1e-07
7315.2 0 76.2
0 0

0101101
*
Ve
1e-07
7315.2 0 0
0 0

0101101
*
Ed
 1e-07 1 1 0
1  265 0 0 76.2
2  529 133 0 0 76.2
2  530 134 0 0 76.2
0

0101000
-2151 0 +2150 0 *
Ve
1e-07
7315.2 5943.6 76.2
0 0

0101101
*
Ed
 1e-07 1 1 0
1  266 0 0 5943.6
2  531 133 0 0 5943.6
2  532 135 0 0 5943.6
0

0101000
-2148 0 +2151 0 *
Ve
1e-07
7315.2 5943.6 0
0 0

0101101
*
Ed
 1e-07 1 1 0
1  267 0 0 76.2
2  533 133 0 0 76.2
2  534 136 0 0 76.2
0

0101000
-2148 0 +2146 0 *
Ed
 1e-07 1 1 0
1  268 0 0 5943.6
2  535 133 0 0 5943.6
2  536 137 0 0 5943.6
0

0101000
-2146 0 +2150 0 *
Wi

0101100
-2149 0 -2147 0 +2145 0 +2144 0 *
Fa
0  1e-07 133 0

0101000
+2143 0 *
Ve
1e-07
8382 0 76.2
0 0

0101101
*
Ve
1e-07
8382 0 0
0 0

0101101
*
Ed
 1e-07 1 1 0
1  269 0 0 76.2
2  537 138 0 0 76.2
2  538 134 0 0 76.2
0

0101000
-2141 0 +2140 0 *
Ve
1e-07
8382 5943.6 76.2
0 0

0101101
*
Ed
 1e-07 1 1 0
1  270 0 0 5943.6
2  539 138 0 0 5943.6
2  540 135 0 0 5943.6
0

0101000
-2138 0 +2141 0 *
Ve
1e-07
8382 5943.6 0
0 0

0101101
*
Ed
 1e-07 1 1 0
1  271 0 0 76.2
2  541 138 0 0 76.2
2  542 136 0 0 76.2
0

0101000
-2138 0 +2136 0 *
Ed
 1e-07 1 1 0
1  272 0 0 5943.6
2  543 138 0 0 5943.6
2  544 137 0 0 5943.6
0

0101000
-2136 0 +2140 0 *
Wi

0101100
-2139 0 -2137 0 +2135 0 +2134 0 *
Fa
0  1e-07 138 0

0101000
+2133 0 *
Ed
 1e-07 1 1 0
1  273 0 0 1066.8
2  545 134 0 0 1066.8
2  546 137 0 0 1066.8
0

0101000
-2140 0 +2150 0 *
Ed
 1e-07 1 1 0
1  274 0 0 1066.8
2  547 134 0 0 1066.8
2  548 135 0 0 1066.8
0

0101000
-2141 0 +2151 0 *
Wi

0101100
-2131 0 -2139 0 +2130 0 +2149 0 *
Fa
0  1e-07 134 0

0101000
+2129 0 *
Ed
 1e-07 1 1 0
1  275 0 0 1066.8
2  549 136 0 0 1066.8
2  550 137 0 0 1066.8
0

0101000
-2136 0 +2146 0 *
Ed
 1e-07 1 1 0
1  276 0 0 1066.8
2  551 136 0 0 1066.8
2  552 135 0 0 1066.8
0

0101000
-2138 0 +2148 0 *
Wi

0101100
-2127 0 -2135 0 +2126 0 +2145 0 *
Fa
0  1e-07 136 0

0101000
+2125 0 *
Wi

0101100
-2144 0 -2127 0 +2134 0 +2131 0 *
Fa
0  1e-07 137 0

0101000
+2123 0 *
Wi

0101100
-2147 0 -2126 0 +2137 0 +2130 0 *
Fa
0  1e-07 135 0

0101000
+2121 0 *
Sh

0101100
-2142 0 +2132 0 -2128 0 +2124 0 -2122 0 +2120 0 *
So

0100000
+2119 0 *
Ve
1e-07
3505.2 -1219.2 76.2
0 0

0101101
*
Ve
1e-07
3505.2 -1219.2 0
0 0

0101101
*
Ed
 1e-07 1 1 0
1  277 0 0 76.2
2  553 139 0 0 76.2
2  554 140 0 0 76.2
0

0101000
-2117 0 +2116 0 *
Ve
1e-07
3505.2 0 76.2
0 0

0101101
*
Ed
 1e-07 1 1 0
1  278 0 0 1219.2
2  555 139 0 0 1219.2
2  556 141 0 0 1219.2
0

0101000
-2114 0 +2117 0 *
Ve
1e-07
3505.2 0 0
0 0

0101101
*
Ed
 1e-07 1 1 0
1  279 0 0 76.2
2  557 139 0 0 76.2
2  558 142 0 0 76.2
0

0101000
-2114 0 +2112 0 *
Ed
 1e-07 1 1 0
1  280 0 0 1219.2
2  559 139 0 0 1219.2
2  560 143 0 0 1219.2
0

0101000
-2112 0 +2116 0 *
Wi

0101100
-2115 0 -2113 0 +2111 0 +2110 0 *
Fa
0  1e-07 139 0

0101000
+2109 0 *
Ve
1e-07
8382 -1219.2 76.2
0 0

0101101
*
Ve
1e-07
8382 -1219.2 0
0 0

0101101
*
Ed
 1e-07 1 1 0
1  281 0 0 76.2
2  561 144 0 0 76.2
2  562 140 0 0 76.2
0

0101000
-2107 0 +2106 0 *
Ve
1e-07
8382 0 76.2
0 0

0101101
*
Ed
 1e-07 1 1 0
1  282 0 0 1219.2
2  563 144 0 0 1219.2
2  564 141 0 0 1219.2
0

0101000
-2104 0 +2107 0 *
Ve
1e-07
8382 0 0
0 0

0101101
*
Ed
 1e-07 1 1 0
1  283 0 0 76.2
2  565 144 0 0 76.2
2  566 142 0 0 76.2
0

0101000
-2104 0 +2102 0 *
Ed
 1e-07 1 1 0
1  284 0 0 1219.2
2  567 144 0 0 1219.2
2  568 143 0 0 1219.2
0

0101000
-2102 0 +2106 0 *
Wi

0101100
-2105 0 -2103 0 +2101 0 +2100 0 *
Fa
0  1e-07 144 0

0101000
+2099 0 *
Ed
 1e-07 1 1 0
1  285 0 0 4876.8
2  569 140 0 0 4876.8
2  570 143 0 0 4876.8
0

0101000
-2106 0 +2116 0 *
Ed
 1e-07 1 1 0
1  286 0 0 4876.8
2  571 140 0 0 4876.8
2  572 141 0 0 4876.8
0

0101000
-2107 0 +2117 0 *
Wi

0101100
-2097 0 -2105 0 +2096 0 +2115 0 *
Fa
0  1e-07 140 0

0101000
+2095 0 *
Ed
 1e-07 1 1 0
1  287 0 0 4876.8
2  573 142 0 0 4876.8
2  574 143 0 0 4876.8
0

0101000
-2102 0 +2112 0 *
Ed
 1e-07 1 1 0
1  288 0 0 4876.8
2  575 142 0 0 4876.8
2  576 141 0 0 4876.8
0

0101000
-2104 0 +2114 0 *
Wi

0101100
-2093 0 -2101 0 +2092 0 +2111 0 *
Fa
0  1e-07 142 0

0101000
+2091 0 *
Wi

0101100
-2110 0 -2093 0 +2100 0 +2097 0 *
Fa
0  1e-07 143 0

0101000
+2089 0 *
Wi

0101100
-2113 0 -2092 0 +2103 0 +2096 0 *
Fa
0  1e-07 141 0

0101000
+2087 0 *
Sh

0101100
-2108 0 +2098 0 -2094 0 +2090 0 -2088 0 +2086 0 *
So

0100000
+2085 0 *
Ve
1e-07
3215.64 2651.76 3142.488
0 0

0101101
*
Ve
1e-07
3215.64 2651.76 3130.296
0 0

0101101
*
Ed
 1e-07 1 1 0
1  289 0 0 12.192
2  577 145 0 0 12.192
2  578 146 0 0 12.192
0

0101000
-2083 0 +2082 0 *
Ve
1e-07
3215.64 4724.4 3142.488
0 0

0101101
*
Ed
 1e-07 1 1 0
1  290 0 0 2072.64
2  579 145 0 0 2072.64
2  580 147 0 0 2072.64
0

0101000
-2080 0 +2083 0 *
Ve
1e-07
3215.64 4724.4 3130.296
0 0

0101101
*
Ed
 1e-07 1 1 0
1  291 0 0 12.192
2  581 145 0 0 12.192
2  582 148 0 0 12.192
0

0101000
-2080 0 +2078 0 *
Ed
 1e-07 1 1 0
1  292 0 0 2072.64
2  583 145 0 0 2072.64
2  584 149 0 0 2072.64
0

0101000
-2078 0 +2082 0 *
Wi

0101100
-2081 0 -2079 0 +2077 0 +2076 0 *
Fa
0  1e-07 145 0

0101000
+2075 0 *
Ve
1e-07
7147.56 2651.76 3142.488
0 0

0101101
*
Ve
1e-07
7147.56 2651.76 3130.296
0 0

0101101
*
Ed
 1e-07 1 1 0
1  293 0 0 12.192
2  585 150 0 0 12.192
2  586 146 0 0 12.192
0

0101000
-2073 0 +2072 0 *
Ve
1e-07
7147.56 4724.4 3142.488
0 0

0101101
*
Ed
 1e-07 1 1 0
1  294 0 0 2072.64
2  587 150 0 0 2072.64
2  588 147 0 0 2072.64
0

0101000
-2070 0 +2073 0 *
Ve
1e-07
7147.56 4724.4 3130.296
0 0

0101101
*
Ed
 1e-07 1 1 0
1  295 0 0 12.192
2  589 150 0 0 12.192
2  590 148 0 0 12.192
0

0101000
-2070 0 +2068 0 *
Ed
 1e-07 1 1 0
1  296 0 0 2072.64
2  591 150 0 0 2072.64
2  592 149 0 0 2072.64
0

0101000
-2068 0 +2072 0 *
Wi

0101100
-2071 0 -2069 0 +2067 0 +2066 0 *
Fa
0  1e-07 150 0

0101000
+2065 0 *
Ed
 1e-07 1 1 0
1  297 0 0 3931.92
2  593 146 0 0 3931.92
2  594 149 0 0 3931.92
0

0101000
-2072 0 +2082 0 *
Ed
 1e-07 1 1 0
1  298 0 0 3931.92
2  595 146 0 0 3931.92
2  596 147 0 0 3931.92
0

0101000
-2073 0 +2083 0 *
Wi

0101100
-2063 0 -2071 0 +2062 0 +2081 0 *
Fa
0  1e-07 146 0

0101000
+2061 0 *
Ed
 1e-07 1 1 0
1  299 0 0 3931.92
2  597 148 0 0 3931.92
2  598 149 0 0 3931.92
0

0101000
-2068 0 +2078 0 *
Ed
 1e-07 1 1 0
1  300 0 0 3931.92
2  599 148 0 0 3931.92
2  600 147 0 0 3931.92
0

0101000
-2070 0 +2080 0 *
Wi

0101100
-2059 0 -2067 0 +2058 0 +2077 0 *
Fa
0  1e-07 148 0

0101000
+2057 0 *
Wi

0101100
-2076 0 -2059 0 +2066 0 +2063 0 *
Fa
0  1e-07 149 0

0101000
+2055 0 *
Wi

0101100
-2079 0 -2058 0 +2069 0 +2062 0 *
Fa
0  1e-07 147 0

0101000
+2053 0 *
Sh

0101100
-2074 0 +2064 0 -2060 0 +2056 0 -2054 0 +2052 0 *
So

0100000
+2051 0 *
Ve
1e-07
3657.6 2712.72 4038.6
0 0

0101101
*
Ve
1e-07
3657.6 2712.72 3124.2
0 0

0101101
*
Ed
 1e-07 1 1 0
1  301 0 0 914.4
2  601 151 0 0 914.4
2  602 152 0 0 914.4
0

0101000
-2049 0 +2048 0 *
Ve
1e-07
3657.6 3383.28 4038.6
0 0

0101101
*
Ed
 1e-07 1 1 0
1  302 0 0 670.56
2  603 151 0 0 670.56
2  604 153 0 0 670.56
0

0101000
-2046 0 +2049 0 *
Ve
1e-07
3657.6 3383.28 3124.2
0 0

0101101
*
Ed
 1e-07 1 1 0
1  303 0 0 914.4
2  605 151 0 0 914.4
2  606 154 0 0 914.4
0

0101000
-2046 0 +2044 0 *
Ed
 1e-07 1 1 0
1  304 0 0 670.56
2  607 151 0 0 670.56
2  608 155 0 0 670.56
0

0101000
-2044 0 +2048 0 *
Wi

0101100
-2047 0 -2045 0 +2043 0 +2042 0 *
Fa
0  1e-07 151 0

0101000
+2041 0 *
Ve
1e-07
5913.12 2712.72 4038.6
0 0

0101101
*
Ve
1e-07
5913.12 2712.72 3124.2
0 0

0101101
*
Ed
 1e-07 1 1 0
1  305 0 0 914.4
2  609 156 0 0 914.4
2  610 152 0 0 914.4
0

0101000
-2039 0 +2038 0 *
Ve
1e-07
5913.12 3383.28 4038.6
0 0

0101101
*
Ed
 1e-07 1 1 0
1  306 0 0 670.56
2  611 156 0 0 670.56
2  612 153 0 0 670.56
0

0101000
-2036 0 +2039 0 *
Ve
1e-07
5913.12 3383.28 3124.2
0 0

0101101
*
Ed
 1e-07 1 1 0
1  307 0 0 914.4
2  613 156 0 0 914.4
2  614 154 0 0 914.4
0

0101000
-2036 0 +2034 0 *
Ed
 1e-07 1 1 0
1  308 0 0 670.56
2  615 156 0 0 670.56
2  616 155 0 0 670.56
0

0101000
-2034 0 +2038 0 *
Wi

0101100
-2037 0 -2035 0 +2033 0 +2032 0 *
Fa
0  1e-07 156 0

0101000
+2031 0 *
Ed
 1e-07 1 1 0
1  309 0 0 2255.52
2  617 152 0 0 2255.52
2  618 155 0 0 2255.52
0

0101000
-2038 0 +2048 0 *
Ed
 1e-07 1 1 0
1  310 0 0 2255.52
2  619 152 0 0 2255.52
2  620 153 0 0 2255.52
0

0101000
-2039 0 +2049 0 *
Wi

0101100
-2029 0 -2037 0 +2028 0 +2047 0 *
Fa
0  1e-07 152 0

0101000
+2027 0 *
Ed
 1e-07 1 1 0
1  311 0 0 2255.52
2  621 154 0 0 2255.52
2  622 155 0 0 2255.52
0

0101000
-2034 0 +2044 0 *
Ed
 1e-07 1 1 0
1  312 0 0 2255.52
2  623 154 0 0 2255.52
2  624 153 0 0 2255.52
0

0101000
-2036 0 +2046 0 *
Wi

0101100
-2025 0 -2033 0 +2024 0 +2043 0 *
Fa
0  1e-07 154 0

0101000
+2023 0 *
Wi

0101100
-2042 0 -2025 0 +2032 0 +2029 0 *
Fa
0  1e-07 155 0

0101000
+2021 0 *
Wi

0101100
-2045 0 -2024 0 +2035 0 +2028 0 *
Fa
0  1e-07 153 0

0101000
+2019 0 *
Sh

0101100
-2040 0 +2030 0 -2026 0 +2022 0 -2020 0 +2018 0 *
So

0100000
+2017 0 *
Ve
1e-07
2286 4267.2 2895.6
0 0

0101101
*
Ve
1e-07
2286 4267.2 152.4
0 0

0101101
*
Ed
 1e-07 1 1 0
1  313 0 0 2743.2
2  625 157 0 0 2743.2
2  626 158 0 0 2743.2
0

0101000
-2015 0 +2014 0 *
Ve
1e-07
2286 4367.784 2895.6
0 0

0101101
*
Ed
 1e-07 1 1 0
1  314 0 0 100.584
2  627 157 0 0 100.584
2  628 159 0 0 100.584
0

0101000
-2012 0 +2015 0 *
Ve
1e-07
2286 4367.784 152.4
0 0

0101101
*
Ed
 1e-07 1 1 0
1  315 0 0 2743.2
2  629 157 0 0 2743.2
2  630 160 0 0 2743.2
0

0101000
-2012 0 +2010 0 *
Ed
 1e-07 1 1 0
1  316 0 0 100.584
2  631 157 0 0 100.584
2  632 161 0 0 100.584
0

0101000
-2010 0 +2014 0 *
Wi

0101100
-2013 0 -2011 0 +2009 0 +2008 0 *
Fa
0  1e-07 157 0

0101000
+2007 0 *
Ve
1.5e-07
3291.84 4267.2 152.4
0 0

0101101
*
Ed
 1e-07 1 1 0
1  317 0 0 1005.84
2  633 158 0 0 1005.84
2  634 161 0 0 1005.84
0

0101000
+2014 0 -2005 0 *
Ve
1.5e-07
3291.84 4267.2 2225.04
0 0

0101101
*
Ed
 1.5e-07 1 1 0
1  318 0 -2072.64 0
2  635 158 0 -2072.64 0
2  636 162 0 -2072.64 0
0

0101000
+2003 0 -2005 0 *
Ve
1.5e-07
4023.36 4267.2 2225.04
0 0

0101101
*
Ed
 1.5e-07 1 1 0
1  319 0 502.92 1234.44
2  637 158 0 502.92 1234.44
2  638 163 0 502.92 1234.44
0

0101000
+2003 0 -2001 0 *
Ve
1.5e-07
4023.36 4267.2 152.4
0 0

0101101
*
Ed
 1.5e-07 1 1 0
1  320 0 -2072.64 0
2  639 158 0 -2072.64 0
2  640 164 0 -2072.64 0
0

0101000
+2001 0 -1999 0 *
Ve
1e-07
4267.2 4267.2 152.4
0 0

0101101
*
Ed
 1e-07 1 1 0
1  317 0 1737.36 1981.2
2  633 158 0 1737.36 1981.2
2  634 161 0 1737.36 1981.2
0

0101000
+1999 0 -1997 0 *
Ve
1e-07
4267.2 4267.2 2895.6
0 0

0101101
*
Ed
 1e-07 1 1 0
1  321 0 0 2743.2
2  641 165 0 0 2743.2
2  642 158 0 0 2743.2
0

0101000
-1995 0 +1997 0 *
Ed
 1e-07 1 1 0
1  322 0 0 1981.2
2  643 158 0 0 1981.2
2  644 159 0 0 1981.2
0

0101000
-1995 0 +2015 0 *
Wi

0101100
-2004 0 +2002 0 -2000 0 -1998 0 -1996 0 -1994 0 +1993 0 +2013 0 *
Fa
0  1e-07 158 0

0101000
+1992 0 *
Ve
1e-07
4267.2 4367.784 2895.6
0 0

0101101
*
Ed
 1e-07 1 1 0
1  323 0 0 1981.2
2  645 160 0 0 1981.2
2  646 159 0 0 1981.2
0

0101000
-1990 0 +2012 0 *
Ed
 1e-07 1 1 0
1  324 0 0 100.584
2  647 165 0 0 100.584
2  648 159 0 0 100.584
0

0101000
-1990 0 +1995 0 *
Wi

0101100
-2011 0 -1989 0 +1988 0 +1993 0 *
Fa
0  1e-07 159 0

0101000
+1987 0 *
Ve
1.5e-07
3291.84 4367.784 152.4
0 0

0101101
*
Ed
 1e-07 1 1 0
1  325 0 0 1005.84
2  649 160 0 0 1005.84
2  650 161 0 0 1005.84
0

0101000
+2010 0 -1985 0 *
Ve
1.5e-07
3291.84 4367.784 2225.04
0 0

0101101
*
Ed
 1.5e-07 1 1 0
1  326 0 -2072.64 0
2  651 160 0 -2072.64 0
2  652 162 0 -2072.64 0
0

0101000
+1983 0 -1985 0 *
Ve
1.5e-07
4023.36 4367.784 2225.04
0 0

0101101
*
Ed
 1.5e-07 1 1 0
1  327 0 502.92 1234.44
2  653 160 0 502.92 1234.44
2  654 163 0 502.92 1234.44
0

0101000
+1983 0 -1981 0 *
Ve
1.5e-07
4023.36 4367.784 152.4
0 0

0101101
*
Ed
 1.5e-07 1 1 0
1  328 0 -2072.64 0
2  655 160 0 -2072.64 0
2  656 164 0 -2072.64 0
0

0101000
+1981 0 -1979 0 *
Ve
1e-07
4267.2 4367.784 152.4
0 0

0101101
*
Ed
 1e-07 1 1 0
1  325 0 1737.36 1981.2
2  649 160 0 1737.36 1981.2
2  650 161 0 1737.36 1981.2
0

0101000
+1979 0 -1977 0 *
Ed
 1e-07 1 1 0
1  329 0 0 2743.2
2  657 165 0 0 2743.2
2  658 160 0 0 2743.2
0

0101000
-1990 0 +1977 0 *
Wi

0101100
-1984 0 +1982 0 -1980 0 -1978 0 -1976 0 -1975 0 +1989 0 +2009 0 *
Fa
0  1e-07 160 0

0101000
+1974 0 *
Ed
 1e-07 1 1 0
1  330 0 15.2399999999998 115.824
2  659 162 0 15.2399999999998 115.824
2  660 166 0 15.2399999999998 115.824
0

0101000
+2005 0 -1985 0 *
Wi

0101100
-1984 0 +1972 0 +2004 0 -2008 0 *
Fa
0  1e-07 161 0

0101000
+1971 0 *
Ed
 1e-07 1 1 0
1  331 0 15.2399999999998 115.824
2  661 162 0 15.2399999999998 115.824
2  662 163 0 15.2399999999998 115.824
0

0101000
+2003 0 -1983 0 *
Wi

0101100
-1969 0 -1982 0 +1972 0 +2002 0 *
Fa
0  1e-07 162 0

0101000
+1968 0 *
Ed
 1e-07 1 1 0
1  332 0 15.2399999999998 115.824
2  663 164 0 15.2399999999998 115.824
2  664 163 0 15.2399999999998 115.824
0

0101000
+2001 0 -1981 0 *
Wi

0101100
-1969 0 -1980 0 +1966 0 +2000 0 *
Fa
0  1e-07 163 0

0101000
+1965 0 *
Ed
 1e-07 1 1 0
1  333 0 15.2399999999998 115.824
2  665 164 0 15.2399999999998 115.824
2  666 166 0 15.2399999999998 115.824
0

0101000
+1999 0 -1979 0 *
Wi

0101100
-1966 0 -1978 0 +1963 0 +1998 0 *
Fa
0  1e-07 164 0

0101000
+1962 0 *
Ed
 1e-07 1 1 0
1  334 0 0 100.584
2  667 165 0 0 100.584
2  668 161 0 0 100.584
0

0101000
-1977 0 +1997 0 *
Wi

0101100
-1976 0 +1960 0 +1996 0 -1963 0 *
Fa
0  1e-07 161 0

0101000
+1959 0 *
Wi

0101100
-1994 0 -1988 0 +1975 0 +1960 0 *
Fa
0  1e-07 165 0

0101000
+1957 0 *
Sh

0101100
-2006 0 -1991 0 +1986 0 +1973 0 -1970 0 +1967 0 -1964 0 -1961 0 -1958 0 +1956 0 
*
So

0100000
+1955 0 *
Co

0100000
+1954 0 *
Ve
1e-07
2286 4267.2 2895.6
0 0

0101101
*
Ve
1e-07
2286 4267.2 152.4
0 0

0101101
*
Ed
 1e-07 1 1 0
1  335 0 0 2743.2
2  669 167 0 0 2743.2
2  670 168 0 0 2743.2
0

0101000
-1952 0 +1951 0 *
Ve
1e-07
2286 5943.6 2895.6
0 0

0101101
*
Ed
 1e-07 1 1 0
1  336 0 0 1676.4
2  671 167 0 0 1676.4
2  672 169 0 0 1676.4
0

0101000
-1949 0 +1952 0 *
Ve
1e-07
2286 5943.6 152.4
0 0

0101101
*
Ed
 1e-07 1 1 0
1  337 0 0 2743.2
2  673 167 0 0 2743.2
2  674 170 0 0 2743.2
0

0101000
-1949 0 +1947 0 *
Ed
 1e-07 1 1 0
1  338 0 0 1676.4
2  675 167 0 0 1676.4
2  676 171 0 0 1676.4
0

0101000
-1947 0 +1951 0 *
Wi

0101100
-1950 0 -1948 0 +1946 0 +1945 0 *
Fa
0  1e-07 167 0

0101000
+1944 0 *
Ve
1e-07
2386.584 4267.2 2895.6
0 0

0101101
*
Ve
1e-07
2386.584 4267.2 152.4
0 0

0101101
*
Ed
 1e-07 1 1 0
1  339 0 0 2743.2
2  677 172 0 0 2743.2
2  678 168 0 0 2743.2
0

0101000
-1942 0 +1941 0 *
Ve
1e-07
2386.584 5943.6 2895.6
0 0

0101101
*
Ed
 1e-07 1 1 0
1  340 0 0 1676.4
2  679 172 0 0 1676.4
2  680 169 0 0 1676.4
0

0101000
-1939 0 +1942 0 *
Ve
1e-07
2386.584 5943.6 152.4
0 0

0101101
*
Ed
 1e-07 1 1 0
1  341 0 0 2743.2
2  681 172 0 0 2743.2
2  682 170 0 0 2743.2
0

0101000
-1939 0 +1937 0 *
Ed
 1e-07 1 1 0
1  342 0 0 1676.4
2  683 172 0 0 1676.4
2  684 171 0 0 1676.4
0

0101000
-1937 0 +1941 0 *
Wi

0101100
-1940 0 -1938 0 +1936 0 +1935 0 *
Fa
0  1e-07 172 0

0101000
+1934 0 *
Ed
 1e-07 1 1 0
1  343 0 0 100.584
2  685 168 0 0 100.584
2  686 171 0 0 100.584
0

0101000
-1941 0 +1951 0 *
Ed
 1e-07 1 1 0
1  344 0 0 100.584
2  687 168 0 0 100.584
2  688 169 0 0 100.584
0

0101000
-1942 0 +1952 0 *
Wi

0101100
-1932 0 -1940 0 +1931 0 +1950 0 *
Fa
0  1e-07 168 0

0101000
+1930 0 *
Ed
 1e-07 1 1 0
1  345 0 0 100.584
2  689 170 0 0 100.584
2  690 171 0 0 100.584
0

0101000
-1937 0 +1947 0 *
Ed
 1e-07 1 1 0
1  346 0 0 100.584
2  691 170 0 0 100.584
2  692 169 0 0 100.584
0

0101000
-1939 0 +1949 0 *
Wi

0101100
-1928 0 -1936 0 +1927 0 +1946 0 *
Fa
0  1e-07 170 0

0101000
+1926 0 *
Wi

0101100
-1945 0 -1928 0 +1935 0 +1932 0 *
Fa
0  1e-07 171 0

0101000
+1924 0 *
Wi

0101100
-1948 0 -1927 0 +1938 0 +1931 0 *
Fa
0  1e-07 169 0

0101000
+1922 0 *
Sh

0101100
-1943 0 +1933 0 -1929 0 +1925 0 -1923 0 +1921 0 *
So

0100000
+1920 0 *
Ve
1e-07
7162.8 6096 2895.6
0 0

0101101
*
Ve
1e-07
7162.8 6096 152.4
0 0

0101101
*
Ed
 1e-07 1 1 0
1  347 0 0 2743.2
2  693 173 0 0 2743.2
2  694 174 0 0 2743.2
0

0101000
-1918 0 +1917 0 *
Ve
1.5e-07
7162.8 5577.84 152.4
0 0

0101101
*
Ed
 1e-07 1 1 0
1  348 0 5577.84 6096
2  695 173 0 5577.84 6096
2  696 175 0 5577.84 6096
0

0101000
+1915 0 -1917 0 *
Ve
1.5e-07
7162.8 5577.84 2225.04
0 0

0101101
*
Ed
 1.5e-07 1 1 0
1  349 0 0 2072.64
2  697 173 0 0 2072.64
2  698 176 0 0 2072.64
0

0101000
+1915 0 -1913 0 *
Ve
1.5e-07
7162.8 4815.84 2225.04
0 0

0101101
*
Ed
 1.5e-07 1 1 0
1  350 0 -3169.92 -2407.92
2  699 173 0 -3169.92 -2407.92
2  700 177 0 -3169.92 -2407.92
0

0101000
+1913 0 -1911 0 *
Ve
1.5e-07
7162.8 4815.84 152.4
0 0

0101101
*
Ed
 1.5e-07 1 1 0
1  351 0 0 2072.64
2  701 173 0 0 2072.64
2  702 178 0 0 2072.64
0

0101000
+1909 0 -1911 0 *
Ve
1.5e-07
7162.8 3688.08 152.4
0 0

0101101
*
Ed
 1e-07 1 1 0
1  348 0 3688.08 4815.84
2  695 173 0 3688.08 4815.84
2  696 175 0 3688.08 4815.84
0

0101000
+1907 0 -1909 0 *
Ve
1.5e-07
7162.8 3688.08 2286
0 0

0101101
*
Ed
 1.5e-07 1 1 0
1  352 0 0 2133.6
2  703 173 0 0 2133.6
2  704 179 0 0 2133.6
0

0101000
+1907 0 -1905 0 *
Ve
1.5e-07
7162.8 2468.88 2286
0 0

0101101
*
Ed
 1.5e-07 1 1 0
1  353 0 -2453.64 -1234.44
2  705 173 0 -2453.64 -1234.44
2  706 180 0 -2453.64 -1234.44
0

0101000
+1905 0 -1903 0 *
Ve
1.5e-07
7162.8 2468.88 152.4
0 0

0101101
*
Ed
 1.5e-07 1 1 0
1  354 0 0 2133.6
2  707 173 0 0 2133.6
2  708 181 0 0 2133.6
0

0101000
+1901 0 -1903 0 *
Ve
1e-07
7162.8 0 152.4
0 0

0101101
*
Ed
 1e-07 1 1 0
1  348 0 0 2468.88
2  695 173 0 0 2468.88
2  696 175 0 0 2468.88
0

0101000
+1899 0 -1901 0 *
Ve
1e-07
7162.8 0 2895.6
0 0

0101101
*
Ed
 1e-07 1 1 0
1  355 0 0 2743.2
2  709 173 0 0 2743.2
2  710 182 0 0 2743.2
0

0101000
-1897 0 +1899 0 *
Ed
 1e-07 1 1 0
1  356 0 0 6096
2  711 173 0 0 6096
2  712 183 0 0 6096
0

0101000
-1918 0 +1897 0 *
Wi

0101100
+1916 0 +1914 0 -1912 0 -1910 0 +1908 0 +1906 0 -1904 0 -1902 0 +1900 0 +1898 0 
-1896 0 -1895 0 *
Ve
1.5e-07
7162.8 1737.36 1066.8
0 0

0101101
*
Ve
1.5e-07
7162.8 975.36 1066.8
0 0

0101101
*
Ed
 1.5e-07 1 1 0
1  357 0 -1249.68 -487.68
2  713 173 0 -1249.68 -487.68
2  714 184 0 -1249.68 -487.68
0

0101000
+1893 0 -1892 0 *
Ve
1.5e-07
7162.8 1737.36 2133.6
0 0

0101101
*
Ed
 1.5e-07 1 1 0
1  358 0 457.2 1524
2  715 173 0 457.2 1524
2  716 185 0 457.2 1524
0

0101000
+1893 0 -1890 0 *
Ve
1.5e-07
7162.8 975.36 2133.6
0 0

0101101
*
Ed
 1.5e-07 1 1 0
1  359 0 457.2 1524
2  717 173 0 457.2 1524
2  718 186 0 457.2 1524
0

0101000
+1892 0 -1888 0 *
Ed
 1.5e-07 1 1 0
1  360 0 -1249.68 -487.68
2  719 173 0 -1249.68 -487.68
2  720 187 0 -1249.68 -487.68
0

0101000
+1890 0 -1888 0 *
Wi

0101100
+1891 0 -1889 0 +1887 0 -1886 0 *
Fa
0  1e-07 173 0

0101000
+1894 0 +1885 0 *
Ve
1e-07
7315.2 6096 152.4
0 0

0101101
*
Ed
 1e-07 1 1 0
1  361 0 0 152.4
2  721 174 0 0 152.4
2  722 175 0 0 152.4
0

0101000
-1883 0 +1917 0 *
Ve
1e-07
7315.2 6096 2895.6
0 0

0101101
*
Ed
 1e-07 1 1 0
1  362 0 0 2743.2
2  723 188 0 0 2743.2
2  724 174 0 0 2743.2
0

0101000
-1881 0 +1883 0 *
Ed
 1e-07 1 1 0
1  363 0 0 152.4
2  725 174 0 0 152.4
2  726 183 0 0 152.4
0

0101000
-1881 0 +1918 0 *
Wi

0101100
-1882 0 -1880 0 +1879 0 +1916 0 *
Fa
0  1e-07 174 0

0101000
+1878 0 *
Ve
1.5e-07
7315.2 5577.84 152.4
0 0

0101101
*
Ed
 1e-07 1 1 0
1  364 0 5577.84 6096
2  727 188 0 5577.84 6096
2  728 175 0 5577.84 6096
0

0101000
+1876 0 -1883 0 *
Ed
 1e-07 1 1 0
1  365 0 15.2399999999998 167.639999999999
2  729 176 0 15.2399999999998 167.639999999999
2  730 189 0 15.2399999999998 167.639999999999
0

0101000
+1915 0 -1876 0 *
Wi

0101100
-1914 0 -1882 0 +1875 0 +1874 0 *
Fa
0  1e-07 175 0

0101000
+1873 0 *
Ve
1.5e-07
7315.2 5577.84 2225.04
0 0

0101101
*
Ed
 1.5e-07 1 1 0
1  366 0 0 2072.64
2  731 188 0 0 2072.64
2  732 176 0 0 2072.64
0

0101000
+1876 0 -1871 0 *
Ed
 1e-07 1 1 0
1  367 0 15.2399999999998 167.639999999999
2  733 176 0 15.2399999999998 167.639999999999
2  734 177 0 15.2399999999998 167.639999999999
0

0101000
+1913 0 -1871 0 *
Wi

0101100
-1874 0 -1870 0 +1869 0 +1912 0 *
Fa
0  1e-07 176 0

0101000
+1868 0 *
Ve
1.5e-07
7315.2 4815.84 2225.04
0 0

0101101
*
Ed
 1.5e-07 1 1 0
1  368 0 -3169.92 -2407.92
2  735 188 0 -3169.92 -2407.92
2  736 177 0 -3169.92 -2407.92
0

0101000
+1871 0 -1866 0 *
Ed
 1e-07 1 1 0
1  369 0 15.2399999999998 167.639999999999
2  737 178 0 15.2399999999998 167.639999999999
2  738 177 0 15.2399999999998 167.639999999999
0

0101000
+1911 0 -1866 0 *
Wi

0101100
-1869 0 -1865 0 +1864 0 +1910 0 *
Fa
0  1e-07 177 0

0101000
+1863 0 *
Ve
1.5e-07
7315.2 4815.84 152.4
0 0

0101101
*
Ed
 1e-07 1 1 0
1  370 0 15.2399999999998 167.639999999999
2  739 178 0 15.2399999999998 167.639999999999
2  740 189 0 15.2399999999998 167.639999999999
0

0101000
+1909 0 -1861 0 *
Ed
 1.5e-07 1 1 0
1  371 0 0 2072.64
2  741 188 0 0 2072.64
2  742 178 0 0 2072.64
0

0101000
+1861 0 -1866 0 *
Wi

0101100
-1860 0 -1859 0 +1864 0 +1908 0 *
Fa
0  1e-07 178 0

0101000
+1858 0 *
Ve
1.5e-07
7315.2 3688.08 152.4
0 0

0101101
*
Ed
 1e-07 1 1 0
1  364 0 3688.08 4815.84
2  727 188 0 3688.08 4815.84
2  728 175 0 3688.08 4815.84
0

0101000
+1856 0 -1861 0 *
Ed
 1e-07 1 1 0
1  372 0 15.2399999999998 167.639999999999
2  743 179 0 15.2399999999998 167.639999999999
2  744 190 0 15.2399999999998 167.639999999999
0

0101000
+1907 0 -1856 0 *
Wi

0101100
-1906 0 -1860 0 +1855 0 +1854 0 *
Fa
0  1e-07 175 0

0101000
+1853 0 *
Ve
1.5e-07
7315.2 3688.08 2286
0 0

0101101
*
Ed
 1.5e-07 1 1 0
1  373 0 0 2133.6
2  745 188 0 0 2133.6
2  746 179 0 0 2133.6
0

0101000
+1856 0 -1851 0 *
Ed
 1e-07 1 1 0
1  374 0 15.2399999999998 167.639999999999
2  747 179 0 15.2399999999998 167.639999999999
2  748 180 0 15.2399999999998 167.639999999999
0

0101000
+1905 0 -1851 0 *
Wi

0101100
-1854 0 -1850 0 +1849 0 +1904 0 *
Fa
0  1e-07 179 0

0101000
+1848 0 *
Ve
1.5e-07
7315.2 2468.88 2286
0 0

0101101
*
Ed
 1.5e-07 1 1 0
1  375 0 -2453.64 -1234.44
2  749 188 0 -2453.64 -1234.44
2  750 180 0 -2453.64 -1234.44
0

0101000
+1851 0 -1846 0 *
Ed
 1e-07 1 1 0
1  376 0 15.2399999999998 167.639999999999
2  751 181 0 15.2399999999998 167.639999999999
2  752 180 0 15.2399999999998 167.639999999999
0

0101000
+1903 0 -1846 0 *
Wi

0101100
-1849 0 -1845 0 +1844 0 +1902 0 *
Fa
0  1e-07 180 0

0101000
+1843 0 *
Ve
1.5e-07
7315.2 2468.88 152.4
0 0

0101101
*
Ed
 1e-07 1 1 0
1  377 0 15.2399999999998 167.639999999999
2  753 181 0 15.2399999999998 167.639999999999
2  754 190 0 15.2399999999998 167.639999999999
0

0101000
+1901 0 -1841 0 *
Ed
 1.5e-07 1 1 0
1  378 0 0 2133.6
2  755 188 0 0 2133.6
2  756 181 0 0 2133.6
0

0101000
+1841 0 -1846 0 *
Wi

0101100
-1840 0 -1839 0 +1844 0 +1900 0 *
Fa
0  1e-07 181 0

0101000
+1838 0 *
Ve
1e-07
7315.2 0 152.4
0 0

0101101
*
Ed
 1e-07 1 1 0
1  364 0 0 2468.88
2  727 188 0 0 2468.88
2  728 175 0 0 2468.88
0

0101000
+1836 0 -1841 0 *
Ed
 1e-07 1 1 0
1  379 0 0 152.4
2  757 182 0 0 152.4
2  758 175 0 0 152.4
0

0101000
-1836 0 +1899 0 *
Wi

0101100
-1898 0 -1840 0 +1835 0 +1834 0 *
Fa
0  1e-07 175 0

0101000
+1833 0 *
Ve
1e-07
7315.2 0 2895.6
0 0

0101101
*
Ed
 1e-07 1 1 0
1  380 0 0 2743.2
2  759 188 0 0 2743.2
2  760 182 0 0 2743.2
0

0101000
-1831 0 +1836 0 *
Ed
 1e-07 1 1 0
1  381 0 0 152.4
2  761 182 0 0 152.4
2  762 183 0 0 152.4
0

0101000
-1831 0 +1897 0 *
Wi

0101100
-1834 0 -1830 0 +1829 0 +1896 0 *
Fa
0  1e-07 182 0

0101000
+1828 0 *
Ed
 1e-07 1 1 0
1  382 0 0 6096
2  763 188 0 0 6096
2  764 183 0 0 6096
0

0101000
-1881 0 +1831 0 *
Wi

0101100
-1895 0 -1879 0 +1826 0 +1829 0 *
Fa
0  1e-07 183 0

0101000
+1825 0 *
Ve
1.5e-07
7315.2 1737.36 1066.8
0 0

0101101
*
Ed
 1e-07 1 1 0
1  383 0 15.2399999999998 167.639999999999
2  765 185 0 15.2399999999998 167.639999999999
2  766 184 0 15.2399999999998 167.639999999999
0

0101000
+1893 0 -1823 0 *
Ve
1.5e-07
7315.2 975.36 1066.8
0 0

0101101
*
Ed
 1.5e-07 1 1 0
1  384 0 -1249.68 -487.68
2  767 188 0 -1249.68 -487.68
2  768 184 0 -1249.68 -487.68
0

0101000
+1823 0 -1821 0 *
Ed
 1e-07 1 1 0
1  385 0 15.2399999999998 167.639999999999
2  769 186 0 15.2399999999998 167.639999999999
2  770 184 0 15.2399999999998 167.639999999999
0

0101000
+1892 0 -1821 0 *
Wi

0101100
-1822 0 -1820 0 +1819 0 +1891 0 *
Fa
0  1e-07 184 0

0101000
+1818 0 *
Ve
1.5e-07
7315.2 1737.36 2133.6
0 0

0101101
*
Ed
 1.5e-07 1 1 0
1  386 0 457.2 1524
2  771 188 0 457.2 1524
2  772 185 0 457.2 1524
0

0101000
+1823 0 -1816 0 *
Ed
 1e-07 1 1 0
1  387 0 15.2399999999998 167.639999999999
2  773 185 0 15.2399999999998 167.639999999999
2  774 187 0 15.2399999999998 167.639999999999
0

0101000
+1890 0 -1816 0 *
Wi

0101100
-1822 0 -1815 0 +1814 0 +1889 0 *
Fa
0  1e-07 185 0

0101000
+1813 0 *
Ve
1.5e-07
7315.2 975.36 2133.6
0 0

0101101
*
Ed
 1.5e-07 1 1 0
1  388 0 457.2 1524
2  775 188 0 457.2 1524
2  776 186 0 457.2 1524
0

0101000
+1821 0 -1811 0 *
Ed
 1e-07 1 1 0
1  389 0 15.2399999999998 167.639999999999
2  777 186 0 15.2399999999998 167.639999999999
2  778 187 0 15.2399999999998 167.639999999999
0

0101000
+1888 0 -1811 0 *
Wi

0101100
-1819 0 -1810 0 +1809 0 +1887 0 *
Fa
0  1e-07 186 0

0101000
+1808 0 *
Ed
 1.5e-07 1 1 0
1  390 0 -1249.68 -487.68
2  779 188 0 -1249.68 -487.68
2  780 187 0 -1249.68 -487.68
0

0101000
+1816 0 -1811 0 *
Wi

0101100
-1814 0 -1806 0 +1809 0 +1886 0 *
Fa
0  1e-07 187 0

0101000
+1805 0 *
Wi

0101100
+1880 0 +1875 0 -1870 0 -1865 0 +1859 0 +1855 0 -1850 0 -1845 0 +1839 0 +1835 0 
-1830 0 -1826 0 *
Wi

0101100
+1820 0 -1815 0 +1810 0 -1806 0 *
Fa
0  1e-07 188 0

0101000
+1803 0 +1802 0 *
Sh

0101100
-1884 0 +1877 0 -1872 0 -1867 0 -1862 0 +1857 0 -1852 0 -1847 0 -1842 0 +1837 0 
-1832 0 -1827 0 +1824 0 +1817 0 -1812 0 +1807 0 -1804 0 +1801 0 *
So

0100000
+1800 0 *
Co

0100000
+1799 0 *
Co

0100000
+1798 0 *
Co

0100000
+1797 0 *
Ve
1e-07
4267.2 5943.6 2895.6
0 0

0101101
*
Ve
1e-07
4267.2 152.4 2895.6
0 0

0101101
*
Ed
 1e-07 1 1 0
1  391 0 0 5791.2
2  781 191 0 0 5791.2
2  782 192 0 0 5791.2
0

0101000
-1795 0 +1794 0 *
Ve
1e-07
4267.2 5943.6 152.4
0 0

0101101
*
Ed
 1e-07 1 1 0
1  392 0 0 2743.2
2  783 191 0 0 2743.2
2  784 193 0 0 2743.2
0

0101000
-1795 0 +1792 0 *
Ve
1.5e-07
4267.2 3352.8 152.4
0 0

0101101
*
Ed
 1e-07 1 1 0
1  393 0 3200.4 5791.2
2  785 191 0 3200.4 5791.2
2  786 194 0 3200.4 5791.2
0

0101000
+1790 0 -1792 0 *
Ve
1.5e-07
4267.2 3352.8 2286
0 0

0101101
*
Ed
 1.5e-07 1 1 0
1  394 0 0 2133.6
2  787 191 0 0 2133.6
2  788 195 0 0 2133.6
0

0101000
+1790 0 -1788 0 *
Ve
1.5e-07
4267.2 2438.4 2286
0 0

0101101
*
Ed
 1.5e-07 1 1 0
1  395 0 -2057.4 -1143
2  789 191 0 -2057.4 -1143
2  790 196 0 -2057.4 -1143
0

0101000
+1788 0 -1786 0 *
Ve
1.5e-07
4267.2 2438.4 152.4
0 0

0101101
*
Ed
 1.5e-07 1 1 0
1  396 0 0 2133.6
2  791 191 0 0 2133.6
2  792 197 0 0 2133.6
0

0101000
+1784 0 -1786 0 *
Ve
1e-07
4267.2 152.4 152.4
0 0

0101101
*
Ed
 1e-07 1 1 0
1  393 0 0 2286
2  785 191 0 0 2286
2  786 194 0 0 2286
0

0101000
+1782 0 -1784 0 *
Ed
 1e-07 1 1 0
1  397 0 0 2743.2
2  793 191 0 0 2743.2
2  794 198 0 0 2743.2
0

0101000
-1794 0 +1782 0 *
Wi

0101100
-1793 0 +1791 0 +1789 0 -1787 0 -1785 0 +1783 0 +1781 0 -1780 0 *
Fa
0  1e-07 191 0

0101000
+1779 0 *
Ve
1e-07
4367.784 5943.6 2895.6
0 0

0101101
*
Ed
 1e-07 1 1 0
1  398 0 0 100.584
2  795 193 0 0 100.584
2  796 192 0 0 100.584
0

0101000
-1777 0 +1795 0 *
Ve
1e-07
4367.784 152.4 2895.6
0 0

0101101
*
Ed
 1e-07 1 1 0
1  399 0 0 5791.2
2  797 199 0 0 5791.2
2  798 192 0 0 5791.2
0

0101000
-1777 0 +1775 0 *
Ed
 1e-07 1 1 0
1  400 0 0 100.584
2  799 198 0 0 100.584
2  800 192 0 0 100.584
0

0101000
-1775 0 +1794 0 *
Wi

0101100
-1793 0 -1776 0 +1774 0 +1773 0 *
Fa
0  1e-07 192 0

0101000
+1772 0 *
Ve
1e-07
4367.784 5943.6 152.4
0 0

0101101
*
Ed
 1e-07 1 1 0
1  401 0 0 100.584
2  801 193 0 0 100.584
2  802 194 0 0 100.584
0

0101000
-1770 0 +1792 0 *
Ed
 1e-07 1 1 0
1  402 0 0 2743.2
2  803 199 0 0 2743.2
2  804 193 0 0 2743.2
0

0101000
-1777 0 +1770 0 *
Wi

0101100
-1769 0 -1768 0 +1776 0 +1791 0 *
Fa
0  1e-07 193 0

0101000
+1767 0 *
Ve
1.5e-07
4367.784 3352.8 152.4
0 0

0101101
*
Ed
 1e-07 1 1 0
1  403 0 3200.4 5791.2
2  805 199 0 3200.4 5791.2
2  806 194 0 3200.4 5791.2
0

0101000
+1765 0 -1770 0 *
Ed
 1e-07 1 1 0
1  404 0 15.2399999999998 115.824
2  807 195 0 15.2399999999998 115.824
2  808 200 0 15.2399999999998 115.824
0

0101000
+1790 0 -1765 0 *
Wi

0101100
-1789 0 -1769 0 +1764 0 +1763 0 *
Fa
0  1e-07 194 0

0101000
+1762 0 *
Ve
1.5e-07
4367.784 3352.8 2286
0 0

0101101
*
Ed
 1.5e-07 1 1 0
1  405 0 0 2133.6
2  809 199 0 0 2133.6
2  810 195 0 0 2133.6
0

0101000
+1765 0 -1760 0 *
Ed
 1e-07 1 1 0
1  406 0 15.2399999999998 115.824
2  811 195 0 15.2399999999998 115.824
2  812 196 0 15.2399999999998 115.824
0

0101000
+1788 0 -1760 0 *
Wi

0101100
-1763 0 -1759 0 +1758 0 +1787 0 *
Fa
0  1e-07 195 0

0101000
+1757 0 *
Ve
1.5e-07
4367.784 2438.4 2286
0 0

0101101
*
Ed
 1.5e-07 1 1 0
1  407 0 -2057.4 -1143
2  813 199 0 -2057.4 -1143
2  814 196 0 -2057.4 -1143
0

0101000
+1760 0 -1755 0 *
Ed
 1e-07 1 1 0
1  408 0 15.2399999999998 115.824
2  815 197 0 15.2399999999998 115.824
2  816 196 0 15.2399999999998 115.824
0

0101000
+1786 0 -1755 0 *
Wi

0101100
-1758 0 -1754 0 +1753 0 +1785 0 *
Fa
0  1e-07 196 0

0101000
+1752 0 *
Ve
1.5e-07
4367.784 2438.4 152.4
0 0

0101101
*
Ed
 1e-07 1 1 0
1  409 0 15.2399999999998 115.824
2  817 197 0 15.2399999999998 115.824
2  818 200 0 15.2399999999998 115.824
0

0101000
+1784 0 -1750 0 *
Ed
 1.5e-07 1 1 0
1  410 0 0 2133.6
2  819 199 0 0 2133.6
2  820 197 0 0 2133.6
0

0101000
+1750 0 -1755 0 *
Wi

0101100
-1749 0 -1748 0 +1753 0 +1783 0 *
Fa
0  1e-07 197 0

0101000
+1747 0 *
Ve
1e-07
4367.784 152.4 152.4
0 0

0101101
*
Ed
 1e-07 1 1 0
1  403 0 0 2286
2  805 199 0 0 2286
2  806 194 0 0 2286
0

0101000
+1745 0 -1750 0 *
Ed
 1e-07 1 1 0
1  411 0 0 100.584
2  821 198 0 0 100.584
2  822 194 0 0 100.584
0

0101000
-1745 0 +1782 0 *
Wi

0101100
-1781 0 -1749 0 +1744 0 +1743 0 *
Fa
0  1e-07 194 0

0101000
+1742 0 *
Ed
 1e-07 1 1 0
1  412 0 0 2743.2
2  823 199 0 0 2743.2
2  824 198 0 0 2743.2
0

0101000
-1775 0 +1745 0 *
Wi

0101100
-1743 0 -1740 0 +1773 0 +1780 0 *
Fa
0  1e-07 198 0

0101000
+1739 0 *
Wi

0101100
-1774 0 +1768 0 +1764 0 -1759 0 -1754 0 +1748 0 +1744 0 -1740 0 *
Fa
0  1e-07 199 0

0101000
+1737 0 *
Sh

0101100
-1778 0 +1771 0 +1766 0 -1761 0 -1756 0 -1751 0 +1746 0 -1741 0 -1738 0 +1736 0 
*
So

0100000
+1735 0 *
Co

0100000
+1734 0 *
Ve
1e-07
0 5943.6 2895.6
0 0

0101101
*
Ve
1e-07
0 5943.6 152.4
0 0

0101101
*
Ed
 1e-07 1 1 0
1  413 0 0 2743.2
2  825 201 0 0 2743.2
2  826 202 0 0 2743.2
0

0101000
-1732 0 +1731 0 *
Ve
1e-07
0 6096 2895.6
0 0

0101101
*
Ed
 1e-07 1 1 0
1  414 0 0 152.4
2  827 201 0 0 152.4
2  828 203 0 0 152.4
0

0101000
-1729 0 +1732 0 *
Ve
1e-07
0 6096 152.4
0 0

0101101
*
Ed
 1e-07 1 1 0
1  415 0 0 2743.2
2  829 201 0 0 2743.2
2  830 204 0 0 2743.2
0

0101000
-1729 0 +1727 0 *
Ed
 1e-07 1 1 0
1  416 0 0 152.4
2  831 201 0 0 152.4
2  832 205 0 0 152.4
0

0101000
-1727 0 +1731 0 *
Wi

0101100
-1730 0 -1728 0 +1726 0 +1725 0 *
Fa
0  1e-07 201 0

0101000
+1724 0 *
Ve
1e-07
7315.2 5943.6 2895.6
0 0

0101101
*
Ve
1e-07
7315.2 5943.6 152.4
0 0

0101101
*
Ed
 1e-07 1 1 0
1  417 0 0 2743.2
2  833 206 0 0 2743.2
2  834 202 0 0 2743.2
0

0101000
-1722 0 +1721 0 *
Ve
1e-07
7315.2 6096 2895.6
0 0

0101101
*
Ed
 1e-07 1 1 0
1  418 0 0 152.4
2  835 206 0 0 152.4
2  836 203 0 0 152.4
0

0101000
-1719 0 +1722 0 *
Ve
1e-07
7315.2 6096 152.4
0 0

0101101
*
Ed
 1e-07 1 1 0
1  419 0 0 2743.2
2  837 206 0 0 2743.2
2  838 204 0 0 2743.2
0

0101000
-1719 0 +1717 0 *
Ed
 1e-07 1 1 0
1  420 0 0 152.4
2  839 206 0 0 152.4
2  840 205 0 0 152.4
0

0101000
-1717 0 +1721 0 *
Wi

0101100
-1720 0 -1718 0 +1716 0 +1715 0 *
Fa
0  1e-07 206 0

0101000
+1714 0 *
Ed
 1e-07 1 1 0
1  421 0 0 7315.2
2  841 202 0 0 7315.2
2  842 205 0 0 7315.2
0

0101000
-1721 0 +1731 0 *
Ed
 1e-07 1 1 0
1  422 0 0 7315.2
2  843 202 0 0 7315.2
2  844 203 0 0 7315.2
0

0101000
-1722 0 +1732 0 *
Wi

0101100
-1712 0 -1720 0 +1711 0 +1730 0 *
Fa
0  1e-07 202 0

0101000
+1710 0 *
Ed
 1e-07 1 1 0
1  423 0 0 7315.2
2  845 204 0 0 7315.2
2  846 205 0 0 7315.2
0

0101000
-1717 0 +1727 0 *
Ed
 1e-07 1 1 0
1  424 0 0 7315.2
2  847 204 0 0 7315.2
2  848 203 0 0 7315.2
0

0101000
-1719 0 +1729 0 *
Wi

0101100
-1708 0 -1716 0 +1707 0 +1726 0 *
Fa
0  1e-07 204 0

0101000
+1706 0 *
Wi

0101100
-1725 0 -1708 0 +1715 0 +1712 0 *
Fa
0  1e-07 205 0

0101000
+1704 0 *
Wi

0101100
-1728 0 -1707 0 +1718 0 +1711 0 *
Fa
0  1e-07 203 0

0101000
+1702 0 *
Sh

0101100
-1723 0 +1713 0 -1709 0 +1705 0 -1703 0 +1701 0 *
So

0100000
+1700 0 *
Ve
1e-07
4267.2 4267.2 2895.6
0 0

0101101
*
Ve
1e-07
4267.2 4267.2 152.4
0 0

0101101
*
Ed
 1e-07 1 1 0
1  425 0 0 2743.2
2  849 207 0 0 2743.2
2  850 208 0 0 2743.2
0

0101000
-1698 0 +1697 0 *
Ve
1e-07
4267.2 4367.784 2895.6
0 0

0101101
*
Ed
 1e-07 1 1 0
1  426 0 0 100.584
2  851 207 0 0 100.584
2  852 209 0 0 100.584
0

0101000
-1695 0 +1698 0 *
Ve
1e-07
4267.2 4367.784 152.4
0 0

0101101
*
Ed
 1e-07 1 1 0
1  427 0 0 2743.2
2  853 207 0 0 2743.2
2  854 210 0 0 2743.2
0

0101000
-1695 0 +1693 0 *
Ed
 1e-07 1 1 0
1  428 0 0 100.584
2  855 207 0 0 100.584
2  856 211 0 0 100.584
0

0101000
-1693 0 +1697 0 *
Wi

0101100
-1696 0 -1694 0 +1692 0 +1691 0 *
Fa
0  1e-07 207 0

0101000
+1690 0 *
Ve
1.5e-07
4876.8 4267.2 152.4
0 0

0101101
*
Ed
 1e-07 1 1 0
1  429 0 0 609.6
2  857 208 0 0 609.6
2  858 211 0 0 609.6
0

0101000
+1697 0 -1688 0 *
Ve
1.5e-07
4876.8 4267.2 2225.04
0 0

0101101
*
Ed
 1.5e-07 1 1 0
1  430 0 -2072.64 0
2  859 208 0 -2072.64 0
2  860 212 0 -2072.64 0
0

0101000
+1686 0 -1688 0 *
Ve
1.5e-07
5669.28 4267.2 2225.04
0 0

0101101
*
Ed
 1.5e-07 1 1 0
1  431 0 304.8 1097.28
2  861 208 0 304.8 1097.28
2  862 213 0 304.8 1097.28
0

0101000
+1686 0 -1684 0 *
Ve
1.5e-07
5669.28 4267.2 152.4
0 0

0101101
*
Ed
 1.5e-07 1 1 0
1  432 0 -2072.64 0
2  863 208 0 -2072.64 0
2  864 214 0 -2072.64 0
0

0101000
+1684 0 -1682 0 *
Ve
1e-07
7162.8 4267.2 152.4
0 0

0101101
*
Ed
 1e-07 1 1 0
1  429 0 1402.08 2895.6
2  857 208 0 1402.08 2895.6
2  858 211 0 1402.08 2895.6
0

0101000
+1682 0 -1680 0 *
Ve
1e-07
7162.8 4267.2 2895.6
0 0

0101101
*
Ed
 1e-07 1 1 0
1  433 0 0 2743.2
2  865 215 0 0 2743.2
2  866 208 0 0 2743.2
0

0101000
-1678 0 +1680 0 *
Ed
 1e-07 1 1 0
1  434 0 0 2895.6
2  867 208 0 0 2895.6
2  868 209 0 0 2895.6
0

0101000
-1678 0 +1698 0 *
Wi

0101100
-1687 0 +1685 0 -1683 0 -1681 0 -1679 0 -1677 0 +1676 0 +1696 0 *
Fa
0  1e-07 208 0

0101000
+1675 0 *
Ve
1e-07
7162.8 4367.784 2895.6
0 0

0101101
*
Ed
 1e-07 1 1 0
1  435 0 0 2895.6
2  869 210 0 0 2895.6
2  870 209 0 0 2895.6
0

0101000
-1673 0 +1695 0 *
Ed
 1e-07 1 1 0
1  436 0 0 100.584
2  871 215 0 0 100.584
2  872 209 0 0 100.584
0

0101000
-1673 0 +1678 0 *
Wi

0101100
-1694 0 -1672 0 +1671 0 +1676 0 *
Fa
0  1e-07 209 0

0101000
+1670 0 *
Ve
1.5e-07
4876.8 4367.784 152.4
0 0

0101101
*
Ed
 1e-07 1 1 0
1  437 0 0 609.6
2  873 210 0 0 609.6
2  874 211 0 0 609.6
0

0101000
+1693 0 -1668 0 *
Ve
1.5e-07
4876.8 4367.784 2225.04
0 0

0101101
*
Ed
 1.5e-07 1 1 0
1  438 0 -2072.64 0
2  875 210 0 -2072.64 0
2  876 212 0 -2072.64 0
0

0101000
+1666 0 -1668 0 *
Ve
1.5e-07
5669.28 4367.784 2225.04
0 0

0101101
*
Ed
 1.5e-07 1 1 0
1  439 0 304.8 1097.28
2  877 210 0 304.8 1097.28
2  878 213 0 304.8 1097.28
0

0101000
+1666 0 -1664 0 *
Ve
1.5e-07
5669.28 4367.784 152.4
0 0

0101101
*
Ed
 1.5e-07 1 1 0
1  440 0 -2072.64 0
2  879 210 0 -2072.64 0
2  880 214 0 -2072.64 0
0

0101000
+1664 0 -1662 0 *
Ve
1e-07
7162.8 4367.784 152.4
0 0

0101101
*
Ed
 1e-07 1 1 0
1  437 0 1402.08 2895.6
2  873 210 0 1402.08 2895.6
2  874 211 0 1402.08 2895.6
0

0101000
+1662 0 -1660 0 *
Ed
 1e-07 1 1 0
1  441 0 0 2743.2
2  881 215 0 0 2743.2
2  882 210 0 0 2743.2
0

0101000
-1673 0 +1660 0 *
Wi

0101100
-1667 0 +1665 0 -1663 0 -1661 0 -1659 0 -1658 0 +1672 0 +1692 0 *
Fa
0  1e-07 210 0

0101000
+1657 0 *
Ed
 1e-07 1 1 0
1  442 0 15.2399999999998 115.824
2  883 212 0 15.2399999999998 115.824
2  884 216 0 15.2399999999998 115.824
0

0101000
+1688 0 -1668 0 *
Wi

0101100
-1667 0 +1655 0 +1687 0 -1691 0 *
Fa
0  1e-07 211 0

0101000
+1654 0 *
Ed
 1e-07 1 1 0
1  443 0 15.2399999999998 115.824
2  885 212 0 15.2399999999998 115.824
2  886 213 0 15.2399999999998 115.824
0

0101000
+1686 0 -1666 0 *
Wi

0101100
-1652 0 -1665 0 +1655 0 +1685 0 *
Fa
0  1e-07 212 0

0101000
+1651 0 *
Ed
 1e-07 1 1 0
1  444 0 15.2399999999998 115.824
2  887 214 0 15.2399999999998 115.824
2  888 213 0 15.2399999999998 115.824
0

0101000
+1684 0 -1664 0 *
Wi

0101100
-1652 0 -1663 0 +1649 0 +1683 0 *
Fa
0  1e-07 213 0

0101000
+1648 0 *
Ed
 1e-07 1 1 0
1  445 0 15.2399999999998 115.824
2  889 214 0 15.2399999999998 115.824
2  890 216 0 15.2399999999998 115.824
0

0101000
+1682 0 -1662 0 *
Wi

0101100
-1649 0 -1661 0 +1646 0 +1681 0 *
Fa
0  1e-07 214 0

0101000
+1645 0 *
Ed
 1e-07 1 1 0
1  446 0 0 100.584
2  891 215 0 0 100.584
2  892 211 0 0 100.584
0

0101000
-1660 0 +1680 0 *
Wi

0101100
-1659 0 +1643 0 +1679 0 -1646 0 *
Fa
0  1e-07 211 0

0101000
+1642 0 *
Wi

0101100
-1677 0 -1671 0 +1658 0 +1643 0 *
Fa
0  1e-07 215 0

0101000
+1640 0 *
Sh

0101100
-1689 0 -1674 0 +1669 0 +1656 0 -1653 0 +1650 0 -1647 0 -1644 0 -1641 0 +1639 0 
*
So

0100000
+1638 0 *
Co

0100000
+1637 0 *
Ve
1e-07
2407.92 4907.28 198.12
0 0

0101101
*
Ve
1e-07
2407.92 4907.28 152.4
0 0

0101101
*
Ed
 1e-07 1 1 0
1  447 0 0 45.72
2  893 217 0 0 45.72
2  894 218 0 0 45.72
0

0101000
-1635 0 +1634 0 *
Ve
1e-07
2407.92 5821.68 198.12
0 0

0101101
*
Ed
 1e-07 1 1 0
1  448 0 0 914.4
2  895 217 0 0 914.4
2  896 219 0 0 914.4
0

0101000
-1632 0 +1635 0 *
Ve
1e-07
2407.92 5821.68 152.4
0 0

0101101
*
Ed
 1e-07 1 1 0
1  449 0 0 45.72
2  897 217 0 0 45.72
2  898 220 0 0 45.72
0

0101000
-1632 0 +1630 0 *
Ed
 1e-07 1 1 0
1  450 0 0 914.4
2  899 217 0 0 914.4
2  900 221 0 0 914.4
0

0101000
-1630 0 +1634 0 *
Wi

0101100
-1633 0 -1631 0 +1629 0 +1628 0 *
Fa
0  1e-07 217 0

0101000
+1627 0 *
Ve
1e-07
3322.32 4907.28 198.12
0 0

0101101
*
Ve
1e-07
3322.32 4907.28 152.4
0 0

0101101
*
Ed
 1e-07 1 1 0
1  451 0 0 45.72
2  901 222 0 0 45.72
2  902 218 0 0 45.72
0

0101000
-1625 0 +1624 0 *
Ve
1e-07
3322.32 5821.68 198.12
0 0

0101101
*
Ed
 1e-07 1 1 0
1  452 0 0 914.4
2  903 222 0 0 914.4
2  904 219 0 0 914.4
0

0101000
-1622 0 +1625 0 *
Ve
1e-07
3322.32 5821.68 152.4
0 0

0101101
*
Ed
 1e-07 1 1 0
1  453 0 0 45.72
2  905 222 0 0 45.72
2  906 220 0 0 45.72
0

0101000
-1622 0 +1620 0 *
Ed
 1e-07 1 1 0
1  454 0 0 914.4
2  907 222 0 0 914.4
2  908 221 0 0 914.4
0

0101000
-1620 0 +1624 0 *
Wi

0101100
-1623 0 -1621 0 +1619 0 +1618 0 *
Fa
0  1e-07 222 0

0101000
+1617 0 *
Ed
 1e-07 1 1 0
1  455 0 0 914.4
2  909 218 0 0 914.4
2  910 221 0 0 914.4
0

0101000
-1624 0 +1634 0 *
Ed
 1e-07 1 1 0
1  456 0 0 914.4
2  911 218 0 0 914.4
2  912 219 0 0 914.4
0

0101000
-1625 0 +1635 0 *
Wi

0101100
-1615 0 -1623 0 +1614 0 +1633 0 *
Fa
0  1e-07 218 0

0101000
+1613 0 *
Ed
 1e-07 1 1 0
1  457 0 0 914.4
2  913 220 0 0 914.4
2  914 221 0 0 914.4
0

0101000
-1620 0 +1630 0 *
Ed
 1e-07 1 1 0
1  458 0 0 914.4
2  915 220 0 0 914.4
2  916 219 0 0 914.4
0

0101000
-1622 0 +1632 0 *
Wi

0101100
-1611 0 -1619 0 +1610 0 +1629 0 *
Fa
0  1e-07 220 0

0101000
+1609 0 *
Wi

0101100
-1628 0 -1611 0 +1618 0 +1615 0 *
Fa
0  1e-07 221 0

0101000
+1607 0 *
Wi

0101100
-1631 0 -1610 0 +1621 0 +1614 0 *
Fa
0  1e-07 219 0

0101000
+1605 0 *
Sh

0101100
-1626 0 +1616 0 -1612 0 +1608 0 -1606 0 +1604 0 *
So

0100000
+1603 0 *
Ve
1e-07
0 0 2895.6
0 0

0101101
*
Ve
1e-07
0 0 152.4
0 0

0101101
*
Ed
 1e-07 1 1 0
1  459 0 0 2743.2
2  917 223 0 0 2743.2
2  918 224 0 0 2743.2
0

0101000
-1601 0 +1600 0 *
Ve
1e-07
0 152.4 2895.6
0 0

0101101
*
Ed
 1e-07 1 1 0
1  460 0 0 152.4
2  919 223 0 0 152.4
2  920 225 0 0 152.4
0

0101000
-1598 0 +1601 0 *
Ve
1e-07
0 152.4 152.4
0 0

0101101
*
Ed
 1e-07 1 1 0
1  461 0 0 2743.2
2  921 223 0 0 2743.2
2  922 226 0 0 2743.2
0

0101000
-1598 0 +1596 0 *
Ed
 1e-07 1 1 0
1  462 0 0 152.4
2  923 223 0 0 152.4
2  924 227 0 0 152.4
0

0101000
-1596 0 +1600 0 *
Wi

0101100
-1599 0 -1597 0 +1595 0 +1594 0 *
Fa
0  1e-07 223 0

0101000
+1593 0 *
Ve
1e-07
7315.2 0 2895.6
0 0

0101101
*
Ve
1e-07
7315.2 0 152.4
0 0

0101101
*
Ed
 1e-07 1 1 0
1  463 0 0 2743.2
2  925 228 0 0 2743.2
2  926 224 0 0 2743.2
0

0101000
-1591 0 +1590 0 *
Ve
1e-07
7315.2 152.4 2895.6
0 0

0101101
*
Ed
 1e-07 1 1 0
1  464 0 0 152.4
2  927 228 0 0 152.4
2  928 225 0 0 152.4
0

0101000
-1588 0 +1591 0 *
Ve
1e-07
7315.2 152.4 152.4
0 0

0101101
*
Ed
 1e-07 1 1 0
1  465 0 0 2743.2
2  929 228 0 0 2743.2
2  930 226 0 0 2743.2
0

0101000
-1588 0 +1586 0 *
Ed
 1e-07 1 1 0
1  466 0 0 152.4
2  931 228 0 0 152.4
2  932 227 0 0 152.4
0

0101000
-1586 0 +1590 0 *
Wi

0101100
-1589 0 -1587 0 +1585 0 +1584 0 *
Fa
0  1e-07 228 0

0101000
+1583 0 *
Ed
 1e-07 1 1 0
1  467 0 0 7315.2
2  933 224 0 0 7315.2
2  934 227 0 0 7315.2
0

0101000
-1590 0 +1600 0 *
Ed
 1e-07 1 1 0
1  468 0 0 7315.2
2  935 224 0 0 7315.2
2  936 225 0 0 7315.2
0

0101000
-1591 0 +1601 0 *
Wi

0101100
-1581 0 -1589 0 +1580 0 +1599 0 *
Fa
0  1e-07 224 0

0101000
+1579 0 *
Ed
 1e-07 1 1 0
1  469 0 0 7315.2
2  937 226 0 0 7315.2
2  938 227 0 0 7315.2
0

0101000
-1586 0 +1596 0 *
Ed
 1e-07 1 1 0
1  470 0 0 7315.2
2  939 226 0 0 7315.2
2  940 225 0 0 7315.2
0

0101000
-1588 0 +1598 0 *
Wi

0101100
-1577 0 -1585 0 +1576 0 +1595 0 *
Fa
0  1e-07 226 0

0101000
+1575 0 *
Wi

0101100
-1594 0 -1577 0 +1584 0 +1581 0 *
Fa
0  1e-07 227 0

0101000
+1573 0 *
Wi

0101100
-1597 0 -1576 0 +1587 0 +1580 0 *
Fa
0  1e-07 225 0

0101000
+1571 0 *
Sh

0101100
-1592 0 +1582 0 -1578 0 +1574 0 -1572 0 +1570 0 *
So

0100000
+1569 0 *
Ve
1e-07
2438.4 4373.88 1005.84
0 0

0101101
*
Ve
1e-07
2438.4 4373.88 152.4
0 0

0101101
*
Ed
 1e-07 1 1 0
1  471 0 0 853.44
2  941 229 0 0 853.44
2  942 230 0 0 853.44
0

0101000
-1567 0 +1566 0 *
Ve
1e-07
2438.4 4815.84 1005.84
0 0

0101101
*
Ed
 1e-07 1 1 0
1  472 0 0 441.96
2  943 229 0 0 441.96
2  944 231 0 0 441.96
0

0101000
-1564 0 +1567 0 *
Ve
1e-07
2438.4 4815.84 152.4
0 0

0101101
*
Ed
 1e-07 1 1 0
1  473 0 0 853.44
2  945 229 0 0 853.44
2  946 232 0 0 853.44
0

0101000
-1564 0 +1562 0 *
Ed
 1e-07 1 1 0
1  474 0 0 441.96
2  947 229 0 0 441.96
2  948 233 0 0 441.96
0

0101000
-1562 0 +1566 0 *
Wi

0101100
-1565 0 -1563 0 +1561 0 +1560 0 *
Fa
0  1e-07 229 0

0101000
+1559 0 *
Ve
1e-07
3169.92 4373.88 1005.84
0 0

0101101
*
Ve
1e-07
3169.92 4373.88 152.4
0 0

0101101
*
Ed
 1e-07 1 1 0
1  475 0 0 853.44
2  949 234 0 0 853.44
2  950 230 0 0 853.44
0

0101000
-1557 0 +1556 0 *
Ve
1e-07
3169.92 4815.84 1005.84
0 0

0101101
*
Ed
 1e-07 1 1 0
1  476 0 0 441.96
2  951 234 0 0 441.96
2  952 231 0 0 441.96
0

0101000
-1554 0 +1557 0 *
Ve
1e-07
3169.92 4815.84 152.4
0 0

0101101
*
Ed
 1e-07 1 1 0
1  477 0 0 853.44
2  953 234 0 0 853.44
2  954 232 0 0 853.44
0

0101000
-1554 0 +1552 0 *
Ed
 1e-07 1 1 0
1  478 0 0 441.96
2  955 234 0 0 441.96
2  956 233 0 0 441.96
0

0101000
-1552 0 +1556 0 *
Wi

0101100
-1555 0 -1553 0 +1551 0 +1550 0 *
Fa
0  1e-07 234 0

0101000
+1549 0 *
Ed
 1e-07 1 1 0
1  479 0 0 731.52
2  957 230 0 0 731.52
2  958 233 0 0 731.52
0

0101000
-1556 0 +1566 0 *
Ed
 1e-07 1 1 0
1  480 0 0 731.52
2  959 230 0 0 731.52
2  960 231 0 0 731.52
0

0101000
-1557 0 +1567 0 *
Wi

0101100
-1547 0 -1555 0 +1546 0 +1565 0 *
Fa
0  1e-07 230 0

0101000
+1545 0 *
Ed
 1e-07 1 1 0
1  481 0 0 731.52
2  961 232 0 0 731.52
2  962 233 0 0 731.52
0

0101000
-1552 0 +1562 0 *
Ed
 1e-07 1 1 0
1  482 0 0 731.52
2  963 232 0 0 731.52
2  964 231 0 0 731.52
0

0101000
-1554 0 +1564 0 *
Wi

0101100
-1543 0 -1551 0 +1542 0 +1561 0 *
Fa
0  1e-07 232 0

0101000
+1541 0 *
Wi

0101100
-1560 0 -1543 0 +1550 0 +1547 0 *
Fa
0  1e-07 233 0

0101000
+1539 0 *
Wi

0101100
-1563 0 -1542 0 +1553 0 +1546 0 *
Fa
0  1e-07 231 0

0101000
+1537 0 *
Sh

0101100
-1558 0 +1548 0 -1544 0 +1540 0 -1538 0 +1536 0 *
So

0100000
+1535 0 *
Ve
1e-07
0 6096 2895.6
0 0

0101101
*
Ve
1e-07
0 0 2895.6
0 0

0101101
*
Ed
 1e-07 1 1 0
1  483 0 0 6096
2  965 235 0 0 6096
2  966 236 0 0 6096
0

0101000
-1533 0 +1532 0 *
Ve
1e-07
0 6096 152.4
0 0

0101101
*
Ed
 1e-07 1 1 0
1  484 0 0 2743.2
2  967 235 0 0 2743.2
2  968 237 0 0 2743.2
0

0101000
-1533 0 +1530 0 *
Ve
1.5e-07
0 3627.12 152.4
0 0

0101101
*
Ed
 1e-07 1 1 0
1  485 0 3627.12 6096
2  969 235 0 3627.12 6096
2  970 238 0 3627.12 6096
0

0101000
+1528 0 -1530 0 *
Ve
1.50000455e-07
0 3627.12 2438.4
0 0

0101101
*
Ed
 1.5e-07 1 1 0
1  486 0 0 2286
2  971 235 0 0 2286
2  972 239 0 0 2286
0

0101000
+1528 0 -1526 0 *
Ve
1.5e-07
0 670.56 2438.4
0 0

0101101
*
Ed
 1.5e-07 1 1 0
1  487 0 -3291.84 -335.28
2  973 235 0 -3291.84 -335.28
2  974 240 0 -3291.84 -335.28
0

0101000
+1526 0 -1524 0 *
Ve
1.5e-07
0 670.56 152.4
0 0

0101101
*
Ed
 1.5e-07 1 1 0
1  488 0 0 2286
2  975 235 0 0 2286
2  976 241 0 0 2286
0

0101000
+1522 0 -1524 0 *
Ve
1e-07
0 0 152.4
0 0

0101101
*
Ed
 1e-07 1 1 0
1  485 0 0 670.56
2  969 235 0 0 670.56
2  970 238 0 0 670.56
0

0101000
+1520 0 -1522 0 *
Ed
 1e-07 1 1 0
1  489 0 0 2743.2
2  977 235 0 0 2743.2
2  978 242 0 0 2743.2
0

0101000
-1532 0 +1520 0 *
Wi

0101100
-1531 0 +1529 0 +1527 0 -1525 0 -1523 0 +1521 0 +1519 0 -1518 0 *
Fa
0  1e-07 235 0

0101000
+1517 0 *
Ve
1e-07
152.4 6096 2895.6
0 0

0101101
*
Ed
 1e-07 1 1 0
1  490 0 0 152.4
2  979 237 0 0 152.4
2  980 236 0 0 152.4
0

0101000
-1515 0 +1533 0 *
Ve
1e-07
152.4 0 2895.6
0 0

0101101
*
Ed
 1e-07 1 1 0
1  491 0 0 6096
2  981 243 0 0 6096
2  982 236 0 0 6096
0

0101000
-1515 0 +1513 0 *
Ed
 1e-07 1 1 0
1  492 0 0 152.4
2  983 242 0 0 152.4
2  984 236 0 0 152.4
0

0101000
-1513 0 +1532 0 *
Wi

0101100
-1531 0 -1514 0 +1512 0 +1511 0 *
Fa
0  1e-07 236 0

0101000
+1510 0 *
Ve
1e-07
152.4 6096 152.4
0 0

0101101
*
Ed
 1e-07 1 1 0
1  493 0 0 152.4
2  985 237 0 0 152.4
2  986 238 0 0 152.4
0

0101000
-1508 0 +1530 0 *
Ed
 1e-07 1 1 0
1  494 0 0 2743.2
2  987 243 0 0 2743.2
2  988 237 0 0 2743.2
0

0101000
-1515 0 +1508 0 *
Wi

0101100
-1507 0 -1506 0 +1514 0 +1529 0 *
Fa
0  1e-07 237 0

0101000
+1505 0 *
Ve
1.5e-07
152.4 3627.12 152.4
0 0

0101101
*
Ed
 1e-07 1 1 0
1  495 0 3627.12 6096
2  989 243 0 3627.12 6096
2  990 238 0 3627.12 6096
0

0101000
+1503 0 -1508 0 *
Ed
 1e-07 1 1 0
1  496 0 15.24 167.64
2  991 239 0 15.24 167.64
2  992 244 0 15.24 167.64
0

0101000
+1528 0 -1503 0 *
Wi

0101100
-1527 0 -1507 0 +1502 0 +1501 0 *
Fa
0  1e-07 238 0

0101000
+1500 0 *
Ve
1.50000455e-07
152.4 3627.12 2438.4
0 0

0101101
*
Ed
 1.5e-07 1 1 0
1  497 0 0 2286
2  993 243 0 0 2286
2  994 239 0 0 2286
0

0101000
+1503 0 -1498 0 *
Ed
 1e-07 1 1 0
1  498 0 15.24 167.64
2  995 239 0 15.24 167.64
2  996 240 0 15.24 167.64
0

0101000
+1526 0 -1498 0 *
Wi

0101100
-1501 0 -1497 0 +1496 0 +1525 0 *
Fa
0  1e-07 239 0

0101000
+1495 0 *
Ve
1.5e-07
152.4 670.56 2438.4
0 0

0101101
*
Ed
 1.5e-07 1 1 0
1  499 0 -3291.84 -335.28
2  997 243 0 -3291.84 -335.28
2  998 240 0 -3291.84 -335.28
0

0101000
+1498 0 -1493 0 *
Ed
 1e-07 1 1 0
1  500 0 15.24 167.64
2  999 241 0 15.24 167.64
2  1000 240 0 15.24 167.64
0

0101000
+1524 0 -1493 0 *
Wi

0101100
-1496 0 -1492 0 +1491 0 +1523 0 *
Fa
0  1e-07 240 0

0101000
+1490 0 *
Ve
1.5e-07
152.4 670.56 152.4
0 0

0101101
*
Ed
 1e-07 1 1 0
1  501 0 15.24 167.64
2  1001 241 0 15.24 167.64
2  1002 244 0 15.24 167.64
0

0101000
+1522 0 -1488 0 *
Ed
 1.5e-07 1 1 0
1  502 0 0 2286
2  1003 243 0 0 2286
2  1004 241 0 0 2286
0

0101000
+1488 0 -1493 0 *
Wi

0101100
-1487 0 -1486 0 +1491 0 +1521 0 *
Fa
0  1e-07 241 0

0101000
+1485 0 *
Ve
1e-07
152.4 0 152.4
0 0

0101101
*
Ed
 1e-07 1 1 0
1  495 0 0 670.56
2  989 243 0 0 670.56
2  990 238 0 0 670.56
0

0101000
+1483 0 -1488 0 *
Ed
 1e-07 1 1 0
1  503 0 0 152.4
2  1005 242 0 0 152.4
2  1006 238 0 0 152.4
0

0101000
-1483 0 +1520 0 *
Wi

0101100
-1519 0 -1487 0 +1482 0 +1481 0 *
Fa
0  1e-07 238 0

0101000
+1480 0 *
Ed
 1e-07 1 1 0
1  504 0 0 2743.2
2  1007 243 0 0 2743.2
2  1008 242 0 0 2743.2
0

0101000
-1513 0 +1483 0 *
Wi

0101100
-1481 0 -1478 0 +1511 0 +1518 0 *
Fa
0  1e-07 242 0

0101000
+1477 0 *
Wi

0101100
-1512 0 +1506 0 +1502 0 -1497 0 -1492 0 +1486 0 +1482 0 -1478 0 *
Fa
0  1e-07 243 0

0101000
+1475 0 *
Sh

0101100
-1516 0 +1509 0 +1504 0 -1499 0 -1494 0 -1489 0 +1484 0 -1479 0 -1476 0 +1474 0 
*
So

0100000
+1473 0 *
Co

0100000
+1472 0 *
Ve
1e-07
2103.12 3048 4876.8
0 0

0101101
*
Ve
1.5e-07
2103.12 3352.8 4876.8
0 0

0101101
*
Ed
 1e-07 1 1 0
1  505 0 0 304.8
2  1009 245 0 0 304.8
2  1010 246 0 0 304.8
0

0101000
+1470 0 -1469 0 *
Ve
1.5e-07
2103.12 3352.8 3124.2
0 0

0101101
*
Ed
 1.5e-07 1 1 0
1  506 0 0 1752.6
2  1011 245 0 0 1752.6
2  1012 247 0 0 1752.6
0

0101000
+1467 0 -1469 0 *
Ve
1e-07
2103.12 3048 3124.2
0 0

0101101
*
Ed
 1e-07 1 1 0
1  507 0 0 304.8
2  1013 245 0 0 304.8
2  1014 248 0 0 304.8
0

0101000
+1465 0 -1467 0 *
Ed
 1e-07 1 1 0
1  508 0 0 1752.6
2  1015 245 0 0 1752.6
2  1016 249 0 0 1752.6
0

0101000
-1470 0 +1465 0 *
Wi

0101100
-1468 0 +1466 0 +1464 0 -1463 0 *
Fa
0  1e-07 245 0

0101000
+1462 0 *
Ve
1.5e-07
2203.704 3352.8 4876.8
0 0

0101101
*
Ed
 1.5e-07 1 1 0
1  509 0 -108.204 -7.62000000000035
2  1017 246 0 -108.204 -7.62000000000035
2  1018 247 0 -108.204 -7.62000000000035
0

0101000
+1460 0 -1469 0 *
Ve
1e-07
2203.704 3048 4876.8
0 0

0101101
*
Ed
 1e-07 1 1 0
1  510 0 0 304.8
2  1019 250 0 0 304.8
2  1020 246 0 0 304.8
0

0101000
+1458 0 -1460 0 *
Ed
 1e-07 1 1 0
1  511 0 0 100.584
2  1021 249 0 0 100.584
2  1022 246 0 0 100.584
0

0101000
-1458 0 +1470 0 *
Wi

0101100
-1468 0 +1459 0 +1457 0 +1456 0 *
Fa
0  1e-07 246 0

0101000
+1455 0 *
Ve
1.5e-07
2203.704 3352.8 3124.2
0 0

0101101
*
Ed
 1e-07 1 1 0
1  512 0 15.2400000000002 115.824
2  1023 247 0 15.2400000000002 115.824
2  1024 251 0 15.2400000000002 115.824
0

0101000
+1467 0 -1453 0 *
Ed
 1.5e-07 1 1 0
1  513 0 0 1752.6
2  1025 250 0 0 1752.6
2  1026 247 0 0 1752.6
0

0101000
+1453 0 -1460 0 *
Wi

0101100
-1452 0 -1451 0 -1459 0 +1466 0 *
Fa
0  1e-07 247 0

0101000
+1450 0 *
Ve
1e-07
2203.704 3048 3124.2
0 0

0101101
*
Ed
 1e-07 1 1 0
1  514 0 0 304.8
2  1027 250 0 0 304.8
2  1028 248 0 0 304.8
0

0101000
+1448 0 -1453 0 *
Ed
 1e-07 1 1 0
1  515 0 0 100.584
2  1029 249 0 0 100.584
2  1030 248 0 0 100.584
0

0101000
-1448 0 +1465 0 *
Wi

0101100
-1464 0 -1452 0 +1447 0 +1446 0 *
Fa
0  1e-07 248 0

0101000
+1445 0 *
Ed
 1e-07 1 1 0
1  516 0 0 1752.6
2  1031 250 0 0 1752.6
2  1032 249 0 0 1752.6
0

0101000
-1458 0 +1448 0 *
Wi

0101100
-1446 0 -1443 0 +1456 0 +1463 0 *
Fa
0  1e-07 249 0

0101000
+1442 0 *
Wi

0101100
-1457 0 +1451 0 +1447 0 -1443 0 *
Fa
0  1e-07 250 0

0101000
+1440 0 *
Sh

0101100
-1461 0 +1454 0 +1449 0 -1444 0 -1441 0 +1439 0 *
So

0100000
+1438 0 *
Ve
1.5e-07
2103.12 4084.32 4876.8
0 0

0101101
*
Ve
1e-07
2103.12 4937.76 4876.8
0 0

0101101
*
Ed
 1e-07 1 1 0
1  505 0 1036.32 1889.76
2  1009 245 0 1036.32 1889.76
2  1010 246 0 1036.32 1889.76
0

0101000
+1436 0 -1435 0 *
Ve
1e-07
2103.12 4937.76 3124.2
0 0

0101101
*
Ed
 1e-07 1 1 0
1  517 0 0 1752.6
2  1033 245 0 0 1752.6
2  1034 252 0 0 1752.6
0

0101000
-1435 0 +1433 0 *
Ve
1.5e-07
2103.12 4084.32 3124.2
0 0

0101101
*
Ed
 1e-07 1 1 0
1  507 0 1036.32 1889.76
2  1013 245 0 1036.32 1889.76
2  1014 248 0 1036.32 1889.76
0

0101000
+1431 0 -1433 0 *
Ed
 1.5e-07 1 1 0
1  518 0 0 1752.6
2  1035 245 0 0 1752.6
2  1036 253 0 0 1752.6
0

0101000
+1431 0 -1436 0 *
Wi

0101100
-1434 0 +1432 0 +1430 0 -1429 0 *
Fa
0  1e-07 245 0

0101000
+1428 0 *
Ve
1e-07
2203.704 4937.76 4876.8
0 0

0101101
*
Ed
 1e-07 1 1 0
1  519 0 0 100.584
2  1037 252 0 0 100.584
2  1038 246 0 0 100.584
0

0101000
-1426 0 +1435 0 *
Ve
1.5e-07
2203.704 4084.32 4876.8
0 0

0101101
*
Ed
 1e-07 1 1 0
1  510 0 1036.32 1889.76
2  1019 250 0 1036.32 1889.76
2  1020 246 0 1036.32 1889.76
0

0101000
+1424 0 -1426 0 *
Ed
 1.5e-07 1 1 0
1  520 0 -108.204 -7.62000000000035
2  1039 246 0 -108.204 -7.62000000000035
2  1040 253 0 -108.204 -7.62000000000035
0

0101000
+1424 0 -1436 0 *
Wi

0101100
-1434 0 -1425 0 +1423 0 -1422 0 *
Fa
0  1e-07 246 0

0101000
+1421 0 *
Ve
1e-07
2203.704 4937.76 3124.2
0 0

0101101
*
Ed
 1e-07 1 1 0
1  521 0 0 100.584
2  1041 252 0 0 100.584
2  1042 248 0 0 100.584
0

0101000
-1419 0 +1433 0 *
Ed
 1e-07 1 1 0
1  522 0 0 1752.6
2  1043 250 0 0 1752.6
2  1044 252 0 0 1752.6
0

0101000
-1426 0 +1419 0 *
Wi

0101100
-1418 0 -1417 0 +1425 0 +1432 0 *
Fa
0  1e-07 252 0

0101000
+1416 0 *
Ve
1.5e-07
2203.704 4084.32 3124.2
0 0

0101101
*
Ed
 1e-07 1 1 0
1  514 0 1036.32 1889.76
2  1027 250 0 1036.32 1889.76
2  1028 248 0 1036.32 1889.76
0

0101000
+1414 0 -1419 0 *
Ed
 1e-07 1 1 0
1  523 0 15.2400000000002 115.824
2  1045 253 0 15.2400000000002 115.824
2  1046 251 0 15.2400000000002 115.824
0

0101000
+1431 0 -1414 0 *
Wi

0101100
-1430 0 -1418 0 +1413 0 +1412 0 *
Fa
0  1e-07 248 0

0101000
+1411 0 *
Ed
 1.5e-07 1 1 0
1  524 0 0 1752.6
2  1047 250 0 0 1752.6
2  1048 253 0 0 1752.6
0

0101000
+1414 0 -1424 0 *
Wi

0101100
-1412 0 -1409 0 -1422 0 +1429 0 *
Fa
0  1e-07 253 0

0101000
+1408 0 *
Wi

0101100
-1423 0 +1417 0 +1413 0 -1409 0 *
Fa
0  1e-07 250 0

0101000
+1406 0 *
Sh

0101100
-1427 0 +1420 0 +1415 0 -1410 0 -1407 0 +1405 0 *
So

0100000
+1404 0 *
Co

0100000
+1437 0 +1403 0 *
Ve
1e-07
152.4 4937.76 4876.8
0 0

0101101
*
Ve
1e-07
152.4 4937.76 3124.2
0 0

0101101
*
Ed
 1e-07 1 1 0
1  525 0 0 1752.6
2  1049 254 0 0 1752.6
2  1050 255 0 0 1752.6
0

0101000
-1401 0 +1400 0 *
Ve
1e-07
152.4 5038.344 4876.8
0 0

0101101
*
Ed
 1e-07 1 1 0
1  526 0 0 100.584
2  1051 254 0 0 100.584
2  1052 256 0 0 100.584
0

0101000
-1398 0 +1401 0 *
Ve
1e-07
152.4 5038.344 3124.2
0 0

0101101
*
Ed
 1e-07 1 1 0
1  527 0 0 1752.6
2  1053 254 0 0 1752.6
2  1054 257 0 0 1752.6
0

0101000
-1398 0 +1396 0 *
Ed
 1e-07 1 1 0
1  528 0 0 100.584
2  1055 254 0 0 100.584
2  1056 258 0 0 100.584
0

0101000
-1396 0 +1400 0 *
Wi

0101100
-1399 0 -1397 0 +1395 0 +1394 0 *
Fa
0  1e-07 254 0

0101000
+1393 0 *
Ve
1e-07
2203.704 4937.76 4876.8
0 0

0101101
*
Ve
1e-07
2203.704 4937.76 3124.2
0 0

0101101
*
Ed
 1e-07 1 1 0
1  529 0 0 1752.6
2  1057 259 0 0 1752.6
2  1058 255 0 0 1752.6
0

0101000
-1391 0 +1390 0 *
Ve
1e-07
2203.704 5038.344 4876.8
0 0

0101101
*
Ed
 1e-07 1 1 0
1  530 0 0 100.584
2  1059 259 0 0 100.584
2  1060 256 0 0 100.584
0

0101000
-1388 0 +1391 0 *
Ve
1e-07
2203.704 5038.344 3124.2
0 0

0101101
*
Ed
 1e-07 1 1 0
1  531 0 0 1752.6
2  1061 259 0 0 1752.6
2  1062 257 0 0 1752.6
0

0101000
-1388 0 +1386 0 *
Ed
 1e-07 1 1 0
1  532 0 0 100.584
2  1063 259 0 0 100.584
2  1064 258 0 0 100.584
0

0101000
-1386 0 +1390 0 *
Wi

0101100
-1389 0 -1387 0 +1385 0 +1384 0 *
Fa
0  1e-07 259 0

0101000
+1383 0 *
Ed
 1e-07 1 1 0
1  533 0 0 2051.304
2  1065 255 0 0 2051.304
2  1066 258 0 0 2051.304
0

0101000
-1390 0 +1400 0 *
Ed
 1e-07 1 1 0
1  534 0 0 2051.304
2  1067 255 0 0 2051.304
2  1068 256 0 0 2051.304
0

0101000
-1391 0 +1401 0 *
Wi

0101100
-1381 0 -1389 0 +1380 0 +1399 0 *
Fa
0  1e-07 255 0

0101000
+1379 0 *
Ed
 1e-07 1 1 0
1  535 0 0 2051.304
2  1069 257 0 0 2051.304
2  1070 258 0 0 2051.304
0

0101000
-1386 0 +1396 0 *
Ed
 1e-07 1 1 0
1  536 0 0 2051.304
2  1071 257 0 0 2051.304
2  1072 256 0 0 2051.304
0

0101000
-1388 0 +1398 0 *
Wi

0101100
-1377 0 -1385 0 +1376 0 +1395 0 *
Fa
0  1e-07 257 0

0101000
+1375 0 *
Wi

0101100
-1394 0 -1377 0 +1384 0 +1381 0 *
Fa
0  1e-07 258 0

0101000
+1373 0 *
Wi

0101100
-1397 0 -1376 0 +1387 0 +1380 0 *
Fa
0  1e-07 256 0

0101000
+1371 0 *
Sh

0101100
-1392 0 +1382 0 -1378 0 +1374 0 -1372 0 +1370 0 *
So

0100000
+1369 0 *
Ve
1e-07
152.4 2438.4 4876.8
0 0

0101101
*
Ve
1e-07
152.4 2438.4 3124.2
0 0

0101101
*
Ed
 1e-07 1 1 0
1  537 0 0 1752.6
2  1073 260 0 0 1752.6
2  1074 261 0 0 1752.6
0

0101000
-1367 0 +1366 0 *
Ve
1e-07
152.4 2538.984 4876.8
0 0

0101101
*
Ed
 1e-07 1 1 0
1  538 0 0 100.584
2  1075 260 0 0 100.584
2  1076 262 0 0 100.584
0

0101000
-1364 0 +1367 0 *
Ve
1e-07
152.4 2538.984 3124.2
0 0

0101101
*
Ed
 1e-07 1 1 0
1  539 0 0 1752.6
2  1077 260 0 0 1752.6
2  1078 263 0 0 1752.6
0

0101000
-1364 0 +1362 0 *
Ed
 1e-07 1 1 0
1  540 0 0 100.584
2  1079 260 0 0 100.584
2  1080 264 0 0 100.584
0

0101000
-1362 0 +1366 0 *
Wi

0101100
-1365 0 -1363 0 +1361 0 +1360 0 *
Fa
0  1e-07 260 0

0101000
+1359 0 *
Ve
1.5e-07
304.8 2438.4 3124.2
0 0

0101101
*
Ed
 1e-07 1 1 0
1  541 0 0 152.4
2  1081 261 0 0 152.4
2  1082 264 0 0 152.4
0

0101000
+1366 0 -1357 0 *
Ve
1.5e-07
304.8 2438.4 4876.8
0 0

0101101
*
Ed
 1.5e-07 1 1 0
1  542 0 -1752.6 0
2  1083 261 0 -1752.6 0
2  1084 265 0 -1752.6 0
0

0101000
+1355 0 -1357 0 *
Ed
 1e-07 1 1 0
1  543 0 0 152.4
2  1085 261 0 0 152.4
2  1086 262 0 0 152.4
0

0101000
+1367 0 -1355 0 *
Wi

0101100
-1356 0 +1354 0 +1353 0 +1365 0 *
Fa
0  1e-07 261 0

0101000
+1352 0 *
Ve
1.5e-07
304.8 2538.984 4876.8
0 0

0101101
*
Ed
 1e-07 1 1 0
1  544 0 0 152.4
2  1087 263 0 0 152.4
2  1088 262 0 0 152.4
0

0101000
+1364 0 -1350 0 *
Ed
 1.5e-07 1 1 0
1  545 0 7.61999999999989 108.204
2  1089 262 0 7.61999999999989 108.204
2  1090 265 0 7.61999999999989 108.204
0

0101000
+1355 0 -1350 0 *
Wi

0101100
-1349 0 +1348 0 +1353 0 -1363 0 *
Fa
0  1e-07 262 0

0101000
+1347 0 *
Ve
1.5e-07
304.8 2538.984 3124.2
0 0

0101101
*
Ed
 1e-07 1 1 0
1  546 0 0 152.4
2  1091 263 0 0 152.4
2  1092 264 0 0 152.4
0

0101000
+1362 0 -1345 0 *
Ed
 1.5e-07 1 1 0
1  547 0 -1752.6 0
2  1093 263 0 -1752.6 0
2  1094 265 0 -1752.6 0
0

0101000
+1350 0 -1345 0 *
Wi

0101100
-1344 0 +1343 0 +1349 0 +1361 0 *
Fa
0  1e-07 263 0

0101000
+1342 0 *
Ed
 1e-07 1 1 0
1  548 0 15.2399999999998 115.824
2  1095 265 0 15.2399999999998 115.824
2  1096 266 0 15.2399999999998 115.824
0

0101000
+1357 0 -1345 0 *
Wi

0101100
-1344 0 +1340 0 +1356 0 -1360 0 *
Fa
0  1e-07 264 0

0101000
+1339 0 *
Wi

0101100
+1354 0 -1348 0 -1343 0 +1340 0 *
Fa
0  1e-07 265 0

0101000
+1337 0 *
Sh

0101100
-1358 0 -1351 0 +1346 0 +1341 0 -1338 0 +1336 0 *
So

0100000
+1335 0 *
Ve
1.5e-07
1828.8 2438.4 3124.2
0 0

0101101
*
Ve
1e-07
1981.2 2438.4 3124.2
0 0

0101101
*
Ed
 1e-07 1 1 0
1  541 0 1676.4 1828.8
2  1081 261 0 1676.4 1828.8
2  1082 264 0 1676.4 1828.8
0

0101000
+1333 0 -1332 0 *
Ve
1e-07
1981.2 2438.4 4876.8
0 0

0101101
*
Ed
 1e-07 1 1 0
1  549 0 0 1752.6
2  1097 267 0 0 1752.6
2  1098 261 0 0 1752.6
0

0101000
-1330 0 +1332 0 *
Ve
1.5e-07
1828.8 2438.4 4876.8
0 0

0101101
*
Ed
 1e-07 1 1 0
1  543 0 1676.4 1828.8
2  1085 261 0 1676.4 1828.8
2  1086 262 0 1676.4 1828.8
0

0101000
+1328 0 -1330 0 *
Ed
 1.5e-07 1 1 0
1  550 0 -1752.6 0
2  1099 261 0 -1752.6 0
2  1100 268 0 -1752.6 0
0

0101000
+1328 0 -1333 0 *
Wi

0101100
-1331 0 -1329 0 +1327 0 -1326 0 *
Fa
0  1e-07 261 0

0101000
+1325 0 *
Ve
1.5e-07
1828.8 2538.984 3124.2
0 0

0101101
*
Ve
1e-07
1981.2 2538.984 3124.2
0 0

0101101
*
Ed
 1e-07 1 1 0
1  546 0 1676.4 1828.8
2  1091 263 0 1676.4 1828.8
2  1092 264 0 1676.4 1828.8
0

0101000
+1323 0 -1322 0 *
Ed
 1e-07 1 1 0
1  551 0 0 100.584
2  1101 267 0 0 100.584
2  1102 264 0 0 100.584
0

0101000
-1322 0 +1332 0 *
Ed
 1e-07 1 1 0
1  552 0 15.2399999999998 115.824
2  1103 268 0 15.2399999999998 115.824
2  1104 266 0 15.2399999999998 115.824
0

0101000
+1333 0 -1323 0 *
Wi

0101100
-1321 0 +1320 0 +1331 0 -1319 0 *
Fa
0  1e-07 264 0

0101000
+1318 0 *
Ve
1e-07
1981.2 2538.984 4876.8
0 0

0101101
*
Ed
 1e-07 1 1 0
1  553 0 0 100.584
2  1105 267 0 0 100.584
2  1106 262 0 0 100.584
0

0101000
-1316 0 +1330 0 *
Ed
 1e-07 1 1 0
1  554 0 0 1752.6
2  1107 267 0 0 1752.6
2  1108 263 0 0 1752.6
0

0101000
-1316 0 +1322 0 *
Wi

0101100
-1329 0 -1315 0 +1314 0 +1320 0 *
Fa
0  1e-07 267 0

0101000
+1313 0 *
Ve
1.5e-07
1828.8 2538.984 4876.8
0 0

0101101
*
Ed
 1e-07 1 1 0
1  544 0 1676.4 1828.8
2  1087 263 0 1676.4 1828.8
2  1088 262 0 1676.4 1828.8
0

0101000
+1311 0 -1316 0 *
Ed
 1.5e-07 1 1 0
1  555 0 7.61999999999989 108.204
2  1109 262 0 7.61999999999989 108.204
2  1110 268 0 7.61999999999989 108.204
0

0101000
+1328 0 -1311 0 *
Wi

0101100
-1310 0 +1315 0 +1327 0 -1309 0 *
Fa
0  1e-07 262 0

0101000
+1308 0 *
Ed
 1.5e-07 1 1 0
1  556 0 -1752.6 0
2  1111 263 0 -1752.6 0
2  1112 268 0 -1752.6 0
0

0101000
+1311 0 -1323 0 *
Wi

0101100
+1326 0 -1309 0 -1306 0 +1319 0 *
Fa
0  1e-07 268 0

0101000
+1305 0 *
Wi

0101100
-1321 0 -1314 0 +1310 0 -1306 0 *
Fa
0  1e-07 263 0

0101000
+1303 0 *
Sh

0101100
-1324 0 -1317 0 +1312 0 +1307 0 -1304 0 +1302 0 *
So

0100000
+1301 0 *
Co

0100000
+1334 0 +1300 0 *
Ve
1e-07
3108.96 152.4 4876.8
0 0

0101101
*
Ve
1.5e-07
3108.96 2164.08 4876.8
0 0

0101101
*
Ed
 1e-07 1 1 0
1  557 0 0 2011.68
2  1113 269 0 0 2011.68
2  1114 270 0 0 2011.68
0

0101000
+1298 0 -1297 0 *
Ve
1.5e-07
3108.96 2164.08 3124.2
0 0

0101101
*
Ed
 1.5e-07 1 1 0
1  558 0 0 1752.6
2  1115 269 0 0 1752.6
2  1116 271 0 0 1752.6
0

0101000
+1295 0 -1297 0 *
Ve
1e-07
3108.96 152.4 3124.2
0 0

0101101
*
Ed
 1e-07 1 1 0
1  559 0 0 2011.68
2  1117 269 0 0 2011.68
2  1118 272 0 0 2011.68
0

0101000
+1293 0 -1295 0 *
Ed
 1e-07 1 1 0
1  560 0 0 1752.6
2  1119 269 0 0 1752.6
2  1120 273 0 0 1752.6
0

0101000
-1298 0 +1293 0 *
Wi

0101100
-1296 0 +1294 0 +1292 0 -1291 0 *
Fa
0  1e-07 269 0

0101000
+1290 0 *
Ve
1.5e-07
3209.544 2164.08 4876.8
0 0

0101101
*
Ed
 1.5e-07 1 1 0
1  561 0 -108.204 -7.61999999999989
2  1121 270 0 -108.204 -7.61999999999989
2  1122 271 0 -108.204 -7.61999999999989
0

0101000
+1288 0 -1297 0 *
Ve
1e-07
3209.544 152.4 4876.8
0 0

0101101
*
Ed
 1e-07 1 1 0
1  562 0 0 2011.68
2  1123 274 0 0 2011.68
2  1124 270 0 0 2011.68
0

0101000
+1286 0 -1288 0 *
Ed
 1e-07 1 1 0
1  563 0 0 100.584
2  1125 273 0 0 100.584
2  1126 270 0 0 100.584
0

0101000
-1286 0 +1298 0 *
Wi

0101100
-1296 0 +1287 0 +1285 0 +1284 0 *
Fa
0  1e-07 270 0

0101000
+1283 0 *
Ve
1.5e-07
3209.544 2164.08 3124.2
0 0

0101101
*
Ed
 1e-07 1 1 0
1  564 0 15.2400000000002 115.824
2  1127 271 0 15.2400000000002 115.824
2  1128 275 0 15.2400000000002 115.824
0

0101000
+1295 0 -1281 0 *
Ed
 1.5e-07 1 1 0
1  565 0 0 1752.6
2  1129 274 0 0 1752.6
2  1130 271 0 0 1752.6
0

0101000
+1281 0 -1288 0 *
Wi

0101100
-1280 0 -1279 0 -1287 0 +1294 0 *
Fa
0  1e-07 271 0

0101000
+1278 0 *
Ve
1e-07
3209.544 152.4 3124.2
0 0

0101101
*
Ed
 1e-07 1 1 0
1  566 0 0 2011.68
2  1131 274 0 0 2011.68
2  1132 272 0 0 2011.68
0

0101000
+1276 0 -1281 0 *
Ed
 1e-07 1 1 0
1  567 0 0 100.584
2  1133 273 0 0 100.584
2  1134 272 0 0 100.584
0

0101000
-1276 0 +1293 0 *
Wi

0101100
-1292 0 -1280 0 +1275 0 +1274 0 *
Fa
0  1e-07 272 0

0101000
+1273 0 *
Ed
 1e-07 1 1 0
1  568 0 0 1752.6
2  1135 274 0 0 1752.6
2  1136 273 0 0 1752.6
0

0101000
-1286 0 +1276 0 *
Wi

0101100
-1274 0 -1271 0 +1284 0 +1291 0 *
Fa
0  1e-07 273 0

0101000
+1270 0 *
Wi

0101100
-1285 0 +1279 0 +1275 0 -1271 0 *
Fa
0  1e-07 274 0

0101000
+1268 0 *
Sh

0101100
-1289 0 +1282 0 +1277 0 -1272 0 -1269 0 +1267 0 *
So

0100000
+1266 0 *
Ve
1.5e-07
3108.96 2895.6 4876.8
0 0

0101101
*
Ve
1e-07
3108.96 3048 4876.8
0 0

0101101
*
Ed
 1e-07 1 1 0
1  557 0 2743.2 2895.6
2  1113 269 0 2743.2 2895.6
2  1114 270 0 2743.2 2895.6
0

0101000
+1264 0 -1263 0 *
Ve
1e-07
3108.96 3048 3124.2
0 0

0101101
*
Ed
 1e-07 1 1 0
1  569 0 0 1752.6
2  1137 269 0 0 1752.6
2  1138 276 0 0 1752.6
0

0101000
-1263 0 +1261 0 *
Ve
1.5e-07
3108.96 2895.6 3124.2
0 0

0101101
*
Ed
 1e-07 1 1 0
1  559 0 2743.2 2895.6
2  1117 269 0 2743.2 2895.6
2  1118 272 0 2743.2 2895.6
0

0101000
+1259 0 -1261 0 *
Ed
 1.5e-07 1 1 0
1  570 0 0 1752.6
2  1139 269 0 0 1752.6
2  1140 277 0 0 1752.6
0

0101000
+1259 0 -1264 0 *
Wi

0101100
-1262 0 +1260 0 +1258 0 -1257 0 *
Fa
0  1e-07 269 0

0101000
+1256 0 *
Ve
1e-07
3209.544 3048 4876.8
0 0

0101101
*
Ed
 1e-07 1 1 0
1  571 0 0 100.584
2  1141 276 0 0 100.584
2  1142 270 0 0 100.584
0

0101000
-1254 0 +1263 0 *
Ve
1.5e-07
3209.544 2895.6 4876.8
0 0

0101101
*
Ed
 1e-07 1 1 0
1  562 0 2743.2 2895.6
2  1123 274 0 2743.2 2895.6
2  1124 270 0 2743.2 2895.6
0

0101000
+1252 0 -1254 0 *
Ed
 1.5e-07 1 1 0
1  572 0 -108.204 -7.61999999999989
2  1143 270 0 -108.204 -7.61999999999989
2  1144 277 0 -108.204 -7.61999999999989
0

0101000
+1252 0 -1264 0 *
Wi

0101100
-1262 0 -1253 0 +1251 0 -1250 0 *
Fa
0  1e-07 270 0

0101000
+1249 0 *
Ve
1e-07
3209.544 3048 3124.2
0 0

0101101
*
Ed
 1e-07 1 1 0
1  573 0 0 100.584
2  1145 276 0 0 100.584
2  1146 272 0 0 100.584
0

0101000
-1247 0 +1261 0 *
Ed
 1e-07 1 1 0
1  574 0 0 1752.6
2  1147 274 0 0 1752.6
2  1148 276 0 0 1752.6
0

0101000
-1254 0 +1247 0 *
Wi

0101100
-1246 0 -1245 0 +1253 0 +1260 0 *
Fa
0  1e-07 276 0

0101000
+1244 0 *
Ve
1.5e-07
3209.544 2895.6 3124.2
0 0

0101101
*
Ed
 1e-07 1 1 0
1  566 0 2743.2 2895.6
2  1131 274 0 2743.2 2895.6
2  1132 272 0 2743.2 2895.6
0

0101000
+1242 0 -1247 0 *
Ed
 1e-07 1 1 0
1  575 0 15.2400000000002 115.824
2  1149 277 0 15.2400000000002 115.824
2  1150 275 0 15.2400000000002 115.824
0

0101000
+1259 0 -1242 0 *
Wi

0101100
-1258 0 -1246 0 +1241 0 +1240 0 *
Fa
0  1e-07 272 0

0101000
+1239 0 *
Ed
 1.5e-07 1 1 0
1  576 0 0 1752.6
2  1151 274 0 0 1752.6
2  1152 277 0 0 1752.6
0

0101000
+1242 0 -1252 0 *
Wi

0101100
-1240 0 -1237 0 -1250 0 +1257 0 *
Fa
0  1e-07 277 0

0101000
+1236 0 *
Wi

0101100
-1251 0 +1245 0 +1241 0 -1237 0 *
Fa
0  1e-07 274 0

0101000
+1234 0 *
Sh

0101100
-1255 0 +1248 0 +1243 0 -1238 0 -1235 0 +1233 0 *
So

0100000
+1232 0 *
Co

0100000
+1265 0 +1231 0 *
Ve
1e-07
152.4 3048 4876.8
0 0

0101101
*
Ve
1e-07
152.4 3048 3124.2
0 0

0101101
*
Ed
 1e-07 1 1 0
1  577 0 0 1752.6
2  1153 278 0 0 1752.6
2  1154 279 0 0 1752.6
0

0101000
-1229 0 +1228 0 *
Ve
1e-07
152.4 3148.584 4876.8
0 0

0101101
*
Ed
 1e-07 1 1 0
1  578 0 0 100.584
2  1155 278 0 0 100.584
2  1156 280 0 0 100.584
0

0101000
-1226 0 +1229 0 *
Ve
1e-07
152.4 3148.584 3124.2
0 0

0101101
*
Ed
 1e-07 1 1 0
1  579 0 0 1752.6
2  1157 278 0 0 1752.6
2  1158 281 0 0 1752.6
0

0101000
-1226 0 +1224 0 *
Ed
 1e-07 1 1 0
1  580 0 0 100.584
2  1159 278 0 0 100.584
2  1160 282 0 0 100.584
0

0101000
-1224 0 +1228 0 *
Wi

0101100
-1227 0 -1225 0 +1223 0 +1222 0 *
Fa
0  1e-07 278 0

0101000
+1221 0 *
Ve
1e-07
3209.544 3048 4876.8
0 0

0101101
*
Ve
1e-07
3209.544 3048 3124.2
0 0

0101101
*
Ed
 1e-07 1 1 0
1  581 0 0 1752.6
2  1161 283 0 0 1752.6
2  1162 279 0 0 1752.6
0

0101000
-1219 0 +1218 0 *
Ve
1e-07
3209.544 3148.584 4876.8
0 0

0101101
*
Ed
 1e-07 1 1 0
1  582 0 0 100.584
2  1163 283 0 0 100.584
2  1164 280 0 0 100.584
0

0101000
-1216 0 +1219 0 *
Ve
1e-07
3209.544 3148.584 3124.2
0 0

0101101
*
Ed
 1e-07 1 1 0
1  583 0 0 1752.6
2  1165 283 0 0 1752.6
2  1166 281 0 0 1752.6
0

0101000
-1216 0 +1214 0 *
Ed
 1e-07 1 1 0
1  584 0 0 100.584
2  1167 283 0 0 100.584
2  1168 282 0 0 100.584
0

0101000
-1214 0 +1218 0 *
Wi

0101100
-1217 0 -1215 0 +1213 0 +1212 0 *
Fa
0  1e-07 283 0

0101000
+1211 0 *
Ed
 1e-07 1 1 0
1  585 0 0 3057.144
2  1169 279 0 0 3057.144
2  1170 282 0 0 3057.144
0

0101000
-1218 0 +1228 0 *
Ed
 1e-07 1 1 0
1  586 0 0 3057.144
2  1171 279 0 0 3057.144
2  1172 280 0 0 3057.144
0

0101000
-1219 0 +1229 0 *
Wi

0101100
-1209 0 -1217 0 +1208 0 +1227 0 *
Fa
0  1e-07 279 0

0101000
+1207 0 *
Ed
 1e-07 1 1 0
1  587 0 0 3057.144
2  1173 281 0 0 3057.144
2  1174 282 0 0 3057.144
0

0101000
-1214 0 +1224 0 *
Ed
 1e-07 1 1 0
1  588 0 0 3057.144
2  1175 281 0 0 3057.144
2  1176 280 0 0 3057.144
0

0101000
-1216 0 +1226 0 *
Wi

0101100
-1205 0 -1213 0 +1204 0 +1223 0 *
Fa
0  1e-07 281 0

0101000
+1203 0 *
Wi

0101100
-1222 0 -1205 0 +1212 0 +1209 0 *
Fa
0  1e-07 282 0

0101000
+1201 0 *
Wi

0101100
-1225 0 -1204 0 +1215 0 +1208 0 *
Fa
0  1e-07 280 0

0101000
+1199 0 *
Sh

0101100
-1220 0 +1210 0 -1206 0 +1202 0 -1200 0 +1198 0 *
So

0100000
+1197 0 *
Ve
1e-07
7162.8 0 4876.8
0 0

0101101
*
Ve
1.5e-07
7162.8 609.6 4876.8
0 0

0101101
*
Ed
 1e-07 1 1 0
1  589 0 0 609.6
2  1177 284 0 0 609.6
2  1178 285 0 0 609.6
0

0101000
+1195 0 -1194 0 *
Ve
1.5e-07
7162.8 609.6 3124.2
0 0

0101101
*
Ed
 1.5e-07 1 1 0
1  590 0 0 1752.6
2  1179 284 0 0 1752.6
2  1180 286 0 0 1752.6
0

0101000
+1192 0 -1194 0 *
Ve
1e-07
7162.8 0 3124.2
0 0

0101101
*
Ed
 1e-07 1 1 0
1  591 0 0 609.6
2  1181 284 0 0 609.6
2  1182 287 0 0 609.6
0

0101000
+1190 0 -1192 0 *
Ed
 1e-07 1 1 0
1  592 0 0 1752.6
2  1183 284 0 0 1752.6
2  1184 288 0 0 1752.6
0

0101000
-1195 0 +1190 0 *
Wi

0101100
-1193 0 +1191 0 +1189 0 -1188 0 *
Fa
0  1e-07 284 0

0101000
+1187 0 *
Ve
1.5e-07
7315.2 609.6 4876.8
0 0

0101101
*
Ed
 1.5e-07 1 1 0
1  593 0 -160.02 -7.61999999999989
2  1185 285 0 -160.02 -7.61999999999989
2  1186 286 0 -160.02 -7.61999999999989
0

0101000
+1185 0 -1194 0 *
Ve
1e-07
7315.2 0 4876.8
0 0

0101101
*
Ed
 1e-07 1 1 0
1  594 0 0 609.6
2  1187 289 0 0 609.6
2  1188 285 0 0 609.6
0

0101000
+1183 0 -1185 0 *
Ed
 1e-07 1 1 0
1  595 0 0 152.4
2  1189 288 0 0 152.4
2  1190 285 0 0 152.4
0

0101000
-1183 0 +1195 0 *
Wi

0101100
-1193 0 +1184 0 +1182 0 +1181 0 *
Fa
0  1e-07 285 0

0101000
+1180 0 *
Ve
1.5e-07
7315.2 609.6 3124.2
0 0

0101101
*
Ed
 1e-07 1 1 0
1  596 0 15.2399999999998 167.639999999999
2  1191 286 0 15.2399999999998 167.639999999999
2  1192 290 0 15.2399999999998 167.639999999999
0

0101000
+1192 0 -1178 0 *
Ed
 1.5e-07 1 1 0
1  597 0 0 1752.6
2  1193 289 0 0 1752.6
2  1194 286 0 0 1752.6
0

0101000
+1178 0 -1185 0 *
Wi

0101100
-1177 0 -1176 0 -1184 0 +1191 0 *
Fa
0  1e-07 286 0

0101000
+1175 0 *
Ve
1e-07
7315.2 0 3124.2
0 0

0101101
*
Ed
 1e-07 1 1 0
1  598 0 0 609.6
2  1195 289 0 0 609.6
2  1196 287 0 0 609.6
0

0101000
+1173 0 -1178 0 *
Ed
 1e-07 1 1 0
1  599 0 0 152.4
2  1197 288 0 0 152.4
2  1198 287 0 0 152.4
0

0101000
-1173 0 +1190 0 *
Wi

0101100
-1189 0 -1177 0 +1172 0 +1171 0 *
Fa
0  1e-07 287 0

0101000
+1170 0 *
Ed
 1e-07 1 1 0
1  600 0 0 1752.6
2  1199 289 0 0 1752.6
2  1200 288 0 0 1752.6
0

0101000
-1183 0 +1173 0 *
Wi

0101100
-1171 0 -1168 0 +1181 0 +1188 0 *
Fa
0  1e-07 288 0

0101000
+1167 0 *
Wi

0101100
-1182 0 +1176 0 +1172 0 -1168 0 *
Fa
0  1e-07 289 0

0101000
+1165 0 *
Sh

0101100
-1186 0 +1179 0 +1174 0 -1169 0 -1166 0 +1164 0 *
So

0100000
+1163 0 *
Co

0100000
+1162 0 *
Ve
1.5e-07
7162.8 2133.6 4876.8
0 0

0101101
*
Ve
1e-07
7162.8 6096 4876.8
0 0

0101101
*
Ed
 1e-07 1 1 0
1  589 0 2133.6 6096
2  1177 284 0 2133.6 6096
2  1178 285 0 2133.6 6096
0

0101000
+1160 0 -1159 0 *
Ve
1.5e-07
7162.8 2133.6 3124.2
0 0

0101101
*
Ed
 1.5e-07 1 1 0
1  601 0 0 1752.6
2  1201 284 0 0 1752.6
2  1202 291 0 0 1752.6
0

0101000
+1157 0 -1160 0 *
Ve
1e-07
7162.8 6096 3124.2
0 0

0101101
*
Ed
 1e-07 1 1 0
1  602 0 0 1752.6
2  1203 284 0 0 1752.6
2  1204 292 0 0 1752.6
0

0101000
-1159 0 +1155 0 *
Ed
 1e-07 1 1 0
1  591 0 2133.6 6096
2  1181 284 0 2133.6 6096
2  1182 287 0 2133.6 6096
0

0101000
+1157 0 -1155 0 *
Wi

0101100
-1158 0 -1156 0 +1154 0 +1153 0 *
Ve
1.5e-07
7162.8 3413.76 3855.72
0 0

0101101
*
Ve
1.5e-07
7162.8 2804.16 3855.72
0 0

0101101
*
Ed
 1.5e-07 1 1 0
1  603 0 -2011.68 -1402.08
2  1205 284 0 -2011.68 -1402.08
2  1206 293 0 -2011.68 -1402.08
0

0101000
+1151 0 -1150 0 *
Ve
1.5e-07
7162.8 3413.76 4617.72
0 0

0101101
*
Ed
 1.5e-07 1 1 0
1  604 0 365.76 1127.76
2  1207 284 0 365.76 1127.76
2  1208 294 0 365.76 1127.76
0

0101000
+1151 0 -1148 0 *
Ve
1.5e-07
7162.8 2804.16 4617.72
0 0

0101101
*
Ed
 1.5e-07 1 1 0
1  605 0 -2011.68 -1402.08
2  1209 284 0 -2011.68 -1402.08
2  1210 295 0 -2011.68 -1402.08
0

0101000
+1148 0 -1146 0 *
Ed
 1.5e-07 1 1 0
1  606 0 365.76 1127.76
2  1211 284 0 365.76 1127.76
2  1212 296 0 365.76 1127.76
0

0101000
+1150 0 -1146 0 *
Wi

0101100
+1149 0 -1147 0 -1145 0 +1144 0 *
Fa
0  1e-07 284 0

0101000
+1152 0 +1143 0 *
Ve
1e-07
7315.2 6096 4876.8
0 0

0101101
*
Ed
 1e-07 1 1 0
1  607 0 0 152.4
2  1213 292 0 0 152.4
2  1214 285 0 0 152.4
0

0101000
-1141 0 +1159 0 *
Ve
1.5e-07
7315.2 2133.6 4876.8
0 0

0101101
*
Ed
 1e-07 1 1 0
1  594 0 2133.6 6096
2  1187 289 0 2133.6 6096
2  1188 285 0 2133.6 6096
0

0101000
+1139 0 -1141 0 *
Ed
 1.5e-07 1 1 0
1  608 0 -160.02 -7.61999999999989
2  1215 285 0 -160.02 -7.61999999999989
2  1216 291 0 -160.02 -7.61999999999989
0

0101000
+1139 0 -1160 0 *
Wi

0101100
-1158 0 -1140 0 +1138 0 -1137 0 *
Fa
0  1e-07 285 0

0101000
+1136 0 *
Ve
1.5e-07
7315.2 2133.6 3124.2
0 0

0101101
*
Ed
 1e-07 1 1 0
1  609 0 15.2399999999998 167.639999999999
2  1217 291 0 15.2399999999998 167.639999999999
2  1218 290 0 15.2399999999998 167.639999999999
0

0101000
+1157 0 -1134 0 *
Ed
 1.5e-07 1 1 0
1  610 0 0 1752.6
2  1219 289 0 0 1752.6
2  1220 291 0 0 1752.6
0

0101000
+1134 0 -1139 0 *
Wi

0101100
-1133 0 -1132 0 -1137 0 +1156 0 *
Fa
0  1e-07 291 0

0101000
+1131 0 *
Ve
1e-07
7315.2 6096 3124.2
0 0

0101101
*
Ed
 1e-07 1 1 0
1  611 0 0 152.4
2  1221 292 0 0 152.4
2  1222 287 0 0 152.4
0

0101000
-1129 0 +1155 0 *
Ed
 1e-07 1 1 0
1  612 0 0 1752.6
2  1223 289 0 0 1752.6
2  1224 292 0 0 1752.6
0

0101000
-1141 0 +1129 0 *
Wi

0101100
-1128 0 -1127 0 +1140 0 +1154 0 *
Fa
0  1e-07 292 0

0101000
+1126 0 *
Ed
 1e-07 1 1 0
1  598 0 2133.6 6096
2  1195 289 0 2133.6 6096
2  1196 287 0 2133.6 6096
0

0101000
+1134 0 -1129 0 *
Wi

0101100
-1153 0 -1128 0 +1124 0 +1133 0 *
Fa
0  1e-07 287 0

0101000
+1123 0 *
Ve
1.5e-07
7315.2 3413.76 3855.72
0 0

0101101
*
Ed
 1e-07 1 1 0
1  613 0 15.2399999999998 167.639999999999
2  1225 294 0 15.2399999999998 167.639999999999
2  1226 293 0 15.2399999999998 167.639999999999
0

0101000
+1151 0 -1121 0 *
Ve
1.5e-07
7315.2 2804.16 3855.72
0 0

0101101
*
Ed
 1.5e-07 1 1 0
1  614 0 -2011.68 -1402.08
2  1227 289 0 -2011.68 -1402.08
2  1228 293 0 -2011.68 -1402.08
0

0101000
+1121 0 -1119 0 *
Ed
 1e-07 1 1 0
1  615 0 15.2399999999998 167.639999999999
2  1229 296 0 15.2399999999998 167.639999999999
2  1230 293 0 15.2399999999998 167.639999999999
0

0101000
+1150 0 -1119 0 *
Wi

0101100
-1120 0 -1118 0 +1117 0 +1149 0 *
Fa
0  1e-07 293 0

0101000
+1116 0 *
Ve
1.5e-07
7315.2 3413.76 4617.72
0 0

0101101
*
Ed
 1.5e-07 1 1 0
1  616 0 365.76 1127.76
2  1231 289 0 365.76 1127.76
2  1232 294 0 365.76 1127.76
0

0101000
+1121 0 -1114 0 *
Ed
 1e-07 1 1 0
1  617 0 15.2399999999998 167.639999999999
2  1233 294 0 15.2399999999998 167.639999999999
2  1234 295 0 15.2399999999998 167.639999999999
0

0101000
+1148 0 -1114 0 *
Wi

0101100
-1120 0 -1113 0 +1112 0 +1147 0 *
Fa
0  1e-07 294 0

0101000
+1111 0 *
Ve
1.5e-07
7315.2 2804.16 4617.72
0 0

0101101
*
Ed
 1.5e-07 1 1 0
1  618 0 -2011.68 -1402.08
2  1235 289 0 -2011.68 -1402.08
2  1236 295 0 -2011.68 -1402.08
0

0101000
+1114 0 -1109 0 *
Ed
 1e-07 1 1 0
1  619 0 15.2399999999998 167.639999999999
2  1237 296 0 15.2399999999998 167.639999999999
2  1238 295 0 15.2399999999998 167.639999999999
0

0101000
+1146 0 -1109 0 *
Wi

0101100
-1112 0 -1108 0 +1107 0 +1145 0 *
Fa
0  1e-07 295 0

0101000
+1106 0 *
Ed
 1.5e-07 1 1 0
1  620 0 365.76 1127.76
2  1239 289 0 365.76 1127.76
2  1240 296 0 365.76 1127.76
0

0101000
+1119 0 -1109 0 *
Wi

0101100
-1117 0 -1104 0 +1107 0 +1144 0 *
Fa
0  1e-07 296 0

0101000
+1103 0 *
Wi

0101100
-1138 0 -1132 0 +1127 0 +1124 0 *
Wi

0101100
+1118 0 -1113 0 -1108 0 +1104 0 *
Fa
0  1e-07 289 0

0101000
+1101 0 +1100 0 *
Sh

0101100
-1142 0 +1135 0 -1130 0 +1125 0 -1122 0 +1115 0 -1110 0 -1105 0 +1102 0 +1099 0 
*
So

0100000
+1098 0 *
Co

0100000
+1097 0 *
Co

0100000
+1161 0 +1096 0 *
Ve
1e-07
0 5943.6 4876.8
0 0

0101101
*
Ve
1e-07
0 5943.6 3124.2
0 0

0101101
*
Ed
 1e-07 1 1 0
1  621 0 0 1752.6
2  1241 297 0 0 1752.6
2  1242 298 0 0 1752.6
0

0101000
-1094 0 +1093 0 *
Ve
1e-07
0 6096 4876.8
0 0

0101101
*
Ed
 1e-07 1 1 0
1  622 0 0 152.4
2  1243 297 0 0 152.4
2  1244 299 0 0 152.4
0

0101000
-1091 0 +1094 0 *
Ve
1e-07
0 6096 3124.2
0 0

0101101
*
Ed
 1e-07 1 1 0
1  623 0 0 1752.6
2  1245 297 0 0 1752.6
2  1246 300 0 0 1752.6
0

0101000
-1091 0 +1089 0 *
Ed
 1e-07 1 1 0
1  624 0 0 152.4
2  1247 297 0 0 152.4
2  1248 301 0 0 152.4
0

0101000
-1089 0 +1093 0 *
Wi

0101100
-1092 0 -1090 0 +1088 0 +1087 0 *
Fa
0  1e-07 297 0

0101000
+1086 0 *
Ve
1e-07
7315.2 5943.6 4876.8
0 0

0101101
*
Ve
1e-07
7315.2 5943.6 3124.2
0 0

0101101
*
Ed
 1e-07 1 1 0
1  625 0 0 1752.6
2  1249 302 0 0 1752.6
2  1250 298 0 0 1752.6
0

0101000
-1084 0 +1083 0 *
Ve
1e-07
7315.2 6096 4876.8
0 0

0101101
*
Ed
 1e-07 1 1 0
1  626 0 0 152.4
2  1251 302 0 0 152.4
2  1252 299 0 0 152.4
0

0101000
-1081 0 +1084 0 *
Ve
1e-07
7315.2 6096 3124.2
0 0

0101101
*
Ed
 1e-07 1 1 0
1  627 0 0 1752.6
2  1253 302 0 0 1752.6
2  1254 300 0 0 1752.6
0

0101000
-1081 0 +1079 0 *
Ed
 1e-07 1 1 0
1  628 0 0 152.4
2  1255 302 0 0 152.4
2  1256 301 0 0 152.4
0

0101000
-1079 0 +1083 0 *
Wi

0101100
-1082 0 -1080 0 +1078 0 +1077 0 *
Fa
0  1e-07 302 0

0101000
+1076 0 *
Ed
 1e-07 1 1 0
1  629 0 0 7315.2
2  1257 298 0 0 7315.2
2  1258 301 0 0 7315.2
0

0101000
-1083 0 +1093 0 *
Ed
 1e-07 1 1 0
1  630 0 0 7315.2
2  1259 298 0 0 7315.2
2  1260 299 0 0 7315.2
0

0101000
-1084 0 +1094 0 *
Wi

0101100
-1074 0 -1082 0 +1073 0 +1092 0 *
Fa
0  1e-07 298 0

0101000
+1072 0 *
Ed
 1e-07 1 1 0
1  631 0 0 7315.2
2  1261 300 0 0 7315.2
2  1262 301 0 0 7315.2
0

0101000
-1079 0 +1089 0 *
Ed
 1e-07 1 1 0
1  632 0 0 7315.2
2  1263 300 0 0 7315.2
2  1264 299 0 0 7315.2
0

0101000
-1081 0 +1091 0 *
Wi

0101100
-1070 0 -1078 0 +1069 0 +1088 0 *
Fa
0  1e-07 300 0

0101000
+1068 0 *
Wi

0101100
-1087 0 -1070 0 +1077 0 +1074 0 *
Fa
0  1e-07 301 0

0101000
+1066 0 *
Wi

0101100
-1090 0 -1069 0 +1080 0 +1073 0 *
Fa
0  1e-07 299 0

0101000
+1064 0 *
Sh

0101100
-1085 0 +1075 0 -1071 0 +1067 0 -1065 0 +1063 0 *
So

0100000
+1062 0 *
Ve
1e-07
213.36 3169.92 3169.92
0 0

0101101
*
Ve
1e-07
213.36 3169.92 3124.2
0 0

0101101
*
Ed
 1e-07 1 1 0
1  633 0 0 45.7199999999998
2  1265 303 0 0 45.7199999999998
2  1266 304 0 0 45.7199999999998
0

0101000
-1060 0 +1059 0 *
Ve
1e-07
213.36 4084.32 3169.92
0 0

0101101
*
Ed
 1e-07 1 1 0
1  634 0 0 914.4
2  1267 303 0 0 914.4
2  1268 305 0 0 914.4
0

0101000
-1057 0 +1060 0 *
Ve
1e-07
213.36 4084.32 3124.2
0 0

0101101
*
Ed
 1e-07 1 1 0
1  635 0 0 45.7199999999998
2  1269 303 0 0 45.7199999999998
2  1270 306 0 0 45.7199999999998
0

0101000
-1057 0 +1055 0 *
Ed
 1e-07 1 1 0
1  636 0 0 914.4
2  1271 303 0 0 914.4
2  1272 307 0 0 914.4
0

0101000
-1055 0 +1059 0 *
Wi

0101100
-1058 0 -1056 0 +1054 0 +1053 0 *
Fa
0  1e-07 303 0

0101000
+1052 0 *
Ve
1e-07
1127.76 3169.92 3169.92
0 0

0101101
*
Ve
1e-07
1127.76 3169.92 3124.2
0 0

0101101
*
Ed
 1e-07 1 1 0
1  637 0 0 45.7199999999998
2  1273 308 0 0 45.7199999999998
2  1274 304 0 0 45.7199999999998
0

0101000
-1050 0 +1049 0 *
Ve
1e-07
1127.76 4084.32 3169.92
0 0

0101101
*
Ed
 1e-07 1 1 0
1  638 0 0 914.4
2  1275 308 0 0 914.4
2  1276 305 0 0 914.4
0

0101000
-1047 0 +1050 0 *
Ve
1e-07
1127.76 4084.32 3124.2
0 0

0101101
*
Ed
 1e-07 1 1 0
1  639 0 0 45.7199999999998
2  1277 308 0 0 45.7199999999998
2  1278 306 0 0 45.7199999999998
0

0101000
-1047 0 +1045 0 *
Ed
 1e-07 1 1 0
1  640 0 0 914.4
2  1279 308 0 0 914.4
2  1280 307 0 0 914.4
0

0101000
-1045 0 +1049 0 *
Wi

0101100
-1048 0 -1046 0 +1044 0 +1043 0 *
Fa
0  1e-07 308 0

0101000
+1042 0 *
Ed
 1e-07 1 1 0
1  641 0 0 914.4
2  1281 304 0 0 914.4
2  1282 307 0 0 914.4
0

0101000
-1049 0 +1059 0 *
Ed
 1e-07 1 1 0
1  642 0 0 914.4
2  1283 304 0 0 914.4
2  1284 305 0 0 914.4
0

0101000
-1050 0 +1060 0 *
Wi

0101100
-1040 0 -1048 0 +1039 0 +1058 0 *
Fa
0  1e-07 304 0

0101000
+1038 0 *
Ed
 1e-07 1 1 0
1  643 0 0 914.4
2  1285 306 0 0 914.4
2  1286 307 0 0 914.4
0

0101000
-1045 0 +1055 0 *
Ed
 1e-07 1 1 0
1  644 0 0 914.4
2  1287 306 0 0 914.4
2  1288 305 0 0 914.4
0

0101000
-1047 0 +1057 0 *
Wi

0101100
-1036 0 -1044 0 +1035 0 +1054 0 *
Fa
0  1e-07 306 0

0101000
+1034 0 *
Wi

0101100
-1053 0 -1036 0 +1043 0 +1040 0 *
Fa
0  1e-07 307 0

0101000
+1032 0 *
Wi

0101100
-1056 0 -1035 0 +1046 0 +1039 0 *
Fa
0  1e-07 305 0

0101000
+1030 0 *
Sh

0101100
-1051 0 +1041 0 -1037 0 +1033 0 -1031 0 +1029 0 *
So

0100000
+1028 0 *
Ve
1e-07
0 0 4876.8
0 0

0101101
*
Ve
1e-07
0 0 3124.2
0 0

0101101
*
Ed
 1e-07 1 1 0
1  645 0 0 1752.6
2  1289 309 0 0 1752.6
2  1290 310 0 0 1752.6
0

0101000
-1026 0 +1025 0 *
Ve
1e-07
0 152.4 4876.8
0 0

0101101
*
Ed
 1e-07 1 1 0
1  646 0 0 152.4
2  1291 309 0 0 152.4
2  1292 311 0 0 152.4
0

0101000
-1023 0 +1026 0 *
Ve
1e-07
0 152.4 3124.2
0 0

0101101
*
Ed
 1e-07 1 1 0
1  647 0 0 1752.6
2  1293 309 0 0 1752.6
2  1294 312 0 0 1752.6
0

0101000
-1023 0 +1021 0 *
Ed
 1e-07 1 1 0
1  648 0 0 152.4
2  1295 309 0 0 152.4
2  1296 313 0 0 152.4
0

0101000
-1021 0 +1025 0 *
Wi

0101100
-1024 0 -1022 0 +1020 0 +1019 0 *
Fa
0  1e-07 309 0

0101000
+1018 0 *
Ve
1e-07
7315.2 0 3124.2
0 0

0101101
*
Ed
 1e-07 1 1 0
1  649 0 0 7315.2
2  1297 310 0 0 7315.2
2  1298 313 0 0 7315.2
0

0101000
-1016 0 +1025 0 *
Ve
1e-07
7315.2 0 4876.8
0 0

0101101
*
Ed
 1e-07 1 1 0
1  650 0 0 1752.6
2  1299 314 0 0 1752.6
2  1300 310 0 0 1752.6
0

0101000
-1014 0 +1016 0 *
Ed
 1e-07 1 1 0
1  651 0 0 7315.2
2  1301 310 0 0 7315.2
2  1302 311 0 0 7315.2
0

0101000
-1014 0 +1026 0 *
Wi

0101100
-1015 0 -1013 0 +1024 0 +1012 0 *
Ve
1.5e-07
4572 0 4617.72
0 0

0101101
*
Ve
1.5e-07
5334 0 4617.72
0 0

0101101
*
Ed
 1.5e-07 1 1 0
1  652 0 2286 3048
2  1303 310 0 2286 3048
2  1304 315 0 2286 3048
0

0101000
+1010 0 -1009 0 *
Ve
1.5e-07
5334 0 3855.72
0 0

0101101
*
Ed
 1.5e-07 1 1 0
1  653 0 -1127.76 -365.76
2  1305 310 0 -1127.76 -365.76
2  1306 316 0 -1127.76 -365.76
0

0101000
+1009 0 -1007 0 *
Ve
1.5e-07
4572 0 3855.72
0 0

0101101
*
Ed
 1.5e-07 1 1 0
1  654 0 2286 3048
2  1307 310 0 2286 3048
2  1308 317 0 2286 3048
0

0101000
+1005 0 -1007 0 *
Ed
 1.5e-07 1 1 0
1  655 0 -1127.76 -365.76
2  1309 310 0 -1127.76 -365.76
2  1310 318 0 -1127.76 -365.76
0

0101000
+1010 0 -1005 0 *
Wi

0101100
-1008 0 -1006 0 +1004 0 +1003 0 *
Fa
0  1e-07 310 0

0101000
+1011 0 +1002 0 *
Ve
1e-07
7315.2 152.4 4876.8
0 0

0101101
*
Ed
 1e-07 1 1 0
1  656 0 0 7315.2
2  1311 312 0 0 7315.2
2  1312 311 0 0 7315.2
0

0101000
-1000 0 +1023 0 *
Ed
 1e-07 1 1 0
1  657 0 0 152.4
2  1313 314 0 0 152.4
2  1314 311 0 0 152.4
0

0101000
-1000 0 +1014 0 *
Wi

0101100
-1022 0 -999 0 +998 0 +1012 0 *
Fa
0  1e-07 311 0

0101000
+997 0 *
Ve
1e-07
7315.2 152.4 3124.2
0 0

0101101
*
Ed
 1e-07 1 1 0
1  658 0 0 7315.2
2  1315 312 0 0 7315.2
2  1316 313 0 0 7315.2
0

0101000
-995 0 +1021 0 *
Ed
 1e-07 1 1 0
1  659 0 0 1752.6
2  1317 314 0 0 1752.6
2  1318 312 0 0 1752.6
0

0101000
-1000 0 +995 0 *
Wi

0101100
-994 0 -993 0 +1020 0 +999 0 *
Ve
1.5e-07
4572 152.4 4617.72
0 0

0101101
*
Ve
1.5e-07
5334 152.4 4617.72
0 0

0101101
*
Ed
 1.5e-07 1 1 0
1  660 0 2286 3048
2  1319 312 0 2286 3048
2  1320 315 0 2286 3048
0

0101000
+991 0 -990 0 *
Ve
1.5e-07
5334 152.4 3855.72
0 0

0101101
*
Ed
 1.5e-07 1 1 0
1  661 0 -1127.76 -365.76
2  1321 312 0 -1127.76 -365.76
2  1322 316 0 -1127.76 -365.76
0

0101000
+990 0 -988 0 *
Ve
1.5e-07
4572 152.4 3855.72
0 0

0101101
*
Ed
 1.5e-07 1 1 0
1  662 0 2286 3048
2  1323 312 0 2286 3048
2  1324 317 0 2286 3048
0

0101000
+986 0 -988 0 *
Ed
 1.5e-07 1 1 0
1  663 0 -1127.76 -365.76
2  1325 312 0 -1127.76 -365.76
2  1326 318 0 -1127.76 -365.76
0

0101000
+991 0 -986 0 *
Wi

0101100
-989 0 -987 0 +985 0 +984 0 *
Fa
0  1e-07 312 0

0101000
+992 0 +983 0 *
Ed
 1e-07 1 1 0
1  664 0 0 152.4
2  1327 314 0 0 152.4
2  1328 313 0 0 152.4
0

0101000
-995 0 +1016 0 *
Wi

0101100
-1019 0 -994 0 +981 0 +1015 0 *
Fa
0  1e-07 313 0

0101000
+980 0 *
Wi

0101100
-1013 0 -998 0 +993 0 +981 0 *
Fa
0  1e-07 314 0

0101000
+978 0 *
Ed
 1e-07 1 1 0
1  665 0 15.24 167.64
2  1329 318 0 15.24 167.64
2  1330 315 0 15.24 167.64
0

0101000
+1010 0 -991 0 *
Ed
 1e-07 1 1 0
1  666 0 15.24 167.64
2  1331 316 0 15.24 167.64
2  1332 315 0 15.24 167.64
0

0101000
+1009 0 -990 0 *
Wi

0101100
-976 0 -989 0 +975 0 +1008 0 *
Fa
0  1e-07 315 0

0101000
+974 0 *
Ed
 1e-07 1 1 0
1  667 0 15.24 167.64
2  1333 316 0 15.24 167.64
2  1334 317 0 15.24 167.64
0

0101000
+1007 0 -988 0 *
Wi

0101100
-975 0 -987 0 +972 0 +1006 0 *
Fa
0  1e-07 316 0

0101000
+971 0 *
Ed
 1e-07 1 1 0
1  668 0 15.24 167.64
2  1335 318 0 15.24 167.64
2  1336 317 0 15.24 167.64
0

0101000
+1005 0 -986 0 *
Wi

0101100
-969 0 -985 0 +972 0 +1004 0 *
Fa
0  1e-07 317 0

0101000
+968 0 *
Wi

0101100
-976 0 -984 0 +969 0 +1003 0 *
Fa
0  1e-07 318 0

0101000
+966 0 *
Sh

0101100
-1017 0 -1001 0 +996 0 +982 0 -979 0 +977 0 -973 0 -970 0 +967 0 +965 0 
*
So

0100000
+964 0 *
Co

0100000
+963 0 *
Ve
1e-07
213.36 4191 3977.64
0 0

0101101
*
Ve
1e-07
213.36 4191 3124.2
0 0

0101101
*
Ed
 1e-07 1 1 0
1  669 0 0 853.44
2  1337 319 0 0 853.44
2  1338 320 0 0 853.44
0

0101000
-961 0 +960 0 *
Ve
1e-07
213.36 4724.4 3977.64
0 0

0101101
*
Ed
 1e-07 1 1 0
1  670 0 0 533.4
2  1339 319 0 0 533.4
2  1340 321 0 0 533.4
0

0101000
-958 0 +961 0 *
Ve
1e-07
213.36 4724.4 3124.2
0 0

0101101
*
Ed
 1e-07 1 1 0
1  671 0 0 853.44
2  1341 319 0 0 853.44
2  1342 322 0 0 853.44
0

0101000
-958 0 +956 0 *
Ed
 1e-07 1 1 0
1  672 0 0 533.4
2  1343 319 0 0 533.4
2  1344 323 0 0 533.4
0

0101000
-956 0 +960 0 *
Wi

0101100
-959 0 -957 0 +955 0 +954 0 *
Fa
0  1e-07 319 0

0101000
+953 0 *
Ve
1e-07
944.88 4191 3977.64
0 0

0101101
*
Ve
1e-07
944.88 4191 3124.2
0 0

0101101
*
Ed
 1e-07 1 1 0
1  673 0 0 853.44
2  1345 324 0 0 853.44
2  1346 320 0 0 853.44
0

0101000
-951 0 +950 0 *
Ve
1e-07
944.88 4724.4 3977.64
0 0

0101101
*
Ed
 1e-07 1 1 0
1  674 0 0 533.4
2  1347 324 0 0 533.4
2  1348 321 0 0 533.4
0

0101000
-948 0 +951 0 *
Ve
1e-07
944.88 4724.4 3124.2
0 0

0101101
*
Ed
 1e-07 1 1 0
1  675 0 0 853.44
2  1349 324 0 0 853.44
2  1350 322 0 0 853.44
0

0101000
-948 0 +946 0 *
Ed
 1e-07 1 1 0
1  676 0 0 533.4
2  1351 324 0 0 533.4
2  1352 323 0 0 533.4
0

0101000
-946 0 +950 0 *
Wi

0101100
-949 0 -947 0 +945 0 +944 0 *
Fa
0  1e-07 324 0

0101000
+943 0 *
Ed
 1e-07 1 1 0
1  677 0 0 731.52
2  1353 320 0 0 731.52
2  1354 323 0 0 731.52
0

0101000
-950 0 +960 0 *
Ed
 1e-07 1 1 0
1  678 0 0 731.52
2  1355 320 0 0 731.52
2  1356 321 0 0 731.52
0

0101000
-951 0 +961 0 *
Wi

0101100
-941 0 -949 0 +940 0 +959 0 *
Fa
0  1e-07 320 0

0101000
+939 0 *
Ed
 1e-07 1 1 0
1  679 0 0 731.52
2  1357 322 0 0 731.52
2  1358 323 0 0 731.52
0

0101000
-946 0 +956 0 *
Ed
 1e-07 1 1 0
1  680 0 0 731.52
2  1359 322 0 0 731.52
2  1360 321 0 0 731.52
0

0101000
-948 0 +958 0 *
Wi

0101100
-937 0 -945 0 +936 0 +955 0 *
Fa
0  1e-07 322 0

0101000
+935 0 *
Wi

0101100
-954 0 -937 0 +944 0 +941 0 *
Fa
0  1e-07 323 0

0101000
+933 0 *
Wi

0101100
-957 0 -936 0 +947 0 +940 0 *
Fa
0  1e-07 321 0

0101000
+931 0 *
Sh

0101100
-952 0 +942 0 -938 0 +934 0 -932 0 +930 0 *
So

0100000
+929 0 *
Ve
1e-07
0 0 4876.8
0 0

0101101
*
Ve
1e-07
0 0 3124.2
0 0

0101101
*
Ed
 1e-07 1 1 0
1  681 0 0 1752.6
2  1361 325 0 0 1752.6
2  1362 326 0 0 1752.6
0

0101000
-927 0 +926 0 *
Ve
1e-07
0 6096 4876.8
0 0

0101101
*
Ed
 1e-07 1 1 0
1  682 0 0 6096
2  1363 325 0 0 6096
2  1364 327 0 0 6096
0

0101000
-924 0 +927 0 *
Ve
1e-07
0 6096 3124.2
0 0

0101101
*
Ed
 1e-07 1 1 0
1  683 0 0 6096
2  1365 325 0 0 6096
2  1366 328 0 0 6096
0

0101000
-922 0 +926 0 *
Ed
 1e-07 1 1 0
1  684 0 0 1752.6
2  1367 325 0 0 1752.6
2  1368 329 0 0 1752.6
0

0101000
-924 0 +922 0 *
Wi

0101100
-925 0 -923 0 +921 0 +920 0 *
Ve
1.5e-07
0 4328.16 3977.64
0 0

0101101
*
Ve
1.5e-07
0 3718.56 3977.64
0 0

0101101
*
Ed
 1.5e-07 1 1 0
1  685 0 -2468.88 -1859.28
2  1369 325 0 -2468.88 -1859.28
2  1370 330 0 -2468.88 -1859.28
0

0101000
+918 0 -917 0 *
Ve
1.5e-07
0 4328.16 4739.64
0 0

0101101
*
Ed
 1.5e-07 1 1 0
1  686 0 426.72 1188.72
2  1371 325 0 426.72 1188.72
2  1372 331 0 426.72 1188.72
0

0101000
+918 0 -915 0 *
Ve
1.5e-07
0 3718.56 4739.64
0 0

0101101
*
Ed
 1.5e-07 1 1 0
1  687 0 -2468.88 -1859.28
2  1373 325 0 -2468.88 -1859.28
2  1374 332 0 -2468.88 -1859.28
0

0101000
+915 0 -913 0 *
Ed
 1.5e-07 1 1 0
1  688 0 426.72 1188.72
2  1375 325 0 426.72 1188.72
2  1376 333 0 426.72 1188.72
0

0101000
+917 0 -913 0 *
Wi

0101100
+916 0 -914 0 -912 0 +911 0 *
Ve
1.5e-07
0 1767.84 3825.24
0 0

0101101
*
Ve
1.5e-07
0 1005.84 3825.24
0 0

0101101
*
Ed
 1.5e-07 1 1 0
1  689 0 -1264.92 -502.92
2  1377 325 0 -1264.92 -502.92
2  1378 334 0 -1264.92 -502.92
0

0101000
+909 0 -908 0 *
Ve
1.5e-07
0 1767.84 4800.6
0 0

0101101
*
Ed
 1.5e-07 1 1 0
1  690 0 350.52 1325.88
2  1379 325 0 350.52 1325.88
2  1380 335 0 350.52 1325.88
0

0101000
+909 0 -906 0 *
Ve
1.5e-07
0 1005.84 4800.6
0 0

0101101
*
Ed
 1.5e-07 1 1 0
1  691 0 350.52 1325.88
2  1381 325 0 350.52 1325.88
2  1382 336 0 350.52 1325.88
0

0101000
+908 0 -904 0 *
Ed
 1.5e-07 1 1 0
1  692 0 -1264.92 -502.92
2  1383 325 0 -1264.92 -502.92
2  1384 337 0 -1264.92 -502.92
0

0101000
+906 0 -904 0 *
Wi

0101100
+907 0 -905 0 +903 0 -902 0 *
Fa
0  1e-07 325 0

0101000
+919 0 +910 0 +901 0 *
Ve
1e-07
152.4 0 3124.2
0 0

0101101
*
Ed
 1e-07 1 1 0
1  693 0 0 152.4
2  1385 326 0 0 152.4
2  1386 328 0 0 152.4
0

0101000
-899 0 +926 0 *
Ve
1e-07
152.4 0 4876.8
0 0

0101101
*
Ed
 1e-07 1 1 0
1  694 0 0 1752.6
2  1387 338 0 0 1752.6
2  1388 326 0 0 1752.6
0

0101000
-897 0 +899 0 *
Ed
 1e-07 1 1 0
1  695 0 0 152.4
2  1389 326 0 0 152.4
2  1390 327 0 0 152.4
0

0101000
-897 0 +927 0 *
Wi

0101100
-898 0 -896 0 +895 0 +925 0 *
Fa
0  1e-07 326 0

0101000
+894 0 *
Ve
1e-07
152.4 6096 4876.8
0 0

0101101
*
Ed
 1e-07 1 1 0
1  696 0 0 152.4
2  1391 329 0 0 152.4
2  1392 327 0 0 152.4
0

0101000
-892 0 +924 0 *
Ed
 1e-07 1 1 0
1  697 0 0 6096
2  1393 338 0 0 6096
2  1394 327 0 0 6096
0

0101000
-892 0 +897 0 *
Wi

0101100
-923 0 -891 0 +890 0 +895 0 *
Fa
0  1e-07 327 0

0101000
+889 0 *
Ve
1e-07
152.4 6096 3124.2
0 0

0101101
*
Ed
 1e-07 1 1 0
1  698 0 0 152.4
2  1395 329 0 0 152.4
2  1396 328 0 0 152.4
0

0101000
-887 0 +922 0 *
Ed
 1e-07 1 1 0
1  699 0 0 6096
2  1397 338 0 0 6096
2  1398 328 0 0 6096
0

0101000
-887 0 +899 0 *
Wi

0101100
-921 0 -886 0 +885 0 +898 0 *
Fa
0  1e-07 328 0

0101000
+884 0 *
Ed
 1e-07 1 1 0
1  700 0 0 1752.6
2  1399 338 0 0 1752.6
2  1400 329 0 0 1752.6
0

0101000
-892 0 +887 0 *
Wi

0101100
-886 0 -882 0 +891 0 +920 0 *
Fa
0  1e-07 329 0

0101000
+881 0 *
Ve
1.5e-07
152.4 4328.16 3977.64
0 0

0101101
*
Ed
 1e-07 1 1 0
1  701 0 15.24 167.64
2  1401 331 0 15.24 167.64
2  1402 330 0 15.24 167.64
0

0101000
+918 0 -879 0 *
Ve
1.5e-07
152.4 3718.56 3977.64
0 0

0101101
*
Ed
 1.5e-07 1 1 0
1  702 0 -2468.88 -1859.28
2  1403 338 0 -2468.88 -1859.28
2  1404 330 0 -2468.88 -1859.28
0

0101000
+879 0 -877 0 *
Ed
 1e-07 1 1 0
1  703 0 15.24 167.64
2  1405 333 0 15.24 167.64
2  1406 330 0 15.24 167.64
0

0101000
+917 0 -877 0 *
Wi

0101100
-878 0 -876 0 +875 0 +916 0 *
Fa
0  1e-07 330 0

0101000
+874 0 *
Ve
1.5e-07
152.4 4328.16 4739.64
0 0

0101101
*
Ed
 1.5e-07 1 1 0
1  704 0 426.72 1188.72
2  1407 338 0 426.72 1188.72
2  1408 331 0 426.72 1188.72
0

0101000
+879 0 -872 0 *
Ed
 1e-07 1 1 0
1  705 0 15.24 167.64
2  1409 331 0 15.24 167.64
2  1410 332 0 15.24 167.64
0

0101000
+915 0 -872 0 *
Wi

0101100
-878 0 -871 0 +870 0 +914 0 *
Fa
0  1e-07 331 0

0101000
+869 0 *
Ve
1.5e-07
152.4 3718.56 4739.64
0 0

0101101
*
Ed
 1.5e-07 1 1 0
1  706 0 -2468.88 -1859.28
2  1411 338 0 -2468.88 -1859.28
2  1412 332 0 -2468.88 -1859.28
0

0101000
+872 0 -867 0 *
Ed
 1e-07 1 1 0
1  707 0 15.24 167.64
2  1413 333 0 15.24 167.64
2  1414 332 0 15.24 167.64
0

0101000
+913 0 -867 0 *
Wi

0101100
-870 0 -866 0 +865 0 +912 0 *
Fa
0  1e-07 332 0

0101000
+864 0 *
Ed
 1.5e-07 1 1 0
1  708 0 426.72 1188.72
2  1415 338 0 426.72 1188.72
2  1416 333 0 426.72 1188.72
0

0101000
+877 0 -867 0 *
Wi

0101100
-875 0 -862 0 +865 0 +911 0 *
Fa
0  1e-07 333 0

0101000
+861 0 *
Ve
1.5e-07
152.4 1767.84 3825.24
0 0

0101101
*
Ed
 1e-07 1 1 0
1  709 0 15.24 167.64
2  1417 335 0 15.24 167.64
2  1418 334 0 15.24 167.64
0

0101000
+909 0 -859 0 *
Ve
1.5e-07
152.4 1005.84 3825.24
0 0

0101101
*
Ed
 1.5e-07 1 1 0
1  710 0 -1264.92 -502.92
2  1419 338 0 -1264.92 -502.92
2  1420 334 0 -1264.92 -502.92
0

0101000
+859 0 -857 0 *
Ed
 1e-07 1 1 0
1  711 0 15.24 167.64
2  1421 336 0 15.24 167.64
2  1422 334 0 15.24 167.64
0

0101000
+908 0 -857 0 *
Wi

0101100
-858 0 -856 0 +855 0 +907 0 *
Fa
0  1e-07 334 0

0101000
+854 0 *
Ve
1.5e-07
152.4 1767.84 4800.6
0 0

0101101
*
Ed
 1.5e-07 1 1 0
1  712 0 350.52 1325.88
2  1423 338 0 350.52 1325.88
2  1424 335 0 350.52 1325.88
0

0101000
+859 0 -852 0 *
Ed
 1e-07 1 1 0
1  713 0 15.24 167.64
2  1425 335 0 15.24 167.64
2  1426 337 0 15.24 167.64
0

0101000
+906 0 -852 0 *
Wi

0101100
-858 0 -851 0 +850 0 +905 0 *
Fa
0  1e-07 335 0

0101000
+849 0 *
Ve
1.5e-07
152.4 1005.84 4800.6
0 0

0101101
*
Ed
 1.5e-07 1 1 0
1  714 0 350.52 1325.88
2  1427 338 0 350.52 1325.88
2  1428 336 0 350.52 1325.88
0

0101000
+857 0 -847 0 *
Ed
 1e-07 1 1 0
1  715 0 15.24 167.64
2  1429 336 0 15.24 167.64
2  1430 337 0 15.24 167.64
0

0101000
+904 0 -847 0 *
Wi

0101100
-855 0 -846 0 +845 0 +903 0 *
Fa
0  1e-07 336 0

0101000
+844 0 *
Ed
 1.5e-07 1 1 0
1  716 0 -1264.92 -502.92
2  1431 338 0 -1264.92 -502.92
2  1432 337 0 -1264.92 -502.92
0

0101000
+852 0 -847 0 *
Wi

0101100
-850 0 -842 0 +845 0 +902 0 *
Fa
0  1e-07 337 0

0101000
+841 0 *
Wi

0101100
-896 0 -890 0 +885 0 +882 0 *
Wi

0101100
+876 0 -871 0 -866 0 +862 0 *
Wi

0101100
+856 0 -851 0 +846 0 -842 0 *
Fa
0  1e-07 338 0

0101000
+839 0 +838 0 +837 0 *
Sh

0101100
-900 0 -893 0 +888 0 -883 0 +880 0 +873 0 -868 0 -863 0 +860 0 +853 0 
-848 0 +843 0 -840 0 +836 0 *
So

0100000
+835 0 *
Co

0100000
+834 0 *
Co

0100000
+833 0 *
Ve
1e-07
2386.584 4367.784 170.688
0 0

0101101
*
Ve
1e-07
2386.584 4367.784 158.496
0 0

0101101
*
Ed
 1e-07 1 1 0
1  717 0 0 12.192
2  1433 339 0 0 12.192
2  1434 340 0 0 12.192
0

0101000
-831 0 +830 0 *
Ve
1e-07
2386.584 5928.36 170.688
0 0

0101101
*
Ed
 1e-07 1 1 0
1  718 0 0 1560.576
2  1435 339 0 0 1560.576
2  1436 341 0 0 1560.576
0

0101000
-828 0 +831 0 *
Ve
1e-07
2386.584 5928.36 158.496
0 0

0101101
*
Ed
 1e-07 1 1 0
1  719 0 0 12.192
2  1437 339 0 0 12.192
2  1438 342 0 0 12.192
0

0101000
-828 0 +826 0 *
Ed
 1e-07 1 1 0
1  720 0 0 1560.576
2  1439 339 0 0 1560.576
2  1440 343 0 0 1560.576
0

0101000
-826 0 +830 0 *
Wi

0101100
-829 0 -827 0 +825 0 +824 0 *
Fa
0  1e-07 339 0

0101000
+823 0 *
Ve
1e-07
4166.616 4367.784 170.688
0 0

0101101
*
Ve
1e-07
4166.616 4367.784 158.496
0 0

0101101
*
Ed
 1e-07 1 1 0
1  721 0 0 12.192
2  1441 344 0 0 12.192
2  1442 340 0 0 12.192
0

0101000
-821 0 +820 0 *
Ve
1e-07
4166.616 5928.36 170.688
0 0

0101101
*
Ed
 1e-07 1 1 0
1  722 0 0 1560.576
2  1443 344 0 0 1560.576
2  1444 341 0 0 1560.576
0

0101000
-818 0 +821 0 *
Ve
1e-07
4166.616 5928.36 158.496
0 0

0101101
*
Ed
 1e-07 1 1 0
1  723 0 0 12.192
2  1445 344 0 0 12.192
2  1446 342 0 0 12.192
0

0101000
-818 0 +816 0 *
Ed
 1e-07 1 1 0
1  724 0 0 1560.576
2  1447 344 0 0 1560.576
2  1448 343 0 0 1560.576
0

0101000
-816 0 +820 0 *
Wi

0101100
-819 0 -817 0 +815 0 +814 0 *
Fa
0  1e-07 344 0

0101000
+813 0 *
Ed
 1e-07 1 1 0
1  725 0 0 1780.032
2  1449 340 0 0 1780.032
2  1450 343 0 0 1780.032
0

0101000
-820 0 +830 0 *
Ed
 1e-07 1 1 0
1  726 0 0 1780.032
2  1451 340 0 0 1780.032
2  1452 341 0 0 1780.032
0

0101000
-821 0 +831 0 *
Wi

0101100
-811 0 -819 0 +810 0 +829 0 *
Fa
0  1e-07 340 0

0101000
+809 0 *
Ed
 1e-07 1 1 0
1  727 0 0 1780.032
2  1453 342 0 0 1780.032
2  1454 343 0 0 1780.032
0

0101000
-816 0 +826 0 *
Ed
 1e-07 1 1 0
1  728 0 0 1780.032
2  1455 342 0 0 1780.032
2  1456 341 0 0 1780.032
0

0101000
-818 0 +828 0 *
Wi

0101100
-807 0 -815 0 +806 0 +825 0 *
Fa
0  1e-07 342 0

0101000
+805 0 *
Wi

0101100
-824 0 -807 0 +814 0 +811 0 *
Fa
0  1e-07 343 0

0101000
+803 0 *
Wi

0101100
-827 0 -806 0 +817 0 +810 0 *
Fa
0  1e-07 341 0

0101000
+801 0 *
Sh

0101100
-822 0 +812 0 -808 0 +804 0 -802 0 +800 0 *
So

0100000
+799 0 *
Ve
1e-07
0 0 152.4
0 0

0101101
*
Ve
1e-07
0 0 0
0 0

0101101
*
Ed
 1e-07 1 1 0
1  729 0 0 152.4
2  1457 345 0 0 152.4
2  1458 346 0 0 152.4
0

0101000
-797 0 +796 0 *
Ve
1e-07
0 6096 152.4
0 0

0101101
*
Ed
 1e-07 1 1 0
1  730 0 0 6096
2  1459 345 0 0 6096
2  1460 347 0 0 6096
0

0101000
-794 0 +797 0 *
Ve
1e-07
0 6096 0
0 0

0101101
*
Ed
 1e-07 1 1 0
1  731 0 0 152.4
2  1461 345 0 0 152.4
2  1462 348 0 0 152.4
0

0101000
-794 0 +792 0 *
Ed
 1e-07 1 1 0
1  732 0 0 6096
2  1463 345 0 0 6096
2  1464 349 0 0 6096
0

0101000
-792 0 +796 0 *
Wi

0101100
-795 0 -793 0 +791 0 +790 0 *
Fa
0  1e-07 345 0

0101000
+789 0 *
Ve
1e-07
7315.2 0 152.4
0 0

0101101
*
Ve
1e-07
7315.2 0 0
0 0

0101101
*
Ed
 1e-07 1 1 0
1  733 0 0 152.4
2  1465 350 0 0 152.4
2  1466 346 0 0 152.4
0

0101000
-787 0 +786 0 *
Ve
1e-07
7315.2 6096 152.4
0 0

0101101
*
Ed
 1e-07 1 1 0
1  734 0 0 6096
2  1467 350 0 0 6096
2  1468 347 0 0 6096
0

0101000
-784 0 +787 0 *
Ve
1e-07
7315.2 6096 0
0 0

0101101
*
Ed
 1e-07 1 1 0
1  735 0 0 152.4
2  1469 350 0 0 152.4
2  1470 348 0 0 152.4
0

0101000
-784 0 +782 0 *
Ed
 1e-07 1 1 0
1  736 0 0 6096
2  1471 350 0 0 6096
2  1472 349 0 0 6096
0

0101000
-782 0 +786 0 *
Wi

0101100
-785 0 -783 0 +781 0 +780 0 *
Fa
0  1e-07 350 0

0101000
+779 0 *
Ed
 1e-07 1 1 0
1  737 0 0 7315.2
2  1473 346 0 0 7315.2
2  1474 349 0 0 7315.2
0

0101000
-786 0 +796 0 *
Ed
 1e-07 1 1 0
1  738 0 0 7315.2
2  1475 346 0 0 7315.2
2  1476 347 0 0 7315.2
0

0101000
-787 0 +797 0 *
Wi

0101100
-777 0 -785 0 +776 0 +795 0 *
Fa
0  1e-07 346 0

0101000
+775 0 *
Ed
 1e-07 1 1 0
1  739 0 0 7315.2
2  1477 348 0 0 7315.2
2  1478 349 0 0 7315.2
0

0101000
-782 0 +792 0 *
Ed
 1e-07 1 1 0
1  740 0 0 7315.2
2  1479 348 0 0 7315.2
2  1480 347 0 0 7315.2
0

0101000
-784 0 +794 0 *
Wi

0101100
-773 0 -781 0 +772 0 +791 0 *
Fa
0  1e-07 348 0

0101000
+771 0 *
Wi

0101100
-790 0 -773 0 +780 0 +777 0 *
Fa
0  1e-07 349 0

0101000
+769 0 *
Wi

0101100
-793 0 -772 0 +783 0 +776 0 *
Fa
0  1e-07 347 0

0101000
+767 0 *
Sh

0101100
-788 0 +778 0 -774 0 +770 0 -768 0 +766 0 *
So

0100000
+765 0 *
Ve
1e-07
0 0 3124.2
0 0

0101101
*
Ve
1e-07
0 0 2895.6
0 0

0101101
*
Ed
 1e-07 1 1 0
1  741 0 0 228.6
2  1481 351 0 0 228.6
2  1482 352 0 0 228.6
0

0101000
-763 0 +762 0 *
Ve
1e-07
0 6096 3124.2
0 0

0101101
*
Ed
 1e-07 1 1 0
1  742 0 0 6096
2  1483 351 0 0 6096
2  1484 353 0 0 6096
0

0101000
-760 0 +763 0 *
Ve
1e-07
0 6096 2895.6
0 0

0101101
*
Ed
 1e-07 1 1 0
1  743 0 0 228.6
2  1485 351 0 0 228.6
2  1486 354 0 0 228.6
0

0101000
-760 0 +758 0 *
Ed
 1e-07 1 1 0
1  744 0 0 6096
2  1487 351 0 0 6096
2  1488 355 0 0 6096
0

0101000
-758 0 +762 0 *
Wi

0101100
-761 0 -759 0 +757 0 +756 0 *
Fa
0  1e-07 351 0

0101000
+755 0 *
Ve
1e-07
7315.2 0 3124.2
0 0

0101101
*
Ve
1e-07
7315.2 0 2895.6
0 0

0101101
*
Ed
 1e-07 1 1 0
1  745 0 0 228.6
2  1489 356 0 0 228.6
2  1490 352 0 0 228.6
0

0101000
-753 0 +752 0 *
Ve
1e-07
7315.2 6096 3124.2
0 0

0101101
*
Ed
 1e-07 1 1 0
1  746 0 0 6096
2  1491 356 0 0 6096
2  1492 353 0 0 6096
0

0101000
-750 0 +753 0 *
Ve
1e-07
7315.2 6096 2895.6
0 0

0101101
*
Ed
 1e-07 1 1 0
1  747 0 0 228.6
2  1493 356 0 0 228.6
2  1494 354 0 0 228.6
0

0101000
-750 0 +748 0 *
Ed
 1e-07 1 1 0
1  748 0 0 6096
2  1495 356 0 0 6096
2  1496 355 0 0 6096
0

0101000
-748 0 +752 0 *
Wi

0101100
-751 0 -749 0 +747 0 +746 0 *
Fa
0  1e-07 356 0

0101000
+745 0 *
Ed
 1e-07 1 1 0
1  749 0 0 7315.2
2  1497 352 0 0 7315.2
2  1498 355 0 0 7315.2
0

0101000
-752 0 +762 0 *
Ed
 1e-07 1 1 0
1  750 0 0 7315.2
2  1499 352 0 0 7315.2
2  1500 353 0 0 7315.2
0

0101000
-753 0 +763 0 *
Wi

0101100
-743 0 -751 0 +742 0 +761 0 *
Fa
0  1e-07 352 0

0101000
+741 0 *
Ed
 1e-07 1 1 0
1  751 0 0 7315.2
2  1501 354 0 0 7315.2
2  1502 355 0 0 7315.2
0

0101000
-748 0 +758 0 *
Ed
 1e-07 1 1 0
1  752 0 0 7315.2
2  1503 354 0 0 7315.2
2  1504 353 0 0 7315.2
0

0101000
-750 0 +760 0 *
Wi

0101100
-739 0 -747 0 +738 0 +757 0 *
Fa
0  1e-07 354 0

0101000
+737 0 *
Wi

0101100
-756 0 -739 0 +746 0 +743 0 *
Fa
0  1e-07 355 0

0101000
+735 0 *
Wi

0101100
-759 0 -738 0 +749 0 +742 0 *
Fa
0  1e-07 353 0

0101000
+733 0 *
Sh

0101100
-754 0 +744 0 -740 0 +736 0 -734 0 +732 0 *
So

0100000
+731 0 *
Ve
1e-07
3657.6 2240.28 4343.4
0 0

0101101
*
Ve
1e-07
3657.6 2240.28 3124.2
0 0

0101101
*
Ed
 1e-07 1 1 0
1  753 0 0 1219.2
2  1505 357 0 0 1219.2
2  1506 358 0 0 1219.2
0

0101000
-729 0 +728 0 *
Ve
1e-07
3657.6 2346.96 4343.4
0 0

0101101
*
Ed
 1e-07 1 1 0
1  754 0 0 106.68
2  1507 357 0 0 106.68
2  1508 359 0 0 106.68
0

0101000
-726 0 +729 0 *
Ve
1e-07
3657.6 2346.96 3124.2
0 0

0101101
*
Ed
 1e-07 1 1 0
1  755 0 0 1219.2
2  1509 357 0 0 1219.2
2  1510 360 0 0 1219.2
0

0101000
-726 0 +724 0 *
Ed
 1e-07 1 1 0
1  756 0 0 106.68
2  1511 357 0 0 106.68
2  1512 361 0 0 106.68
0

0101000
-724 0 +728 0 *
Wi

0101100
-727 0 -725 0 +723 0 +722 0 *
Fa
0  1e-07 357 0

0101000
+721 0 *
Ve
1e-07
5638.8 2240.28 4343.4
0 0

0101101
*
Ve
1e-07
5638.8 2240.28 3124.2
0 0

0101101
*
Ed
 1e-07 1 1 0
1  757 0 0 1219.2
2  1513 362 0 0 1219.2
2  1514 358 0 0 1219.2
0

0101000
-719 0 +718 0 *
Ve
1e-07
5638.8 2346.96 4343.4
0 0

0101101
*
Ed
 1e-07 1 1 0
1  758 0 0 106.68
2  1515 362 0 0 106.68
2  1516 359 0 0 106.68
0

0101000
-716 0 +719 0 *
Ve
1e-07
5638.8 2346.96 3124.2
0 0

0101101
*
Ed
 1e-07 1 1 0
1  759 0 0 1219.2
2  1517 362 0 0 1219.2
2  1518 360 0 0 1219.2
0

0101000
-716 0 +714 0 *
Ed
 1e-07 1 1 0
1  760 0 0 106.68
2  1519 362 0 0 106.68
2  1520 361 0 0 106.68
0

0101000
-714 0 +718 0 *
Wi

0101100
-717 0 -715 0 +713 0 +712 0 *
Fa
0  1e-07 362 0

0101000
+711 0 *
Ed
 1e-07 1 1 0
1  761 0 0 1981.2
2  1521 358 0 0 1981.2
2  1522 361 0 0 1981.2
0

0101000
-718 0 +728 0 *
Ed
 1e-07 1 1 0
1  762 0 0 1981.2
2  1523 358 0 0 1981.2
2  1524 359 0 0 1981.2
0

0101000
-719 0 +729 0 *
Wi

0101100
-709 0 -717 0 +708 0 +727 0 *
Fa
0  1e-07 358 0

0101000
+707 0 *
Ed
 1e-07 1 1 0
1  763 0 0 1981.2
2  1525 360 0 0 1981.2
2  1526 361 0 0 1981.2
0

0101000
-714 0 +724 0 *
Ed
 1e-07 1 1 0
1  764 0 0 1981.2
2  1527 360 0 0 1981.2
2  1528 359 0 0 1981.2
0

0101000
-716 0 +726 0 *
Wi

0101100
-705 0 -713 0 +704 0 +723 0 *
Fa
0  1e-07 360 0

0101000
+703 0 *
Wi

0101100
-722 0 -705 0 +712 0 +709 0 *
Fa
0  1e-07 361 0

0101000
+701 0 *
Wi

0101100
-725 0 -704 0 +715 0 +708 0 *
Fa
0  1e-07 359 0

0101000
+699 0 *
Sh

0101100
-720 0 +710 0 -706 0 +702 0 -700 0 +698 0 *
So

0100000
+697 0 *
Ve
1e-07
167.64 5038.344 3142.488
0 0

0101101
*
Ve
1e-07
167.64 5038.344 3130.296
0 0

0101101
*
Ed
 1e-07 1 1 0
1  765 0 0 12.192
2  1529 363 0 0 12.192
2  1530 364 0 0 12.192
0

0101000
-695 0 +694 0 *
Ve
1e-07
167.64 5928.36 3142.488
0 0

0101101
*
Ed
 1e-07 1 1 0
1  766 0 0 890.016
2  1531 363 0 0 890.016
2  1532 365 0 0 890.016
0

0101000
-692 0 +695 0 *
Ve
1e-07
167.64 5928.36 3130.296
0 0

0101101
*
Ed
 1e-07 1 1 0
1  767 0 0 12.192
2  1533 363 0 0 12.192
2  1534 366 0 0 12.192
0

0101000
-692 0 +690 0 *
Ed
 1e-07 1 1 0
1  768 0 0 890.016
2  1535 363 0 0 890.016
2  1536 367 0 0 890.016
0

0101000
-690 0 +694 0 *
Wi

0101100
-693 0 -691 0 +689 0 +688 0 *
Fa
0  1e-07 363 0

0101000
+687 0 *
Ve
1e-07
2087.88 5038.344 3142.488
0 0

0101101
*
Ve
1e-07
2087.88 5038.344 3130.296
0 0

0101101
*
Ed
 1e-07 1 1 0
1  769 0 0 12.192
2  1537 368 0 0 12.192
2  1538 364 0 0 12.192
0

0101000
-685 0 +684 0 *
Ve
1e-07
2087.88 5928.36 3142.488
0 0

0101101
*
Ed
 1e-07 1 1 0
1  770 0 0 890.016
2  1539 368 0 0 890.016
2  1540 365 0 0 890.016
0

0101000
-682 0 +685 0 *
Ve
1e-07
2087.88 5928.36 3130.296
0 0

0101101
*
Ed
 1e-07 1 1 0
1  771 0 0 12.192
2  1541 368 0 0 12.192
2  1542 366 0 0 12.192
0

0101000
-682 0 +680 0 *
Ed
 1e-07 1 1 0
1  772 0 0 890.016
2  1543 368 0 0 890.016
2  1544 367 0 0 890.016
0

0101000
-680 0 +684 0 *
Wi

0101100
-683 0 -681 0 +679 0 +678 0 *
Fa
0  1e-07 368 0

0101000
+677 0 *
Ed
 1e-07 1 1 0
1  773 0 0 1920.24
2  1545 364 0 0 1920.24
2  1546 367 0 0 1920.24
0

0101000
-684 0 +694 0 *
Ed
 1e-07 1 1 0
1  774 0 0 1920.24
2  1547 364 0 0 1920.24
2  1548 365 0 0 1920.24
0

0101000
-685 0 +695 0 *
Wi

0101100
-675 0 -683 0 +674 0 +693 0 *
Fa
0  1e-07 364 0

0101000
+673 0 *
Ed
 1e-07 1 1 0
1  775 0 0 1920.24
2  1549 366 0 0 1920.24
2  1550 367 0 0 1920.24
0

0101000
-680 0 +690 0 *
Ed
 1e-07 1 1 0
1  776 0 0 1920.24
2  1551 366 0 0 1920.24
2  1552 365 0 0 1920.24
0

0101000
-682 0 +692 0 *
Wi

0101100
-671 0 -679 0 +670 0 +689 0 *
Fa
0  1e-07 366 0

0101000
+669 0 *
Wi

0101100
-688 0 -671 0 +678 0 +675 0 *
Fa
0  1e-07 367 0

0101000
+667 0 *
Wi

0101100
-691 0 -670 0 +681 0 +674 0 *
Fa
0  1e-07 365 0

0101000
+665 0 *
Sh

0101100
-686 0 +676 0 -672 0 +668 0 -666 0 +664 0 *
So

0100000
+663 0 *
Ve
1e-07
0 3048 6096
0 0

0101101
*
Ed
 1e-07 1 1 0
1  777 0 0 7315.2
0

0101000
+661 0 -661 54 *
Ve
1e-07
0 6096 4876.8
0 0

0101101
*
Ed
 1e-07 1 1 0
1  778 0 0 7315.2
0

0101000
+659 0 -659 54 *
Ed
 1e-07 1 1 0
1  779 0 0 3282.79646642919
0

0101000
+661 0 -659 0 *
Wi

0101100
+660 0 -658 0 -657 0 +657 54 *
Fa
0  1e-07 369 0

0101000
+656 0 *
Ve
1e-07
0 6096 4770.12
0 0

0101101
*
Ed
 1e-07 1 1 0
1  780 0 0 7315.2
0

0101000
+654 0 -654 54 *
Ed
 1e-07 1 1 0
1  781 0 0 106.68
0

0101000
+659 0 -654 0 *
Wi

0101100
+658 0 -653 0 -652 0 +652 54 *
Fa
0  1e-07 370 0

0101000
+651 0 *
Ve
1e-07
0 3048 5989.32
0 0

0101101
*
Ed
 1e-07 1 1 0
1  782 0 0 7315.2
0

0101000
+649 0 -649 54 *
Ed
 1e-07 1 1 0
1  783 0 0 3282.79646642919
0

0101000
+654 0 -649 0 *
Wi

0101100
+653 0 -648 0 -647 0 +647 54 *
Fa
0  1e-07 371 0

0101000
+646 0 *
Ed
 1e-07 1 1 0
1  784 0 0 106.68
0

0101000
+649 0 -661 0 *
Wi

0101100
+648 0 -660 0 -644 0 +644 54 *
Fa
0  1e-07 372 0

0101000
+643 0 *
Wi

0101100
+657 0 +652 0 +647 0 +644 0 *
Fa
0  1e-07 373 0

0101000
+641 0 *
Sh

0101100
+655 0 +650 0 +645 0 +642 0 +640 0 -640 54 *
So

0100000
+639 0 *
Ve
1e-07
4367.784 4367.784 170.688
0 0

0101101
*
Ve
1e-07
4367.784 4367.784 158.496
0 0

0101101
*
Ed
 1e-07 1 1 0
1  785 0 0 12.192
2  1553 374 0 0 12.192
2  1554 375 0 0 12.192
0

0101000
-637 0 +636 0 *
Ve
1e-07
4367.784 5928.36 170.688
0 0

0101101
*
Ed
 1e-07 1 1 0
1  786 0 0 1560.576
2  1555 374 0 0 1560.576
2  1556 376 0 0 1560.576
0

0101000
-634 0 +637 0 *
Ve
1e-07
4367.784 5928.36 158.496
0 0

0101101
*
Ed
 1e-07 1 1 0
1  787 0 0 12.192
2  1557 374 0 0 12.192
2  1558 377 0 0 12.192
0

0101000
-634 0 +632 0 *
Ed
 1e-07 1 1 0
1  788 0 0 1560.576
2  1559 374 0 0 1560.576
2  1560 378 0 0 1560.576
0

0101000
-632 0 +636 0 *
Wi

0101100
-635 0 -633 0 +631 0 +630 0 *
Fa
0  1e-07 374 0

0101000
+629 0 *
Ve
1e-07
7147.56 4367.784 170.688
0 0

0101101
*
Ve
1e-07
7147.56 4367.784 158.496
0 0

0101101
*
Ed
 1e-07 1 1 0
1  789 0 0 12.192
2  1561 379 0 0 12.192
2  1562 375 0 0 12.192
0

0101000
-627 0 +626 0 *
Ve
1e-07
7147.56 5928.36 170.688
0 0

0101101
*
Ed
 1e-07 1 1 0
1  790 0 0 1560.576
2  1563 379 0 0 1560.576
2  1564 376 0 0 1560.576
0

0101000
-624 0 +627 0 *
Ve
1e-07
7147.56 5928.36 158.496
0 0

0101101
*
Ed
 1e-07 1 1 0
1  791 0 0 12.192
2  1565 379 0 0 12.192
2  1566 377 0 0 12.192
0

0101000
-624 0 +622 0 *
Ed
 1e-07 1 1 0
1  792 0 0 1560.576
2  1567 379 0 0 1560.576
2  1568 378 0 0 1560.576
0

0101000
-622 0 +626 0 *
Wi

0101100
-625 0 -623 0 +621 0 +620 0 *
Fa
0  1e-07 379 0

0101000
+619 0 *
Ed
 1e-07 1 1 0
1  793 0 0 2779.776
2  1569 375 0 0 2779.776
2  1570 378 0 0 2779.776
0

0101000
-626 0 +636 0 *
Ed
 1e-07 1 1 0
1  794 0 0 2779.776
2  1571 375 0 0 2779.776
2  1572 376 0 0 2779.776
0

0101000
-627 0 +637 0 *
Wi

0101100
-617 0 -625 0 +616 0 +635 0 *
Fa
0  1e-07 375 0

0101000
+615 0 *
Ed
 1e-07 1 1 0
1  795 0 0 2779.776
2  1573 377 0 0 2779.776
2  1574 378 0 0 2779.776
0

0101000
-622 0 +632 0 *
Ed
 1e-07 1 1 0
1  796 0 0 2779.776
2  1575 377 0 0 2779.776
2  1576 376 0 0 2779.776
0

0101000
-624 0 +634 0 *
Wi

0101100
-613 0 -621 0 +612 0 +631 0 *
Fa
0  1e-07 377 0

0101000
+611 0 *
Wi

0101100
-630 0 -613 0 +620 0 +617 0 *
Fa
0  1e-07 378 0

0101000
+609 0 *
Wi

0101100
-633 0 -612 0 +623 0 +616 0 *
Fa
0  1e-07 376 0

0101000
+607 0 *
Sh

0101100
-628 0 +618 0 -614 0 +610 0 -608 0 +606 0 *
So

0100000
+605 0 *
Ve
1e-07
4572 5242.56 914.4
0 0

0101101
*
Ve
1e-07
4572 5242.56 152.4
0 0

0101101
*
Ed
 1e-07 1 1 0
1  797 0 0 762
2  1577 380 0 0 762
2  1578 381 0 0 762
0

0101000
-603 0 +602 0 *
Ve
1e-07
4572 5730.24 914.4
0 0

0101101
*
Ed
 1e-07 1 1 0
1  798 0 0 487.68
2  1579 380 0 0 487.68
2  1580 382 0 0 487.68
0

0101000
-600 0 +603 0 *
Ve
1e-07
4572 5730.24 152.4
0 0

0101101
*
Ed
 1e-07 1 1 0
1  799 0 0 762
2  1581 380 0 0 762
2  1582 383 0 0 762
0

0101000
-600 0 +598 0 *
Ed
 1e-07 1 1 0
1  800 0 0 487.68
2  1583 380 0 0 487.68
2  1584 384 0 0 487.68
0

0101000
-598 0 +602 0 *
Wi

0101100
-601 0 -599 0 +597 0 +596 0 *
Fa
0  1e-07 380 0

0101000
+595 0 *
Ve
1e-07
6278.88 5242.56 914.4
0 0

0101101
*
Ve
1e-07
6278.88 5242.56 152.4
0 0

0101101
*
Ed
 1e-07 1 1 0
1  801 0 0 762
2  1585 385 0 0 762
2  1586 381 0 0 762
0

0101000
-593 0 +592 0 *
Ve
1e-07
6278.88 5730.24 914.4
0 0

0101101
*
Ed
 1e-07 1 1 0
1  802 0 0 487.68
2  1587 385 0 0 487.68
2  1588 382 0 0 487.68
0

0101000
-590 0 +593 0 *
Ve
1e-07
6278.88 5730.24 152.4
0 0

0101101
*
Ed
 1e-07 1 1 0
1  803 0 0 762
2  1589 385 0 0 762
2  1590 383 0 0 762
0

0101000
-590 0 +588 0 *
Ed
 1e-07 1 1 0
1  804 0 0 487.68
2  1591 385 0 0 487.68
2  1592 384 0 0 487.68
0

0101000
-588 0 +592 0 *
Wi

0101100
-591 0 -589 0 +587 0 +586 0 *
Fa
0  1e-07 385 0

0101000
+585 0 *
Ed
 1e-07 1 1 0
1  805 0 0 1706.88
2  1593 381 0 0 1706.88
2  1594 384 0 0 1706.88
0

0101000
-592 0 +602 0 *
Ed
 1e-07 1 1 0
1  806 0 0 1706.88
2  1595 381 0 0 1706.88
2  1596 382 0 0 1706.88
0

0101000
-593 0 +603 0 *
Wi

0101100
-583 0 -591 0 +582 0 +601 0 *
Fa
0  1e-07 381 0

0101000
+581 0 *
Ed
 1e-07 1 1 0
1  807 0 0 1706.88
2  1597 383 0 0 1706.88
2  1598 384 0 0 1706.88
0

0101000
-588 0 +598 0 *
Ed
 1e-07 1 1 0
1  808 0 0 1706.88
2  1599 383 0 0 1706.88
2  1600 382 0 0 1706.88
0

0101000
-590 0 +600 0 *
Wi

0101100
-579 0 -587 0 +578 0 +597 0 *
Fa
0  1e-07 383 0

0101000
+577 0 *
Wi

0101100
-596 0 -579 0 +586 0 +583 0 *
Fa
0  1e-07 384 0

0101000
+575 0 *
Wi

0101100
-599 0 -578 0 +589 0 +582 0 *
Fa
0  1e-07 382 0

0101000
+573 0 *
Sh

0101100
-594 0 +584 0 -580 0 +576 0 -574 0 +572 0 *
So

0100000
+571 0 *
Ve
1e-07
7219.95 4815.84 2225.04
0 0

0101101
*
Ve
1e-07
7219.95 4815.84 152.4
0 0

0101101
*
Ed
 1e-07 1 1 0
1  809 0 0 2072.64
2  1601 386 0 0 2072.64
2  1602 387 0 0 2072.64
0

0101000
-569 0 +568 0 *
Ve
1e-07
7219.95 5577.84 2225.04
0 0

0101101
*
Ed
 1e-07 1 1 0
1  810 0 0 762
2  1603 386 0 0 762
2  1604 388 0 0 762
0

0101000
-566 0 +569 0 *
Ve
1e-07
7219.95 5577.84 152.4
0 0

0101101
*
Ed
 1e-07 1 1 0
1  811 0 0 2072.64
2  1605 386 0 0 2072.64
2  1606 389 0 0 2072.64
0

0101000
-566 0 +564 0 *
Ed
 1e-07 1 1 0
1  812 0 0 762
2  1607 386 0 0 762
2  1608 390 0 0 762
0

0101000
-564 0 +568 0 *
Wi

0101100
-567 0 -565 0 +563 0 +562 0 *
Fa
0  1e-07 386 0

0101000
+561 0 *
Ve
1e-07
7258.05 4815.84 2225.04
0 0

0101101
*
Ve
1e-07
7258.05 4815.84 152.4
0 0

0101101
*
Ed
 1e-07 1 1 0
1  813 0 0 2072.64
2  1609 391 0 0 2072.64
2  1610 387 0 0 2072.64
0

0101000
-559 0 +558 0 *
Ve
1e-07
7258.05 5577.84 2225.04
0 0

0101101
*
Ed
 1e-07 1 1 0
1  814 0 0 762
2  1611 391 0 0 762
2  1612 388 0 0 762
0

0101000
-556 0 +559 0 *
Ve
1e-07
7258.05 5577.84 152.4
0 0

0101101
*
Ed
 1e-07 1 1 0
1  815 0 0 2072.64
2  1613 391 0 0 2072.64
2  1614 389 0 0 2072.64
0

0101000
-556 0 +554 0 *
Ed
 1e-07 1 1 0
1  816 0 0 762
2  1615 391 0 0 762
2  1616 390 0 0 762
0

0101000
-554 0 +558 0 *
Wi

0101100
-557 0 -555 0 +553 0 +552 0 *
Fa
0  1e-07 391 0

0101000
+551 0 *
Ed
 1e-07 1 1 0
1  817 0 0 38.1000000000004
2  1617 387 0 0 38.1000000000004
2  1618 390 0 0 38.1000000000004
0

0101000
-558 0 +568 0 *
Ed
 1e-07 1 1 0
1  818 0 0 38.1000000000004
2  1619 387 0 0 38.1000000000004
2  1620 388 0 0 38.1000000000004
0

0101000
-559 0 +569 0 *
Wi

0101100
-549 0 -557 0 +548 0 +567 0 *
Fa
0  1e-07 387 0

0101000
+547 0 *
Ed
 1e-07 1 1 0
1  819 0 0 38.1000000000004
2  1621 389 0 0 38.1000000000004
2  1622 390 0 0 38.1000000000004
0

0101000
-554 0 +564 0 *
Ed
 1e-07 1 1 0
1  820 0 0 38.1000000000004
2  1623 389 0 0 38.1000000000004
2  1624 388 0 0 38.1000000000004
0

0101000
-556 0 +566 0 *
Wi

0101100
-545 0 -553 0 +544 0 +563 0 *
Fa
0  1e-07 389 0

0101000
+543 0 *
Wi

0101100
-562 0 -545 0 +552 0 +549 0 *
Fa
0  1e-07 390 0

0101000
+541 0 *
Wi

0101100
-565 0 -544 0 +555 0 +548 0 *
Fa
0  1e-07 388 0

0101000
+539 0 *
Sh

0101100
-560 0 +550 0 -546 0 +542 0 -540 0 +538 0 *
So

0100000
+537 0 *
Ve
1e-07
3215.64 167.64 3142.488
0 0

0101101
*
Ve
1e-07
3215.64 167.64 3130.296
0 0

0101101
*
Ed
 1e-07 1 1 0
1  821 0 0 12.192
2  1625 392 0 0 12.192
2  1626 393 0 0 12.192
0

0101000
-535 0 +534 0 *
Ve
1e-07
3215.64 2636.52 3142.488
0 0

0101101
*
Ed
 1e-07 1 1 0
1  822 0 0 2468.88
2  1627 392 0 0 2468.88
2  1628 394 0 0 2468.88
0

0101000
-532 0 +535 0 *
Ve
1e-07
3215.64 2636.52 3130.296
0 0

0101101
*
Ed
 1e-07 1 1 0
1  823 0 0 12.192
2  1629 392 0 0 12.192
2  1630 395 0 0 12.192
0

0101000
-532 0 +530 0 *
Ed
 1e-07 1 1 0
1  824 0 0 2468.88
2  1631 392 0 0 2468.88
2  1632 396 0 0 2468.88
0

0101000
-530 0 +534 0 *
Wi

0101100
-533 0 -531 0 +529 0 +528 0 *
Fa
0  1e-07 392 0

0101000
+527 0 *
Ve
1e-07
7147.56 167.64 3142.488
0 0

0101101
*
Ve
1e-07
7147.56 167.64 3130.296
0 0

0101101
*
Ed
 1e-07 1 1 0
1  825 0 0 12.192
2  1633 397 0 0 12.192
2  1634 393 0 0 12.192
0

0101000
-525 0 +524 0 *
Ve
1e-07
7147.56 2636.52 3142.488
0 0

0101101
*
Ed
 1e-07 1 1 0
1  826 0 0 2468.88
2  1635 397 0 0 2468.88
2  1636 394 0 0 2468.88
0

0101000
-522 0 +525 0 *
Ve
1e-07
7147.56 2636.52 3130.296
0 0

0101101
*
Ed
 1e-07 1 1 0
1  827 0 0 12.192
2  1637 397 0 0 12.192
2  1638 395 0 0 12.192
0

0101000
-522 0 +520 0 *
Ed
 1e-07 1 1 0
1  828 0 0 2468.88
2  1639 397 0 0 2468.88
2  1640 396 0 0 2468.88
0

0101000
-520 0 +524 0 *
Wi

0101100
-523 0 -521 0 +519 0 +518 0 *
Fa
0  1e-07 397 0

0101000
+517 0 *
Ed
 1e-07 1 1 0
1  829 0 0 3931.92
2  1641 393 0 0 3931.92
2  1642 396 0 0 3931.92
0

0101000
-524 0 +534 0 *
Ed
 1e-07 1 1 0
1  830 0 0 3931.92
2  1643 393 0 0 3931.92
2  1644 394 0 0 3931.92
0

0101000
-525 0 +535 0 *
Wi

0101100
-515 0 -523 0 +514 0 +533 0 *
Fa
0  1e-07 393 0

0101000
+513 0 *
Ed
 1e-07 1 1 0
1  831 0 0 3931.92
2  1645 395 0 0 3931.92
2  1646 396 0 0 3931.92
0

0101000
-520 0 +530 0 *
Ed
 1e-07 1 1 0
1  832 0 0 3931.92
2  1647 395 0 0 3931.92
2  1648 394 0 0 3931.92
0

0101000
-522 0 +532 0 *
Wi

0101100
-511 0 -519 0 +510 0 +529 0 *
Fa
0  1e-07 395 0

0101000
+509 0 *
Wi

0101100
-528 0 -511 0 +518 0 +515 0 *
Fa
0  1e-07 396 0

0101000
+507 0 *
Wi

0101100
-531 0 -510 0 +521 0 +514 0 *
Fa
0  1e-07 394 0

0101000
+505 0 *
Sh

0101100
-526 0 +516 0 -512 0 +508 0 -506 0 +504 0 *
So

0100000
+503 0 *
Ve
1e-07
6537.96 2743.2 5105.4
0 0

0101101
*
Ve
1e-07
6537.96 2743.2 3124.2
0 0

0101101
*
Ed
 1e-07 1 1 0
1  833 0 0 1981.2
2  1649 398 0 0 1981.2
2  1650 399 0 0 1981.2
0

0101000
-501 0 +500 0 *
Ve
1e-07
6537.96 3474.72 5105.4
0 0

0101101
*
Ed
 1e-07 1 1 0
1  834 0 0 731.52
2  1651 398 0 0 731.52
2  1652 400 0 0 731.52
0

0101000
-498 0 +501 0 *
Ve
1e-07
6537.96 3474.72 3124.2
0 0

0101101
*
Ed
 1e-07 1 1 0
1  835 0 0 1981.2
2  1653 398 0 0 1981.2
2  1654 401 0 0 1981.2
0

0101000
-498 0 +496 0 *
Ed
 1e-07 1 1 0
1  836 0 0 731.52
2  1655 398 0 0 731.52
2  1656 402 0 0 731.52
0

0101000
-496 0 +500 0 *
Wi

0101100
-499 0 -497 0 +495 0 +494 0 *
Fa
0  1e-07 398 0

0101000
+493 0 *
Ve
1e-07
7056.12 2743.2 5105.4
0 0

0101101
*
Ve
1e-07
7056.12 2743.2 3124.2
0 0

0101101
*
Ed
 1e-07 1 1 0
1  837 0 0 1981.2
2  1657 403 0 0 1981.2
2  1658 399 0 0 1981.2
0

0101000
-491 0 +490 0 *
Ve
1e-07
7056.12 3474.72 5105.4
0 0

0101101
*
Ed
 1e-07 1 1 0
1  838 0 0 731.52
2  1659 403 0 0 731.52
2  1660 400 0 0 731.52
0

0101000
-488 0 +491 0 *
Ve
1e-07
7056.12 3474.72 3124.2
0 0

0101101
*
Ed
 1e-07 1 1 0
1  839 0 0 1981.2
2  1661 403 0 0 1981.2
2  1662 401 0 0 1981.2
0

0101000
-488 0 +486 0 *
Ed
 1e-07 1 1 0
1  840 0 0 731.52
2  1663 403 0 0 731.52
2  1664 402 0 0 731.52
0

0101000
-486 0 +490 0 *
Wi

0101100
-489 0 -487 0 +485 0 +484 0 *
Fa
0  1e-07 403 0

0101000
+483 0 *
Ed
 1e-07 1 1 0
1  841 0 0 518.16
2  1665 399 0 0 518.16
2  1666 402 0 0 518.16
0

0101000
-490 0 +500 0 *
Ed
 1e-07 1 1 0
1  842 0 0 518.16
2  1667 399 0 0 518.16
2  1668 400 0 0 518.16
0

0101000
-491 0 +501 0 *
Wi

0101100
-481 0 -489 0 +480 0 +499 0 *
Fa
0  1e-07 399 0

0101000
+479 0 *
Ed
 1e-07 1 1 0
1  843 0 0 518.16
2  1669 401 0 0 518.16
2  1670 402 0 0 518.16
0

0101000
-486 0 +496 0 *
Ed
 1e-07 1 1 0
1  844 0 0 518.16
2  1671 401 0 0 518.16
2  1672 400 0 0 518.16
0

0101000
-488 0 +498 0 *
Wi

0101100
-477 0 -485 0 +476 0 +495 0 *
Fa
0  1e-07 401 0

0101000
+475 0 *
Wi

0101100
-494 0 -477 0 +484 0 +481 0 *
Fa
0  1e-07 402 0

0101000
+473 0 *
Wi

0101100
-497 0 -476 0 +487 0 +480 0 *
Fa
0  1e-07 400 0

0101000
+471 0 *
Sh

0101100
-492 0 +482 0 -478 0 +474 0 -472 0 +470 0 *
So

0100000
+469 0 *
Ve
1e-07
6370.32 3718.56 5105.4
0 0

0101101
*
Ve
1e-07
6370.32 3718.56 3124.2
0 0

0101101
*
Ed
 1e-07 1 1 0
1  845 0 0 1981.2
2  1673 404 0 0 1981.2
2  1674 405 0 0 1981.2
0

0101000
-467 0 +466 0 *
Ve
1e-07
6370.32 4511.04 5105.4
0 0

0101101
*
Ed
 1e-07 1 1 0
1  846 0 0 792.48
2  1675 404 0 0 792.48
2  1676 406 0 0 792.48
0

0101000
-464 0 +467 0 *
Ve
1e-07
6370.32 4511.04 3124.2
0 0

0101101
*
Ed
 1e-07 1 1 0
1  847 0 0 1981.2
2  1677 404 0 0 1981.2
2  1678 407 0 0 1981.2
0

0101000
-464 0 +462 0 *
Ed
 1e-07 1 1 0
1  848 0 0 792.48
2  1679 404 0 0 792.48
2  1680 408 0 0 792.48
0

0101000
-462 0 +466 0 *
Wi

0101100
-465 0 -463 0 +461 0 +460 0 *
Fa
0  1e-07 404 0

0101000
+459 0 *
Ve
1e-07
7132.32 3718.56 5105.4
0 0

0101101
*
Ve
1e-07
7132.32 3718.56 3124.2
0 0

0101101
*
Ed
 1e-07 1 1 0
1  849 0 0 1981.2
2  1681 409 0 0 1981.2
2  1682 405 0 0 1981.2
0

0101000
-457 0 +456 0 *
Ve
1e-07
7132.32 4511.04 5105.4
0 0

0101101
*
Ed
 1e-07 1 1 0
1  850 0 0 792.48
2  1683 409 0 0 792.48
2  1684 406 0 0 792.48
0

0101000
-454 0 +457 0 *
Ve
1e-07
7132.32 4511.04 3124.2
0 0

0101101
*
Ed
 1e-07 1 1 0
1  851 0 0 1981.2
2  1685 409 0 0 1981.2
2  1686 407 0 0 1981.2
0

0101000
-454 0 +452 0 *
Ed
 1e-07 1 1 0
1  852 0 0 792.48
2  1687 409 0 0 792.48
2  1688 408 0 0 792.48
0

0101000
-452 0 +456 0 *
Wi

0101100
-455 0 -453 0 +451 0 +450 0 *
Fa
0  1e-07 409 0

0101000
+449 0 *
Ed
 1e-07 1 1 0
1  853 0 0 762
2  1689 405 0 0 762
2  1690 408 0 0 762
0

0101000
-456 0 +466 0 *
Ed
 1e-07 1 1 0
1  854 0 0 762
2  1691 405 0 0 762
2  1692 406 0 0 762
0

0101000
-457 0 +467 0 *
Wi

0101100
-447 0 -455 0 +446 0 +465 0 *
Fa
0  1e-07 405 0

0101000
+445 0 *
Ed
 1e-07 1 1 0
1  855 0 0 762
2  1693 407 0 0 762
2  1694 408 0 0 762
0

0101000
-452 0 +462 0 *
Ed
 1e-07 1 1 0
1  856 0 0 762
2  1695 407 0 0 762
2  1696 406 0 0 762
0

0101000
-454 0 +464 0 *
Wi

0101100
-443 0 -451 0 +442 0 +461 0 *
Fa
0  1e-07 407 0

0101000
+441 0 *
Wi

0101100
-460 0 -443 0 +450 0 +447 0 *
Fa
0  1e-07 408 0

0101000
+439 0 *
Wi

0101100
-463 0 -442 0 +453 0 +446 0 *
Fa
0  1e-07 406 0

0101000
+437 0 *
Sh

0101100
-458 0 +448 0 -444 0 +440 0 -438 0 +436 0 *
So

0100000
+435 0 *
Ve
1e-07
3505.2 -1219.2 3962.4
0 0

0101101
*
Ve
1e-07
3505.2 -1219.2 2895.6
0 0

0101101
*
Ed
 1e-07 1 1 0
1  857 0 0 1066.8
2  1697 410 0 0 1066.8
2  1698 411 0 0 1066.8
0

0101000
-433 0 +432 0 *
Ve
1e-07
3505.2 -1182.624 3962.4
0 0

0101101
*
Ed
 1e-07 1 1 0
1  858 0 0 36.576
2  1699 410 0 0 36.576
2  1700 412 0 0 36.576
0

0101000
-430 0 +433 0 *
Ve
1e-07
3505.2 -1182.624 2895.6
0 0

0101101
*
Ed
 1e-07 1 1 0
1  859 0 0 1066.8
2  1701 410 0 0 1066.8
2  1702 413 0 0 1066.8
0

0101000
-430 0 +428 0 *
Ed
 1e-07 1 1 0
1  860 0 0 36.576
2  1703 410 0 0 36.576
2  1704 414 0 0 36.576
0

0101000
-428 0 +432 0 *
Wi

0101100
-431 0 -429 0 +427 0 +426 0 *
Fa
0  1e-07 410 0

0101000
+425 0 *
Ve
1e-07
3541.776 -1219.2 3962.4
0 0

0101101
*
Ve
1e-07
3541.776 -1219.2 2895.6
0 0

0101101
*
Ed
 1e-07 1 1 0
1  861 0 0 1066.8
2  1705 415 0 0 1066.8
2  1706 411 0 0 1066.8
0

0101000
-423 0 +422 0 *
Ve
1e-07
3541.776 -1182.624 3962.4
0 0

0101101
*
Ed
 1e-07 1 1 0
1  862 0 0 36.576
2  1707 415 0 0 36.576
2  1708 412 0 0 36.576
0

0101000
-420 0 +423 0 *
Ve
1e-07
3541.776 -1182.624 2895.6
0 0

0101101
*
Ed
 1e-07 1 1 0
1  863 0 0 1066.8
2  1709 415 0 0 1066.8
2  1710 413 0 0 1066.8
0

0101000
-420 0 +418 0 *
Ed
 1e-07 1 1 0
1  864 0 0 36.576
2  1711 415 0 0 36.576
2  1712 414 0 0 36.576
0

0101000
-418 0 +422 0 *
Wi

0101100
-421 0 -419 0 +417 0 +416 0 *
Fa
0  1e-07 415 0

0101000
+415 0 *
Ed
 1e-07 1 1 0
1  865 0 0 36.576
2  1713 411 0 0 36.576
2  1714 414 0 0 36.576
0

0101000
-422 0 +432 0 *
Ed
 1e-07 1 1 0
1  866 0 0 36.576
2  1715 411 0 0 36.576
2  1716 412 0 0 36.576
0

0101000
-423 0 +433 0 *
Wi

0101100
-413 0 -421 0 +412 0 +431 0 *
Fa
0  1e-07 411 0

0101000
+411 0 *
Ed
 1e-07 1 1 0
1  867 0 0 36.576
2  1717 413 0 0 36.576
2  1718 414 0 0 36.576
0

0101000
-418 0 +428 0 *
Ed
 1e-07 1 1 0
1  868 0 0 36.576
2  1719 413 0 0 36.576
2  1720 412 0 0 36.576
0

0101000
-420 0 +430 0 *
Wi

0101100
-409 0 -417 0 +408 0 +427 0 *
Fa
0  1e-07 413 0

0101000
+407 0 *
Wi

0101100
-426 0 -409 0 +416 0 +413 0 *
Fa
0  1e-07 414 0

0101000
+405 0 *
Wi

0101100
-429 0 -408 0 +419 0 +412 0 *
Fa
0  1e-07 412 0

0101000
+403 0 *
Sh

0101100
-424 0 +414 0 -410 0 +406 0 -404 0 +402 0 *
So

0100000
+401 0 *
Ve
1e-07
5943.6 -1219.2 3962.4
0 0

0101101
*
Ve
1e-07
5943.6 -1219.2 2895.6
0 0

0101101
*
Ed
 1e-07 1 1 0
1  869 0 0 1066.8
2  1721 416 0 0 1066.8
2  1722 417 0 0 1066.8
0

0101000
-399 0 +398 0 *
Ve
1e-07
5943.6 -1182.624 3962.4
0 0

0101101
*
Ed
 1e-07 1 1 0
1  870 0 0 36.576
2  1723 416 0 0 36.576
2  1724 418 0 0 36.576
0

0101000
-396 0 +399 0 *
Ve
1e-07
5943.6 -1182.624 2895.6
0 0

0101101
*
Ed
 1e-07 1 1 0
1  871 0 0 1066.8
2  1725 416 0 0 1066.8
2  1726 419 0 0 1066.8
0

0101000
-396 0 +394 0 *
Ed
 1e-07 1 1 0
1  872 0 0 36.576
2  1727 416 0 0 36.576
2  1728 420 0 0 36.576
0

0101000
-394 0 +398 0 *
Wi

0101100
-397 0 -395 0 +393 0 +392 0 *
Fa
0  1e-07 416 0

0101000
+391 0 *
Ve
1e-07
5980.176 -1219.2 3962.4
0 0

0101101
*
Ve
1e-07
5980.176 -1219.2 2895.6
0 0

0101101
*
Ed
 1e-07 1 1 0
1  873 0 0 1066.8
2  1729 421 0 0 1066.8
2  1730 417 0 0 1066.8
0

0101000
-389 0 +388 0 *
Ve
1e-07
5980.176 -1182.624 3962.4
0 0

0101101
*
Ed
 1e-07 1 1 0
1  874 0 0 36.576
2  1731 421 0 0 36.576
2  1732 418 0 0 36.576
0

0101000
-386 0 +389 0 *
Ve
1e-07
5980.176 -1182.624 2895.6
0 0

0101101
*
Ed
 1e-07 1 1 0
1  875 0 0 1066.8
2  1733 421 0 0 1066.8
2  1734 419 0 0 1066.8
0

0101000
-386 0 +384 0 *
Ed
 1e-07 1 1 0
1  876 0 0 36.576
2  1735 421 0 0 36.576
2  1736 420 0 0 36.576
0

0101000
-384 0 +388 0 *
Wi

0101100
-387 0 -385 0 +383 0 +382 0 *
Fa
0  1e-07 421 0

0101000
+381 0 *
Ed
 1e-07 1 1 0
1  877 0 0 36.576
2  1737 417 0 0 36.576
2  1738 420 0 0 36.576
0

0101000
-388 0 +398 0 *
Ed
 1e-07 1 1 0
1  878 0 0 36.576
2  1739 417 0 0 36.576
2  1740 418 0 0 36.576
0

0101000
-389 0 +399 0 *
Wi

0101100
-379 0 -387 0 +378 0 +397 0 *
Fa
0  1e-07 417 0

0101000
+377 0 *
Ed
 1e-07 1 1 0
1  879 0 0 36.576
2  1741 419 0 0 36.576
2  1742 420 0 0 36.576
0

0101000
-384 0 +394 0 *
Ed
 1e-07 1 1 0
1  880 0 0 36.576
2  1743 419 0 0 36.576
2  1744 418 0 0 36.576
0

0101000
-386 0 +396 0 *
Wi

0101100
-375 0 -383 0 +374 0 +393 0 *
Fa
0  1e-07 419 0

0101000
+373 0 *
Wi

0101100
-392 0 -375 0 +382 0 +379 0 *
Fa
0  1e-07 420 0

0101000
+371 0 *
Wi

0101100
-395 0 -374 0 +385 0 +378 0 *
Fa
0  1e-07 418 0

0101000
+369 0 *
Sh

0101100
-390 0 +380 0 -376 0 +372 0 -370 0 +368 0 *
So

0100000
+367 0 *
Ve
1e-07
8345.424 -1219.2 3962.4
0 0

0101101
*
Ve
1e-07
8345.424 -1219.2 2895.6
0 0

0101101
*
Ed
 1e-07 1 1 0
1  881 0 0 1066.8
2  1745 422 0 0 1066.8
2  1746 423 0 0 1066.8
0

0101000
-365 0 +364 0 *
Ve
1e-07
8345.424 -1182.624 3962.4
0 0

0101101
*
Ed
 1e-07 1 1 0
1  882 0 0 36.576
2  1747 422 0 0 36.576
2  1748 424 0 0 36.576
0

0101000
-362 0 +365 0 *
Ve
1e-07
8345.424 -1182.624 2895.6
0 0

0101101
*
Ed
 1e-07 1 1 0
1  883 0 0 1066.8
2  1749 422 0 0 1066.8
2  1750 425 0 0 1066.8
0

0101000
-362 0 +360 0 *
Ed
 1e-07 1 1 0
1  884 0 0 36.576
2  1751 422 0 0 36.576
2  1752 426 0 0 36.576
0

0101000
-360 0 +364 0 *
Wi

0101100
-363 0 -361 0 +359 0 +358 0 *
Fa
0  1e-07 422 0

0101000
+357 0 *
Ve
1e-07
8382 -1219.2 3962.4
0 0

0101101
*
Ve
1e-07
8382 -1219.2 2895.6
0 0

0101101
*
Ed
 1e-07 1 1 0
1  885 0 0 1066.8
2  1753 427 0 0 1066.8
2  1754 423 0 0 1066.8
0

0101000
-355 0 +354 0 *
Ve
1e-07
8382 -1182.624 3962.4
0 0

0101101
*
Ed
 1e-07 1 1 0
1  886 0 0 36.576
2  1755 427 0 0 36.576
2  1756 424 0 0 36.576
0

0101000
-352 0 +355 0 *
Ve
1e-07
8382 -1182.624 2895.6
0 0

0101101
*
Ed
 1e-07 1 1 0
1  887 0 0 1066.8
2  1757 427 0 0 1066.8
2  1758 425 0 0 1066.8
0

0101000
-352 0 +350 0 *
Ed
 1e-07 1 1 0
1  888 0 0 36.576
2  1759 427 0 0 36.576
2  1760 426 0 0 36.576
0

0101000
-350 0 +354 0 *
Wi

0101100
-353 0 -351 0 +349 0 +348 0 *
Fa
0  1e-07 427 0

0101000
+347 0 *
Ed
 1e-07 1 1 0
1  889 0 0 36.5759999999991
2  1761 423 0 0 36.5759999999991
2  1762 426 0 0 36.5759999999991
0

0101000
-354 0 +364 0 *
Ed
 1e-07 1 1 0
1  890 0 0 36.5759999999991
2  1763 423 0 0 36.5759999999991
2  1764 424 0 0 36.5759999999991
0

0101000
-355 0 +365 0 *
Wi

0101100
-345 0 -353 0 +344 0 +363 0 *
Fa
0  1e-07 423 0

0101000
+343 0 *
Ed
 1e-07 1 1 0
1  891 0 0 36.5759999999991
2  1765 425 0 0 36.5759999999991
2  1766 426 0 0 36.5759999999991
0

0101000
-350 0 +360 0 *
Ed
 1e-07 1 1 0
1  892 0 0 36.5759999999991
2  1767 425 0 0 36.5759999999991
2  1768 424 0 0 36.5759999999991
0

0101000
-352 0 +362 0 *
Wi

0101100
-341 0 -349 0 +340 0 +359 0 *
Fa
0  1e-07 425 0

0101000
+339 0 *
Wi

0101100
-358 0 -341 0 +348 0 +345 0 *
Fa
0  1e-07 426 0

0101000
+337 0 *
Wi

0101100
-361 0 -340 0 +351 0 +344 0 *
Fa
0  1e-07 424 0

0101000
+335 0 *
Sh

0101100
-356 0 +346 0 -342 0 +338 0 -336 0 +334 0 *
So

0100000
+333 0 *
Ve
1e-07
3505.2 -1219.2 3962.4
0 0

0101101
*
Ve
1e-07
3505.2 -1219.2 3925.824
0 0

0101101
*
Ed
 1e-07 1 1 0
1  893 0 0 36.576
2  1769 428 0 0 36.576
2  1770 429 0 0 36.576
0

0101000
-331 0 +330 0 *
Ve
1e-07
3505.2 -1182.624 3962.4
0 0

0101101
*
Ed
 1e-07 1 1 0
1  894 0 0 36.576
2  1771 428 0 0 36.576
2  1772 430 0 0 36.576
0

0101000
-328 0 +331 0 *
Ve
1e-07
3505.2 -1182.624 3925.824
0 0

0101101
*
Ed
 1e-07 1 1 0
1  895 0 0 36.576
2  1773 428 0 0 36.576
2  1774 431 0 0 36.576
0

0101000
-328 0 +326 0 *
Ed
 1e-07 1 1 0
1  896 0 0 36.576
2  1775 428 0 0 36.576
2  1776 432 0 0 36.576
0

0101000
-326 0 +330 0 *
Wi

0101100
-329 0 -327 0 +325 0 +324 0 *
Fa
0  1e-07 428 0

0101000
+323 0 *
Ve
1e-07
8382 -1219.2 3962.4
0 0

0101101
*
Ve
1e-07
8382 -1219.2 3925.824
0 0

0101101
*
Ed
 1e-07 1 1 0
1  897 0 0 36.576
2  1777 433 0 0 36.576
2  1778 429 0 0 36.576
0

0101000
-321 0 +320 0 *
Ve
1e-07
8382 -1182.624 3962.4
0 0

0101101
*
Ed
 1e-07 1 1 0
1  898 0 0 36.576
2  1779 433 0 0 36.576
2  1780 430 0 0 36.576
0

0101000
-318 0 +321 0 *
Ve
1e-07
8382 -1182.624 3925.824
0 0

0101101
*
Ed
 1e-07 1 1 0
1  899 0 0 36.576
2  1781 433 0 0 36.576
2  1782 431 0 0 36.576
0

0101000
-318 0 +316 0 *
Ed
 1e-07 1 1 0
1  900 0 0 36.576
2  1783 433 0 0 36.576
2  1784 432 0 0 36.576
0

0101000
-316 0 +320 0 *
Wi

0101100
-319 0 -317 0 +315 0 +314 0 *
Fa
0  1e-07 433 0

0101000
+313 0 *
Ed
 1e-07 1 1 0
1  901 0 0 4876.8
2  1785 429 0 0 4876.8
2  1786 432 0 0 4876.8
0

0101000
-320 0 +330 0 *
Ed
 1e-07 1 1 0
1  902 0 0 4876.8
2  1787 429 0 0 4876.8
2  1788 430 0 0 4876.8
0

0101000
-321 0 +331 0 *
Wi

0101100
-311 0 -319 0 +310 0 +329 0 *
Fa
0  1e-07 429 0

0101000
+309 0 *
Ed
 1e-07 1 1 0
1  903 0 0 4876.8
2  1789 431 0 0 4876.8
2  1790 432 0 0 4876.8
0

0101000
-316 0 +326 0 *
Ed
 1e-07 1 1 0
1  904 0 0 4876.8
2  1791 431 0 0 4876.8
2  1792 430 0 0 4876.8
0

0101000
-318 0 +328 0 *
Wi

0101100
-307 0 -315 0 +306 0 +325 0 *
Fa
0  1e-07 431 0

0101000
+305 0 *
Wi

0101100
-324 0 -307 0 +314 0 +311 0 *
Fa
0  1e-07 432 0

0101000
+303 0 *
Wi

0101100
-327 0 -306 0 +317 0 +310 0 *
Fa
0  1e-07 430 0

0101000
+301 0 *
Sh

0101100
-322 0 +312 0 -308 0 +304 0 -302 0 +300 0 *
So

0100000
+299 0 *
Ve
1e-07
4572 57.15 4617.72
0 0

0101101
*
Ve
1e-07
4572 57.15 3855.72
0 0

0101101
*
Ed
 1e-07 1 1 0
1  905 0 0 762
2  1793 434 0 0 762
2  1794 435 0 0 762
0

0101000
-297 0 +296 0 *
Ve
1e-07
4572 95.25 4617.72
0 0

0101101
*
Ed
 1e-07 1 1 0
1  906 0 0 38.1
2  1795 434 0 0 38.1
2  1796 436 0 0 38.1
0

0101000
-294 0 +297 0 *
Ve
1e-07
4572 95.25 3855.72
0 0

0101101
*
Ed
 1e-07 1 1 0
1  907 0 0 762
2  1797 434 0 0 762
2  1798 437 0 0 762
0

0101000
-294 0 +292 0 *
Ed
 1e-07 1 1 0
1  908 0 0 38.1
2  1799 434 0 0 38.1
2  1800 438 0 0 38.1
0

0101000
-292 0 +296 0 *
Wi

0101100
-295 0 -293 0 +291 0 +290 0 *
Fa
0  1e-07 434 0

0101000
+289 0 *
Ve
1e-07
5334 57.15 4617.72
0 0

0101101
*
Ve
1e-07
5334 57.15 3855.72
0 0

0101101
*
Ed
 1e-07 1 1 0
1  909 0 0 762
2  1801 439 0 0 762
2  1802 435 0 0 762
0

0101000
-287 0 +286 0 *
Ve
1e-07
5334 95.25 4617.72
0 0

0101101
*
Ed
 1e-07 1 1 0
1  910 0 0 38.1
2  1803 439 0 0 38.1
2  1804 436 0 0 38.1
0

0101000
-284 0 +287 0 *
Ve
1e-07
5334 95.25 3855.72
0 0

0101101
*
Ed
 1e-07 1 1 0
1  911 0 0 762
2  1805 439 0 0 762
2  1806 437 0 0 762
0

0101000
-284 0 +282 0 *
Ed
 1e-07 1 1 0
1  912 0 0 38.1
2  1807 439 0 0 38.1
2  1808 438 0 0 38.1
0

0101000
-282 0 +286 0 *
Wi

0101100
-285 0 -283 0 +281 0 +280 0 *
Fa
0  1e-07 439 0

0101000
+279 0 *
Ed
 1e-07 1 1 0
1  913 0 0 762
2  1809 435 0 0 762
2  1810 438 0 0 762
0

0101000
-286 0 +296 0 *
Ed
 1e-07 1 1 0
1  914 0 0 762
2  1811 435 0 0 762
2  1812 436 0 0 762
0

0101000
-287 0 +297 0 *
Wi

0101100
-277 0 -285 0 +276 0 +295 0 *
Fa
0  1e-07 435 0

0101000
+275 0 *
Ed
 1e-07 1 1 0
1  915 0 0 762
2  1813 437 0 0 762
2  1814 438 0 0 762
0

0101000
-282 0 +292 0 *
Ed
 1e-07 1 1 0
1  916 0 0 762
2  1815 437 0 0 762
2  1816 436 0 0 762
0

0101000
-284 0 +294 0 *
Wi

0101100
-273 0 -281 0 +272 0 +291 0 *
Fa
0  1e-07 437 0

0101000
+271 0 *
Wi

0101100
-290 0 -273 0 +280 0 +277 0 *
Fa
0  1e-07 438 0

0101000
+269 0 *
Wi

0101100
-293 0 -272 0 +283 0 +276 0 *
Fa
0  1e-07 436 0

0101000
+267 0 *
Sh

0101100
-288 0 +278 0 -274 0 +270 0 -268 0 +266 0 *
So

0100000
+265 0 *
Ve
1e-07
0 0 4876.8
0 0

0101101
*
Ed
 1e-07 1 1 0
1  917 0 0 7315.2
0

0101000
+263 0 -263 67 *
Ve
1e-07
0 3048 6096
0 0

0101101
*
Ed
 1e-07 1 1 0
1  918 0 0 7315.2
0

0101000
+261 0 -261 67 *
Ed
 1e-07 1 1 0
1  919 0 0 3282.79646642919
0

0101000
+263 0 -261 0 *
Wi

0101100
+262 0 -260 0 -259 0 +259 67 *
Fa
0  1e-07 440 0

0101000
+258 0 *
Ve
1e-07
0 3048 5989.32
0 0

0101101
*
Ed
 1e-07 1 1 0
1  920 0 0 7315.2
0

0101000
+256 0 -256 67 *
Ed
 1e-07 1 1 0
1  921 0 0 106.68
0

0101000
+261 0 -256 0 *
Wi

0101100
+260 0 -255 0 -254 0 +254 67 *
Fa
0  1e-07 441 0

0101000
+253 0 *
Ve
1e-07
0 0 4770.12
0 0

0101101
*
Ed
 1e-07 1 1 0
1  922 0 0 7315.2
0

0101000
+251 0 -251 67 *
Ed
 1e-07 1 1 0
1  923 0 0 3282.79646642919
0

0101000
+256 0 -251 0 *
Wi

0101100
+255 0 -250 0 -249 0 +249 67 *
Fa
0  1e-07 442 0

0101000
+248 0 *
Ed
 1e-07 1 1 0
1  924 0 0 106.68
0

0101000
+251 0 -263 0 *
Wi

0101100
+250 0 -262 0 -246 0 +246 67 *
Fa
0  1e-07 443 0

0101000
+245 0 *
Wi

0101100
+259 0 +254 0 +249 0 +246 0 *
Fa
0  1e-07 444 0

0101000
+243 0 *
Sh

0101100
+257 0 +252 0 +247 0 +244 0 +242 0 -242 67 *
So

0100000
+241 0 *
Ve
1e-07
4367.784 167.64 170.688
0 0

0101101
*
Ve
1e-07
4367.784 167.64 158.496
0 0

0101101
*
Ed
 1e-07 1 1 0
1  925 0 0 12.192
2  1817 445 0 0 12.192
2  1818 446 0 0 12.192
0

0101000
-239 0 +238 0 *
Ve
1e-07
4367.784 4251.96 170.688
0 0

0101101
*
Ed
 1e-07 1 1 0
1  926 0 0 4084.32
2  1819 445 0 0 4084.32
2  1820 447 0 0 4084.32
0

0101000
-236 0 +239 0 *
Ve
1e-07
4367.784 4251.96 158.496
0 0

0101101
*
Ed
 1e-07 1 1 0
1  927 0 0 12.192
2  1821 445 0 0 12.192
2  1822 448 0 0 12.192
0

0101000
-236 0 +234 0 *
Ed
 1e-07 1 1 0
1  928 0 0 4084.32
2  1823 445 0 0 4084.32
2  1824 449 0 0 4084.32
0

0101000
-234 0 +238 0 *
Wi

0101100
-237 0 -235 0 +233 0 +232 0 *
Fa
0  1e-07 445 0

0101000
+231 0 *
Ve
1e-07
7147.56 167.64 170.688
0 0

0101101
*
Ve
1e-07
7147.56 167.64 158.496
0 0

0101101
*
Ed
 1e-07 1 1 0
1  929 0 0 12.192
2  1825 450 0 0 12.192
2  1826 446 0 0 12.192
0

0101000
-229 0 +228 0 *
Ve
1e-07
7147.56 4251.96 170.688
0 0

0101101
*
Ed
 1e-07 1 1 0
1  930 0 0 4084.32
2  1827 450 0 0 4084.32
2  1828 447 0 0 4084.32
0

0101000
-226 0 +229 0 *
Ve
1e-07
7147.56 4251.96 158.496
0 0

0101101
*
Ed
 1e-07 1 1 0
1  931 0 0 12.192
2  1829 450 0 0 12.192
2  1830 448 0 0 12.192
0

0101000
-226 0 +224 0 *
Ed
 1e-07 1 1 0
1  932 0 0 4084.32
2  1831 450 0 0 4084.32
2  1832 449 0 0 4084.32
0

0101000
-224 0 +228 0 *
Wi

0101100
-227 0 -225 0 +223 0 +222 0 *
Fa
0  1e-07 450 0

0101000
+221 0 *
Ed
 1e-07 1 1 0
1  933 0 0 2779.776
2  1833 446 0 0 2779.776
2  1834 449 0 0 2779.776
0

0101000
-228 0 +238 0 *
Ed
 1e-07 1 1 0
1  934 0 0 2779.776
2  1835 446 0 0 2779.776
2  1836 447 0 0 2779.776
0

0101000
-229 0 +239 0 *
Wi

0101100
-219 0 -227 0 +218 0 +237 0 *
Fa
0  1e-07 446 0

0101000
+217 0 *
Ed
 1e-07 1 1 0
1  935 0 0 2779.776
2  1837 448 0 0 2779.776
2  1838 449 0 0 2779.776
0

0101000
-224 0 +234 0 *
Ed
 1e-07 1 1 0
1  936 0 0 2779.776
2  1839 448 0 0 2779.776
2  1840 447 0 0 2779.776
0

0101000
-226 0 +236 0 *
Wi

0101100
-215 0 -223 0 +214 0 +233 0 *
Fa
0  1e-07 448 0

0101000
+213 0 *
Wi

0101100
-232 0 -215 0 +222 0 +219 0 *
Fa
0  1e-07 449 0

0101000
+211 0 *
Wi

0101100
-235 0 -214 0 +225 0 +218 0 *
Fa
0  1e-07 447 0

0101000
+209 0 *
Sh

0101100
-230 0 +220 0 -216 0 +212 0 -210 0 +208 0 *
So

0100000
+207 0 *
Ve
1e-07
7219.95 2468.88 2286
0 0

0101101
*
Ve
1e-07
7219.95 2468.88 152.4
0 0

0101101
*
Ed
 1e-07 1 1 0
1  937 0 0 2133.6
2  1841 451 0 0 2133.6
2  1842 452 0 0 2133.6
0

0101000
-205 0 +204 0 *
Ve
1e-07
7219.95 3688.08 2286
0 0

0101101
*
Ed
 1e-07 1 1 0
1  938 0 0 1219.2
2  1843 451 0 0 1219.2
2  1844 453 0 0 1219.2
0

0101000
-202 0 +205 0 *
Ve
1e-07
7219.95 3688.08 152.4
0 0

0101101
*
Ed
 1e-07 1 1 0
1  939 0 0 2133.6
2  1845 451 0 0 2133.6
2  1846 454 0 0 2133.6
0

0101000
-202 0 +200 0 *
Ed
 1e-07 1 1 0
1  940 0 0 1219.2
2  1847 451 0 0 1219.2
2  1848 455 0 0 1219.2
0

0101000
-200 0 +204 0 *
Wi

0101100
-203 0 -201 0 +199 0 +198 0 *
Fa
0  1e-07 451 0

0101000
+197 0 *
Ve
1e-07
7258.05 2468.88 2286
0 0

0101101
*
Ve
1e-07
7258.05 2468.88 152.4
0 0

0101101
*
Ed
 1e-07 1 1 0
1  941 0 0 2133.6
2  1849 456 0 0 2133.6
2  1850 452 0 0 2133.6
0

0101000
-195 0 +194 0 *
Ve
1e-07
7258.05 3688.08 2286
0 0

0101101
*
Ed
 1e-07 1 1 0
1  942 0 0 1219.2
2  1851 456 0 0 1219.2
2  1852 453 0 0 1219.2
0

0101000
-192 0 +195 0 *
Ve
1e-07
7258.05 3688.08 152.4
0 0

0101101
*
Ed
 1e-07 1 1 0
1  943 0 0 2133.6
2  1853 456 0 0 2133.6
2  1854 454 0 0 2133.6
0

0101000
-192 0 +190 0 *
Ed
 1e-07 1 1 0
1  944 0 0 1219.2
2  1855 456 0 0 1219.2
2  1856 455 0 0 1219.2
0

0101000
-190 0 +194 0 *
Wi

0101100
-193 0 -191 0 +189 0 +188 0 *
Fa
0  1e-07 456 0

0101000
+187 0 *
Ed
 1e-07 1 1 0
1  945 0 0 38.1000000000004
2  1857 452 0 0 38.1000000000004
2  1858 455 0 0 38.1000000000004
0

0101000
-194 0 +204 0 *
Ed
 1e-07 1 1 0
1  946 0 0 38.1000000000004
2  1859 452 0 0 38.1000000000004
2  1860 453 0 0 38.1000000000004
0

0101000
-195 0 +205 0 *
Wi

0101100
-185 0 -193 0 +184 0 +203 0 *
Fa
0  1e-07 452 0

0101000
+183 0 *
Ed
 1e-07 1 1 0
1  947 0 0 38.1000000000004
2  1861 454 0 0 38.1000000000004
2  1862 455 0 0 38.1000000000004
0

0101000
-190 0 +200 0 *
Ed
 1e-07 1 1 0
1  948 0 0 38.1000000000004
2  1863 454 0 0 38.1000000000004
2  1864 453 0 0 38.1000000000004
0

0101000
-192 0 +202 0 *
Wi

0101100
-181 0 -189 0 +180 0 +199 0 *
Fa
0  1e-07 454 0

0101000
+179 0 *
Wi

0101100
-198 0 -181 0 +188 0 +185 0 *
Fa
0  1e-07 455 0

0101000
+177 0 *
Wi

0101100
-201 0 -180 0 +191 0 +184 0 *
Fa
0  1e-07 453 0

0101000
+175 0 *
Sh

0101100
-196 0 +186 0 -182 0 +178 0 -176 0 +174 0 *
So

0100000
+173 0 *
Ve
1e-07
7219.95 975.36 2133.6
0 0

0101101
*
Ve
1e-07
7219.95 975.36 1066.8
0 0

0101101
*
Ed
 1e-07 1 1 0
1  949 0 0 1066.8
2  1865 457 0 0 1066.8
2  1866 458 0 0 1066.8
0

0101000
-171 0 +170 0 *
Ve
1e-07
7219.95 1737.36 2133.6
0 0

0101101
*
Ed
 1e-07 1 1 0
1  950 0 0 762
2  1867 457 0 0 762
2  1868 459 0 0 762
0

0101000
-168 0 +171 0 *
Ve
1e-07
7219.95 1737.36 1066.8
0 0

0101101
*
Ed
 1e-07 1 1 0
1  951 0 0 1066.8
2  1869 457 0 0 1066.8
2  1870 460 0 0 1066.8
0

0101000
-168 0 +166 0 *
Ed
 1e-07 1 1 0
1  952 0 0 762
2  1871 457 0 0 762
2  1872 461 0 0 762
0

0101000
-166 0 +170 0 *
Wi

0101100
-169 0 -167 0 +165 0 +164 0 *
Fa
0  1e-07 457 0

0101000
+163 0 *
Ve
1e-07
7258.05 975.36 2133.6
0 0

0101101
*
Ve
1e-07
7258.05 975.36 1066.8
0 0

0101101
*
Ed
 1e-07 1 1 0
1  953 0 0 1066.8
2  1873 462 0 0 1066.8
2  1874 458 0 0 1066.8
0

0101000
-161 0 +160 0 *
Ve
1e-07
7258.05 1737.36 2133.6
0 0

0101101
*
Ed
 1e-07 1 1 0
1  954 0 0 762
2  1875 462 0 0 762
2  1876 459 0 0 762
0

0101000
-158 0 +161 0 *
Ve
1e-07
7258.05 1737.36 1066.8
0 0

0101101
*
Ed
 1e-07 1 1 0
1  955 0 0 1066.8
2  1877 462 0 0 1066.8
2  1878 460 0 0 1066.8
0

0101000
-158 0 +156 0 *
Ed
 1e-07 1 1 0
1  956 0 0 762
2  1879 462 0 0 762
2  1880 461 0 0 762
0

0101000
-156 0 +160 0 *
Wi

0101100
-159 0 -157 0 +155 0 +154 0 *
Fa
0  1e-07 462 0

0101000
+153 0 *
Ed
 1e-07 1 1 0
1  957 0 0 38.1000000000004
2  1881 458 0 0 38.1000000000004
2  1882 461 0 0 38.1000000000004
0

0101000
-160 0 +170 0 *
Ed
 1e-07 1 1 0
1  958 0 0 38.1000000000004
2  1883 458 0 0 38.1000000000004
2  1884 459 0 0 38.1000000000004
0

0101000
-161 0 +171 0 *
Wi

0101100
-151 0 -159 0 +150 0 +169 0 *
Fa
0  1e-07 458 0

0101000
+149 0 *
Ed
 1e-07 1 1 0
1  959 0 0 38.1000000000004
2  1885 460 0 0 38.1000000000004
2  1886 461 0 0 38.1000000000004
0

0101000
-156 0 +166 0 *
Ed
 1e-07 1 1 0
1  960 0 0 38.1000000000004
2  1887 460 0 0 38.1000000000004
2  1888 459 0 0 38.1000000000004
0

0101000
-158 0 +168 0 *
Wi

0101100
-147 0 -155 0 +146 0 +165 0 *
Fa
0  1e-07 460 0

0101000
+145 0 *
Wi

0101100
-164 0 -147 0 +154 0 +151 0 *
Fa
0  1e-07 461 0

0101000
+143 0 *
Wi

0101100
-167 0 -146 0 +157 0 +150 0 *
Fa
0  1e-07 459 0

0101000
+141 0 *
Sh

0101100
-162 0 +152 0 -148 0 +144 0 -142 0 +140 0 *
So

0100000
+139 0 *
Ve
1e-07
7315.2 0 3002.28
0 0

0101101
*
Ve
1e-07
7315.2 0 2895.6
0 0

0101101
*
Ed
 1e-07 1 1 0
1  961 0 0 106.68
2  1889 463 0 0 106.68
2  1890 464 0 0 106.68
0

0101000
-137 0 +136 0 *
Ve
1e-07
7315.2 5943.6 3002.28
0 0

0101101
*
Ed
 1e-07 1 1 0
1  962 0 0 5943.6
2  1891 463 0 0 5943.6
2  1892 465 0 0 5943.6
0

0101000
-134 0 +137 0 *
Ve
1e-07
7315.2 5943.6 2895.6
0 0

0101101
*
Ed
 1e-07 1 1 0
1  963 0 0 106.68
2  1893 463 0 0 106.68
2  1894 466 0 0 106.68
0

0101000
-134 0 +132 0 *
Ed
 1e-07 1 1 0
1  964 0 0 5943.6
2  1895 463 0 0 5943.6
2  1896 467 0 0 5943.6
0

0101000
-132 0 +136 0 *
Wi

0101100
-135 0 -133 0 +131 0 +130 0 *
Fa
0  1e-07 463 0

0101000
+129 0 *
Ve
1e-07
8382 0 3002.28
0 0

0101101
*
Ve
1e-07
8382 0 2895.6
0 0

0101101
*
Ed
 1e-07 1 1 0
1  965 0 0 106.68
2  1897 468 0 0 106.68
2  1898 464 0 0 106.68
0

0101000
-127 0 +126 0 *
Ve
1e-07
8382 5943.6 3002.28
0 0

0101101
*
Ed
 1e-07 1 1 0
1  966 0 0 5943.6
2  1899 468 0 0 5943.6
2  1900 465 0 0 5943.6
0

0101000
-124 0 +127 0 *
Ve
1e-07
8382 5943.6 2895.6
0 0

0101101
*
Ed
 1e-07 1 1 0
1  967 0 0 106.68
2  1901 468 0 0 106.68
2  1902 466 0 0 106.68
0

0101000
-124 0 +122 0 *
Ed
 1e-07 1 1 0
1  968 0 0 5943.6
2  1903 468 0 0 5943.6
2  1904 467 0 0 5943.6
0

0101000
-122 0 +126 0 *
Wi

0101100
-125 0 -123 0 +121 0 +120 0 *
Fa
0  1e-07 468 0

0101000
+119 0 *
Ed
 1e-07 1 1 0
1  969 0 0 1066.8
2  1905 464 0 0 1066.8
2  1906 467 0 0 1066.8
0

0101000
-126 0 +136 0 *
Ed
 1e-07 1 1 0
1  970 0 0 1066.8
2  1907 464 0 0 1066.8
2  1908 465 0 0 1066.8
0

0101000
-127 0 +137 0 *
Wi

0101100
-117 0 -125 0 +116 0 +135 0 *
Fa
0  1e-07 464 0

0101000
+115 0 *
Ed
 1e-07 1 1 0
1  971 0 0 1066.8
2  1909 466 0 0 1066.8
2  1910 467 0 0 1066.8
0

0101000
-122 0 +132 0 *
Ed
 1e-07 1 1 0
1  972 0 0 1066.8
2  1911 466 0 0 1066.8
2  1912 465 0 0 1066.8
0

0101000
-124 0 +134 0 *
Wi

0101100
-113 0 -121 0 +112 0 +131 0 *
Fa
0  1e-07 466 0

0101000
+111 0 *
Wi

0101100
-130 0 -113 0 +120 0 +117 0 *
Fa
0  1e-07 467 0

0101000
+109 0 *
Wi

0101100
-133 0 -112 0 +123 0 +116 0 *
Fa
0  1e-07 465 0

0101000
+107 0 *
Sh

0101100
-128 0 +118 0 -114 0 +110 0 -108 0 +106 0 *
So

0100000
+105 0 *
Ve
1e-07
3505.2 -1219.2 3002.28
0 0

0101101
*
Ve
1e-07
3505.2 -1219.2 2895.6
0 0

0101101
*
Ed
 1e-07 1 1 0
1  973 0 0 106.68
2  1913 469 0 0 106.68
2  1914 470 0 0 106.68
0

0101000
-103 0 +102 0 *
Ve
1e-07
3505.2 0 3002.28
0 0

0101101
*
Ed
 1e-07 1 1 0
1  974 0 0 1219.2
2  1915 469 0 0 1219.2
2  1916 471 0 0 1219.2
0

0101000
-100 0 +103 0 *
Ve
1e-07
3505.2 0 2895.6
0 0

0101101
*
Ed
 1e-07 1 1 0
1  975 0 0 106.68
2  1917 469 0 0 106.68
2  1918 472 0 0 106.68
0

0101000
-100 0 +98 0 *
Ed
 1e-07 1 1 0
1  976 0 0 1219.2
2  1919 469 0 0 1219.2
2  1920 473 0 0 1219.2
0

0101000
-98 0 +102 0 *
Wi

0101100
-101 0 -99 0 +97 0 +96 0 *
Fa
0  1e-07 469 0

0101000
+95 0 *
Ve
1e-07
8382 -1219.2 3002.28
0 0

0101101
*
Ve
1e-07
8382 -1219.2 2895.6
0 0

0101101
*
Ed
 1e-07 1 1 0
1  977 0 0 106.68
2  1921 474 0 0 106.68
2  1922 470 0 0 106.68
0

0101000
-93 0 +92 0 *
Ve
1e-07
8382 0 3002.28
0 0

0101101
*
Ed
 1e-07 1 1 0
1  978 0 0 1219.2
2  1923 474 0 0 1219.2
2  1924 471 0 0 1219.2
0

0101000
-90 0 +93 0 *
Ve
1e-07
8382 0 2895.6
0 0

0101101
*
Ed
 1e-07 1 1 0
1  979 0 0 106.68
2  1925 474 0 0 106.68
2  1926 472 0 0 106.68
0

0101000
-90 0 +88 0 *
Ed
 1e-07 1 1 0
1  980 0 0 1219.2
2  1927 474 0 0 1219.2
2  1928 473 0 0 1219.2
0

0101000
-88 0 +92 0 *
Wi

0101100
-91 0 -89 0 +87 0 +86 0 *
Fa
0  1e-07 474 0

0101000
+85 0 *
Ed
 1e-07 1 1 0
1  981 0 0 4876.8
2  1929 470 0 0 4876.8
2  1930 473 0 0 4876.8
0

0101000
-92 0 +102 0 *
Ed
 1e-07 1 1 0
1  982 0 0 4876.8
2  1931 470 0 0 4876.8
2  1932 471 0 0 4876.8
0

0101000
-93 0 +103 0 *
Wi

0101100
-83 0 -91 0 +82 0 +101 0 *
Fa
0  1e-07 470 0

0101000
+81 0 *
Ed
 1e-07 1 1 0
1  983 0 0 4876.8
2  1933 472 0 0 4876.8
2  1934 473 0 0 4876.8
0

0101000
-88 0 +98 0 *
Ed
 1e-07 1 1 0
1  984 0 0 4876.8
2  1935 472 0 0 4876.8
2  1936 471 0 0 4876.8
0

0101000
-90 0 +100 0 *
Wi

0101100
-79 0 -87 0 +78 0 +97 0 *
Fa
0  1e-07 472 0

0101000
+77 0 *
Wi

0101100
-96 0 -79 0 +86 0 +83 0 *
Fa
0  1e-07 473 0

0101000
+75 0 *
Wi

0101100
-99 0 -78 0 +89 0 +82 0 *
Fa
0  1e-07 471 0

0101000
+73 0 *
Sh

0101100
-94 0 +84 0 -80 0 +76 0 -74 0 +72 0 *
So

0100000
+71 0 *
Ve
1e-07
57.15 3718.56 4739.64
0 0

0101101
*
Ve
1e-07
57.15 3718.56 3977.64
0 0

0101101
*
Ed
 1e-07 1 1 0
1  985 0 0 762
2  1937 475 0 0 762
2  1938 476 0 0 762
0

0101000
-69 0 +68 0 *
Ve
1e-07
57.15 4328.16 4739.64
0 0

0101101
*
Ed
 1e-07 1 1 0
1  986 0 0 609.6
2  1939 475 0 0 609.6
2  1940 477 0 0 609.6
0

0101000
-66 0 +69 0 *
Ve
1e-07
57.15 4328.16 3977.64
0 0

0101101
*
Ed
 1e-07 1 1 0
1  987 0 0 762
2  1941 475 0 0 762
2  1942 478 0 0 762
0

0101000
-66 0 +64 0 *
Ed
 1e-07 1 1 0
1  988 0 0 609.6
2  1943 475 0 0 609.6
2  1944 479 0 0 609.6
0

0101000
-64 0 +68 0 *
Wi

0101100
-67 0 -65 0 +63 0 +62 0 *
Fa
0  1e-07 475 0

0101000
+61 0 *
Ve
1e-07
95.25 3718.56 4739.64
0 0

0101101
*
Ve
1e-07
95.25 3718.56 3977.64
0 0

0101101
*
Ed
 1e-07 1 1 0
1  989 0 0 762
2  1945 480 0 0 762
2  1946 476 0 0 762
0

0101000
-59 0 +58 0 *
Ve
1e-07
95.25 4328.16 4739.64
0 0

0101101
*
Ed
 1e-07 1 1 0
1  990 0 0 609.6
2  1947 480 0 0 609.6
2  1948 477 0 0 609.6
0

0101000
-56 0 +59 0 *
Ve
1e-07
95.25 4328.16 3977.64
0 0

0101101
*
Ed
 1e-07 1 1 0
1  991 0 0 762
2  1949 480 0 0 762
2  1950 478 0 0 762
0

0101000
-56 0 +54 0 *
Ed
 1e-07 1 1 0
1  992 0 0 609.6
2  1951 480 0 0 609.6
2  1952 479 0 0 609.6
0

0101000
-54 0 +58 0 *
Wi

0101100
-57 0 -55 0 +53 0 +52 0 *
Fa
0  1e-07 480 0

0101000
+51 0 *
Ed
 1e-07 1 1 0
1  993 0 0 38.1
2  1953 476 0 0 38.1
2  1954 479 0 0 38.1
0

0101000
-58 0 +68 0 *
Ed
 1e-07 1 1 0
1  994 0 0 38.1
2  1955 476 0 0 38.1
2  1956 477 0 0 38.1
0

0101000
-59 0 +69 0 *
Wi

0101100
-49 0 -57 0 +48 0 +67 0 *
Fa
0  1e-07 476 0

0101000
+47 0 *
Ed
 1e-07 1 1 0
1  995 0 0 38.1
2  1957 478 0 0 38.1
2  1958 479 0 0 38.1
0

0101000
-54 0 +64 0 *
Ed
 1e-07 1 1 0
1  996 0 0 38.1
2  1959 478 0 0 38.1
2  1960 477 0 0 38.1
0

0101000
-56 0 +66 0 *
Wi

0101100
-45 0 -53 0 +44 0 +63 0 *
Fa
0  1e-07 478 0

0101000
+43 0 *
Wi

0101100
-62 0 -45 0 +52 0 +49 0 *
Fa
0  1e-07 479 0

0101000
+41 0 *
Wi

0101100
-65 0 -44 0 +55 0 +48 0 *
Fa
0  1e-07 477 0

0101000
+39 0 *
Sh

0101100
-60 0 +50 0 -46 0 +42 0 -40 0 +38 0 *
So

0100000
+37 0 *
Ve
1e-07
57.15 1005.84 4800.6
0 0

0101101
*
Ve
1e-07
57.15 1005.84 3825.24
0 0

0101101
*
Ed
 1e-07 1 1 0
1  997 0 0 975.36
2  1961 481 0 0 975.36
2  1962 482 0 0 975.36
0

0101000
-35 0 +34 0 *
Ve
1e-07
57.15 1767.84 4800.6
0 0

0101101
*
Ed
 1e-07 1 1 0
1  998 0 0 762
2  1963 481 0 0 762
2  1964 483 0 0 762
0

0101000
-32 0 +35 0 *
Ve
1e-07
57.15 1767.84 3825.24
0 0

0101101
*
Ed
 1e-07 1 1 0
1  999 0 0 975.36
2  1965 481 0 0 975.36
2  1966 484 0 0 975.36
0

0101000
-32 0 +30 0 *
Ed
 1e-07 1 1 0
1  1000 0 0 762
2  1967 481 0 0 762
2  1968 485 0 0 762
0

0101000
-30 0 +34 0 *
Wi

0101100
-33 0 -31 0 +29 0 +28 0 *
Fa
0  1e-07 481 0

0101000
+27 0 *
Ve
1e-07
95.25 1005.84 4800.6
0 0

0101101
*
Ve
1e-07
95.25 1005.84 3825.24
0 0

0101101
*
Ed
 1e-07 1 1 0
1  1001 0 0 975.36
2  1969 486 0 0 975.36
2  1970 482 0 0 975.36
0

0101000
-25 0 +24 0 *
Ve
1e-07
95.25 1767.84 4800.6
0 0

0101101
*
Ed
 1e-07 1 1 0
1  1002 0 0 762
2  1971 486 0 0 762
2  1972 483 0 0 762
0

0101000
-22 0 +25 0 *
Ve
1e-07
95.25 1767.84 3825.24
0 0

0101101
*
Ed
 1e-07 1 1 0
1  1003 0 0 975.36
2  1973 486 0 0 975.36
2  1974 484 0 0 975.36
0

0101000
-22 0 +20 0 *
Ed
 1e-07 1 1 0
1  1004 0 0 762
2  1975 486 0 0 762
2  1976 485 0 0 762
0

0101000
-20 0 +24 0 *
Wi

0101100
-23 0 -21 0 +19 0 +18 0 *
Fa
0  1e-07 486 0

0101000
+17 0 *
Ed
 1e-07 1 1 0
1  1005 0 0 38.1
2  1977 482 0 0 38.1
2  1978 485 0 0 38.1
0

0101000
-24 0 +34 0 *
Ed
 1e-07 1 1 0
1  1006 0 0 38.1
2  1979 482 0 0 38.1
2  1980 483 0 0 38.1
0

0101000
-25 0 +35 0 *
Wi

0101100
-15 0 -23 0 +14 0 +33 0 *
Fa
0  1e-07 482 0

0101000
+13 0 *
Ed
 1e-07 1 1 0
1  1007 0 0 38.1
2  1981 484 0 0 38.1
2  1982 485 0 0 38.1
0

0101000
-20 0 +30 0 *
Ed
 1e-07 1 1 0
1  1008 0 0 38.1
2  1983 484 0 0 38.1
2  1984 483 0 0 38.1
0

0101000
-22 0 +32 0 *
Wi

0101100
-11 0 -19 0 +10 0 +29 0 *
Fa
0  1e-07 484 0

0101000
+9 0 *
Wi

0101100
-28 0 -11 0 +18 0 +15 0 *
Fa
0  1e-07 485 0

0101000
+7 0 *
Wi

0101100
-31 0 -10 0 +21 0 +14 0 *
Fa
0  1e-07 483 0

0101000
+5 0 *
Sh

0101100
-26 0 +16 0 -12 0 +8 0 -6 0 +4 0 *
So

0100000
+3 0 *
Co

1100000
+2866 1 +2832 2 +2798 3 +2764 4 +2730 5 +2696 6 +2662 7 +2628 8 +2594 9 +2560 10 
+2526 11 +2492 12 +2458 13 +2424 14 +2390 15 +2356 16 +2322 17 +2288 18 +2254 19 +2220 20 
+2186 21 +2152 22 +2118 23 +2084 24 +2050 25 +2016 26 +1953 27 +1919 28 +1796 29 +1733 30 
+1699 31 +1636 32 +1602 33 +1568 34 +1534 35 +1471 36 +1402 37 +1368 38 +1299 39 +1230 40 
+1196 41 +1095 42 +1061 43 +1027 44 +962 45 +928 46 +832 47 +798 48 +764 49 +730 50 
+696 51 +662 52 +638 53 +604 55 +570 56 +536 57 +502 58 +468 59 +434 60 +400 61 
+366 62 +332 63 +298 64 +264 65 +240 66 +206 68 +172 69 +138 70 +104 71 +70 72 
+36 73 +2 74 *

+1 0 