ISO-10303-21;
HEADER;
FILE_DESCRIPTION(('FreeCAD Model'),'2;1');
FILE_NAME('Open CASCADE Shape Model','2026-08-02T21:02:06',('Author'),(
    ''),'Open CASCADE STEP processor 7.8','FreeCAD','Unknown');
FILE_SCHEMA(('AUTOMOTIVE_DESIGN { 1 0 10303 214 1 1 1 1 }'));
ENDSEC;
DATA;
#1 = APPLICATION_PROTOCOL_DEFINITION('international standard',
  'automotive_design',2000,#2);
#2 = APPLICATION_CONTEXT(
  'core data for automotive mechanical design processes');
#3 = SHAPE_DEFINITION_REPRESENTATION(#4,#10);
#4 = PRODUCT_DEFINITION_SHAPE('','',#5);
#5 = PRODUCT_DEFINITION('design','',#6,#9);
#6 = PRODUCT_DEFINITION_FORMATION('','',#7);
#7 = PRODUCT('adu_option_e','adu_option_e','',(#8));
#8 = PRODUCT_CONTEXT('',#2,'mechanical');
#9 = PRODUCT_DEFINITION_CONTEXT('part definition',#2,'design');
#10 = SHAPE_REPRESENTATION('',(#11,#15,#19,#23,#27,#31,#35,#39,#43,#47,
    #51,#55,#59,#63,#67,#71,#75,#79,#83,#87,#91,#95,#99,#103,#107,#111,
    #115,#119,#123,#127,#131,#135,#139,#143,#147,#151,#155,#159,#163,
    #167,#171,#175,#179,#183,#187,#191,#195,#199,#203,#207,#211,#215,
    #219,#223,#227,#231,#235,#239,#243,#247,#251,#255,#259,#263,#267,
    #271,#275,#279,#283,#287,#291,#295,#299),#303);
#11 = AXIS2_PLACEMENT_3D('',#12,#13,#14);
#12 = CARTESIAN_POINT('',(0.,0.,0.));
#13 = DIRECTION('',(0.,0.,1.));
#14 = DIRECTION('',(1.,0.,-0.));
#15 = AXIS2_PLACEMENT_3D('',#16,#17,#18);
#16 = CARTESIAN_POINT('',(0.,0.,0.));
#17 = DIRECTION('',(0.,0.,1.));
#18 = DIRECTION('',(1.,0.,0.));
#19 = AXIS2_PLACEMENT_3D('',#20,#21,#22);
#20 = CARTESIAN_POINT('',(0.,0.,0.));
#21 = DIRECTION('',(0.,0.,1.));
#22 = DIRECTION('',(1.,0.,0.));
#23 = AXIS2_PLACEMENT_3D('',#24,#25,#26);
#24 = CARTESIAN_POINT('',(0.,0.,0.));
#25 = DIRECTION('',(0.,0.,1.));
#26 = DIRECTION('',(1.,0.,0.));
#27 = AXIS2_PLACEMENT_3D('',#28,#29,#30);
#28 = CARTESIAN_POINT('',(0.,0.,0.));
#29 = DIRECTION('',(0.,0.,1.));
#30 = DIRECTION('',(1.,0.,0.));
#31 = AXIS2_PLACEMENT_3D('',#32,#33,#34);
#32 = CARTESIAN_POINT('',(0.,0.,0.));
#33 = DIRECTION('',(0.,0.,1.));
#34 = DIRECTION('',(1.,0.,0.));
#35 = AXIS2_PLACEMENT_3D('',#36,#37,#38);
#36 = CARTESIAN_POINT('',(0.,0.,0.));
#37 = DIRECTION('',(0.,0.,1.));
#38 = DIRECTION('',(1.,0.,0.));
#39 = AXIS2_PLACEMENT_3D('',#40,#41,#42);
#40 = CARTESIAN_POINT('',(0.,0.,0.));
#41 = DIRECTION('',(0.,0.,1.));
#42 = DIRECTION('',(1.,0.,0.));
#43 = AXIS2_PLACEMENT_3D('',#44,#45,#46);
#44 = CARTESIAN_POINT('',(0.,0.,0.));
#45 = DIRECTION('',(0.,0.,1.));
#46 = DIRECTION('',(1.,0.,0.));
#47 = AXIS2_PLACEMENT_3D('',#48,#49,#50);
#48 = CARTESIAN_POINT('',(0.,0.,0.));
#49 = DIRECTION('',(0.,0.,1.));
#50 = DIRECTION('',(1.,0.,0.));
#51 = AXIS2_PLACEMENT_3D('',#52,#53,#54);
#52 = CARTESIAN_POINT('',(0.,0.,0.));
#53 = DIRECTION('',(0.,0.,1.));
#54 = DIRECTION('',(1.,0.,0.));
#55 = AXIS2_PLACEMENT_3D('',#56,#57,#58);
#56 = CARTESIAN_POINT('',(0.,0.,0.));
#57 = DIRECTION('',(0.,0.,1.));
#58 = DIRECTION('',(1.,0.,0.));
#59 = AXIS2_PLACEMENT_3D('',#60,#61,#62);
#60 = CARTESIAN_POINT('',(0.,0.,0.));
#61 = DIRECTION('',(0.,0.,1.));
#62 = DIRECTION('',(1.,0.,0.));
#63 = AXIS2_PLACEMENT_3D('',#64,#65,#66);
#64 = CARTESIAN_POINT('',(0.,0.,0.));
#65 = DIRECTION('',(0.,0.,1.));
#66 = DIRECTION('',(1.,0.,0.));
#67 = AXIS2_PLACEMENT_3D('',#68,#69,#70);
#68 = CARTESIAN_POINT('',(0.,0.,0.));
#69 = DIRECTION('',(0.,0.,1.));
#70 = DIRECTION('',(1.,0.,0.));
#71 = AXIS2_PLACEMENT_3D('',#72,#73,#74);
#72 = CARTESIAN_POINT('',(0.,0.,0.));
#73 = DIRECTION('',(0.,0.,1.));
#74 = DIRECTION('',(1.,0.,0.));
#75 = AXIS2_PLACEMENT_3D('',#76,#77,#78);
#76 = CARTESIAN_POINT('',(0.,0.,0.));
#77 = DIRECTION('',(0.,0.,1.));
#78 = DIRECTION('',(1.,0.,0.));
#79 = AXIS2_PLACEMENT_3D('',#80,#81,#82);
#80 = CARTESIAN_POINT('',(0.,0.,0.));
#81 = DIRECTION('',(0.,0.,1.));
#82 = DIRECTION('',(1.,0.,0.));
#83 = AXIS2_PLACEMENT_3D('',#84,#85,#86);
#84 = CARTESIAN_POINT('',(0.,0.,0.));
#85 = DIRECTION('',(0.,0.,1.));
#86 = DIRECTION('',(1.,0.,0.));
#87 = AXIS2_PLACEMENT_3D('',#88,#89,#90);
#88 = CARTESIAN_POINT('',(0.,0.,0.));
#89 = DIRECTION('',(0.,0.,1.));
#90 = DIRECTION('',(1.,0.,0.));
#91 = AXIS2_PLACEMENT_3D('',#92,#93,#94);
#92 = CARTESIAN_POINT('',(0.,0.,0.));
#93 = DIRECTION('',(0.,0.,1.));
#94 = DIRECTION('',(1.,0.,0.));
#95 = AXIS2_PLACEMENT_3D('',#96,#97,#98);
#96 = CARTESIAN_POINT('',(0.,0.,0.));
#97 = DIRECTION('',(0.,0.,1.));
#98 = DIRECTION('',(1.,0.,0.));
#99 = AXIS2_PLACEMENT_3D('',#100,#101,#102);
#100 = CARTESIAN_POINT('',(0.,0.,0.));
#101 = DIRECTION('',(0.,0.,1.));
#102 = DIRECTION('',(1.,0.,0.));
#103 = AXIS2_PLACEMENT_3D('',#104,#105,#106);
#104 = CARTESIAN_POINT('',(0.,0.,0.));
#105 = DIRECTION('',(0.,0.,1.));
#106 = DIRECTION('',(1.,0.,0.));
#107 = AXIS2_PLACEMENT_3D('',#108,#109,#110);
#108 = CARTESIAN_POINT('',(0.,0.,0.));
#109 = DIRECTION('',(0.,0.,1.));
#110 = DIRECTION('',(1.,0.,0.));
#111 = AXIS2_PLACEMENT_3D('',#112,#113,#114);
#112 = CARTESIAN_POINT('',(0.,0.,0.));
#113 = DIRECTION('',(0.,0.,1.));
#114 = DIRECTION('',(1.,0.,0.));
#115 = AXIS2_PLACEMENT_3D('',#116,#117,#118);
#116 = CARTESIAN_POINT('',(0.,0.,0.));
#117 = DIRECTION('',(0.,0.,1.));
#118 = DIRECTION('',(1.,0.,0.));
#119 = AXIS2_PLACEMENT_3D('',#120,#121,#122);
#120 = CARTESIAN_POINT('',(0.,0.,0.));
#121 = DIRECTION('',(0.,0.,1.));
#122 = DIRECTION('',(1.,0.,0.));
#123 = AXIS2_PLACEMENT_3D('',#124,#125,#126);
#124 = CARTESIAN_POINT('',(0.,0.,0.));
#125 = DIRECTION('',(0.,0.,1.));
#126 = DIRECTION('',(1.,0.,0.));
#127 = AXIS2_PLACEMENT_3D('',#128,#129,#130);
#128 = CARTESIAN_POINT('',(0.,0.,0.));
#129 = DIRECTION('',(0.,0.,1.));
#130 = DIRECTION('',(1.,0.,0.));
#131 = AXIS2_PLACEMENT_3D('',#132,#133,#134);
#132 = CARTESIAN_POINT('',(0.,0.,0.));
#133 = DIRECTION('',(0.,0.,1.));
#134 = DIRECTION('',(1.,0.,0.));
#135 = AXIS2_PLACEMENT_3D('',#136,#137,#138);
#136 = CARTESIAN_POINT('',(0.,0.,0.));
#137 = DIRECTION('',(0.,0.,1.));
#138 = DIRECTION('',(1.,0.,0.));
#139 = AXIS2_PLACEMENT_3D('',#140,#141,#142);
#140 = CARTESIAN_POINT('',(0.,0.,0.));
#141 = DIRECTION('',(0.,0.,1.));
#142 = DIRECTION('',(1.,0.,0.));
#143 = AXIS2_PLACEMENT_3D('',#144,#145,#146);
#144 = CARTESIAN_POINT('',(0.,0.,0.));
#145 = DIRECTION('',(0.,0.,1.));
#146 = DIRECTION('',(1.,0.,0.));
#147 = AXIS2_PLACEMENT_3D('',#148,#149,#150);
#148 = CARTESIAN_POINT('',(0.,0.,0.));
#149 = DIRECTION('',(0.,0.,1.));
#150 = DIRECTION('',(1.,0.,0.));
#151 = AXIS2_PLACEMENT_3D('',#152,#153,#154);
#152 = CARTESIAN_POINT('',(0.,0.,0.));
#153 = DIRECTION('',(0.,0.,1.));
#154 = DIRECTION('',(1.,0.,0.));
#155 = AXIS2_PLACEMENT_3D('',#156,#157,#158);
#156 = CARTESIAN_POINT('',(0.,0.,0.));
#157 = DIRECTION('',(0.,0.,1.));
#158 = DIRECTION('',(1.,0.,0.));
#159 = AXIS2_PLACEMENT_3D('',#160,#161,#162);
#160 = CARTESIAN_POINT('',(0.,0.,0.));
#161 = DIRECTION('',(0.,0.,1.));
#162 = DIRECTION('',(1.,0.,0.));
#163 = AXIS2_PLACEMENT_3D('',#164,#165,#166);
#164 = CARTESIAN_POINT('',(0.,0.,0.));
#165 = DIRECTION('',(0.,0.,1.));
#166 = DIRECTION('',(1.,0.,0.));
#167 = AXIS2_PLACEMENT_3D('',#168,#169,#170);
#168 = CARTESIAN_POINT('',(0.,0.,0.));
#169 = DIRECTION('',(0.,0.,1.));
#170 = DIRECTION('',(1.,0.,0.));
#171 = AXIS2_PLACEMENT_3D('',#172,#173,#174);
#172 = CARTESIAN_POINT('',(0.,0.,0.));
#173 = DIRECTION('',(0.,0.,1.));
#174 = DIRECTION('',(1.,0.,0.));
#175 = AXIS2_PLACEMENT_3D('',#176,#177,#178);
#176 = CARTESIAN_POINT('',(0.,0.,0.));
#177 = DIRECTION('',(0.,0.,1.));
#178 = DIRECTION('',(1.,0.,0.));
#179 = AXIS2_PLACEMENT_3D('',#180,#181,#182);
#180 = CARTESIAN_POINT('',(0.,0.,0.));
#181 = DIRECTION('',(0.,0.,1.));
#182 = DIRECTION('',(1.,0.,0.));
#183 = AXIS2_PLACEMENT_3D('',#184,#185,#186);
#184 = CARTESIAN_POINT('',(0.,0.,0.));
#185 = DIRECTION('',(0.,0.,1.));
#186 = DIRECTION('',(1.,0.,0.));
#187 = AXIS2_PLACEMENT_3D('',#188,#189,#190);
#188 = CARTESIAN_POINT('',(0.,0.,0.));
#189 = DIRECTION('',(0.,0.,1.));
#190 = DIRECTION('',(1.,0.,0.));
#191 = AXIS2_PLACEMENT_3D('',#192,#193,#194);
#192 = CARTESIAN_POINT('',(0.,0.,0.));
#193 = DIRECTION('',(0.,0.,1.));
#194 = DIRECTION('',(1.,0.,0.));
#195 = AXIS2_PLACEMENT_3D('',#196,#197,#198);
#196 = CARTESIAN_POINT('',(0.,0.,0.));
#197 = DIRECTION('',(0.,0.,1.));
#198 = DIRECTION('',(1.,0.,0.));
#199 = AXIS2_PLACEMENT_3D('',#200,#201,#202);
#200 = CARTESIAN_POINT('',(0.,0.,0.));
#201 = DIRECTION('',(0.,0.,1.));
#202 = DIRECTION('',(1.,0.,0.));
#203 = AXIS2_PLACEMENT_3D('',#204,#205,#206);
#204 = CARTESIAN_POINT('',(0.,0.,0.));
#205 = DIRECTION('',(0.,0.,1.));
#206 = DIRECTION('',(1.,0.,0.));
#207 = AXIS2_PLACEMENT_3D('',#208,#209,#210);
#208 = CARTESIAN_POINT('',(0.,0.,0.));
#209 = DIRECTION('',(0.,0.,1.));
#210 = DIRECTION('',(1.,0.,0.));
#211 = AXIS2_PLACEMENT_3D('',#212,#213,#214);
#212 = CARTESIAN_POINT('',(0.,0.,0.));
#213 = DIRECTION('',(0.,0.,1.));
#214 = DIRECTION('',(1.,0.,0.));
#215 = AXIS2_PLACEMENT_3D('',#216,#217,#218);
#216 = CARTESIAN_POINT('',(0.,0.,0.));
#217 = DIRECTION('',(0.,0.,1.));
#218 = DIRECTION('',(1.,0.,0.));
#219 = AXIS2_PLACEMENT_3D('',#220,#221,#222);
#220 = CARTESIAN_POINT('',(0.,0.,0.));
#221 = DIRECTION('',(0.,0.,1.));
#222 = DIRECTION('',(1.,0.,0.));
#223 = AXIS2_PLACEMENT_3D('',#224,#225,#226);
#224 = CARTESIAN_POINT('',(0.,0.,0.));
#225 = DIRECTION('',(0.,0.,1.));
#226 = DIRECTION('',(1.,0.,0.));
#227 = AXIS2_PLACEMENT_3D('',#228,#229,#230);
#228 = CARTESIAN_POINT('',(0.,0.,0.));
#229 = DIRECTION('',(0.,0.,1.));
#230 = DIRECTION('',(1.,0.,0.));
#231 = AXIS2_PLACEMENT_3D('',#232,#233,#234);
#232 = CARTESIAN_POINT('',(0.,0.,0.));
#233 = DIRECTION('',(0.,0.,1.));
#234 = DIRECTION('',(1.,0.,0.));
#235 = AXIS2_PLACEMENT_3D('',#236,#237,#238);
#236 = CARTESIAN_POINT('',(0.,0.,0.));
#237 = DIRECTION('',(0.,0.,1.));
#238 = DIRECTION('',(1.,0.,0.));
#239 = AXIS2_PLACEMENT_3D('',#240,#241,#242);
#240 = CARTESIAN_POINT('',(0.,0.,0.));
#241 = DIRECTION('',(0.,0.,1.));
#242 = DIRECTION('',(1.,0.,0.));
#243 = AXIS2_PLACEMENT_3D('',#244,#245,#246);
#244 = CARTESIAN_POINT('',(0.,0.,0.));
#245 = DIRECTION('',(0.,0.,1.));
#246 = DIRECTION('',(1.,0.,0.));
#247 = AXIS2_PLACEMENT_3D('',#248,#249,#250);
#248 = CARTESIAN_POINT('',(0.,0.,0.));
#249 = DIRECTION('',(0.,0.,1.));
#250 = DIRECTION('',(1.,0.,0.));
#251 = AXIS2_PLACEMENT_3D('',#252,#253,#254);
#252 = CARTESIAN_POINT('',(0.,0.,0.));
#253 = DIRECTION('',(0.,0.,1.));
#254 = DIRECTION('',(1.,0.,0.));
#255 = AXIS2_PLACEMENT_3D('',#256,#257,#258);
#256 = CARTESIAN_POINT('',(0.,0.,0.));
#257 = DIRECTION('',(0.,0.,1.));
#258 = DIRECTION('',(1.,0.,0.));
#259 = AXIS2_PLACEMENT_3D('',#260,#261,#262);
#260 = CARTESIAN_POINT('',(0.,0.,0.));
#261 = DIRECTION('',(0.,0.,1.));
#262 = DIRECTION('',(1.,0.,0.));
#263 = AXIS2_PLACEMENT_3D('',#264,#265,#266);
#264 = CARTESIAN_POINT('',(0.,0.,0.));
#265 = DIRECTION('',(0.,0.,1.));
#266 = DIRECTION('',(1.,0.,0.));
#267 = AXIS2_PLACEMENT_3D('',#268,#269,#270);
#268 = CARTESIAN_POINT('',(0.,0.,0.));
#269 = DIRECTION('',(0.,0.,1.));
#270 = DIRECTION('',(1.,0.,0.));
#271 = AXIS2_PLACEMENT_3D('',#272,#273,#274);
#272 = CARTESIAN_POINT('',(0.,0.,0.));
#273 = DIRECTION('',(0.,0.,1.));
#274 = DIRECTION('',(1.,0.,0.));
#275 = AXIS2_PLACEMENT_3D('',#276,#277,#278);
#276 = CARTESIAN_POINT('',(0.,0.,0.));
#277 = DIRECTION('',(0.,0.,1.));
#278 = DIRECTION('',(1.,0.,0.));
#279 = AXIS2_PLACEMENT_3D('',#280,#281,#282);
#280 = CARTESIAN_POINT('',(0.,0.,0.));
#281 = DIRECTION('',(0.,0.,1.));
#282 = DIRECTION('',(1.,0.,0.));
#283 = AXIS2_PLACEMENT_3D('',#284,#285,#286);
#284 = CARTESIAN_POINT('',(0.,0.,0.));
#285 = DIRECTION('',(0.,0.,1.));
#286 = DIRECTION('',(1.,0.,0.));
#287 = AXIS2_PLACEMENT_3D('',#288,#289,#290);
#288 = CARTESIAN_POINT('',(0.,0.,0.));
#289 = DIRECTION('',(0.,0.,1.));
#290 = DIRECTION('',(1.,0.,0.));
#291 = AXIS2_PLACEMENT_3D('',#292,#293,#294);
#292 = CARTESIAN_POINT('',(0.,0.,0.));
#293 = DIRECTION('',(0.,0.,1.));
#294 = DIRECTION('',(1.,0.,0.));
#295 = AXIS2_PLACEMENT_3D('',#296,#297,#298);
#296 = CARTESIAN_POINT('',(0.,0.,0.));
#297 = DIRECTION('',(0.,0.,1.));
#298 = DIRECTION('',(1.,0.,0.));
#299 = AXIS2_PLACEMENT_3D('',#300,#301,#302);
#300 = CARTESIAN_POINT('',(0.,0.,0.));
#301 = DIRECTION('',(0.,0.,1.));
#302 = DIRECTION('',(1.,0.,0.));
#303 = ( GEOMETRIC_REPRESENTATION_CONTEXT(3) 
GLOBAL_UNCERTAINTY_ASSIGNED_CONTEXT((#307)) GLOBAL_UNIT_ASSIGNED_CONTEXT
((#304,#305,#306)) REPRESENTATION_CONTEXT('Context #1',
  '3D Context with UNIT and UNCERTAINTY') );
#304 = ( LENGTH_UNIT() NAMED_UNIT(*) SI_UNIT(.MILLI.,.METRE.) );
#305 = ( NAMED_UNIT(*) PLANE_ANGLE_UNIT() SI_UNIT($,.RADIAN.) );
#306 = ( NAMED_UNIT(*) SI_UNIT($,.STERADIAN.) SOLID_ANGLE_UNIT() );
#307 = UNCERTAINTY_MEASURE_WITH_UNIT(LENGTH_MEASURE(1.E-07),#304,
  'distance_accuracy_value','confusion accuracy');
#308 = PRODUCT_RELATED_PRODUCT_CATEGORY('part',$,(#7));
#309 = SHAPE_DEFINITION_REPRESENTATION(#310,#316);
#310 = PRODUCT_DEFINITION_SHAPE('','',#311);
#311 = PRODUCT_DEFINITION('design','',#312,#315);
#312 = PRODUCT_DEFINITION_FORMATION('','',#313);
#313 = PRODUCT('Bathroom and laundry','Bathroom and laundry','',(#314));
#314 = PRODUCT_CONTEXT('',#2,'mechanical');
#315 = PRODUCT_DEFINITION_CONTEXT('part definition',#2,'design');
#316 = ADVANCED_BREP_SHAPE_REPRESENTATION('',(#11,#317),#467);
#317 = MANIFOLD_SOLID_BREP('',#318);
#318 = CLOSED_SHELL('',(#319,#359,#399,#421,#443,#455));
#319 = ADVANCED_FACE('',(#320),#354,.F.);
#320 = FACE_BOUND('',#321,.F.);
#321 = EDGE_LOOP('',(#322,#332,#340,#348));
#322 = ORIENTED_EDGE('',*,*,#323,.F.);
#323 = EDGE_CURVE('',#324,#326,#328,.T.);
#324 = VERTEX_POINT('',#325);
#325 = CARTESIAN_POINT('',(167.64,3.148584E+03,3.130296E+03));
#326 = VERTEX_POINT('',#327);
#327 = CARTESIAN_POINT('',(167.64,3.148584E+03,3.142488E+03));
#328 = LINE('',#329,#330);
#329 = CARTESIAN_POINT('',(167.64,3.148584E+03,3.130296E+03));
#330 = VECTOR('',#331,1.);
#331 = DIRECTION('',(0.,0.,1.));
#332 = ORIENTED_EDGE('',*,*,#333,.T.);
#333 = EDGE_CURVE('',#324,#334,#336,.T.);
#334 = VERTEX_POINT('',#335);
#335 = CARTESIAN_POINT('',(167.64,4.92252E+03,3.130296E+03));
#336 = LINE('',#337,#338);
#337 = CARTESIAN_POINT('',(167.64,3.148584E+03,3.130296E+03));
#338 = VECTOR('',#339,1.);
#339 = DIRECTION('',(-0.,1.,0.));
#340 = ORIENTED_EDGE('',*,*,#341,.T.);
#341 = EDGE_CURVE('',#334,#342,#344,.T.);
#342 = VERTEX_POINT('',#343);
#343 = CARTESIAN_POINT('',(167.64,4.92252E+03,3.142488E+03));
#344 = LINE('',#345,#346);
#345 = CARTESIAN_POINT('',(167.64,4.92252E+03,3.130296E+03));
#346 = VECTOR('',#347,1.);
#347 = DIRECTION('',(0.,0.,1.));
#348 = ORIENTED_EDGE('',*,*,#349,.F.);
#349 = EDGE_CURVE('',#326,#342,#350,.T.);
#350 = LINE('',#351,#352);
#351 = CARTESIAN_POINT('',(167.64,3.148584E+03,3.142488E+03));
#352 = VECTOR('',#353,1.);
#353 = DIRECTION('',(-0.,1.,0.));
#354 = PLANE('',#355);
#355 = AXIS2_PLACEMENT_3D('',#356,#357,#358);
#356 = CARTESIAN_POINT('',(167.64,3.148584E+03,3.130296E+03));
#357 = DIRECTION('',(1.,0.,-0.));
#358 = DIRECTION('',(0.,0.,1.));
#359 = ADVANCED_FACE('',(#360),#394,.T.);
#360 = FACE_BOUND('',#361,.T.);
#361 = EDGE_LOOP('',(#362,#372,#380,#388));
#362 = ORIENTED_EDGE('',*,*,#363,.F.);
#363 = EDGE_CURVE('',#364,#366,#368,.T.);
#364 = VERTEX_POINT('',#365);
#365 = CARTESIAN_POINT('',(2.08788E+03,3.148584E+03,3.130296E+03));
#366 = VERTEX_POINT('',#367);
#367 = CARTESIAN_POINT('',(2.08788E+03,3.148584E+03,3.142488E+03));
#368 = LINE('',#369,#370);
#369 = CARTESIAN_POINT('',(2.08788E+03,3.148584E+03,3.130296E+03));
#370 = VECTOR('',#371,1.);
#371 = DIRECTION('',(0.,0.,1.));
#372 = ORIENTED_EDGE('',*,*,#373,.T.);
#373 = EDGE_CURVE('',#364,#374,#376,.T.);
#374 = VERTEX_POINT('',#375);
#375 = CARTESIAN_POINT('',(2.08788E+03,4.92252E+03,3.130296E+03));
#376 = LINE('',#377,#378);
#377 = CARTESIAN_POINT('',(2.08788E+03,3.148584E+03,3.130296E+03));
#378 = VECTOR('',#379,1.);
#379 = DIRECTION('',(-0.,1.,0.));
#380 = ORIENTED_EDGE('',*,*,#381,.T.);
#381 = EDGE_CURVE('',#374,#382,#384,.T.);
#382 = VERTEX_POINT('',#383);
#383 = CARTESIAN_POINT('',(2.08788E+03,4.92252E+03,3.142488E+03));
#384 = LINE('',#385,#386);
#385 = CARTESIAN_POINT('',(2.08788E+03,4.92252E+03,3.130296E+03));
#386 = VECTOR('',#387,1.);
#387 = DIRECTION('',(0.,0.,1.));
#388 = ORIENTED_EDGE('',*,*,#389,.F.);
#389 = EDGE_CURVE('',#366,#382,#390,.T.);
#390 = LINE('',#391,#392);
#391 = CARTESIAN_POINT('',(2.08788E+03,3.148584E+03,3.142488E+03));
#392 = VECTOR('',#393,1.);
#393 = DIRECTION('',(-0.,1.,0.));
#394 = PLANE('',#395);
#395 = AXIS2_PLACEMENT_3D('',#396,#397,#398);
#396 = CARTESIAN_POINT('',(2.08788E+03,3.148584E+03,3.130296E+03));
#397 = DIRECTION('',(1.,0.,-0.));
#398 = DIRECTION('',(0.,0.,1.));
#399 = ADVANCED_FACE('',(#400),#416,.F.);
#400 = FACE_BOUND('',#401,.F.);
#401 = EDGE_LOOP('',(#402,#408,#409,#415));
#402 = ORIENTED_EDGE('',*,*,#403,.F.);
#403 = EDGE_CURVE('',#324,#364,#404,.T.);
#404 = LINE('',#405,#406);
#405 = CARTESIAN_POINT('',(167.64,3.148584E+03,3.130296E+03));
#406 = VECTOR('',#407,1.);
#407 = DIRECTION('',(1.,0.,-0.));
#408 = ORIENTED_EDGE('',*,*,#323,.T.);
#409 = ORIENTED_EDGE('',*,*,#410,.T.);
#410 = EDGE_CURVE('',#326,#366,#411,.T.);
#411 = LINE('',#412,#413);
#412 = CARTESIAN_POINT('',(167.64,3.148584E+03,3.142488E+03));
#413 = VECTOR('',#414,1.);
#414 = DIRECTION('',(1.,0.,-0.));
#415 = ORIENTED_EDGE('',*,*,#363,.F.);
#416 = PLANE('',#417);
#417 = AXIS2_PLACEMENT_3D('',#418,#419,#420);
#418 = CARTESIAN_POINT('',(167.64,3.148584E+03,3.130296E+03));
#419 = DIRECTION('',(-0.,1.,0.));
#420 = DIRECTION('',(0.,0.,1.));
#421 = ADVANCED_FACE('',(#422),#438,.T.);
#422 = FACE_BOUND('',#423,.T.);
#423 = EDGE_LOOP('',(#424,#430,#431,#437));
#424 = ORIENTED_EDGE('',*,*,#425,.F.);
#425 = EDGE_CURVE('',#334,#374,#426,.T.);
#426 = LINE('',#427,#428);
#427 = CARTESIAN_POINT('',(167.64,4.92252E+03,3.130296E+03));
#428 = VECTOR('',#429,1.);
#429 = DIRECTION('',(1.,0.,-0.));
#430 = ORIENTED_EDGE('',*,*,#341,.T.);
#431 = ORIENTED_EDGE('',*,*,#432,.T.);
#432 = EDGE_CURVE('',#342,#382,#433,.T.);
#433 = LINE('',#434,#435);
#434 = CARTESIAN_POINT('',(167.64,4.92252E+03,3.142488E+03));
#435 = VECTOR('',#436,1.);
#436 = DIRECTION('',(1.,0.,-0.));
#437 = ORIENTED_EDGE('',*,*,#381,.F.);
#438 = PLANE('',#439);
#439 = AXIS2_PLACEMENT_3D('',#440,#441,#442);
#440 = CARTESIAN_POINT('',(167.64,4.92252E+03,3.130296E+03));
#441 = DIRECTION('',(-0.,1.,0.));
#442 = DIRECTION('',(0.,0.,1.));
#443 = ADVANCED_FACE('',(#444),#450,.F.);
#444 = FACE_BOUND('',#445,.F.);
#445 = EDGE_LOOP('',(#446,#447,#448,#449));
#446 = ORIENTED_EDGE('',*,*,#333,.F.);
#447 = ORIENTED_EDGE('',*,*,#403,.T.);
#448 = ORIENTED_EDGE('',*,*,#373,.T.);
#449 = ORIENTED_EDGE('',*,*,#425,.F.);
#450 = PLANE('',#451);
#451 = AXIS2_PLACEMENT_3D('',#452,#453,#454);
#452 = CARTESIAN_POINT('',(167.64,3.148584E+03,3.130296E+03));
#453 = DIRECTION('',(0.,0.,1.));
#454 = DIRECTION('',(1.,0.,-0.));
#455 = ADVANCED_FACE('',(#456),#462,.T.);
#456 = FACE_BOUND('',#457,.T.);
#457 = EDGE_LOOP('',(#458,#459,#460,#461));
#458 = ORIENTED_EDGE('',*,*,#349,.F.);
#459 = ORIENTED_EDGE('',*,*,#410,.T.);
#460 = ORIENTED_EDGE('',*,*,#389,.T.);
#461 = ORIENTED_EDGE('',*,*,#432,.F.);
#462 = PLANE('',#463);
#463 = AXIS2_PLACEMENT_3D('',#464,#465,#466);
#464 = CARTESIAN_POINT('',(167.64,3.148584E+03,3.142488E+03));
#465 = DIRECTION('',(0.,0.,1.));
#466 = DIRECTION('',(1.,0.,-0.));
#467 = ( GEOMETRIC_REPRESENTATION_CONTEXT(3) 
GLOBAL_UNCERTAINTY_ASSIGNED_CONTEXT((#471)) GLOBAL_UNIT_ASSIGNED_CONTEXT
((#468,#469,#470)) REPRESENTATION_CONTEXT('Context #1',
  '3D Context with UNIT and UNCERTAINTY') );
#468 = ( LENGTH_UNIT() NAMED_UNIT(*) SI_UNIT(.MILLI.,.METRE.) );
#469 = ( NAMED_UNIT(*) PLANE_ANGLE_UNIT() SI_UNIT($,.RADIAN.) );
#470 = ( NAMED_UNIT(*) SI_UNIT($,.STERADIAN.) SOLID_ANGLE_UNIT() );
#471 = UNCERTAINTY_MEASURE_WITH_UNIT(LENGTH_MEASURE(1.E-07),#468,
  'distance_accuracy_value','confusion accuracy');
#472 = CONTEXT_DEPENDENT_SHAPE_REPRESENTATION(#473,#475);
#473 = ( REPRESENTATION_RELATIONSHIP('','',#316,#10) 
REPRESENTATION_RELATIONSHIP_WITH_TRANSFORMATION(#474) 
SHAPE_REPRESENTATION_RELATIONSHIP() );
#474 = ITEM_DEFINED_TRANSFORMATION('','',#11,#15);
#475 = PRODUCT_DEFINITION_SHAPE('Placement','Placement of an item',#476
  );
#476 = NEXT_ASSEMBLY_USAGE_OCCURRENCE('1','Bathroom and laundry','',#5,
  #311,$);
#477 = PRODUCT_RELATED_PRODUCT_CATEGORY('part',$,(#313));
#478 = SHAPE_DEFINITION_REPRESENTATION(#479,#485);
#479 = PRODUCT_DEFINITION_SHAPE('','',#480);
#480 = PRODUCT_DEFINITION('design','',#481,#484);
#481 = PRODUCT_DEFINITION_FORMATION('','',#482);
#482 = PRODUCT('Bedroom','Bedroom','',(#483));
#483 = PRODUCT_CONTEXT('',#2,'mechanical');
#484 = PRODUCT_DEFINITION_CONTEXT('part definition',#2,'design');
#485 = ADVANCED_BREP_SHAPE_REPRESENTATION('',(#11,#486),#636);
#486 = MANIFOLD_SOLID_BREP('',#487);
#487 = CLOSED_SHELL('',(#488,#528,#568,#590,#612,#624));
#488 = ADVANCED_FACE('',(#489),#523,.F.);
#489 = FACE_BOUND('',#490,.F.);
#490 = EDGE_LOOP('',(#491,#501,#509,#517));
#491 = ORIENTED_EDGE('',*,*,#492,.F.);
#492 = EDGE_CURVE('',#493,#495,#497,.T.);
#493 = VERTEX_POINT('',#494);
#494 = CARTESIAN_POINT('',(167.64,167.64,3.130296E+03));
#495 = VERTEX_POINT('',#496);
#496 = CARTESIAN_POINT('',(167.64,167.64,3.142488E+03));
#497 = LINE('',#498,#499);
#498 = CARTESIAN_POINT('',(167.64,167.64,3.130296E+03));
#499 = VECTOR('',#500,1.);
#500 = DIRECTION('',(0.,0.,1.));
#501 = ORIENTED_EDGE('',*,*,#502,.T.);
#502 = EDGE_CURVE('',#493,#503,#505,.T.);
#503 = VERTEX_POINT('',#504);
#504 = CARTESIAN_POINT('',(167.64,3.03276E+03,3.130296E+03));
#505 = LINE('',#506,#507);
#506 = CARTESIAN_POINT('',(167.64,167.64,3.130296E+03));
#507 = VECTOR('',#508,1.);
#508 = DIRECTION('',(-0.,1.,0.));
#509 = ORIENTED_EDGE('',*,*,#510,.T.);
#510 = EDGE_CURVE('',#503,#511,#513,.T.);
#511 = VERTEX_POINT('',#512);
#512 = CARTESIAN_POINT('',(167.64,3.03276E+03,3.142488E+03));
#513 = LINE('',#514,#515);
#514 = CARTESIAN_POINT('',(167.64,3.03276E+03,3.130296E+03));
#515 = VECTOR('',#516,1.);
#516 = DIRECTION('',(0.,0.,1.));
#517 = ORIENTED_EDGE('',*,*,#518,.F.);
#518 = EDGE_CURVE('',#495,#511,#519,.T.);
#519 = LINE('',#520,#521);
#520 = CARTESIAN_POINT('',(167.64,167.64,3.142488E+03));
#521 = VECTOR('',#522,1.);
#522 = DIRECTION('',(-0.,1.,0.));
#523 = PLANE('',#524);
#524 = AXIS2_PLACEMENT_3D('',#525,#526,#527);
#525 = CARTESIAN_POINT('',(167.64,167.64,3.130296E+03));
#526 = DIRECTION('',(1.,0.,-0.));
#527 = DIRECTION('',(0.,0.,1.));
#528 = ADVANCED_FACE('',(#529),#563,.T.);
#529 = FACE_BOUND('',#530,.T.);
#530 = EDGE_LOOP('',(#531,#541,#549,#557));
#531 = ORIENTED_EDGE('',*,*,#532,.F.);
#532 = EDGE_CURVE('',#533,#535,#537,.T.);
#533 = VERTEX_POINT('',#534);
#534 = CARTESIAN_POINT('',(3.09372E+03,167.64,3.130296E+03));
#535 = VERTEX_POINT('',#536);
#536 = CARTESIAN_POINT('',(3.09372E+03,167.64,3.142488E+03));
#537 = LINE('',#538,#539);
#538 = CARTESIAN_POINT('',(3.09372E+03,167.64,3.130296E+03));
#539 = VECTOR('',#540,1.);
#540 = DIRECTION('',(0.,0.,1.));
#541 = ORIENTED_EDGE('',*,*,#542,.T.);
#542 = EDGE_CURVE('',#533,#543,#545,.T.);
#543 = VERTEX_POINT('',#544);
#544 = CARTESIAN_POINT('',(3.09372E+03,3.03276E+03,3.130296E+03));
#545 = LINE('',#546,#547);
#546 = CARTESIAN_POINT('',(3.09372E+03,167.64,3.130296E+03));
#547 = VECTOR('',#548,1.);
#548 = DIRECTION('',(-0.,1.,0.));
#549 = ORIENTED_EDGE('',*,*,#550,.T.);
#550 = EDGE_CURVE('',#543,#551,#553,.T.);
#551 = VERTEX_POINT('',#552);
#552 = CARTESIAN_POINT('',(3.09372E+03,3.03276E+03,3.142488E+03));
#553 = LINE('',#554,#555);
#554 = CARTESIAN_POINT('',(3.09372E+03,3.03276E+03,3.130296E+03));
#555 = VECTOR('',#556,1.);
#556 = DIRECTION('',(0.,0.,1.));
#557 = ORIENTED_EDGE('',*,*,#558,.F.);
#558 = EDGE_CURVE('',#535,#551,#559,.T.);
#559 = LINE('',#560,#561);
#560 = CARTESIAN_POINT('',(3.09372E+03,167.64,3.142488E+03));
#561 = VECTOR('',#562,1.);
#562 = DIRECTION('',(-0.,1.,0.));
#563 = PLANE('',#564);
#564 = AXIS2_PLACEMENT_3D('',#565,#566,#567);
#565 = CARTESIAN_POINT('',(3.09372E+03,167.64,3.130296E+03));
#566 = DIRECTION('',(1.,0.,-0.));
#567 = DIRECTION('',(0.,0.,1.));
#568 = ADVANCED_FACE('',(#569),#585,.F.);
#569 = FACE_BOUND('',#570,.F.);
#570 = EDGE_LOOP('',(#571,#577,#578,#584));
#571 = ORIENTED_EDGE('',*,*,#572,.F.);
#572 = EDGE_CURVE('',#493,#533,#573,.T.);
#573 = LINE('',#574,#575);
#574 = CARTESIAN_POINT('',(167.64,167.64,3.130296E+03));
#575 = VECTOR('',#576,1.);
#576 = DIRECTION('',(1.,0.,-0.));
#577 = ORIENTED_EDGE('',*,*,#492,.T.);
#578 = ORIENTED_EDGE('',*,*,#579,.T.);
#579 = EDGE_CURVE('',#495,#535,#580,.T.);
#580 = LINE('',#581,#582);
#581 = CARTESIAN_POINT('',(167.64,167.64,3.142488E+03));
#582 = VECTOR('',#583,1.);
#583 = DIRECTION('',(1.,0.,-0.));
#584 = ORIENTED_EDGE('',*,*,#532,.F.);
#585 = PLANE('',#586);
#586 = AXIS2_PLACEMENT_3D('',#587,#588,#589);
#587 = CARTESIAN_POINT('',(167.64,167.64,3.130296E+03));
#588 = DIRECTION('',(-0.,1.,0.));
#589 = DIRECTION('',(0.,0.,1.));
#590 = ADVANCED_FACE('',(#591),#607,.T.);
#591 = FACE_BOUND('',#592,.T.);
#592 = EDGE_LOOP('',(#593,#599,#600,#606));
#593 = ORIENTED_EDGE('',*,*,#594,.F.);
#594 = EDGE_CURVE('',#503,#543,#595,.T.);
#595 = LINE('',#596,#597);
#596 = CARTESIAN_POINT('',(167.64,3.03276E+03,3.130296E+03));
#597 = VECTOR('',#598,1.);
#598 = DIRECTION('',(1.,0.,-0.));
#599 = ORIENTED_EDGE('',*,*,#510,.T.);
#600 = ORIENTED_EDGE('',*,*,#601,.T.);
#601 = EDGE_CURVE('',#511,#551,#602,.T.);
#602 = LINE('',#603,#604);
#603 = CARTESIAN_POINT('',(167.64,3.03276E+03,3.142488E+03));
#604 = VECTOR('',#605,1.);
#605 = DIRECTION('',(1.,0.,-0.));
#606 = ORIENTED_EDGE('',*,*,#550,.F.);
#607 = PLANE('',#608);
#608 = AXIS2_PLACEMENT_3D('',#609,#610,#611);
#609 = CARTESIAN_POINT('',(167.64,3.03276E+03,3.130296E+03));
#610 = DIRECTION('',(-0.,1.,0.));
#611 = DIRECTION('',(0.,0.,1.));
#612 = ADVANCED_FACE('',(#613),#619,.F.);
#613 = FACE_BOUND('',#614,.F.);
#614 = EDGE_LOOP('',(#615,#616,#617,#618));
#615 = ORIENTED_EDGE('',*,*,#502,.F.);
#616 = ORIENTED_EDGE('',*,*,#572,.T.);
#617 = ORIENTED_EDGE('',*,*,#542,.T.);
#618 = ORIENTED_EDGE('',*,*,#594,.F.);
#619 = PLANE('',#620);
#620 = AXIS2_PLACEMENT_3D('',#621,#622,#623);
#621 = CARTESIAN_POINT('',(167.64,167.64,3.130296E+03));
#622 = DIRECTION('',(0.,0.,1.));
#623 = DIRECTION('',(1.,0.,-0.));
#624 = ADVANCED_FACE('',(#625),#631,.T.);
#625 = FACE_BOUND('',#626,.T.);
#626 = EDGE_LOOP('',(#627,#628,#629,#630));
#627 = ORIENTED_EDGE('',*,*,#518,.F.);
#628 = ORIENTED_EDGE('',*,*,#579,.T.);
#629 = ORIENTED_EDGE('',*,*,#558,.T.);
#630 = ORIENTED_EDGE('',*,*,#601,.F.);
#631 = PLANE('',#632);
#632 = AXIS2_PLACEMENT_3D('',#633,#634,#635);
#633 = CARTESIAN_POINT('',(167.64,167.64,3.142488E+03));
#634 = DIRECTION('',(0.,0.,1.));
#635 = DIRECTION('',(1.,0.,-0.));
#636 = ( GEOMETRIC_REPRESENTATION_CONTEXT(3) 
GLOBAL_UNCERTAINTY_ASSIGNED_CONTEXT((#640)) GLOBAL_UNIT_ASSIGNED_CONTEXT
((#637,#638,#639)) REPRESENTATION_CONTEXT('Context #1',
  '3D Context with UNIT and UNCERTAINTY') );
#637 = ( LENGTH_UNIT() NAMED_UNIT(*) SI_UNIT(.MILLI.,.METRE.) );
#638 = ( NAMED_UNIT(*) PLANE_ANGLE_UNIT() SI_UNIT($,.RADIAN.) );
#639 = ( NAMED_UNIT(*) SI_UNIT($,.STERADIAN.) SOLID_ANGLE_UNIT() );
#640 = UNCERTAINTY_MEASURE_WITH_UNIT(LENGTH_MEASURE(1.E-07),#637,
  'distance_accuracy_value','confusion accuracy');
#641 = CONTEXT_DEPENDENT_SHAPE_REPRESENTATION(#642,#644);
#642 = ( REPRESENTATION_RELATIONSHIP('','',#485,#10) 
REPRESENTATION_RELATIONSHIP_WITH_TRANSFORMATION(#643) 
SHAPE_REPRESENTATION_RELATIONSHIP() );
#643 = ITEM_DEFINED_TRANSFORMATION('','',#11,#19);
#644 = PRODUCT_DEFINITION_SHAPE('Placement','Placement of an item',#645
  );
#645 = NEXT_ASSEMBLY_USAGE_OCCURRENCE('2','Bedroom','',#5,#480,$);
#646 = PRODUCT_RELATED_PRODUCT_CATEGORY('part',$,(#482));
#647 = SHAPE_DEFINITION_REPRESENTATION(#648,#654);
#648 = PRODUCT_DEFINITION_SHAPE('','',#649);
#649 = PRODUCT_DEFINITION('design','',#650,#653);
#650 = PRODUCT_DEFINITION_FORMATION('','',#651);
#651 = PRODUCT('East balcony guard rail','East balcony guard rail','',(
    #652));
#652 = PRODUCT_CONTEXT('',#2,'mechanical');
#653 = PRODUCT_DEFINITION_CONTEXT('part definition',#2,'design');
#654 = ADVANCED_BREP_SHAPE_REPRESENTATION('',(#11,#655),#805);
#655 = MANIFOLD_SOLID_BREP('',#656);
#656 = CLOSED_SHELL('',(#657,#697,#737,#759,#781,#793));
#657 = ADVANCED_FACE('',(#658),#692,.F.);
#658 = FACE_BOUND('',#659,.F.);
#659 = EDGE_LOOP('',(#660,#670,#678,#686));
#660 = ORIENTED_EDGE('',*,*,#661,.F.);
#661 = EDGE_CURVE('',#662,#664,#666,.T.);
#662 = VERTEX_POINT('',#663);
#663 = CARTESIAN_POINT('',(8.345424E+03,0.,3.925824E+03));
#664 = VERTEX_POINT('',#665);
#665 = CARTESIAN_POINT('',(8.345424E+03,0.,3.9624E+03));
#666 = LINE('',#667,#668);
#667 = CARTESIAN_POINT('',(8.345424E+03,0.,3.925824E+03));
#668 = VECTOR('',#669,1.);
#669 = DIRECTION('',(0.,0.,1.));
#670 = ORIENTED_EDGE('',*,*,#671,.T.);
#671 = EDGE_CURVE('',#662,#672,#674,.T.);
#672 = VERTEX_POINT('',#673);
#673 = CARTESIAN_POINT('',(8.345424E+03,5.9436E+03,3.925824E+03));
#674 = LINE('',#675,#676);
#675 = CARTESIAN_POINT('',(8.345424E+03,0.,3.925824E+03));
#676 = VECTOR('',#677,1.);
#677 = DIRECTION('',(-0.,1.,0.));
#678 = ORIENTED_EDGE('',*,*,#679,.T.);
#679 = EDGE_CURVE('',#672,#680,#682,.T.);
#680 = VERTEX_POINT('',#681);
#681 = CARTESIAN_POINT('',(8.345424E+03,5.9436E+03,3.9624E+03));
#682 = LINE('',#683,#684);
#683 = CARTESIAN_POINT('',(8.345424E+03,5.9436E+03,3.925824E+03));
#684 = VECTOR('',#685,1.);
#685 = DIRECTION('',(0.,0.,1.));
#686 = ORIENTED_EDGE('',*,*,#687,.F.);
#687 = EDGE_CURVE('',#664,#680,#688,.T.);
#688 = LINE('',#689,#690);
#689 = CARTESIAN_POINT('',(8.345424E+03,0.,3.9624E+03));
#690 = VECTOR('',#691,1.);
#691 = DIRECTION('',(-0.,1.,0.));
#692 = PLANE('',#693);
#693 = AXIS2_PLACEMENT_3D('',#694,#695,#696);
#694 = CARTESIAN_POINT('',(8.345424E+03,0.,3.925824E+03));
#695 = DIRECTION('',(1.,0.,-0.));
#696 = DIRECTION('',(0.,0.,1.));
#697 = ADVANCED_FACE('',(#698),#732,.T.);
#698 = FACE_BOUND('',#699,.T.);
#699 = EDGE_LOOP('',(#700,#710,#718,#726));
#700 = ORIENTED_EDGE('',*,*,#701,.F.);
#701 = EDGE_CURVE('',#702,#704,#706,.T.);
#702 = VERTEX_POINT('',#703);
#703 = CARTESIAN_POINT('',(8.382E+03,0.,3.925824E+03));
#704 = VERTEX_POINT('',#705);
#705 = CARTESIAN_POINT('',(8.382E+03,0.,3.9624E+03));
#706 = LINE('',#707,#708);
#707 = CARTESIAN_POINT('',(8.382E+03,0.,3.925824E+03));
#708 = VECTOR('',#709,1.);
#709 = DIRECTION('',(0.,0.,1.));
#710 = ORIENTED_EDGE('',*,*,#711,.T.);
#711 = EDGE_CURVE('',#702,#712,#714,.T.);
#712 = VERTEX_POINT('',#713);
#713 = CARTESIAN_POINT('',(8.382E+03,5.9436E+03,3.925824E+03));
#714 = LINE('',#715,#716);
#715 = CARTESIAN_POINT('',(8.382E+03,0.,3.925824E+03));
#716 = VECTOR('',#717,1.);
#717 = DIRECTION('',(-0.,1.,0.));
#718 = ORIENTED_EDGE('',*,*,#719,.T.);
#719 = EDGE_CURVE('',#712,#720,#722,.T.);
#720 = VERTEX_POINT('',#721);
#721 = CARTESIAN_POINT('',(8.382E+03,5.9436E+03,3.9624E+03));
#722 = LINE('',#723,#724);
#723 = CARTESIAN_POINT('',(8.382E+03,5.9436E+03,3.925824E+03));
#724 = VECTOR('',#725,1.);
#725 = DIRECTION('',(0.,0.,1.));
#726 = ORIENTED_EDGE('',*,*,#727,.F.);
#727 = EDGE_CURVE('',#704,#720,#728,.T.);
#728 = LINE('',#729,#730);
#729 = CARTESIAN_POINT('',(8.382E+03,0.,3.9624E+03));
#730 = VECTOR('',#731,1.);
#731 = DIRECTION('',(-0.,1.,0.));
#732 = PLANE('',#733);
#733 = AXIS2_PLACEMENT_3D('',#734,#735,#736);
#734 = CARTESIAN_POINT('',(8.382E+03,0.,3.925824E+03));
#735 = DIRECTION('',(1.,0.,-0.));
#736 = DIRECTION('',(0.,0.,1.));
#737 = ADVANCED_FACE('',(#738),#754,.F.);
#738 = FACE_BOUND('',#739,.F.);
#739 = EDGE_LOOP('',(#740,#746,#747,#753));
#740 = ORIENTED_EDGE('',*,*,#741,.F.);
#741 = EDGE_CURVE('',#662,#702,#742,.T.);
#742 = LINE('',#743,#744);
#743 = CARTESIAN_POINT('',(8.345424E+03,0.,3.925824E+03));
#744 = VECTOR('',#745,1.);
#745 = DIRECTION('',(1.,0.,-0.));
#746 = ORIENTED_EDGE('',*,*,#661,.T.);
#747 = ORIENTED_EDGE('',*,*,#748,.T.);
#748 = EDGE_CURVE('',#664,#704,#749,.T.);
#749 = LINE('',#750,#751);
#750 = CARTESIAN_POINT('',(8.345424E+03,0.,3.9624E+03));
#751 = VECTOR('',#752,1.);
#752 = DIRECTION('',(1.,0.,-0.));
#753 = ORIENTED_EDGE('',*,*,#701,.F.);
#754 = PLANE('',#755);
#755 = AXIS2_PLACEMENT_3D('',#756,#757,#758);
#756 = CARTESIAN_POINT('',(8.345424E+03,0.,3.925824E+03));
#757 = DIRECTION('',(-0.,1.,0.));
#758 = DIRECTION('',(0.,0.,1.));
#759 = ADVANCED_FACE('',(#760),#776,.T.);
#760 = FACE_BOUND('',#761,.T.);
#761 = EDGE_LOOP('',(#762,#768,#769,#775));
#762 = ORIENTED_EDGE('',*,*,#763,.F.);
#763 = EDGE_CURVE('',#672,#712,#764,.T.);
#764 = LINE('',#765,#766);
#765 = CARTESIAN_POINT('',(8.345424E+03,5.9436E+03,3.925824E+03));
#766 = VECTOR('',#767,1.);
#767 = DIRECTION('',(1.,0.,-0.));
#768 = ORIENTED_EDGE('',*,*,#679,.T.);
#769 = ORIENTED_EDGE('',*,*,#770,.T.);
#770 = EDGE_CURVE('',#680,#720,#771,.T.);
#771 = LINE('',#772,#773);
#772 = CARTESIAN_POINT('',(8.345424E+03,5.9436E+03,3.9624E+03));
#773 = VECTOR('',#774,1.);
#774 = DIRECTION('',(1.,0.,-0.));
#775 = ORIENTED_EDGE('',*,*,#719,.F.);
#776 = PLANE('',#777);
#777 = AXIS2_PLACEMENT_3D('',#778,#779,#780);
#778 = CARTESIAN_POINT('',(8.345424E+03,5.9436E+03,3.925824E+03));
#779 = DIRECTION('',(-0.,1.,0.));
#780 = DIRECTION('',(0.,0.,1.));
#781 = ADVANCED_FACE('',(#782),#788,.F.);
#782 = FACE_BOUND('',#783,.F.);
#783 = EDGE_LOOP('',(#784,#785,#786,#787));
#784 = ORIENTED_EDGE('',*,*,#671,.F.);
#785 = ORIENTED_EDGE('',*,*,#741,.T.);
#786 = ORIENTED_EDGE('',*,*,#711,.T.);
#787 = ORIENTED_EDGE('',*,*,#763,.F.);
#788 = PLANE('',#789);
#789 = AXIS2_PLACEMENT_3D('',#790,#791,#792);
#790 = CARTESIAN_POINT('',(8.345424E+03,0.,3.925824E+03));
#791 = DIRECTION('',(0.,0.,1.));
#792 = DIRECTION('',(1.,0.,-0.));
#793 = ADVANCED_FACE('',(#794),#800,.T.);
#794 = FACE_BOUND('',#795,.T.);
#795 = EDGE_LOOP('',(#796,#797,#798,#799));
#796 = ORIENTED_EDGE('',*,*,#687,.F.);
#797 = ORIENTED_EDGE('',*,*,#748,.T.);
#798 = ORIENTED_EDGE('',*,*,#727,.T.);
#799 = ORIENTED_EDGE('',*,*,#770,.F.);
#800 = PLANE('',#801);
#801 = AXIS2_PLACEMENT_3D('',#802,#803,#804);
#802 = CARTESIAN_POINT('',(8.345424E+03,0.,3.9624E+03));
#803 = DIRECTION('',(0.,0.,1.));
#804 = DIRECTION('',(1.,0.,-0.));
#805 = ( GEOMETRIC_REPRESENTATION_CONTEXT(3) 
GLOBAL_UNCERTAINTY_ASSIGNED_CONTEXT((#809)) GLOBAL_UNIT_ASSIGNED_CONTEXT
((#806,#807,#808)) REPRESENTATION_CONTEXT('Context #1',
  '3D Context with UNIT and UNCERTAINTY') );
#806 = ( LENGTH_UNIT() NAMED_UNIT(*) SI_UNIT(.MILLI.,.METRE.) );
#807 = ( NAMED_UNIT(*) PLANE_ANGLE_UNIT() SI_UNIT($,.RADIAN.) );
#808 = ( NAMED_UNIT(*) SI_UNIT($,.STERADIAN.) SOLID_ANGLE_UNIT() );
#809 = UNCERTAINTY_MEASURE_WITH_UNIT(LENGTH_MEASURE(1.E-07),#806,
  'distance_accuracy_value','confusion accuracy');
#810 = CONTEXT_DEPENDENT_SHAPE_REPRESENTATION(#811,#813);
#811 = ( REPRESENTATION_RELATIONSHIP('','',#654,#10) 
REPRESENTATION_RELATIONSHIP_WITH_TRANSFORMATION(#812) 
SHAPE_REPRESENTATION_RELATIONSHIP() );
#812 = ITEM_DEFINED_TRANSFORMATION('','',#11,#23);
#813 = PRODUCT_DEFINITION_SHAPE('Placement','Placement of an item',#814
  );
#814 = NEXT_ASSEMBLY_USAGE_OCCURRENCE('3','East balcony guard rail','',
  #5,#649,$);
#815 = PRODUCT_RELATED_PRODUCT_CATEGORY('part',$,(#651));
#816 = SHAPE_DEFINITION_REPRESENTATION(#817,#823);
#817 = PRODUCT_DEFINITION_SHAPE('','',#818);
#818 = PRODUCT_DEFINITION('design','',#819,#822);
#819 = PRODUCT_DEFINITION_FORMATION('','',#820);
#820 = PRODUCT('East gable appliance run','East gable appliance run','',
  (#821));
#821 = PRODUCT_CONTEXT('',#2,'mechanical');
#822 = PRODUCT_DEFINITION_CONTEXT('part definition',#2,'design');
#823 = ADVANCED_BREP_SHAPE_REPRESENTATION('',(#11,#824),#974);
#824 = MANIFOLD_SOLID_BREP('',#825);
#825 = CLOSED_SHELL('',(#826,#866,#906,#928,#950,#962));
#826 = ADVANCED_FACE('',(#827),#861,.F.);
#827 = FACE_BOUND('',#828,.F.);
#828 = EDGE_LOOP('',(#829,#839,#847,#855));
#829 = ORIENTED_EDGE('',*,*,#830,.F.);
#830 = EDGE_CURVE('',#831,#833,#835,.T.);
#831 = VERTEX_POINT('',#832);
#832 = CARTESIAN_POINT('',(6.501384E+03,2.5908E+03,3.1242E+03));
#833 = VERTEX_POINT('',#834);
#834 = CARTESIAN_POINT('',(6.501384E+03,2.5908E+03,4.0386E+03));
#835 = LINE('',#836,#837);
#836 = CARTESIAN_POINT('',(6.501384E+03,2.5908E+03,3.1242E+03));
#837 = VECTOR('',#838,1.);
#838 = DIRECTION('',(0.,0.,1.));
#839 = ORIENTED_EDGE('',*,*,#840,.T.);
#840 = EDGE_CURVE('',#831,#841,#843,.T.);
#841 = VERTEX_POINT('',#842);
#842 = CARTESIAN_POINT('',(6.501384E+03,4.60248E+03,3.1242E+03));
#843 = LINE('',#844,#845);
#844 = CARTESIAN_POINT('',(6.501384E+03,2.5908E+03,3.1242E+03));
#845 = VECTOR('',#846,1.);
#846 = DIRECTION('',(-0.,1.,0.));
#847 = ORIENTED_EDGE('',*,*,#848,.T.);
#848 = EDGE_CURVE('',#841,#849,#851,.T.);
#849 = VERTEX_POINT('',#850);
#850 = CARTESIAN_POINT('',(6.501384E+03,4.60248E+03,4.0386E+03));
#851 = LINE('',#852,#853);
#852 = CARTESIAN_POINT('',(6.501384E+03,4.60248E+03,3.1242E+03));
#853 = VECTOR('',#854,1.);
#854 = DIRECTION('',(0.,0.,1.));
#855 = ORIENTED_EDGE('',*,*,#856,.F.);
#856 = EDGE_CURVE('',#833,#849,#857,.T.);
#857 = LINE('',#858,#859);
#858 = CARTESIAN_POINT('',(6.501384E+03,2.5908E+03,4.0386E+03));
#859 = VECTOR('',#860,1.);
#860 = DIRECTION('',(-0.,1.,0.));
#861 = PLANE('',#862);
#862 = AXIS2_PLACEMENT_3D('',#863,#864,#865);
#863 = CARTESIAN_POINT('',(6.501384E+03,2.5908E+03,3.1242E+03));
#864 = DIRECTION('',(1.,0.,-0.));
#865 = DIRECTION('',(0.,0.,1.));
#866 = ADVANCED_FACE('',(#867),#901,.T.);
#867 = FACE_BOUND('',#868,.T.);
#868 = EDGE_LOOP('',(#869,#879,#887,#895));
#869 = ORIENTED_EDGE('',*,*,#870,.F.);
#870 = EDGE_CURVE('',#871,#873,#875,.T.);
#871 = VERTEX_POINT('',#872);
#872 = CARTESIAN_POINT('',(7.1628E+03,2.5908E+03,3.1242E+03));
#873 = VERTEX_POINT('',#874);
#874 = CARTESIAN_POINT('',(7.1628E+03,2.5908E+03,4.0386E+03));
#875 = LINE('',#876,#877);
#876 = CARTESIAN_POINT('',(7.1628E+03,2.5908E+03,3.1242E+03));
#877 = VECTOR('',#878,1.);
#878 = DIRECTION('',(0.,0.,1.));
#879 = ORIENTED_EDGE('',*,*,#880,.T.);
#880 = EDGE_CURVE('',#871,#881,#883,.T.);
#881 = VERTEX_POINT('',#882);
#882 = CARTESIAN_POINT('',(7.1628E+03,4.60248E+03,3.1242E+03));
#883 = LINE('',#884,#885);
#884 = CARTESIAN_POINT('',(7.1628E+03,2.5908E+03,3.1242E+03));
#885 = VECTOR('',#886,1.);
#886 = DIRECTION('',(-0.,1.,0.));
#887 = ORIENTED_EDGE('',*,*,#888,.T.);
#888 = EDGE_CURVE('',#881,#889,#891,.T.);
#889 = VERTEX_POINT('',#890);
#890 = CARTESIAN_POINT('',(7.1628E+03,4.60248E+03,4.0386E+03));
#891 = LINE('',#892,#893);
#892 = CARTESIAN_POINT('',(7.1628E+03,4.60248E+03,3.1242E+03));
#893 = VECTOR('',#894,1.);
#894 = DIRECTION('',(0.,0.,1.));
#895 = ORIENTED_EDGE('',*,*,#896,.F.);
#896 = EDGE_CURVE('',#873,#889,#897,.T.);
#897 = LINE('',#898,#899);
#898 = CARTESIAN_POINT('',(7.1628E+03,2.5908E+03,4.0386E+03));
#899 = VECTOR('',#900,1.);
#900 = DIRECTION('',(-0.,1.,0.));
#901 = PLANE('',#902);
#902 = AXIS2_PLACEMENT_3D('',#903,#904,#905);
#903 = CARTESIAN_POINT('',(7.1628E+03,2.5908E+03,3.1242E+03));
#904 = DIRECTION('',(1.,0.,-0.));
#905 = DIRECTION('',(0.,0.,1.));
#906 = ADVANCED_FACE('',(#907),#923,.F.);
#907 = FACE_BOUND('',#908,.F.);
#908 = EDGE_LOOP('',(#909,#915,#916,#922));
#909 = ORIENTED_EDGE('',*,*,#910,.F.);
#910 = EDGE_CURVE('',#831,#871,#911,.T.);
#911 = LINE('',#912,#913);
#912 = CARTESIAN_POINT('',(6.501384E+03,2.5908E+03,3.1242E+03));
#913 = VECTOR('',#914,1.);
#914 = DIRECTION('',(1.,0.,-0.));
#915 = ORIENTED_EDGE('',*,*,#830,.T.);
#916 = ORIENTED_EDGE('',*,*,#917,.T.);
#917 = EDGE_CURVE('',#833,#873,#918,.T.);
#918 = LINE('',#919,#920);
#919 = CARTESIAN_POINT('',(6.501384E+03,2.5908E+03,4.0386E+03));
#920 = VECTOR('',#921,1.);
#921 = DIRECTION('',(1.,0.,-0.));
#922 = ORIENTED_EDGE('',*,*,#870,.F.);
#923 = PLANE('',#924);
#924 = AXIS2_PLACEMENT_3D('',#925,#926,#927);
#925 = CARTESIAN_POINT('',(6.501384E+03,2.5908E+03,3.1242E+03));
#926 = DIRECTION('',(-0.,1.,0.));
#927 = DIRECTION('',(0.,0.,1.));
#928 = ADVANCED_FACE('',(#929),#945,.T.);
#929 = FACE_BOUND('',#930,.T.);
#930 = EDGE_LOOP('',(#931,#937,#938,#944));
#931 = ORIENTED_EDGE('',*,*,#932,.F.);
#932 = EDGE_CURVE('',#841,#881,#933,.T.);
#933 = LINE('',#934,#935);
#934 = CARTESIAN_POINT('',(6.501384E+03,4.60248E+03,3.1242E+03));
#935 = VECTOR('',#936,1.);
#936 = DIRECTION('',(1.,0.,-0.));
#937 = ORIENTED_EDGE('',*,*,#848,.T.);
#938 = ORIENTED_EDGE('',*,*,#939,.T.);
#939 = EDGE_CURVE('',#849,#889,#940,.T.);
#940 = LINE('',#941,#942);
#941 = CARTESIAN_POINT('',(6.501384E+03,4.60248E+03,4.0386E+03));
#942 = VECTOR('',#943,1.);
#943 = DIRECTION('',(1.,0.,-0.));
#944 = ORIENTED_EDGE('',*,*,#888,.F.);
#945 = PLANE('',#946);
#946 = AXIS2_PLACEMENT_3D('',#947,#948,#949);
#947 = CARTESIAN_POINT('',(6.501384E+03,4.60248E+03,3.1242E+03));
#948 = DIRECTION('',(-0.,1.,0.));
#949 = DIRECTION('',(0.,0.,1.));
#950 = ADVANCED_FACE('',(#951),#957,.F.);
#951 = FACE_BOUND('',#952,.F.);
#952 = EDGE_LOOP('',(#953,#954,#955,#956));
#953 = ORIENTED_EDGE('',*,*,#840,.F.);
#954 = ORIENTED_EDGE('',*,*,#910,.T.);
#955 = ORIENTED_EDGE('',*,*,#880,.T.);
#956 = ORIENTED_EDGE('',*,*,#932,.F.);
#957 = PLANE('',#958);
#958 = AXIS2_PLACEMENT_3D('',#959,#960,#961);
#959 = CARTESIAN_POINT('',(6.501384E+03,2.5908E+03,3.1242E+03));
#960 = DIRECTION('',(0.,0.,1.));
#961 = DIRECTION('',(1.,0.,-0.));
#962 = ADVANCED_FACE('',(#963),#969,.T.);
#963 = FACE_BOUND('',#964,.T.);
#964 = EDGE_LOOP('',(#965,#966,#967,#968));
#965 = ORIENTED_EDGE('',*,*,#856,.F.);
#966 = ORIENTED_EDGE('',*,*,#917,.T.);
#967 = ORIENTED_EDGE('',*,*,#896,.T.);
#968 = ORIENTED_EDGE('',*,*,#939,.F.);
#969 = PLANE('',#970);
#970 = AXIS2_PLACEMENT_3D('',#971,#972,#973);
#971 = CARTESIAN_POINT('',(6.501384E+03,2.5908E+03,4.0386E+03));
#972 = DIRECTION('',(0.,0.,1.));
#973 = DIRECTION('',(1.,0.,-0.));
#974 = ( GEOMETRIC_REPRESENTATION_CONTEXT(3) 
GLOBAL_UNCERTAINTY_ASSIGNED_CONTEXT((#978)) GLOBAL_UNIT_ASSIGNED_CONTEXT
((#975,#976,#977)) REPRESENTATION_CONTEXT('Context #1',
  '3D Context with UNIT and UNCERTAINTY') );
#975 = ( LENGTH_UNIT() NAMED_UNIT(*) SI_UNIT(.MILLI.,.METRE.) );
#976 = ( NAMED_UNIT(*) PLANE_ANGLE_UNIT() SI_UNIT($,.RADIAN.) );
#977 = ( NAMED_UNIT(*) SI_UNIT($,.STERADIAN.) SOLID_ANGLE_UNIT() );
#978 = UNCERTAINTY_MEASURE_WITH_UNIT(LENGTH_MEASURE(1.E-07),#975,
  'distance_accuracy_value','confusion accuracy');
#979 = CONTEXT_DEPENDENT_SHAPE_REPRESENTATION(#980,#982);
#980 = ( REPRESENTATION_RELATIONSHIP('','',#823,#10) 
REPRESENTATION_RELATIONSHIP_WITH_TRANSFORMATION(#981) 
SHAPE_REPRESENTATION_RELATIONSHIP() );
#981 = ITEM_DEFINED_TRANSFORMATION('','',#11,#27);
#982 = PRODUCT_DEFINITION_SHAPE('Placement','Placement of an item',#983
  );
#983 = NEXT_ASSEMBLY_USAGE_OCCURRENCE('4','East gable appliance run','',
  #5,#818,$);
#984 = PRODUCT_RELATED_PRODUCT_CATEGORY('part',$,(#820));
#985 = SHAPE_DEFINITION_REPRESENTATION(#986,#992);
#986 = PRODUCT_DEFINITION_SHAPE('','',#987);
#987 = PRODUCT_DEFINITION('design','',#988,#991);
#988 = PRODUCT_DEFINITION_FORMATION('','',#989);
#989 = PRODUCT('East kitchen window','East kitchen window','',(#990));
#990 = PRODUCT_CONTEXT('',#2,'mechanical');
#991 = PRODUCT_DEFINITION_CONTEXT('part definition',#2,'design');
#992 = ADVANCED_BREP_SHAPE_REPRESENTATION('',(#11,#993),#1143);
#993 = MANIFOLD_SOLID_BREP('',#994);
#994 = CLOSED_SHELL('',(#995,#1035,#1075,#1097,#1119,#1131));
#995 = ADVANCED_FACE('',(#996),#1030,.F.);
#996 = FACE_BOUND('',#997,.F.);
#997 = EDGE_LOOP('',(#998,#1008,#1016,#1024));
#998 = ORIENTED_EDGE('',*,*,#999,.F.);
#999 = EDGE_CURVE('',#1000,#1002,#1004,.T.);
#1000 = VERTEX_POINT('',#1001);
#1001 = CARTESIAN_POINT('',(7.21995E+03,2.80416E+03,3.85572E+03));
#1002 = VERTEX_POINT('',#1003);
#1003 = CARTESIAN_POINT('',(7.21995E+03,2.80416E+03,4.61772E+03));
#1004 = LINE('',#1005,#1006);
#1005 = CARTESIAN_POINT('',(7.21995E+03,2.80416E+03,3.85572E+03));
#1006 = VECTOR('',#1007,1.);
#1007 = DIRECTION('',(0.,0.,1.));
#1008 = ORIENTED_EDGE('',*,*,#1009,.T.);
#1009 = EDGE_CURVE('',#1000,#1010,#1012,.T.);
#1010 = VERTEX_POINT('',#1011);
#1011 = CARTESIAN_POINT('',(7.21995E+03,3.41376E+03,3.85572E+03));
#1012 = LINE('',#1013,#1014);
#1013 = CARTESIAN_POINT('',(7.21995E+03,2.80416E+03,3.85572E+03));
#1014 = VECTOR('',#1015,1.);
#1015 = DIRECTION('',(-0.,1.,0.));
#1016 = ORIENTED_EDGE('',*,*,#1017,.T.);
#1017 = EDGE_CURVE('',#1010,#1018,#1020,.T.);
#1018 = VERTEX_POINT('',#1019);
#1019 = CARTESIAN_POINT('',(7.21995E+03,3.41376E+03,4.61772E+03));
#1020 = LINE('',#1021,#1022);
#1021 = CARTESIAN_POINT('',(7.21995E+03,3.41376E+03,3.85572E+03));
#1022 = VECTOR('',#1023,1.);
#1023 = DIRECTION('',(0.,0.,1.));
#1024 = ORIENTED_EDGE('',*,*,#1025,.F.);
#1025 = EDGE_CURVE('',#1002,#1018,#1026,.T.);
#1026 = LINE('',#1027,#1028);
#1027 = CARTESIAN_POINT('',(7.21995E+03,2.80416E+03,4.61772E+03));
#1028 = VECTOR('',#1029,1.);
#1029 = DIRECTION('',(-0.,1.,0.));
#1030 = PLANE('',#1031);
#1031 = AXIS2_PLACEMENT_3D('',#1032,#1033,#1034);
#1032 = CARTESIAN_POINT('',(7.21995E+03,2.80416E+03,3.85572E+03));
#1033 = DIRECTION('',(1.,0.,-0.));
#1034 = DIRECTION('',(0.,0.,1.));
#1035 = ADVANCED_FACE('',(#1036),#1070,.T.);
#1036 = FACE_BOUND('',#1037,.T.);
#1037 = EDGE_LOOP('',(#1038,#1048,#1056,#1064));
#1038 = ORIENTED_EDGE('',*,*,#1039,.F.);
#1039 = EDGE_CURVE('',#1040,#1042,#1044,.T.);
#1040 = VERTEX_POINT('',#1041);
#1041 = CARTESIAN_POINT('',(7.25805E+03,2.80416E+03,3.85572E+03));
#1042 = VERTEX_POINT('',#1043);
#1043 = CARTESIAN_POINT('',(7.25805E+03,2.80416E+03,4.61772E+03));
#1044 = LINE('',#1045,#1046);
#1045 = CARTESIAN_POINT('',(7.25805E+03,2.80416E+03,3.85572E+03));
#1046 = VECTOR('',#1047,1.);
#1047 = DIRECTION('',(0.,0.,1.));
#1048 = ORIENTED_EDGE('',*,*,#1049,.T.);
#1049 = EDGE_CURVE('',#1040,#1050,#1052,.T.);
#1050 = VERTEX_POINT('',#1051);
#1051 = CARTESIAN_POINT('',(7.25805E+03,3.41376E+03,3.85572E+03));
#1052 = LINE('',#1053,#1054);
#1053 = CARTESIAN_POINT('',(7.25805E+03,2.80416E+03,3.85572E+03));
#1054 = VECTOR('',#1055,1.);
#1055 = DIRECTION('',(-0.,1.,0.));
#1056 = ORIENTED_EDGE('',*,*,#1057,.T.);
#1057 = EDGE_CURVE('',#1050,#1058,#1060,.T.);
#1058 = VERTEX_POINT('',#1059);
#1059 = CARTESIAN_POINT('',(7.25805E+03,3.41376E+03,4.61772E+03));
#1060 = LINE('',#1061,#1062);
#1061 = CARTESIAN_POINT('',(7.25805E+03,3.41376E+03,3.85572E+03));
#1062 = VECTOR('',#1063,1.);
#1063 = DIRECTION('',(0.,0.,1.));
#1064 = ORIENTED_EDGE('',*,*,#1065,.F.);
#1065 = EDGE_CURVE('',#1042,#1058,#1066,.T.);
#1066 = LINE('',#1067,#1068);
#1067 = CARTESIAN_POINT('',(7.25805E+03,2.80416E+03,4.61772E+03));
#1068 = VECTOR('',#1069,1.);
#1069 = DIRECTION('',(-0.,1.,0.));
#1070 = PLANE('',#1071);
#1071 = AXIS2_PLACEMENT_3D('',#1072,#1073,#1074);
#1072 = CARTESIAN_POINT('',(7.25805E+03,2.80416E+03,3.85572E+03));
#1073 = DIRECTION('',(1.,0.,-0.));
#1074 = DIRECTION('',(0.,0.,1.));
#1075 = ADVANCED_FACE('',(#1076),#1092,.F.);
#1076 = FACE_BOUND('',#1077,.F.);
#1077 = EDGE_LOOP('',(#1078,#1084,#1085,#1091));
#1078 = ORIENTED_EDGE('',*,*,#1079,.F.);
#1079 = EDGE_CURVE('',#1000,#1040,#1080,.T.);
#1080 = LINE('',#1081,#1082);
#1081 = CARTESIAN_POINT('',(7.21995E+03,2.80416E+03,3.85572E+03));
#1082 = VECTOR('',#1083,1.);
#1083 = DIRECTION('',(1.,0.,-0.));
#1084 = ORIENTED_EDGE('',*,*,#999,.T.);
#1085 = ORIENTED_EDGE('',*,*,#1086,.T.);
#1086 = EDGE_CURVE('',#1002,#1042,#1087,.T.);
#1087 = LINE('',#1088,#1089);
#1088 = CARTESIAN_POINT('',(7.21995E+03,2.80416E+03,4.61772E+03));
#1089 = VECTOR('',#1090,1.);
#1090 = DIRECTION('',(1.,0.,-0.));
#1091 = ORIENTED_EDGE('',*,*,#1039,.F.);
#1092 = PLANE('',#1093);
#1093 = AXIS2_PLACEMENT_3D('',#1094,#1095,#1096);
#1094 = CARTESIAN_POINT('',(7.21995E+03,2.80416E+03,3.85572E+03));
#1095 = DIRECTION('',(-0.,1.,0.));
#1096 = DIRECTION('',(0.,0.,1.));
#1097 = ADVANCED_FACE('',(#1098),#1114,.T.);
#1098 = FACE_BOUND('',#1099,.T.);
#1099 = EDGE_LOOP('',(#1100,#1106,#1107,#1113));
#1100 = ORIENTED_EDGE('',*,*,#1101,.F.);
#1101 = EDGE_CURVE('',#1010,#1050,#1102,.T.);
#1102 = LINE('',#1103,#1104);
#1103 = CARTESIAN_POINT('',(7.21995E+03,3.41376E+03,3.85572E+03));
#1104 = VECTOR('',#1105,1.);
#1105 = DIRECTION('',(1.,0.,-0.));
#1106 = ORIENTED_EDGE('',*,*,#1017,.T.);
#1107 = ORIENTED_EDGE('',*,*,#1108,.T.);
#1108 = EDGE_CURVE('',#1018,#1058,#1109,.T.);
#1109 = LINE('',#1110,#1111);
#1110 = CARTESIAN_POINT('',(7.21995E+03,3.41376E+03,4.61772E+03));
#1111 = VECTOR('',#1112,1.);
#1112 = DIRECTION('',(1.,0.,-0.));
#1113 = ORIENTED_EDGE('',*,*,#1057,.F.);
#1114 = PLANE('',#1115);
#1115 = AXIS2_PLACEMENT_3D('',#1116,#1117,#1118);
#1116 = CARTESIAN_POINT('',(7.21995E+03,3.41376E+03,3.85572E+03));
#1117 = DIRECTION('',(-0.,1.,0.));
#1118 = DIRECTION('',(0.,0.,1.));
#1119 = ADVANCED_FACE('',(#1120),#1126,.F.);
#1120 = FACE_BOUND('',#1121,.F.);
#1121 = EDGE_LOOP('',(#1122,#1123,#1124,#1125));
#1122 = ORIENTED_EDGE('',*,*,#1009,.F.);
#1123 = ORIENTED_EDGE('',*,*,#1079,.T.);
#1124 = ORIENTED_EDGE('',*,*,#1049,.T.);
#1125 = ORIENTED_EDGE('',*,*,#1101,.F.);
#1126 = PLANE('',#1127);
#1127 = AXIS2_PLACEMENT_3D('',#1128,#1129,#1130);
#1128 = CARTESIAN_POINT('',(7.21995E+03,2.80416E+03,3.85572E+03));
#1129 = DIRECTION('',(0.,0.,1.));
#1130 = DIRECTION('',(1.,0.,-0.));
#1131 = ADVANCED_FACE('',(#1132),#1138,.T.);
#1132 = FACE_BOUND('',#1133,.T.);
#1133 = EDGE_LOOP('',(#1134,#1135,#1136,#1137));
#1134 = ORIENTED_EDGE('',*,*,#1025,.F.);
#1135 = ORIENTED_EDGE('',*,*,#1086,.T.);
#1136 = ORIENTED_EDGE('',*,*,#1065,.T.);
#1137 = ORIENTED_EDGE('',*,*,#1108,.F.);
#1138 = PLANE('',#1139);
#1139 = AXIS2_PLACEMENT_3D('',#1140,#1141,#1142);
#1140 = CARTESIAN_POINT('',(7.21995E+03,2.80416E+03,4.61772E+03));
#1141 = DIRECTION('',(0.,0.,1.));
#1142 = DIRECTION('',(1.,0.,-0.));
#1143 = ( GEOMETRIC_REPRESENTATION_CONTEXT(3) 
GLOBAL_UNCERTAINTY_ASSIGNED_CONTEXT((#1147)) 
GLOBAL_UNIT_ASSIGNED_CONTEXT((#1144,#1145,#1146)) REPRESENTATION_CONTEXT
('Context #1','3D Context with UNIT and UNCERTAINTY') );
#1144 = ( LENGTH_UNIT() NAMED_UNIT(*) SI_UNIT(.MILLI.,.METRE.) );
#1145 = ( NAMED_UNIT(*) PLANE_ANGLE_UNIT() SI_UNIT($,.RADIAN.) );
#1146 = ( NAMED_UNIT(*) SI_UNIT($,.STERADIAN.) SOLID_ANGLE_UNIT() );
#1147 = UNCERTAINTY_MEASURE_WITH_UNIT(LENGTH_MEASURE(1.E-07),#1144,
  'distance_accuracy_value','confusion accuracy');
#1148 = CONTEXT_DEPENDENT_SHAPE_REPRESENTATION(#1149,#1151);
#1149 = ( REPRESENTATION_RELATIONSHIP('','',#992,#10) 
REPRESENTATION_RELATIONSHIP_WITH_TRANSFORMATION(#1150) 
SHAPE_REPRESENTATION_RELATIONSHIP() );
#1150 = ITEM_DEFINED_TRANSFORMATION('','',#11,#31);
#1151 = PRODUCT_DEFINITION_SHAPE('Placement','Placement of an item',
  #1152);
#1152 = NEXT_ASSEMBLY_USAGE_OCCURRENCE('5','East kitchen window','',#5,
  #987,$);
#1153 = PRODUCT_RELATED_PRODUCT_CATEGORY('part',$,(#989));
#1154 = SHAPE_DEFINITION_REPRESENTATION(#1155,#1161);
#1155 = PRODUCT_DEFINITION_SHAPE('','',#1156);
#1156 = PRODUCT_DEFINITION('design','',#1157,#1160);
#1157 = PRODUCT_DEFINITION_FORMATION('','',#1158);
#1158 = PRODUCT('East sliding glass entry','East sliding glass entry',''
  ,(#1159));
#1159 = PRODUCT_CONTEXT('',#2,'mechanical');
#1160 = PRODUCT_DEFINITION_CONTEXT('part definition',#2,'design');
#1161 = ADVANCED_BREP_SHAPE_REPRESENTATION('',(#11,#1162),#1312);
#1162 = MANIFOLD_SOLID_BREP('',#1163);
#1163 = CLOSED_SHELL('',(#1164,#1204,#1244,#1266,#1288,#1300));
#1164 = ADVANCED_FACE('',(#1165),#1199,.F.);
#1165 = FACE_BOUND('',#1166,.F.);
#1166 = EDGE_LOOP('',(#1167,#1177,#1185,#1193));
#1167 = ORIENTED_EDGE('',*,*,#1168,.F.);
#1168 = EDGE_CURVE('',#1169,#1171,#1173,.T.);
#1169 = VERTEX_POINT('',#1170);
#1170 = CARTESIAN_POINT('',(7.21995E+03,609.6,3.1242E+03));
#1171 = VERTEX_POINT('',#1172);
#1172 = CARTESIAN_POINT('',(7.21995E+03,609.6,5.04444E+03));
#1173 = LINE('',#1174,#1175);
#1174 = CARTESIAN_POINT('',(7.21995E+03,609.6,3.1242E+03));
#1175 = VECTOR('',#1176,1.);
#1176 = DIRECTION('',(0.,0.,1.));
#1177 = ORIENTED_EDGE('',*,*,#1178,.T.);
#1178 = EDGE_CURVE('',#1169,#1179,#1181,.T.);
#1179 = VERTEX_POINT('',#1180);
#1180 = CARTESIAN_POINT('',(7.21995E+03,2.1336E+03,3.1242E+03));
#1181 = LINE('',#1182,#1183);
#1182 = CARTESIAN_POINT('',(7.21995E+03,609.6,3.1242E+03));
#1183 = VECTOR('',#1184,1.);
#1184 = DIRECTION('',(-0.,1.,0.));
#1185 = ORIENTED_EDGE('',*,*,#1186,.T.);
#1186 = EDGE_CURVE('',#1179,#1187,#1189,.T.);
#1187 = VERTEX_POINT('',#1188);
#1188 = CARTESIAN_POINT('',(7.21995E+03,2.1336E+03,5.04444E+03));
#1189 = LINE('',#1190,#1191);
#1190 = CARTESIAN_POINT('',(7.21995E+03,2.1336E+03,3.1242E+03));
#1191 = VECTOR('',#1192,1.);
#1192 = DIRECTION('',(0.,0.,1.));
#1193 = ORIENTED_EDGE('',*,*,#1194,.F.);
#1194 = EDGE_CURVE('',#1171,#1187,#1195,.T.);
#1195 = LINE('',#1196,#1197);
#1196 = CARTESIAN_POINT('',(7.21995E+03,609.6,5.04444E+03));
#1197 = VECTOR('',#1198,1.);
#1198 = DIRECTION('',(-0.,1.,0.));
#1199 = PLANE('',#1200);
#1200 = AXIS2_PLACEMENT_3D('',#1201,#1202,#1203);
#1201 = CARTESIAN_POINT('',(7.21995E+03,609.6,3.1242E+03));
#1202 = DIRECTION('',(1.,0.,-0.));
#1203 = DIRECTION('',(0.,0.,1.));
#1204 = ADVANCED_FACE('',(#1205),#1239,.T.);
#1205 = FACE_BOUND('',#1206,.T.);
#1206 = EDGE_LOOP('',(#1207,#1217,#1225,#1233));
#1207 = ORIENTED_EDGE('',*,*,#1208,.F.);
#1208 = EDGE_CURVE('',#1209,#1211,#1213,.T.);
#1209 = VERTEX_POINT('',#1210);
#1210 = CARTESIAN_POINT('',(7.25805E+03,609.6,3.1242E+03));
#1211 = VERTEX_POINT('',#1212);
#1212 = CARTESIAN_POINT('',(7.25805E+03,609.6,5.04444E+03));
#1213 = LINE('',#1214,#1215);
#1214 = CARTESIAN_POINT('',(7.25805E+03,609.6,3.1242E+03));
#1215 = VECTOR('',#1216,1.);
#1216 = DIRECTION('',(0.,0.,1.));
#1217 = ORIENTED_EDGE('',*,*,#1218,.T.);
#1218 = EDGE_CURVE('',#1209,#1219,#1221,.T.);
#1219 = VERTEX_POINT('',#1220);
#1220 = CARTESIAN_POINT('',(7.25805E+03,2.1336E+03,3.1242E+03));
#1221 = LINE('',#1222,#1223);
#1222 = CARTESIAN_POINT('',(7.25805E+03,609.6,3.1242E+03));
#1223 = VECTOR('',#1224,1.);
#1224 = DIRECTION('',(-0.,1.,0.));
#1225 = ORIENTED_EDGE('',*,*,#1226,.T.);
#1226 = EDGE_CURVE('',#1219,#1227,#1229,.T.);
#1227 = VERTEX_POINT('',#1228);
#1228 = CARTESIAN_POINT('',(7.25805E+03,2.1336E+03,5.04444E+03));
#1229 = LINE('',#1230,#1231);
#1230 = CARTESIAN_POINT('',(7.25805E+03,2.1336E+03,3.1242E+03));
#1231 = VECTOR('',#1232,1.);
#1232 = DIRECTION('',(0.,0.,1.));
#1233 = ORIENTED_EDGE('',*,*,#1234,.F.);
#1234 = EDGE_CURVE('',#1211,#1227,#1235,.T.);
#1235 = LINE('',#1236,#1237);
#1236 = CARTESIAN_POINT('',(7.25805E+03,609.6,5.04444E+03));
#1237 = VECTOR('',#1238,1.);
#1238 = DIRECTION('',(-0.,1.,0.));
#1239 = PLANE('',#1240);
#1240 = AXIS2_PLACEMENT_3D('',#1241,#1242,#1243);
#1241 = CARTESIAN_POINT('',(7.25805E+03,609.6,3.1242E+03));
#1242 = DIRECTION('',(1.,0.,-0.));
#1243 = DIRECTION('',(0.,0.,1.));
#1244 = ADVANCED_FACE('',(#1245),#1261,.F.);
#1245 = FACE_BOUND('',#1246,.F.);
#1246 = EDGE_LOOP('',(#1247,#1253,#1254,#1260));
#1247 = ORIENTED_EDGE('',*,*,#1248,.F.);
#1248 = EDGE_CURVE('',#1169,#1209,#1249,.T.);
#1249 = LINE('',#1250,#1251);
#1250 = CARTESIAN_POINT('',(7.21995E+03,609.6,3.1242E+03));
#1251 = VECTOR('',#1252,1.);
#1252 = DIRECTION('',(1.,0.,-0.));
#1253 = ORIENTED_EDGE('',*,*,#1168,.T.);
#1254 = ORIENTED_EDGE('',*,*,#1255,.T.);
#1255 = EDGE_CURVE('',#1171,#1211,#1256,.T.);
#1256 = LINE('',#1257,#1258);
#1257 = CARTESIAN_POINT('',(7.21995E+03,609.6,5.04444E+03));
#1258 = VECTOR('',#1259,1.);
#1259 = DIRECTION('',(1.,0.,-0.));
#1260 = ORIENTED_EDGE('',*,*,#1208,.F.);
#1261 = PLANE('',#1262);
#1262 = AXIS2_PLACEMENT_3D('',#1263,#1264,#1265);
#1263 = CARTESIAN_POINT('',(7.21995E+03,609.6,3.1242E+03));
#1264 = DIRECTION('',(-0.,1.,0.));
#1265 = DIRECTION('',(0.,0.,1.));
#1266 = ADVANCED_FACE('',(#1267),#1283,.T.);
#1267 = FACE_BOUND('',#1268,.T.);
#1268 = EDGE_LOOP('',(#1269,#1275,#1276,#1282));
#1269 = ORIENTED_EDGE('',*,*,#1270,.F.);
#1270 = EDGE_CURVE('',#1179,#1219,#1271,.T.);
#1271 = LINE('',#1272,#1273);
#1272 = CARTESIAN_POINT('',(7.21995E+03,2.1336E+03,3.1242E+03));
#1273 = VECTOR('',#1274,1.);
#1274 = DIRECTION('',(1.,0.,-0.));
#1275 = ORIENTED_EDGE('',*,*,#1186,.T.);
#1276 = ORIENTED_EDGE('',*,*,#1277,.T.);
#1277 = EDGE_CURVE('',#1187,#1227,#1278,.T.);
#1278 = LINE('',#1279,#1280);
#1279 = CARTESIAN_POINT('',(7.21995E+03,2.1336E+03,5.04444E+03));
#1280 = VECTOR('',#1281,1.);
#1281 = DIRECTION('',(1.,0.,-0.));
#1282 = ORIENTED_EDGE('',*,*,#1226,.F.);
#1283 = PLANE('',#1284);
#1284 = AXIS2_PLACEMENT_3D('',#1285,#1286,#1287);
#1285 = CARTESIAN_POINT('',(7.21995E+03,2.1336E+03,3.1242E+03));
#1286 = DIRECTION('',(-0.,1.,0.));
#1287 = DIRECTION('',(0.,0.,1.));
#1288 = ADVANCED_FACE('',(#1289),#1295,.F.);
#1289 = FACE_BOUND('',#1290,.F.);
#1290 = EDGE_LOOP('',(#1291,#1292,#1293,#1294));
#1291 = ORIENTED_EDGE('',*,*,#1178,.F.);
#1292 = ORIENTED_EDGE('',*,*,#1248,.T.);
#1293 = ORIENTED_EDGE('',*,*,#1218,.T.);
#1294 = ORIENTED_EDGE('',*,*,#1270,.F.);
#1295 = PLANE('',#1296);
#1296 = AXIS2_PLACEMENT_3D('',#1297,#1298,#1299);
#1297 = CARTESIAN_POINT('',(7.21995E+03,609.6,3.1242E+03));
#1298 = DIRECTION('',(0.,0.,1.));
#1299 = DIRECTION('',(1.,0.,-0.));
#1300 = ADVANCED_FACE('',(#1301),#1307,.T.);
#1301 = FACE_BOUND('',#1302,.T.);
#1302 = EDGE_LOOP('',(#1303,#1304,#1305,#1306));
#1303 = ORIENTED_EDGE('',*,*,#1194,.F.);
#1304 = ORIENTED_EDGE('',*,*,#1255,.T.);
#1305 = ORIENTED_EDGE('',*,*,#1234,.T.);
#1306 = ORIENTED_EDGE('',*,*,#1277,.F.);
#1307 = PLANE('',#1308);
#1308 = AXIS2_PLACEMENT_3D('',#1309,#1310,#1311);
#1309 = CARTESIAN_POINT('',(7.21995E+03,609.6,5.04444E+03));
#1310 = DIRECTION('',(0.,0.,1.));
#1311 = DIRECTION('',(1.,0.,-0.));
#1312 = ( GEOMETRIC_REPRESENTATION_CONTEXT(3) 
GLOBAL_UNCERTAINTY_ASSIGNED_CONTEXT((#1316)) 
GLOBAL_UNIT_ASSIGNED_CONTEXT((#1313,#1314,#1315)) REPRESENTATION_CONTEXT
('Context #1','3D Context with UNIT and UNCERTAINTY') );
#1313 = ( LENGTH_UNIT() NAMED_UNIT(*) SI_UNIT(.MILLI.,.METRE.) );
#1314 = ( NAMED_UNIT(*) PLANE_ANGLE_UNIT() SI_UNIT($,.RADIAN.) );
#1315 = ( NAMED_UNIT(*) SI_UNIT($,.STERADIAN.) SOLID_ANGLE_UNIT() );
#1316 = UNCERTAINTY_MEASURE_WITH_UNIT(LENGTH_MEASURE(1.E-07),#1313,
  'distance_accuracy_value','confusion accuracy');
#1317 = CONTEXT_DEPENDENT_SHAPE_REPRESENTATION(#1318,#1320);
#1318 = ( REPRESENTATION_RELATIONSHIP('','',#1161,#10) 
REPRESENTATION_RELATIONSHIP_WITH_TRANSFORMATION(#1319) 
SHAPE_REPRESENTATION_RELATIONSHIP() );
#1319 = ITEM_DEFINED_TRANSFORMATION('','',#11,#35);
#1320 = PRODUCT_DEFINITION_SHAPE('Placement','Placement of an item',
  #1321);
#1321 = NEXT_ASSEMBLY_USAGE_OCCURRENCE('6','East sliding glass entry',''
  ,#5,#1156,$);
#1322 = PRODUCT_RELATED_PRODUCT_CATEGORY('part',$,(#1158));
#1323 = SHAPE_DEFINITION_REPRESENTATION(#1324,#1330);
#1324 = PRODUCT_DEFINITION_SHAPE('','',#1325);
#1325 = PRODUCT_DEFINITION('design','',#1326,#1329);
#1326 = PRODUCT_DEFINITION_FORMATION('','',#1327);
#1327 = PRODUCT('Exterior stair step 01','Exterior stair step 01','',(
    #1328));
#1328 = PRODUCT_CONTEXT('',#2,'mechanical');
#1329 = PRODUCT_DEFINITION_CONTEXT('part definition',#2,'design');
#1330 = ADVANCED_BREP_SHAPE_REPRESENTATION('',(#11,#1331),#1481);
#1331 = MANIFOLD_SOLID_BREP('',#1332);
#1332 = CLOSED_SHELL('',(#1333,#1373,#1413,#1435,#1457,#1469));
#1333 = ADVANCED_FACE('',(#1334),#1368,.F.);
#1334 = FACE_BOUND('',#1335,.F.);
#1335 = EDGE_LOOP('',(#1336,#1346,#1354,#1362));
#1336 = ORIENTED_EDGE('',*,*,#1337,.F.);
#1337 = EDGE_CURVE('',#1338,#1340,#1342,.T.);
#1338 = VERTEX_POINT('',#1339);
#1339 = CARTESIAN_POINT('',(152.4,-1.2192E+03,0.));
#1340 = VERTEX_POINT('',#1341);
#1341 = CARTESIAN_POINT('',(152.4,-1.2192E+03,222.73846153846));
#1342 = LINE('',#1343,#1344);
#1343 = CARTESIAN_POINT('',(152.4,-1.2192E+03,0.));
#1344 = VECTOR('',#1345,1.);
#1345 = DIRECTION('',(0.,0.,1.));
#1346 = ORIENTED_EDGE('',*,*,#1347,.T.);
#1347 = EDGE_CURVE('',#1338,#1348,#1350,.T.);
#1348 = VERTEX_POINT('',#1349);
#1349 = CARTESIAN_POINT('',(152.4,0.,0.));
#1350 = LINE('',#1351,#1352);
#1351 = CARTESIAN_POINT('',(152.4,-1.2192E+03,0.));
#1352 = VECTOR('',#1353,1.);
#1353 = DIRECTION('',(-0.,1.,0.));
#1354 = ORIENTED_EDGE('',*,*,#1355,.T.);
#1355 = EDGE_CURVE('',#1348,#1356,#1358,.T.);
#1356 = VERTEX_POINT('',#1357);
#1357 = CARTESIAN_POINT('',(152.4,0.,222.73846153846));
#1358 = LINE('',#1359,#1360);
#1359 = CARTESIAN_POINT('',(152.4,0.,0.));
#1360 = VECTOR('',#1361,1.);
#1361 = DIRECTION('',(0.,0.,1.));
#1362 = ORIENTED_EDGE('',*,*,#1363,.F.);
#1363 = EDGE_CURVE('',#1340,#1356,#1364,.T.);
#1364 = LINE('',#1365,#1366);
#1365 = CARTESIAN_POINT('',(152.4,-1.2192E+03,222.73846153846));
#1366 = VECTOR('',#1367,1.);
#1367 = DIRECTION('',(-0.,1.,0.));
#1368 = PLANE('',#1369);
#1369 = AXIS2_PLACEMENT_3D('',#1370,#1371,#1372);
#1370 = CARTESIAN_POINT('',(152.4,-1.2192E+03,0.));
#1371 = DIRECTION('',(1.,0.,-0.));
#1372 = DIRECTION('',(0.,0.,1.));
#1373 = ADVANCED_FACE('',(#1374),#1408,.T.);
#1374 = FACE_BOUND('',#1375,.T.);
#1375 = EDGE_LOOP('',(#1376,#1386,#1394,#1402));
#1376 = ORIENTED_EDGE('',*,*,#1377,.F.);
#1377 = EDGE_CURVE('',#1378,#1380,#1382,.T.);
#1378 = VERTEX_POINT('',#1379);
#1379 = CARTESIAN_POINT('',(419.45169230769,-1.2192E+03,0.));
#1380 = VERTEX_POINT('',#1381);
#1381 = CARTESIAN_POINT('',(419.45169230769,-1.2192E+03,222.73846153846)
  );
#1382 = LINE('',#1383,#1384);
#1383 = CARTESIAN_POINT('',(419.45169230769,-1.2192E+03,0.));
#1384 = VECTOR('',#1385,1.);
#1385 = DIRECTION('',(0.,0.,1.));
#1386 = ORIENTED_EDGE('',*,*,#1387,.T.);
#1387 = EDGE_CURVE('',#1378,#1388,#1390,.T.);
#1388 = VERTEX_POINT('',#1389);
#1389 = CARTESIAN_POINT('',(419.45169230769,0.,0.));
#1390 = LINE('',#1391,#1392);
#1391 = CARTESIAN_POINT('',(419.45169230769,-1.2192E+03,0.));
#1392 = VECTOR('',#1393,1.);
#1393 = DIRECTION('',(-0.,1.,0.));
#1394 = ORIENTED_EDGE('',*,*,#1395,.T.);
#1395 = EDGE_CURVE('',#1388,#1396,#1398,.T.);
#1396 = VERTEX_POINT('',#1397);
#1397 = CARTESIAN_POINT('',(419.45169230769,0.,222.73846153846));
#1398 = LINE('',#1399,#1400);
#1399 = CARTESIAN_POINT('',(419.45169230769,0.,0.));
#1400 = VECTOR('',#1401,1.);
#1401 = DIRECTION('',(0.,0.,1.));
#1402 = ORIENTED_EDGE('',*,*,#1403,.F.);
#1403 = EDGE_CURVE('',#1380,#1396,#1404,.T.);
#1404 = LINE('',#1405,#1406);
#1405 = CARTESIAN_POINT('',(419.45169230769,-1.2192E+03,222.73846153846)
  );
#1406 = VECTOR('',#1407,1.);
#1407 = DIRECTION('',(-0.,1.,0.));
#1408 = PLANE('',#1409);
#1409 = AXIS2_PLACEMENT_3D('',#1410,#1411,#1412);
#1410 = CARTESIAN_POINT('',(419.45169230769,-1.2192E+03,0.));
#1411 = DIRECTION('',(1.,0.,-0.));
#1412 = DIRECTION('',(0.,0.,1.));
#1413 = ADVANCED_FACE('',(#1414),#1430,.F.);
#1414 = FACE_BOUND('',#1415,.F.);
#1415 = EDGE_LOOP('',(#1416,#1422,#1423,#1429));
#1416 = ORIENTED_EDGE('',*,*,#1417,.F.);
#1417 = EDGE_CURVE('',#1338,#1378,#1418,.T.);
#1418 = LINE('',#1419,#1420);
#1419 = CARTESIAN_POINT('',(152.4,-1.2192E+03,0.));
#1420 = VECTOR('',#1421,1.);
#1421 = DIRECTION('',(1.,0.,-0.));
#1422 = ORIENTED_EDGE('',*,*,#1337,.T.);
#1423 = ORIENTED_EDGE('',*,*,#1424,.T.);
#1424 = EDGE_CURVE('',#1340,#1380,#1425,.T.);
#1425 = LINE('',#1426,#1427);
#1426 = CARTESIAN_POINT('',(152.4,-1.2192E+03,222.73846153846));
#1427 = VECTOR('',#1428,1.);
#1428 = DIRECTION('',(1.,0.,-0.));
#1429 = ORIENTED_EDGE('',*,*,#1377,.F.);
#1430 = PLANE('',#1431);
#1431 = AXIS2_PLACEMENT_3D('',#1432,#1433,#1434);
#1432 = CARTESIAN_POINT('',(152.4,-1.2192E+03,0.));
#1433 = DIRECTION('',(-0.,1.,0.));
#1434 = DIRECTION('',(0.,0.,1.));
#1435 = ADVANCED_FACE('',(#1436),#1452,.T.);
#1436 = FACE_BOUND('',#1437,.T.);
#1437 = EDGE_LOOP('',(#1438,#1444,#1445,#1451));
#1438 = ORIENTED_EDGE('',*,*,#1439,.F.);
#1439 = EDGE_CURVE('',#1348,#1388,#1440,.T.);
#1440 = LINE('',#1441,#1442);
#1441 = CARTESIAN_POINT('',(152.4,0.,0.));
#1442 = VECTOR('',#1443,1.);
#1443 = DIRECTION('',(1.,0.,-0.));
#1444 = ORIENTED_EDGE('',*,*,#1355,.T.);
#1445 = ORIENTED_EDGE('',*,*,#1446,.T.);
#1446 = EDGE_CURVE('',#1356,#1396,#1447,.T.);
#1447 = LINE('',#1448,#1449);
#1448 = CARTESIAN_POINT('',(152.4,0.,222.73846153846));
#1449 = VECTOR('',#1450,1.);
#1450 = DIRECTION('',(1.,0.,-0.));
#1451 = ORIENTED_EDGE('',*,*,#1395,.F.);
#1452 = PLANE('',#1453);
#1453 = AXIS2_PLACEMENT_3D('',#1454,#1455,#1456);
#1454 = CARTESIAN_POINT('',(152.4,0.,0.));
#1455 = DIRECTION('',(-0.,1.,0.));
#1456 = DIRECTION('',(0.,0.,1.));
#1457 = ADVANCED_FACE('',(#1458),#1464,.F.);
#1458 = FACE_BOUND('',#1459,.F.);
#1459 = EDGE_LOOP('',(#1460,#1461,#1462,#1463));
#1460 = ORIENTED_EDGE('',*,*,#1347,.F.);
#1461 = ORIENTED_EDGE('',*,*,#1417,.T.);
#1462 = ORIENTED_EDGE('',*,*,#1387,.T.);
#1463 = ORIENTED_EDGE('',*,*,#1439,.F.);
#1464 = PLANE('',#1465);
#1465 = AXIS2_PLACEMENT_3D('',#1466,#1467,#1468);
#1466 = CARTESIAN_POINT('',(152.4,-1.2192E+03,0.));
#1467 = DIRECTION('',(0.,0.,1.));
#1468 = DIRECTION('',(1.,0.,-0.));
#1469 = ADVANCED_FACE('',(#1470),#1476,.T.);
#1470 = FACE_BOUND('',#1471,.T.);
#1471 = EDGE_LOOP('',(#1472,#1473,#1474,#1475));
#1472 = ORIENTED_EDGE('',*,*,#1363,.F.);
#1473 = ORIENTED_EDGE('',*,*,#1424,.T.);
#1474 = ORIENTED_EDGE('',*,*,#1403,.T.);
#1475 = ORIENTED_EDGE('',*,*,#1446,.F.);
#1476 = PLANE('',#1477);
#1477 = AXIS2_PLACEMENT_3D('',#1478,#1479,#1480);
#1478 = CARTESIAN_POINT('',(152.4,-1.2192E+03,222.73846153846));
#1479 = DIRECTION('',(0.,0.,1.));
#1480 = DIRECTION('',(1.,0.,-0.));
#1481 = ( GEOMETRIC_REPRESENTATION_CONTEXT(3) 
GLOBAL_UNCERTAINTY_ASSIGNED_CONTEXT((#1485)) 
GLOBAL_UNIT_ASSIGNED_CONTEXT((#1482,#1483,#1484)) REPRESENTATION_CONTEXT
('Context #1','3D Context with UNIT and UNCERTAINTY') );
#1482 = ( LENGTH_UNIT() NAMED_UNIT(*) SI_UNIT(.MILLI.,.METRE.) );
#1483 = ( NAMED_UNIT(*) PLANE_ANGLE_UNIT() SI_UNIT($,.RADIAN.) );
#1484 = ( NAMED_UNIT(*) SI_UNIT($,.STERADIAN.) SOLID_ANGLE_UNIT() );
#1485 = UNCERTAINTY_MEASURE_WITH_UNIT(LENGTH_MEASURE(1.E-07),#1482,
  'distance_accuracy_value','confusion accuracy');
#1486 = CONTEXT_DEPENDENT_SHAPE_REPRESENTATION(#1487,#1489);
#1487 = ( REPRESENTATION_RELATIONSHIP('','',#1330,#10) 
REPRESENTATION_RELATIONSHIP_WITH_TRANSFORMATION(#1488) 
SHAPE_REPRESENTATION_RELATIONSHIP() );
#1488 = ITEM_DEFINED_TRANSFORMATION('','',#11,#39);
#1489 = PRODUCT_DEFINITION_SHAPE('Placement','Placement of an item',
  #1490);
#1490 = NEXT_ASSEMBLY_USAGE_OCCURRENCE('7','Exterior stair step 01','',
  #5,#1325,$);
#1491 = PRODUCT_RELATED_PRODUCT_CATEGORY('part',$,(#1327));
#1492 = SHAPE_DEFINITION_REPRESENTATION(#1493,#1499);
#1493 = PRODUCT_DEFINITION_SHAPE('','',#1494);
#1494 = PRODUCT_DEFINITION('design','',#1495,#1498);
#1495 = PRODUCT_DEFINITION_FORMATION('','',#1496);
#1496 = PRODUCT('Exterior stair step 02','Exterior stair step 02','',(
    #1497));
#1497 = PRODUCT_CONTEXT('',#2,'mechanical');
#1498 = PRODUCT_DEFINITION_CONTEXT('part definition',#2,'design');
#1499 = ADVANCED_BREP_SHAPE_REPRESENTATION('',(#11,#1500),#1650);
#1500 = MANIFOLD_SOLID_BREP('',#1501);
#1501 = CLOSED_SHELL('',(#1502,#1542,#1582,#1604,#1626,#1638));
#1502 = ADVANCED_FACE('',(#1503),#1537,.F.);
#1503 = FACE_BOUND('',#1504,.F.);
#1504 = EDGE_LOOP('',(#1505,#1515,#1523,#1531));
#1505 = ORIENTED_EDGE('',*,*,#1506,.F.);
#1506 = EDGE_CURVE('',#1507,#1509,#1511,.T.);
#1507 = VERTEX_POINT('',#1508);
#1508 = CARTESIAN_POINT('',(410.30769230769,-1.2192E+03,0.));
#1509 = VERTEX_POINT('',#1510);
#1510 = CARTESIAN_POINT('',(410.30769230769,-1.2192E+03,445.47692307692)
  );
#1511 = LINE('',#1512,#1513);
#1512 = CARTESIAN_POINT('',(410.30769230769,-1.2192E+03,0.));
#1513 = VECTOR('',#1514,1.);
#1514 = DIRECTION('',(0.,0.,1.));
#1515 = ORIENTED_EDGE('',*,*,#1516,.T.);
#1516 = EDGE_CURVE('',#1507,#1517,#1519,.T.);
#1517 = VERTEX_POINT('',#1518);
#1518 = CARTESIAN_POINT('',(410.30769230769,0.,0.));
#1519 = LINE('',#1520,#1521);
#1520 = CARTESIAN_POINT('',(410.30769230769,-1.2192E+03,0.));
#1521 = VECTOR('',#1522,1.);
#1522 = DIRECTION('',(-0.,1.,0.));
#1523 = ORIENTED_EDGE('',*,*,#1524,.T.);
#1524 = EDGE_CURVE('',#1517,#1525,#1527,.T.);
#1525 = VERTEX_POINT('',#1526);
#1526 = CARTESIAN_POINT('',(410.30769230769,0.,445.47692307692));
#1527 = LINE('',#1528,#1529);
#1528 = CARTESIAN_POINT('',(410.30769230769,0.,0.));
#1529 = VECTOR('',#1530,1.);
#1530 = DIRECTION('',(0.,0.,1.));
#1531 = ORIENTED_EDGE('',*,*,#1532,.F.);
#1532 = EDGE_CURVE('',#1509,#1525,#1533,.T.);
#1533 = LINE('',#1534,#1535);
#1534 = CARTESIAN_POINT('',(410.30769230769,-1.2192E+03,445.47692307692)
  );
#1535 = VECTOR('',#1536,1.);
#1536 = DIRECTION('',(-0.,1.,0.));
#1537 = PLANE('',#1538);
#1538 = AXIS2_PLACEMENT_3D('',#1539,#1540,#1541);
#1539 = CARTESIAN_POINT('',(410.30769230769,-1.2192E+03,0.));
#1540 = DIRECTION('',(1.,0.,-0.));
#1541 = DIRECTION('',(0.,0.,1.));
#1542 = ADVANCED_FACE('',(#1543),#1577,.T.);
#1543 = FACE_BOUND('',#1544,.T.);
#1544 = EDGE_LOOP('',(#1545,#1555,#1563,#1571));
#1545 = ORIENTED_EDGE('',*,*,#1546,.F.);
#1546 = EDGE_CURVE('',#1547,#1549,#1551,.T.);
#1547 = VERTEX_POINT('',#1548);
#1548 = CARTESIAN_POINT('',(677.35938461538,-1.2192E+03,0.));
#1549 = VERTEX_POINT('',#1550);
#1550 = CARTESIAN_POINT('',(677.35938461538,-1.2192E+03,445.47692307692)
  );
#1551 = LINE('',#1552,#1553);
#1552 = CARTESIAN_POINT('',(677.35938461538,-1.2192E+03,0.));
#1553 = VECTOR('',#1554,1.);
#1554 = DIRECTION('',(0.,0.,1.));
#1555 = ORIENTED_EDGE('',*,*,#1556,.T.);
#1556 = EDGE_CURVE('',#1547,#1557,#1559,.T.);
#1557 = VERTEX_POINT('',#1558);
#1558 = CARTESIAN_POINT('',(677.35938461538,0.,0.));
#1559 = LINE('',#1560,#1561);
#1560 = CARTESIAN_POINT('',(677.35938461538,-1.2192E+03,0.));
#1561 = VECTOR('',#1562,1.);
#1562 = DIRECTION('',(-0.,1.,0.));
#1563 = ORIENTED_EDGE('',*,*,#1564,.T.);
#1564 = EDGE_CURVE('',#1557,#1565,#1567,.T.);
#1565 = VERTEX_POINT('',#1566);
#1566 = CARTESIAN_POINT('',(677.35938461538,0.,445.47692307692));
#1567 = LINE('',#1568,#1569);
#1568 = CARTESIAN_POINT('',(677.35938461538,0.,0.));
#1569 = VECTOR('',#1570,1.);
#1570 = DIRECTION('',(0.,0.,1.));
#1571 = ORIENTED_EDGE('',*,*,#1572,.F.);
#1572 = EDGE_CURVE('',#1549,#1565,#1573,.T.);
#1573 = LINE('',#1574,#1575);
#1574 = CARTESIAN_POINT('',(677.35938461538,-1.2192E+03,445.47692307692)
  );
#1575 = VECTOR('',#1576,1.);
#1576 = DIRECTION('',(-0.,1.,0.));
#1577 = PLANE('',#1578);
#1578 = AXIS2_PLACEMENT_3D('',#1579,#1580,#1581);
#1579 = CARTESIAN_POINT('',(677.35938461538,-1.2192E+03,0.));
#1580 = DIRECTION('',(1.,0.,-0.));
#1581 = DIRECTION('',(0.,0.,1.));
#1582 = ADVANCED_FACE('',(#1583),#1599,.F.);
#1583 = FACE_BOUND('',#1584,.F.);
#1584 = EDGE_LOOP('',(#1585,#1591,#1592,#1598));
#1585 = ORIENTED_EDGE('',*,*,#1586,.F.);
#1586 = EDGE_CURVE('',#1507,#1547,#1587,.T.);
#1587 = LINE('',#1588,#1589);
#1588 = CARTESIAN_POINT('',(410.30769230769,-1.2192E+03,0.));
#1589 = VECTOR('',#1590,1.);
#1590 = DIRECTION('',(1.,0.,-0.));
#1591 = ORIENTED_EDGE('',*,*,#1506,.T.);
#1592 = ORIENTED_EDGE('',*,*,#1593,.T.);
#1593 = EDGE_CURVE('',#1509,#1549,#1594,.T.);
#1594 = LINE('',#1595,#1596);
#1595 = CARTESIAN_POINT('',(410.30769230769,-1.2192E+03,445.47692307692)
  );
#1596 = VECTOR('',#1597,1.);
#1597 = DIRECTION('',(1.,0.,-0.));
#1598 = ORIENTED_EDGE('',*,*,#1546,.F.);
#1599 = PLANE('',#1600);
#1600 = AXIS2_PLACEMENT_3D('',#1601,#1602,#1603);
#1601 = CARTESIAN_POINT('',(410.30769230769,-1.2192E+03,0.));
#1602 = DIRECTION('',(-0.,1.,0.));
#1603 = DIRECTION('',(0.,0.,1.));
#1604 = ADVANCED_FACE('',(#1605),#1621,.T.);
#1605 = FACE_BOUND('',#1606,.T.);
#1606 = EDGE_LOOP('',(#1607,#1613,#1614,#1620));
#1607 = ORIENTED_EDGE('',*,*,#1608,.F.);
#1608 = EDGE_CURVE('',#1517,#1557,#1609,.T.);
#1609 = LINE('',#1610,#1611);
#1610 = CARTESIAN_POINT('',(410.30769230769,0.,0.));
#1611 = VECTOR('',#1612,1.);
#1612 = DIRECTION('',(1.,0.,-0.));
#1613 = ORIENTED_EDGE('',*,*,#1524,.T.);
#1614 = ORIENTED_EDGE('',*,*,#1615,.T.);
#1615 = EDGE_CURVE('',#1525,#1565,#1616,.T.);
#1616 = LINE('',#1617,#1618);
#1617 = CARTESIAN_POINT('',(410.30769230769,0.,445.47692307692));
#1618 = VECTOR('',#1619,1.);
#1619 = DIRECTION('',(1.,0.,-0.));
#1620 = ORIENTED_EDGE('',*,*,#1564,.F.);
#1621 = PLANE('',#1622);
#1622 = AXIS2_PLACEMENT_3D('',#1623,#1624,#1625);
#1623 = CARTESIAN_POINT('',(410.30769230769,0.,0.));
#1624 = DIRECTION('',(-0.,1.,0.));
#1625 = DIRECTION('',(0.,0.,1.));
#1626 = ADVANCED_FACE('',(#1627),#1633,.F.);
#1627 = FACE_BOUND('',#1628,.F.);
#1628 = EDGE_LOOP('',(#1629,#1630,#1631,#1632));
#1629 = ORIENTED_EDGE('',*,*,#1516,.F.);
#1630 = ORIENTED_EDGE('',*,*,#1586,.T.);
#1631 = ORIENTED_EDGE('',*,*,#1556,.T.);
#1632 = ORIENTED_EDGE('',*,*,#1608,.F.);
#1633 = PLANE('',#1634);
#1634 = AXIS2_PLACEMENT_3D('',#1635,#1636,#1637);
#1635 = CARTESIAN_POINT('',(410.30769230769,-1.2192E+03,0.));
#1636 = DIRECTION('',(0.,0.,1.));
#1637 = DIRECTION('',(1.,0.,-0.));
#1638 = ADVANCED_FACE('',(#1639),#1645,.T.);
#1639 = FACE_BOUND('',#1640,.T.);
#1640 = EDGE_LOOP('',(#1641,#1642,#1643,#1644));
#1641 = ORIENTED_EDGE('',*,*,#1532,.F.);
#1642 = ORIENTED_EDGE('',*,*,#1593,.T.);
#1643 = ORIENTED_EDGE('',*,*,#1572,.T.);
#1644 = ORIENTED_EDGE('',*,*,#1615,.F.);
#1645 = PLANE('',#1646);
#1646 = AXIS2_PLACEMENT_3D('',#1647,#1648,#1649);
#1647 = CARTESIAN_POINT('',(410.30769230769,-1.2192E+03,445.47692307692)
  );
#1648 = DIRECTION('',(0.,0.,1.));
#1649 = DIRECTION('',(1.,0.,-0.));
#1650 = ( GEOMETRIC_REPRESENTATION_CONTEXT(3) 
GLOBAL_UNCERTAINTY_ASSIGNED_CONTEXT((#1654)) 
GLOBAL_UNIT_ASSIGNED_CONTEXT((#1651,#1652,#1653)) REPRESENTATION_CONTEXT
('Context #1','3D Context with UNIT and UNCERTAINTY') );
#1651 = ( LENGTH_UNIT() NAMED_UNIT(*) SI_UNIT(.MILLI.,.METRE.) );
#1652 = ( NAMED_UNIT(*) PLANE_ANGLE_UNIT() SI_UNIT($,.RADIAN.) );
#1653 = ( NAMED_UNIT(*) SI_UNIT($,.STERADIAN.) SOLID_ANGLE_UNIT() );
#1654 = UNCERTAINTY_MEASURE_WITH_UNIT(LENGTH_MEASURE(1.E-07),#1651,
  'distance_accuracy_value','confusion accuracy');
#1655 = CONTEXT_DEPENDENT_SHAPE_REPRESENTATION(#1656,#1658);
#1656 = ( REPRESENTATION_RELATIONSHIP('','',#1499,#10) 
REPRESENTATION_RELATIONSHIP_WITH_TRANSFORMATION(#1657) 
SHAPE_REPRESENTATION_RELATIONSHIP() );
#1657 = ITEM_DEFINED_TRANSFORMATION('','',#11,#43);
#1658 = PRODUCT_DEFINITION_SHAPE('Placement','Placement of an item',
  #1659);
#1659 = NEXT_ASSEMBLY_USAGE_OCCURRENCE('8','Exterior stair step 02','',
  #5,#1494,$);
#1660 = PRODUCT_RELATED_PRODUCT_CATEGORY('part',$,(#1496));
#1661 = SHAPE_DEFINITION_REPRESENTATION(#1662,#1668);
#1662 = PRODUCT_DEFINITION_SHAPE('','',#1663);
#1663 = PRODUCT_DEFINITION('design','',#1664,#1667);
#1664 = PRODUCT_DEFINITION_FORMATION('','',#1665);
#1665 = PRODUCT('Exterior stair step 03','Exterior stair step 03','',(
    #1666));
#1666 = PRODUCT_CONTEXT('',#2,'mechanical');
#1667 = PRODUCT_DEFINITION_CONTEXT('part definition',#2,'design');
#1668 = ADVANCED_BREP_SHAPE_REPRESENTATION('',(#11,#1669),#1819);
#1669 = MANIFOLD_SOLID_BREP('',#1670);
#1670 = CLOSED_SHELL('',(#1671,#1711,#1751,#1773,#1795,#1807));
#1671 = ADVANCED_FACE('',(#1672),#1706,.F.);
#1672 = FACE_BOUND('',#1673,.F.);
#1673 = EDGE_LOOP('',(#1674,#1684,#1692,#1700));
#1674 = ORIENTED_EDGE('',*,*,#1675,.F.);
#1675 = EDGE_CURVE('',#1676,#1678,#1680,.T.);
#1676 = VERTEX_POINT('',#1677);
#1677 = CARTESIAN_POINT('',(668.21538461538,-1.2192E+03,0.));
#1678 = VERTEX_POINT('',#1679);
#1679 = CARTESIAN_POINT('',(668.21538461538,-1.2192E+03,668.21538461538)
  );
#1680 = LINE('',#1681,#1682);
#1681 = CARTESIAN_POINT('',(668.21538461538,-1.2192E+03,0.));
#1682 = VECTOR('',#1683,1.);
#1683 = DIRECTION('',(0.,0.,1.));
#1684 = ORIENTED_EDGE('',*,*,#1685,.T.);
#1685 = EDGE_CURVE('',#1676,#1686,#1688,.T.);
#1686 = VERTEX_POINT('',#1687);
#1687 = CARTESIAN_POINT('',(668.21538461538,0.,0.));
#1688 = LINE('',#1689,#1690);
#1689 = CARTESIAN_POINT('',(668.21538461538,-1.2192E+03,0.));
#1690 = VECTOR('',#1691,1.);
#1691 = DIRECTION('',(-0.,1.,0.));
#1692 = ORIENTED_EDGE('',*,*,#1693,.T.);
#1693 = EDGE_CURVE('',#1686,#1694,#1696,.T.);
#1694 = VERTEX_POINT('',#1695);
#1695 = CARTESIAN_POINT('',(668.21538461538,0.,668.21538461538));
#1696 = LINE('',#1697,#1698);
#1697 = CARTESIAN_POINT('',(668.21538461538,0.,0.));
#1698 = VECTOR('',#1699,1.);
#1699 = DIRECTION('',(0.,0.,1.));
#1700 = ORIENTED_EDGE('',*,*,#1701,.F.);
#1701 = EDGE_CURVE('',#1678,#1694,#1702,.T.);
#1702 = LINE('',#1703,#1704);
#1703 = CARTESIAN_POINT('',(668.21538461538,-1.2192E+03,668.21538461538)
  );
#1704 = VECTOR('',#1705,1.);
#1705 = DIRECTION('',(-0.,1.,0.));
#1706 = PLANE('',#1707);
#1707 = AXIS2_PLACEMENT_3D('',#1708,#1709,#1710);
#1708 = CARTESIAN_POINT('',(668.21538461538,-1.2192E+03,0.));
#1709 = DIRECTION('',(1.,0.,-0.));
#1710 = DIRECTION('',(0.,0.,1.));
#1711 = ADVANCED_FACE('',(#1712),#1746,.T.);
#1712 = FACE_BOUND('',#1713,.T.);
#1713 = EDGE_LOOP('',(#1714,#1724,#1732,#1740));
#1714 = ORIENTED_EDGE('',*,*,#1715,.F.);
#1715 = EDGE_CURVE('',#1716,#1718,#1720,.T.);
#1716 = VERTEX_POINT('',#1717);
#1717 = CARTESIAN_POINT('',(935.26707692307,-1.2192E+03,0.));
#1718 = VERTEX_POINT('',#1719);
#1719 = CARTESIAN_POINT('',(935.26707692307,-1.2192E+03,668.21538461538)
  );
#1720 = LINE('',#1721,#1722);
#1721 = CARTESIAN_POINT('',(935.26707692307,-1.2192E+03,0.));
#1722 = VECTOR('',#1723,1.);
#1723 = DIRECTION('',(0.,0.,1.));
#1724 = ORIENTED_EDGE('',*,*,#1725,.T.);
#1725 = EDGE_CURVE('',#1716,#1726,#1728,.T.);
#1726 = VERTEX_POINT('',#1727);
#1727 = CARTESIAN_POINT('',(935.26707692307,0.,0.));
#1728 = LINE('',#1729,#1730);
#1729 = CARTESIAN_POINT('',(935.26707692307,-1.2192E+03,0.));
#1730 = VECTOR('',#1731,1.);
#1731 = DIRECTION('',(-0.,1.,0.));
#1732 = ORIENTED_EDGE('',*,*,#1733,.T.);
#1733 = EDGE_CURVE('',#1726,#1734,#1736,.T.);
#1734 = VERTEX_POINT('',#1735);
#1735 = CARTESIAN_POINT('',(935.26707692307,0.,668.21538461538));
#1736 = LINE('',#1737,#1738);
#1737 = CARTESIAN_POINT('',(935.26707692307,0.,0.));
#1738 = VECTOR('',#1739,1.);
#1739 = DIRECTION('',(0.,0.,1.));
#1740 = ORIENTED_EDGE('',*,*,#1741,.F.);
#1741 = EDGE_CURVE('',#1718,#1734,#1742,.T.);
#1742 = LINE('',#1743,#1744);
#1743 = CARTESIAN_POINT('',(935.26707692307,-1.2192E+03,668.21538461538)
  );
#1744 = VECTOR('',#1745,1.);
#1745 = DIRECTION('',(-0.,1.,0.));
#1746 = PLANE('',#1747);
#1747 = AXIS2_PLACEMENT_3D('',#1748,#1749,#1750);
#1748 = CARTESIAN_POINT('',(935.26707692307,-1.2192E+03,0.));
#1749 = DIRECTION('',(1.,0.,-0.));
#1750 = DIRECTION('',(0.,0.,1.));
#1751 = ADVANCED_FACE('',(#1752),#1768,.F.);
#1752 = FACE_BOUND('',#1753,.F.);
#1753 = EDGE_LOOP('',(#1754,#1760,#1761,#1767));
#1754 = ORIENTED_EDGE('',*,*,#1755,.F.);
#1755 = EDGE_CURVE('',#1676,#1716,#1756,.T.);
#1756 = LINE('',#1757,#1758);
#1757 = CARTESIAN_POINT('',(668.21538461538,-1.2192E+03,0.));
#1758 = VECTOR('',#1759,1.);
#1759 = DIRECTION('',(1.,0.,-0.));
#1760 = ORIENTED_EDGE('',*,*,#1675,.T.);
#1761 = ORIENTED_EDGE('',*,*,#1762,.T.);
#1762 = EDGE_CURVE('',#1678,#1718,#1763,.T.);
#1763 = LINE('',#1764,#1765);
#1764 = CARTESIAN_POINT('',(668.21538461538,-1.2192E+03,668.21538461538)
  );
#1765 = VECTOR('',#1766,1.);
#1766 = DIRECTION('',(1.,0.,-0.));
#1767 = ORIENTED_EDGE('',*,*,#1715,.F.);
#1768 = PLANE('',#1769);
#1769 = AXIS2_PLACEMENT_3D('',#1770,#1771,#1772);
#1770 = CARTESIAN_POINT('',(668.21538461538,-1.2192E+03,0.));
#1771 = DIRECTION('',(-0.,1.,0.));
#1772 = DIRECTION('',(0.,0.,1.));
#1773 = ADVANCED_FACE('',(#1774),#1790,.T.);
#1774 = FACE_BOUND('',#1775,.T.);
#1775 = EDGE_LOOP('',(#1776,#1782,#1783,#1789));
#1776 = ORIENTED_EDGE('',*,*,#1777,.F.);
#1777 = EDGE_CURVE('',#1686,#1726,#1778,.T.);
#1778 = LINE('',#1779,#1780);
#1779 = CARTESIAN_POINT('',(668.21538461538,0.,0.));
#1780 = VECTOR('',#1781,1.);
#1781 = DIRECTION('',(1.,0.,-0.));
#1782 = ORIENTED_EDGE('',*,*,#1693,.T.);
#1783 = ORIENTED_EDGE('',*,*,#1784,.T.);
#1784 = EDGE_CURVE('',#1694,#1734,#1785,.T.);
#1785 = LINE('',#1786,#1787);
#1786 = CARTESIAN_POINT('',(668.21538461538,0.,668.21538461538));
#1787 = VECTOR('',#1788,1.);
#1788 = DIRECTION('',(1.,0.,-0.));
#1789 = ORIENTED_EDGE('',*,*,#1733,.F.);
#1790 = PLANE('',#1791);
#1791 = AXIS2_PLACEMENT_3D('',#1792,#1793,#1794);
#1792 = CARTESIAN_POINT('',(668.21538461538,0.,0.));
#1793 = DIRECTION('',(-0.,1.,0.));
#1794 = DIRECTION('',(0.,0.,1.));
#1795 = ADVANCED_FACE('',(#1796),#1802,.F.);
#1796 = FACE_BOUND('',#1797,.F.);
#1797 = EDGE_LOOP('',(#1798,#1799,#1800,#1801));
#1798 = ORIENTED_EDGE('',*,*,#1685,.F.);
#1799 = ORIENTED_EDGE('',*,*,#1755,.T.);
#1800 = ORIENTED_EDGE('',*,*,#1725,.T.);
#1801 = ORIENTED_EDGE('',*,*,#1777,.F.);
#1802 = PLANE('',#1803);
#1803 = AXIS2_PLACEMENT_3D('',#1804,#1805,#1806);
#1804 = CARTESIAN_POINT('',(668.21538461538,-1.2192E+03,0.));
#1805 = DIRECTION('',(0.,0.,1.));
#1806 = DIRECTION('',(1.,0.,-0.));
#1807 = ADVANCED_FACE('',(#1808),#1814,.T.);
#1808 = FACE_BOUND('',#1809,.T.);
#1809 = EDGE_LOOP('',(#1810,#1811,#1812,#1813));
#1810 = ORIENTED_EDGE('',*,*,#1701,.F.);
#1811 = ORIENTED_EDGE('',*,*,#1762,.T.);
#1812 = ORIENTED_EDGE('',*,*,#1741,.T.);
#1813 = ORIENTED_EDGE('',*,*,#1784,.F.);
#1814 = PLANE('',#1815);
#1815 = AXIS2_PLACEMENT_3D('',#1816,#1817,#1818);
#1816 = CARTESIAN_POINT('',(668.21538461538,-1.2192E+03,668.21538461538)
  );
#1817 = DIRECTION('',(0.,0.,1.));
#1818 = DIRECTION('',(1.,0.,-0.));
#1819 = ( GEOMETRIC_REPRESENTATION_CONTEXT(3) 
GLOBAL_UNCERTAINTY_ASSIGNED_CONTEXT((#1823)) 
GLOBAL_UNIT_ASSIGNED_CONTEXT((#1820,#1821,#1822)) REPRESENTATION_CONTEXT
('Context #1','3D Context with UNIT and UNCERTAINTY') );
#1820 = ( LENGTH_UNIT() NAMED_UNIT(*) SI_UNIT(.MILLI.,.METRE.) );
#1821 = ( NAMED_UNIT(*) PLANE_ANGLE_UNIT() SI_UNIT($,.RADIAN.) );
#1822 = ( NAMED_UNIT(*) SI_UNIT($,.STERADIAN.) SOLID_ANGLE_UNIT() );
#1823 = UNCERTAINTY_MEASURE_WITH_UNIT(LENGTH_MEASURE(1.E-07),#1820,
  'distance_accuracy_value','confusion accuracy');
#1824 = CONTEXT_DEPENDENT_SHAPE_REPRESENTATION(#1825,#1827);
#1825 = ( REPRESENTATION_RELATIONSHIP('','',#1668,#10) 
REPRESENTATION_RELATIONSHIP_WITH_TRANSFORMATION(#1826) 
SHAPE_REPRESENTATION_RELATIONSHIP() );
#1826 = ITEM_DEFINED_TRANSFORMATION('','',#11,#47);
#1827 = PRODUCT_DEFINITION_SHAPE('Placement','Placement of an item',
  #1828);
#1828 = NEXT_ASSEMBLY_USAGE_OCCURRENCE('9','Exterior stair step 03','',
  #5,#1663,$);
#1829 = PRODUCT_RELATED_PRODUCT_CATEGORY('part',$,(#1665));
#1830 = SHAPE_DEFINITION_REPRESENTATION(#1831,#1837);
#1831 = PRODUCT_DEFINITION_SHAPE('','',#1832);
#1832 = PRODUCT_DEFINITION('design','',#1833,#1836);
#1833 = PRODUCT_DEFINITION_FORMATION('','',#1834);
#1834 = PRODUCT('Exterior stair step 04','Exterior stair step 04','',(
    #1835));
#1835 = PRODUCT_CONTEXT('',#2,'mechanical');
#1836 = PRODUCT_DEFINITION_CONTEXT('part definition',#2,'design');
#1837 = ADVANCED_BREP_SHAPE_REPRESENTATION('',(#11,#1838),#1988);
#1838 = MANIFOLD_SOLID_BREP('',#1839);
#1839 = CLOSED_SHELL('',(#1840,#1880,#1920,#1942,#1964,#1976));
#1840 = ADVANCED_FACE('',(#1841),#1875,.F.);
#1841 = FACE_BOUND('',#1842,.F.);
#1842 = EDGE_LOOP('',(#1843,#1853,#1861,#1869));
#1843 = ORIENTED_EDGE('',*,*,#1844,.F.);
#1844 = EDGE_CURVE('',#1845,#1847,#1849,.T.);
#1845 = VERTEX_POINT('',#1846);
#1846 = CARTESIAN_POINT('',(926.12307692307,-1.2192E+03,0.));
#1847 = VERTEX_POINT('',#1848);
#1848 = CARTESIAN_POINT('',(926.12307692307,-1.2192E+03,890.95384615384)
  );
#1849 = LINE('',#1850,#1851);
#1850 = CARTESIAN_POINT('',(926.12307692307,-1.2192E+03,0.));
#1851 = VECTOR('',#1852,1.);
#1852 = DIRECTION('',(0.,0.,1.));
#1853 = ORIENTED_EDGE('',*,*,#1854,.T.);
#1854 = EDGE_CURVE('',#1845,#1855,#1857,.T.);
#1855 = VERTEX_POINT('',#1856);
#1856 = CARTESIAN_POINT('',(926.12307692307,0.,0.));
#1857 = LINE('',#1858,#1859);
#1858 = CARTESIAN_POINT('',(926.12307692307,-1.2192E+03,0.));
#1859 = VECTOR('',#1860,1.);
#1860 = DIRECTION('',(-0.,1.,0.));
#1861 = ORIENTED_EDGE('',*,*,#1862,.T.);
#1862 = EDGE_CURVE('',#1855,#1863,#1865,.T.);
#1863 = VERTEX_POINT('',#1864);
#1864 = CARTESIAN_POINT('',(926.12307692307,0.,890.95384615384));
#1865 = LINE('',#1866,#1867);
#1866 = CARTESIAN_POINT('',(926.12307692307,0.,0.));
#1867 = VECTOR('',#1868,1.);
#1868 = DIRECTION('',(0.,0.,1.));
#1869 = ORIENTED_EDGE('',*,*,#1870,.F.);
#1870 = EDGE_CURVE('',#1847,#1863,#1871,.T.);
#1871 = LINE('',#1872,#1873);
#1872 = CARTESIAN_POINT('',(926.12307692307,-1.2192E+03,890.95384615384)
  );
#1873 = VECTOR('',#1874,1.);
#1874 = DIRECTION('',(-0.,1.,0.));
#1875 = PLANE('',#1876);
#1876 = AXIS2_PLACEMENT_3D('',#1877,#1878,#1879);
#1877 = CARTESIAN_POINT('',(926.12307692307,-1.2192E+03,0.));
#1878 = DIRECTION('',(1.,0.,-0.));
#1879 = DIRECTION('',(0.,0.,1.));
#1880 = ADVANCED_FACE('',(#1881),#1915,.T.);
#1881 = FACE_BOUND('',#1882,.T.);
#1882 = EDGE_LOOP('',(#1883,#1893,#1901,#1909));
#1883 = ORIENTED_EDGE('',*,*,#1884,.F.);
#1884 = EDGE_CURVE('',#1885,#1887,#1889,.T.);
#1885 = VERTEX_POINT('',#1886);
#1886 = CARTESIAN_POINT('',(1.193174769231E+03,-1.2192E+03,0.));
#1887 = VERTEX_POINT('',#1888);
#1888 = CARTESIAN_POINT('',(1.193174769231E+03,-1.2192E+03,
    890.95384615384));
#1889 = LINE('',#1890,#1891);
#1890 = CARTESIAN_POINT('',(1.193174769231E+03,-1.2192E+03,0.));
#1891 = VECTOR('',#1892,1.);
#1892 = DIRECTION('',(0.,0.,1.));
#1893 = ORIENTED_EDGE('',*,*,#1894,.T.);
#1894 = EDGE_CURVE('',#1885,#1895,#1897,.T.);
#1895 = VERTEX_POINT('',#1896);
#1896 = CARTESIAN_POINT('',(1.193174769231E+03,0.,0.));
#1897 = LINE('',#1898,#1899);
#1898 = CARTESIAN_POINT('',(1.193174769231E+03,-1.2192E+03,0.));
#1899 = VECTOR('',#1900,1.);
#1900 = DIRECTION('',(-0.,1.,0.));
#1901 = ORIENTED_EDGE('',*,*,#1902,.T.);
#1902 = EDGE_CURVE('',#1895,#1903,#1905,.T.);
#1903 = VERTEX_POINT('',#1904);
#1904 = CARTESIAN_POINT('',(1.193174769231E+03,0.,890.95384615384));
#1905 = LINE('',#1906,#1907);
#1906 = CARTESIAN_POINT('',(1.193174769231E+03,0.,0.));
#1907 = VECTOR('',#1908,1.);
#1908 = DIRECTION('',(0.,0.,1.));
#1909 = ORIENTED_EDGE('',*,*,#1910,.F.);
#1910 = EDGE_CURVE('',#1887,#1903,#1911,.T.);
#1911 = LINE('',#1912,#1913);
#1912 = CARTESIAN_POINT('',(1.193174769231E+03,-1.2192E+03,
    890.95384615384));
#1913 = VECTOR('',#1914,1.);
#1914 = DIRECTION('',(-0.,1.,0.));
#1915 = PLANE('',#1916);
#1916 = AXIS2_PLACEMENT_3D('',#1917,#1918,#1919);
#1917 = CARTESIAN_POINT('',(1.193174769231E+03,-1.2192E+03,0.));
#1918 = DIRECTION('',(1.,0.,-0.));
#1919 = DIRECTION('',(0.,0.,1.));
#1920 = ADVANCED_FACE('',(#1921),#1937,.F.);
#1921 = FACE_BOUND('',#1922,.F.);
#1922 = EDGE_LOOP('',(#1923,#1929,#1930,#1936));
#1923 = ORIENTED_EDGE('',*,*,#1924,.F.);
#1924 = EDGE_CURVE('',#1845,#1885,#1925,.T.);
#1925 = LINE('',#1926,#1927);
#1926 = CARTESIAN_POINT('',(926.12307692307,-1.2192E+03,0.));
#1927 = VECTOR('',#1928,1.);
#1928 = DIRECTION('',(1.,0.,-0.));
#1929 = ORIENTED_EDGE('',*,*,#1844,.T.);
#1930 = ORIENTED_EDGE('',*,*,#1931,.T.);
#1931 = EDGE_CURVE('',#1847,#1887,#1932,.T.);
#1932 = LINE('',#1933,#1934);
#1933 = CARTESIAN_POINT('',(926.12307692307,-1.2192E+03,890.95384615384)
  );
#1934 = VECTOR('',#1935,1.);
#1935 = DIRECTION('',(1.,0.,-0.));
#1936 = ORIENTED_EDGE('',*,*,#1884,.F.);
#1937 = PLANE('',#1938);
#1938 = AXIS2_PLACEMENT_3D('',#1939,#1940,#1941);
#1939 = CARTESIAN_POINT('',(926.12307692307,-1.2192E+03,0.));
#1940 = DIRECTION('',(-0.,1.,0.));
#1941 = DIRECTION('',(0.,0.,1.));
#1942 = ADVANCED_FACE('',(#1943),#1959,.T.);
#1943 = FACE_BOUND('',#1944,.T.);
#1944 = EDGE_LOOP('',(#1945,#1951,#1952,#1958));
#1945 = ORIENTED_EDGE('',*,*,#1946,.F.);
#1946 = EDGE_CURVE('',#1855,#1895,#1947,.T.);
#1947 = LINE('',#1948,#1949);
#1948 = CARTESIAN_POINT('',(926.12307692307,0.,0.));
#1949 = VECTOR('',#1950,1.);
#1950 = DIRECTION('',(1.,0.,-0.));
#1951 = ORIENTED_EDGE('',*,*,#1862,.T.);
#1952 = ORIENTED_EDGE('',*,*,#1953,.T.);
#1953 = EDGE_CURVE('',#1863,#1903,#1954,.T.);
#1954 = LINE('',#1955,#1956);
#1955 = CARTESIAN_POINT('',(926.12307692307,0.,890.95384615384));
#1956 = VECTOR('',#1957,1.);
#1957 = DIRECTION('',(1.,0.,-0.));
#1958 = ORIENTED_EDGE('',*,*,#1902,.F.);
#1959 = PLANE('',#1960);
#1960 = AXIS2_PLACEMENT_3D('',#1961,#1962,#1963);
#1961 = CARTESIAN_POINT('',(926.12307692307,0.,0.));
#1962 = DIRECTION('',(-0.,1.,0.));
#1963 = DIRECTION('',(0.,0.,1.));
#1964 = ADVANCED_FACE('',(#1965),#1971,.F.);
#1965 = FACE_BOUND('',#1966,.F.);
#1966 = EDGE_LOOP('',(#1967,#1968,#1969,#1970));
#1967 = ORIENTED_EDGE('',*,*,#1854,.F.);
#1968 = ORIENTED_EDGE('',*,*,#1924,.T.);
#1969 = ORIENTED_EDGE('',*,*,#1894,.T.);
#1970 = ORIENTED_EDGE('',*,*,#1946,.F.);
#1971 = PLANE('',#1972);
#1972 = AXIS2_PLACEMENT_3D('',#1973,#1974,#1975);
#1973 = CARTESIAN_POINT('',(926.12307692307,-1.2192E+03,0.));
#1974 = DIRECTION('',(0.,0.,1.));
#1975 = DIRECTION('',(1.,0.,-0.));
#1976 = ADVANCED_FACE('',(#1977),#1983,.T.);
#1977 = FACE_BOUND('',#1978,.T.);
#1978 = EDGE_LOOP('',(#1979,#1980,#1981,#1982));
#1979 = ORIENTED_EDGE('',*,*,#1870,.F.);
#1980 = ORIENTED_EDGE('',*,*,#1931,.T.);
#1981 = ORIENTED_EDGE('',*,*,#1910,.T.);
#1982 = ORIENTED_EDGE('',*,*,#1953,.F.);
#1983 = PLANE('',#1984);
#1984 = AXIS2_PLACEMENT_3D('',#1985,#1986,#1987);
#1985 = CARTESIAN_POINT('',(926.12307692307,-1.2192E+03,890.95384615384)
  );
#1986 = DIRECTION('',(0.,0.,1.));
#1987 = DIRECTION('',(1.,0.,-0.));
#1988 = ( GEOMETRIC_REPRESENTATION_CONTEXT(3) 
GLOBAL_UNCERTAINTY_ASSIGNED_CONTEXT((#1992)) 
GLOBAL_UNIT_ASSIGNED_CONTEXT((#1989,#1990,#1991)) REPRESENTATION_CONTEXT
('Context #1','3D Context with UNIT and UNCERTAINTY') );
#1989 = ( LENGTH_UNIT() NAMED_UNIT(*) SI_UNIT(.MILLI.,.METRE.) );
#1990 = ( NAMED_UNIT(*) PLANE_ANGLE_UNIT() SI_UNIT($,.RADIAN.) );
#1991 = ( NAMED_UNIT(*) SI_UNIT($,.STERADIAN.) SOLID_ANGLE_UNIT() );
#1992 = UNCERTAINTY_MEASURE_WITH_UNIT(LENGTH_MEASURE(1.E-07),#1989,
  'distance_accuracy_value','confusion accuracy');
#1993 = CONTEXT_DEPENDENT_SHAPE_REPRESENTATION(#1994,#1996);
#1994 = ( REPRESENTATION_RELATIONSHIP('','',#1837,#10) 
REPRESENTATION_RELATIONSHIP_WITH_TRANSFORMATION(#1995) 
SHAPE_REPRESENTATION_RELATIONSHIP() );
#1995 = ITEM_DEFINED_TRANSFORMATION('','',#11,#51);
#1996 = PRODUCT_DEFINITION_SHAPE('Placement','Placement of an item',
  #1997);
#1997 = NEXT_ASSEMBLY_USAGE_OCCURRENCE('10','Exterior stair step 04','',
  #5,#1832,$);
#1998 = PRODUCT_RELATED_PRODUCT_CATEGORY('part',$,(#1834));
#1999 = SHAPE_DEFINITION_REPRESENTATION(#2000,#2006);
#2000 = PRODUCT_DEFINITION_SHAPE('','',#2001);
#2001 = PRODUCT_DEFINITION('design','',#2002,#2005);
#2002 = PRODUCT_DEFINITION_FORMATION('','',#2003);
#2003 = PRODUCT('Exterior stair step 05','Exterior stair step 05','',(
    #2004));
#2004 = PRODUCT_CONTEXT('',#2,'mechanical');
#2005 = PRODUCT_DEFINITION_CONTEXT('part definition',#2,'design');
#2006 = ADVANCED_BREP_SHAPE_REPRESENTATION('',(#11,#2007),#2157);
#2007 = MANIFOLD_SOLID_BREP('',#2008);
#2008 = CLOSED_SHELL('',(#2009,#2049,#2089,#2111,#2133,#2145));
#2009 = ADVANCED_FACE('',(#2010),#2044,.F.);
#2010 = FACE_BOUND('',#2011,.F.);
#2011 = EDGE_LOOP('',(#2012,#2022,#2030,#2038));
#2012 = ORIENTED_EDGE('',*,*,#2013,.F.);
#2013 = EDGE_CURVE('',#2014,#2016,#2018,.T.);
#2014 = VERTEX_POINT('',#2015);
#2015 = CARTESIAN_POINT('',(1.184030769231E+03,-1.2192E+03,0.));
#2016 = VERTEX_POINT('',#2017);
#2017 = CARTESIAN_POINT('',(1.184030769231E+03,-1.2192E+03,
    1.113692307692E+03));
#2018 = LINE('',#2019,#2020);
#2019 = CARTESIAN_POINT('',(1.184030769231E+03,-1.2192E+03,0.));
#2020 = VECTOR('',#2021,1.);
#2021 = DIRECTION('',(0.,0.,1.));
#2022 = ORIENTED_EDGE('',*,*,#2023,.T.);
#2023 = EDGE_CURVE('',#2014,#2024,#2026,.T.);
#2024 = VERTEX_POINT('',#2025);
#2025 = CARTESIAN_POINT('',(1.184030769231E+03,0.,0.));
#2026 = LINE('',#2027,#2028);
#2027 = CARTESIAN_POINT('',(1.184030769231E+03,-1.2192E+03,0.));
#2028 = VECTOR('',#2029,1.);
#2029 = DIRECTION('',(-0.,1.,0.));
#2030 = ORIENTED_EDGE('',*,*,#2031,.T.);
#2031 = EDGE_CURVE('',#2024,#2032,#2034,.T.);
#2032 = VERTEX_POINT('',#2033);
#2033 = CARTESIAN_POINT('',(1.184030769231E+03,0.,1.113692307692E+03));
#2034 = LINE('',#2035,#2036);
#2035 = CARTESIAN_POINT('',(1.184030769231E+03,0.,0.));
#2036 = VECTOR('',#2037,1.);
#2037 = DIRECTION('',(0.,0.,1.));
#2038 = ORIENTED_EDGE('',*,*,#2039,.F.);
#2039 = EDGE_CURVE('',#2016,#2032,#2040,.T.);
#2040 = LINE('',#2041,#2042);
#2041 = CARTESIAN_POINT('',(1.184030769231E+03,-1.2192E+03,
    1.113692307692E+03));
#2042 = VECTOR('',#2043,1.);
#2043 = DIRECTION('',(-0.,1.,0.));
#2044 = PLANE('',#2045);
#2045 = AXIS2_PLACEMENT_3D('',#2046,#2047,#2048);
#2046 = CARTESIAN_POINT('',(1.184030769231E+03,-1.2192E+03,0.));
#2047 = DIRECTION('',(1.,0.,-0.));
#2048 = DIRECTION('',(0.,0.,1.));
#2049 = ADVANCED_FACE('',(#2050),#2084,.T.);
#2050 = FACE_BOUND('',#2051,.T.);
#2051 = EDGE_LOOP('',(#2052,#2062,#2070,#2078));
#2052 = ORIENTED_EDGE('',*,*,#2053,.F.);
#2053 = EDGE_CURVE('',#2054,#2056,#2058,.T.);
#2054 = VERTEX_POINT('',#2055);
#2055 = CARTESIAN_POINT('',(1.451082461538E+03,-1.2192E+03,0.));
#2056 = VERTEX_POINT('',#2057);
#2057 = CARTESIAN_POINT('',(1.451082461538E+03,-1.2192E+03,
    1.113692307692E+03));
#2058 = LINE('',#2059,#2060);
#2059 = CARTESIAN_POINT('',(1.451082461538E+03,-1.2192E+03,0.));
#2060 = VECTOR('',#2061,1.);
#2061 = DIRECTION('',(0.,0.,1.));
#2062 = ORIENTED_EDGE('',*,*,#2063,.T.);
#2063 = EDGE_CURVE('',#2054,#2064,#2066,.T.);
#2064 = VERTEX_POINT('',#2065);
#2065 = CARTESIAN_POINT('',(1.451082461538E+03,0.,0.));
#2066 = LINE('',#2067,#2068);
#2067 = CARTESIAN_POINT('',(1.451082461538E+03,-1.2192E+03,0.));
#2068 = VECTOR('',#2069,1.);
#2069 = DIRECTION('',(-0.,1.,0.));
#2070 = ORIENTED_EDGE('',*,*,#2071,.T.);
#2071 = EDGE_CURVE('',#2064,#2072,#2074,.T.);
#2072 = VERTEX_POINT('',#2073);
#2073 = CARTESIAN_POINT('',(1.451082461538E+03,0.,1.113692307692E+03));
#2074 = LINE('',#2075,#2076);
#2075 = CARTESIAN_POINT('',(1.451082461538E+03,0.,0.));
#2076 = VECTOR('',#2077,1.);
#2077 = DIRECTION('',(0.,0.,1.));
#2078 = ORIENTED_EDGE('',*,*,#2079,.F.);
#2079 = EDGE_CURVE('',#2056,#2072,#2080,.T.);
#2080 = LINE('',#2081,#2082);
#2081 = CARTESIAN_POINT('',(1.451082461538E+03,-1.2192E+03,
    1.113692307692E+03));
#2082 = VECTOR('',#2083,1.);
#2083 = DIRECTION('',(-0.,1.,0.));
#2084 = PLANE('',#2085);
#2085 = AXIS2_PLACEMENT_3D('',#2086,#2087,#2088);
#2086 = CARTESIAN_POINT('',(1.451082461538E+03,-1.2192E+03,0.));
#2087 = DIRECTION('',(1.,0.,-0.));
#2088 = DIRECTION('',(0.,0.,1.));
#2089 = ADVANCED_FACE('',(#2090),#2106,.F.);
#2090 = FACE_BOUND('',#2091,.F.);
#2091 = EDGE_LOOP('',(#2092,#2098,#2099,#2105));
#2092 = ORIENTED_EDGE('',*,*,#2093,.F.);
#2093 = EDGE_CURVE('',#2014,#2054,#2094,.T.);
#2094 = LINE('',#2095,#2096);
#2095 = CARTESIAN_POINT('',(1.184030769231E+03,-1.2192E+03,0.));
#2096 = VECTOR('',#2097,1.);
#2097 = DIRECTION('',(1.,0.,-0.));
#2098 = ORIENTED_EDGE('',*,*,#2013,.T.);
#2099 = ORIENTED_EDGE('',*,*,#2100,.T.);
#2100 = EDGE_CURVE('',#2016,#2056,#2101,.T.);
#2101 = LINE('',#2102,#2103);
#2102 = CARTESIAN_POINT('',(1.184030769231E+03,-1.2192E+03,
    1.113692307692E+03));
#2103 = VECTOR('',#2104,1.);
#2104 = DIRECTION('',(1.,0.,-0.));
#2105 = ORIENTED_EDGE('',*,*,#2053,.F.);
#2106 = PLANE('',#2107);
#2107 = AXIS2_PLACEMENT_3D('',#2108,#2109,#2110);
#2108 = CARTESIAN_POINT('',(1.184030769231E+03,-1.2192E+03,0.));
#2109 = DIRECTION('',(-0.,1.,0.));
#2110 = DIRECTION('',(0.,0.,1.));
#2111 = ADVANCED_FACE('',(#2112),#2128,.T.);
#2112 = FACE_BOUND('',#2113,.T.);
#2113 = EDGE_LOOP('',(#2114,#2120,#2121,#2127));
#2114 = ORIENTED_EDGE('',*,*,#2115,.F.);
#2115 = EDGE_CURVE('',#2024,#2064,#2116,.T.);
#2116 = LINE('',#2117,#2118);
#2117 = CARTESIAN_POINT('',(1.184030769231E+03,0.,0.));
#2118 = VECTOR('',#2119,1.);
#2119 = DIRECTION('',(1.,0.,-0.));
#2120 = ORIENTED_EDGE('',*,*,#2031,.T.);
#2121 = ORIENTED_EDGE('',*,*,#2122,.T.);
#2122 = EDGE_CURVE('',#2032,#2072,#2123,.T.);
#2123 = LINE('',#2124,#2125);
#2124 = CARTESIAN_POINT('',(1.184030769231E+03,0.,1.113692307692E+03));
#2125 = VECTOR('',#2126,1.);
#2126 = DIRECTION('',(1.,0.,-0.));
#2127 = ORIENTED_EDGE('',*,*,#2071,.F.);
#2128 = PLANE('',#2129);
#2129 = AXIS2_PLACEMENT_3D('',#2130,#2131,#2132);
#2130 = CARTESIAN_POINT('',(1.184030769231E+03,0.,0.));
#2131 = DIRECTION('',(-0.,1.,0.));
#2132 = DIRECTION('',(0.,0.,1.));
#2133 = ADVANCED_FACE('',(#2134),#2140,.F.);
#2134 = FACE_BOUND('',#2135,.F.);
#2135 = EDGE_LOOP('',(#2136,#2137,#2138,#2139));
#2136 = ORIENTED_EDGE('',*,*,#2023,.F.);
#2137 = ORIENTED_EDGE('',*,*,#2093,.T.);
#2138 = ORIENTED_EDGE('',*,*,#2063,.T.);
#2139 = ORIENTED_EDGE('',*,*,#2115,.F.);
#2140 = PLANE('',#2141);
#2141 = AXIS2_PLACEMENT_3D('',#2142,#2143,#2144);
#2142 = CARTESIAN_POINT('',(1.184030769231E+03,-1.2192E+03,0.));
#2143 = DIRECTION('',(0.,0.,1.));
#2144 = DIRECTION('',(1.,0.,-0.));
#2145 = ADVANCED_FACE('',(#2146),#2152,.T.);
#2146 = FACE_BOUND('',#2147,.T.);
#2147 = EDGE_LOOP('',(#2148,#2149,#2150,#2151));
#2148 = ORIENTED_EDGE('',*,*,#2039,.F.);
#2149 = ORIENTED_EDGE('',*,*,#2100,.T.);
#2150 = ORIENTED_EDGE('',*,*,#2079,.T.);
#2151 = ORIENTED_EDGE('',*,*,#2122,.F.);
#2152 = PLANE('',#2153);
#2153 = AXIS2_PLACEMENT_3D('',#2154,#2155,#2156);
#2154 = CARTESIAN_POINT('',(1.184030769231E+03,-1.2192E+03,
    1.113692307692E+03));
#2155 = DIRECTION('',(0.,0.,1.));
#2156 = DIRECTION('',(1.,0.,-0.));
#2157 = ( GEOMETRIC_REPRESENTATION_CONTEXT(3) 
GLOBAL_UNCERTAINTY_ASSIGNED_CONTEXT((#2161)) 
GLOBAL_UNIT_ASSIGNED_CONTEXT((#2158,#2159,#2160)) REPRESENTATION_CONTEXT
('Context #1','3D Context with UNIT and UNCERTAINTY') );
#2158 = ( LENGTH_UNIT() NAMED_UNIT(*) SI_UNIT(.MILLI.,.METRE.) );
#2159 = ( NAMED_UNIT(*) PLANE_ANGLE_UNIT() SI_UNIT($,.RADIAN.) );
#2160 = ( NAMED_UNIT(*) SI_UNIT($,.STERADIAN.) SOLID_ANGLE_UNIT() );
#2161 = UNCERTAINTY_MEASURE_WITH_UNIT(LENGTH_MEASURE(1.E-07),#2158,
  'distance_accuracy_value','confusion accuracy');
#2162 = CONTEXT_DEPENDENT_SHAPE_REPRESENTATION(#2163,#2165);
#2163 = ( REPRESENTATION_RELATIONSHIP('','',#2006,#10) 
REPRESENTATION_RELATIONSHIP_WITH_TRANSFORMATION(#2164) 
SHAPE_REPRESENTATION_RELATIONSHIP() );
#2164 = ITEM_DEFINED_TRANSFORMATION('','',#11,#55);
#2165 = PRODUCT_DEFINITION_SHAPE('Placement','Placement of an item',
  #2166);
#2166 = NEXT_ASSEMBLY_USAGE_OCCURRENCE('11','Exterior stair step 05','',
  #5,#2001,$);
#2167 = PRODUCT_RELATED_PRODUCT_CATEGORY('part',$,(#2003));
#2168 = SHAPE_DEFINITION_REPRESENTATION(#2169,#2175);
#2169 = PRODUCT_DEFINITION_SHAPE('','',#2170);
#2170 = PRODUCT_DEFINITION('design','',#2171,#2174);
#2171 = PRODUCT_DEFINITION_FORMATION('','',#2172);
#2172 = PRODUCT('Exterior stair step 06','Exterior stair step 06','',(
    #2173));
#2173 = PRODUCT_CONTEXT('',#2,'mechanical');
#2174 = PRODUCT_DEFINITION_CONTEXT('part definition',#2,'design');
#2175 = ADVANCED_BREP_SHAPE_REPRESENTATION('',(#11,#2176),#2326);
#2176 = MANIFOLD_SOLID_BREP('',#2177);
#2177 = CLOSED_SHELL('',(#2178,#2218,#2258,#2280,#2302,#2314));
#2178 = ADVANCED_FACE('',(#2179),#2213,.F.);
#2179 = FACE_BOUND('',#2180,.F.);
#2180 = EDGE_LOOP('',(#2181,#2191,#2199,#2207));
#2181 = ORIENTED_EDGE('',*,*,#2182,.F.);
#2182 = EDGE_CURVE('',#2183,#2185,#2187,.T.);
#2183 = VERTEX_POINT('',#2184);
#2184 = CARTESIAN_POINT('',(1.441938461538E+03,-1.2192E+03,0.));
#2185 = VERTEX_POINT('',#2186);
#2186 = CARTESIAN_POINT('',(1.441938461538E+03,-1.2192E+03,
    1.336430769231E+03));
#2187 = LINE('',#2188,#2189);
#2188 = CARTESIAN_POINT('',(1.441938461538E+03,-1.2192E+03,0.));
#2189 = VECTOR('',#2190,1.);
#2190 = DIRECTION('',(0.,0.,1.));
#2191 = ORIENTED_EDGE('',*,*,#2192,.T.);
#2192 = EDGE_CURVE('',#2183,#2193,#2195,.T.);
#2193 = VERTEX_POINT('',#2194);
#2194 = CARTESIAN_POINT('',(1.441938461538E+03,0.,0.));
#2195 = LINE('',#2196,#2197);
#2196 = CARTESIAN_POINT('',(1.441938461538E+03,-1.2192E+03,0.));
#2197 = VECTOR('',#2198,1.);
#2198 = DIRECTION('',(-0.,1.,0.));
#2199 = ORIENTED_EDGE('',*,*,#2200,.T.);
#2200 = EDGE_CURVE('',#2193,#2201,#2203,.T.);
#2201 = VERTEX_POINT('',#2202);
#2202 = CARTESIAN_POINT('',(1.441938461538E+03,0.,1.336430769231E+03));
#2203 = LINE('',#2204,#2205);
#2204 = CARTESIAN_POINT('',(1.441938461538E+03,0.,0.));
#2205 = VECTOR('',#2206,1.);
#2206 = DIRECTION('',(0.,0.,1.));
#2207 = ORIENTED_EDGE('',*,*,#2208,.F.);
#2208 = EDGE_CURVE('',#2185,#2201,#2209,.T.);
#2209 = LINE('',#2210,#2211);
#2210 = CARTESIAN_POINT('',(1.441938461538E+03,-1.2192E+03,
    1.336430769231E+03));
#2211 = VECTOR('',#2212,1.);
#2212 = DIRECTION('',(-0.,1.,0.));
#2213 = PLANE('',#2214);
#2214 = AXIS2_PLACEMENT_3D('',#2215,#2216,#2217);
#2215 = CARTESIAN_POINT('',(1.441938461538E+03,-1.2192E+03,0.));
#2216 = DIRECTION('',(1.,0.,-0.));
#2217 = DIRECTION('',(0.,0.,1.));
#2218 = ADVANCED_FACE('',(#2219),#2253,.T.);
#2219 = FACE_BOUND('',#2220,.T.);
#2220 = EDGE_LOOP('',(#2221,#2231,#2239,#2247));
#2221 = ORIENTED_EDGE('',*,*,#2222,.F.);
#2222 = EDGE_CURVE('',#2223,#2225,#2227,.T.);
#2223 = VERTEX_POINT('',#2224);
#2224 = CARTESIAN_POINT('',(1.708990153846E+03,-1.2192E+03,0.));
#2225 = VERTEX_POINT('',#2226);
#2226 = CARTESIAN_POINT('',(1.708990153846E+03,-1.2192E+03,
    1.336430769231E+03));
#2227 = LINE('',#2228,#2229);
#2228 = CARTESIAN_POINT('',(1.708990153846E+03,-1.2192E+03,0.));
#2229 = VECTOR('',#2230,1.);
#2230 = DIRECTION('',(0.,0.,1.));
#2231 = ORIENTED_EDGE('',*,*,#2232,.T.);
#2232 = EDGE_CURVE('',#2223,#2233,#2235,.T.);
#2233 = VERTEX_POINT('',#2234);
#2234 = CARTESIAN_POINT('',(1.708990153846E+03,0.,0.));
#2235 = LINE('',#2236,#2237);
#2236 = CARTESIAN_POINT('',(1.708990153846E+03,-1.2192E+03,0.));
#2237 = VECTOR('',#2238,1.);
#2238 = DIRECTION('',(-0.,1.,0.));
#2239 = ORIENTED_EDGE('',*,*,#2240,.T.);
#2240 = EDGE_CURVE('',#2233,#2241,#2243,.T.);
#2241 = VERTEX_POINT('',#2242);
#2242 = CARTESIAN_POINT('',(1.708990153846E+03,0.,1.336430769231E+03));
#2243 = LINE('',#2244,#2245);
#2244 = CARTESIAN_POINT('',(1.708990153846E+03,0.,0.));
#2245 = VECTOR('',#2246,1.);
#2246 = DIRECTION('',(0.,0.,1.));
#2247 = ORIENTED_EDGE('',*,*,#2248,.F.);
#2248 = EDGE_CURVE('',#2225,#2241,#2249,.T.);
#2249 = LINE('',#2250,#2251);
#2250 = CARTESIAN_POINT('',(1.708990153846E+03,-1.2192E+03,
    1.336430769231E+03));
#2251 = VECTOR('',#2252,1.);
#2252 = DIRECTION('',(-0.,1.,0.));
#2253 = PLANE('',#2254);
#2254 = AXIS2_PLACEMENT_3D('',#2255,#2256,#2257);
#2255 = CARTESIAN_POINT('',(1.708990153846E+03,-1.2192E+03,0.));
#2256 = DIRECTION('',(1.,0.,-0.));
#2257 = DIRECTION('',(0.,0.,1.));
#2258 = ADVANCED_FACE('',(#2259),#2275,.F.);
#2259 = FACE_BOUND('',#2260,.F.);
#2260 = EDGE_LOOP('',(#2261,#2267,#2268,#2274));
#2261 = ORIENTED_EDGE('',*,*,#2262,.F.);
#2262 = EDGE_CURVE('',#2183,#2223,#2263,.T.);
#2263 = LINE('',#2264,#2265);
#2264 = CARTESIAN_POINT('',(1.441938461538E+03,-1.2192E+03,0.));
#2265 = VECTOR('',#2266,1.);
#2266 = DIRECTION('',(1.,0.,-0.));
#2267 = ORIENTED_EDGE('',*,*,#2182,.T.);
#2268 = ORIENTED_EDGE('',*,*,#2269,.T.);
#2269 = EDGE_CURVE('',#2185,#2225,#2270,.T.);
#2270 = LINE('',#2271,#2272);
#2271 = CARTESIAN_POINT('',(1.441938461538E+03,-1.2192E+03,
    1.336430769231E+03));
#2272 = VECTOR('',#2273,1.);
#2273 = DIRECTION('',(1.,0.,-0.));
#2274 = ORIENTED_EDGE('',*,*,#2222,.F.);
#2275 = PLANE('',#2276);
#2276 = AXIS2_PLACEMENT_3D('',#2277,#2278,#2279);
#2277 = CARTESIAN_POINT('',(1.441938461538E+03,-1.2192E+03,0.));
#2278 = DIRECTION('',(-0.,1.,0.));
#2279 = DIRECTION('',(0.,0.,1.));
#2280 = ADVANCED_FACE('',(#2281),#2297,.T.);
#2281 = FACE_BOUND('',#2282,.T.);
#2282 = EDGE_LOOP('',(#2283,#2289,#2290,#2296));
#2283 = ORIENTED_EDGE('',*,*,#2284,.F.);
#2284 = EDGE_CURVE('',#2193,#2233,#2285,.T.);
#2285 = LINE('',#2286,#2287);
#2286 = CARTESIAN_POINT('',(1.441938461538E+03,0.,0.));
#2287 = VECTOR('',#2288,1.);
#2288 = DIRECTION('',(1.,0.,-0.));
#2289 = ORIENTED_EDGE('',*,*,#2200,.T.);
#2290 = ORIENTED_EDGE('',*,*,#2291,.T.);
#2291 = EDGE_CURVE('',#2201,#2241,#2292,.T.);
#2292 = LINE('',#2293,#2294);
#2293 = CARTESIAN_POINT('',(1.441938461538E+03,0.,1.336430769231E+03));
#2294 = VECTOR('',#2295,1.);
#2295 = DIRECTION('',(1.,0.,-0.));
#2296 = ORIENTED_EDGE('',*,*,#2240,.F.);
#2297 = PLANE('',#2298);
#2298 = AXIS2_PLACEMENT_3D('',#2299,#2300,#2301);
#2299 = CARTESIAN_POINT('',(1.441938461538E+03,0.,0.));
#2300 = DIRECTION('',(-0.,1.,0.));
#2301 = DIRECTION('',(0.,0.,1.));
#2302 = ADVANCED_FACE('',(#2303),#2309,.F.);
#2303 = FACE_BOUND('',#2304,.F.);
#2304 = EDGE_LOOP('',(#2305,#2306,#2307,#2308));
#2305 = ORIENTED_EDGE('',*,*,#2192,.F.);
#2306 = ORIENTED_EDGE('',*,*,#2262,.T.);
#2307 = ORIENTED_EDGE('',*,*,#2232,.T.);
#2308 = ORIENTED_EDGE('',*,*,#2284,.F.);
#2309 = PLANE('',#2310);
#2310 = AXIS2_PLACEMENT_3D('',#2311,#2312,#2313);
#2311 = CARTESIAN_POINT('',(1.441938461538E+03,-1.2192E+03,0.));
#2312 = DIRECTION('',(0.,0.,1.));
#2313 = DIRECTION('',(1.,0.,-0.));
#2314 = ADVANCED_FACE('',(#2315),#2321,.T.);
#2315 = FACE_BOUND('',#2316,.T.);
#2316 = EDGE_LOOP('',(#2317,#2318,#2319,#2320));
#2317 = ORIENTED_EDGE('',*,*,#2208,.F.);
#2318 = ORIENTED_EDGE('',*,*,#2269,.T.);
#2319 = ORIENTED_EDGE('',*,*,#2248,.T.);
#2320 = ORIENTED_EDGE('',*,*,#2291,.F.);
#2321 = PLANE('',#2322);
#2322 = AXIS2_PLACEMENT_3D('',#2323,#2324,#2325);
#2323 = CARTESIAN_POINT('',(1.441938461538E+03,-1.2192E+03,
    1.336430769231E+03));
#2324 = DIRECTION('',(0.,0.,1.));
#2325 = DIRECTION('',(1.,0.,-0.));
#2326 = ( GEOMETRIC_REPRESENTATION_CONTEXT(3) 
GLOBAL_UNCERTAINTY_ASSIGNED_CONTEXT((#2330)) 
GLOBAL_UNIT_ASSIGNED_CONTEXT((#2327,#2328,#2329)) REPRESENTATION_CONTEXT
('Context #1','3D Context with UNIT and UNCERTAINTY') );
#2327 = ( LENGTH_UNIT() NAMED_UNIT(*) SI_UNIT(.MILLI.,.METRE.) );
#2328 = ( NAMED_UNIT(*) PLANE_ANGLE_UNIT() SI_UNIT($,.RADIAN.) );
#2329 = ( NAMED_UNIT(*) SI_UNIT($,.STERADIAN.) SOLID_ANGLE_UNIT() );
#2330 = UNCERTAINTY_MEASURE_WITH_UNIT(LENGTH_MEASURE(1.E-07),#2327,
  'distance_accuracy_value','confusion accuracy');
#2331 = CONTEXT_DEPENDENT_SHAPE_REPRESENTATION(#2332,#2334);
#2332 = ( REPRESENTATION_RELATIONSHIP('','',#2175,#10) 
REPRESENTATION_RELATIONSHIP_WITH_TRANSFORMATION(#2333) 
SHAPE_REPRESENTATION_RELATIONSHIP() );
#2333 = ITEM_DEFINED_TRANSFORMATION('','',#11,#59);
#2334 = PRODUCT_DEFINITION_SHAPE('Placement','Placement of an item',
  #2335);
#2335 = NEXT_ASSEMBLY_USAGE_OCCURRENCE('12','Exterior stair step 06','',
  #5,#2170,$);
#2336 = PRODUCT_RELATED_PRODUCT_CATEGORY('part',$,(#2172));
#2337 = SHAPE_DEFINITION_REPRESENTATION(#2338,#2344);
#2338 = PRODUCT_DEFINITION_SHAPE('','',#2339);
#2339 = PRODUCT_DEFINITION('design','',#2340,#2343);
#2340 = PRODUCT_DEFINITION_FORMATION('','',#2341);
#2341 = PRODUCT('Exterior stair step 07','Exterior stair step 07','',(
    #2342));
#2342 = PRODUCT_CONTEXT('',#2,'mechanical');
#2343 = PRODUCT_DEFINITION_CONTEXT('part definition',#2,'design');
#2344 = ADVANCED_BREP_SHAPE_REPRESENTATION('',(#11,#2345),#2495);
#2345 = MANIFOLD_SOLID_BREP('',#2346);
#2346 = CLOSED_SHELL('',(#2347,#2387,#2427,#2449,#2471,#2483));
#2347 = ADVANCED_FACE('',(#2348),#2382,.F.);
#2348 = FACE_BOUND('',#2349,.F.);
#2349 = EDGE_LOOP('',(#2350,#2360,#2368,#2376));
#2350 = ORIENTED_EDGE('',*,*,#2351,.F.);
#2351 = EDGE_CURVE('',#2352,#2354,#2356,.T.);
#2352 = VERTEX_POINT('',#2353);
#2353 = CARTESIAN_POINT('',(1.699846153846E+03,-1.2192E+03,0.));
#2354 = VERTEX_POINT('',#2355);
#2355 = CARTESIAN_POINT('',(1.699846153846E+03,-1.2192E+03,
    1.559169230769E+03));
#2356 = LINE('',#2357,#2358);
#2357 = CARTESIAN_POINT('',(1.699846153846E+03,-1.2192E+03,0.));
#2358 = VECTOR('',#2359,1.);
#2359 = DIRECTION('',(0.,0.,1.));
#2360 = ORIENTED_EDGE('',*,*,#2361,.T.);
#2361 = EDGE_CURVE('',#2352,#2362,#2364,.T.);
#2362 = VERTEX_POINT('',#2363);
#2363 = CARTESIAN_POINT('',(1.699846153846E+03,0.,0.));
#2364 = LINE('',#2365,#2366);
#2365 = CARTESIAN_POINT('',(1.699846153846E+03,-1.2192E+03,0.));
#2366 = VECTOR('',#2367,1.);
#2367 = DIRECTION('',(-0.,1.,0.));
#2368 = ORIENTED_EDGE('',*,*,#2369,.T.);
#2369 = EDGE_CURVE('',#2362,#2370,#2372,.T.);
#2370 = VERTEX_POINT('',#2371);
#2371 = CARTESIAN_POINT('',(1.699846153846E+03,0.,1.559169230769E+03));
#2372 = LINE('',#2373,#2374);
#2373 = CARTESIAN_POINT('',(1.699846153846E+03,0.,0.));
#2374 = VECTOR('',#2375,1.);
#2375 = DIRECTION('',(0.,0.,1.));
#2376 = ORIENTED_EDGE('',*,*,#2377,.F.);
#2377 = EDGE_CURVE('',#2354,#2370,#2378,.T.);
#2378 = LINE('',#2379,#2380);
#2379 = CARTESIAN_POINT('',(1.699846153846E+03,-1.2192E+03,
    1.559169230769E+03));
#2380 = VECTOR('',#2381,1.);
#2381 = DIRECTION('',(-0.,1.,0.));
#2382 = PLANE('',#2383);
#2383 = AXIS2_PLACEMENT_3D('',#2384,#2385,#2386);
#2384 = CARTESIAN_POINT('',(1.699846153846E+03,-1.2192E+03,0.));
#2385 = DIRECTION('',(1.,0.,-0.));
#2386 = DIRECTION('',(0.,0.,1.));
#2387 = ADVANCED_FACE('',(#2388),#2422,.T.);
#2388 = FACE_BOUND('',#2389,.T.);
#2389 = EDGE_LOOP('',(#2390,#2400,#2408,#2416));
#2390 = ORIENTED_EDGE('',*,*,#2391,.F.);
#2391 = EDGE_CURVE('',#2392,#2394,#2396,.T.);
#2392 = VERTEX_POINT('',#2393);
#2393 = CARTESIAN_POINT('',(1.966897846154E+03,-1.2192E+03,0.));
#2394 = VERTEX_POINT('',#2395);
#2395 = CARTESIAN_POINT('',(1.966897846154E+03,-1.2192E+03,
    1.559169230769E+03));
#2396 = LINE('',#2397,#2398);
#2397 = CARTESIAN_POINT('',(1.966897846154E+03,-1.2192E+03,0.));
#2398 = VECTOR('',#2399,1.);
#2399 = DIRECTION('',(0.,0.,1.));
#2400 = ORIENTED_EDGE('',*,*,#2401,.T.);
#2401 = EDGE_CURVE('',#2392,#2402,#2404,.T.);
#2402 = VERTEX_POINT('',#2403);
#2403 = CARTESIAN_POINT('',(1.966897846154E+03,0.,0.));
#2404 = LINE('',#2405,#2406);
#2405 = CARTESIAN_POINT('',(1.966897846154E+03,-1.2192E+03,0.));
#2406 = VECTOR('',#2407,1.);
#2407 = DIRECTION('',(-0.,1.,0.));
#2408 = ORIENTED_EDGE('',*,*,#2409,.T.);
#2409 = EDGE_CURVE('',#2402,#2410,#2412,.T.);
#2410 = VERTEX_POINT('',#2411);
#2411 = CARTESIAN_POINT('',(1.966897846154E+03,0.,1.559169230769E+03));
#2412 = LINE('',#2413,#2414);
#2413 = CARTESIAN_POINT('',(1.966897846154E+03,0.,0.));
#2414 = VECTOR('',#2415,1.);
#2415 = DIRECTION('',(0.,0.,1.));
#2416 = ORIENTED_EDGE('',*,*,#2417,.F.);
#2417 = EDGE_CURVE('',#2394,#2410,#2418,.T.);
#2418 = LINE('',#2419,#2420);
#2419 = CARTESIAN_POINT('',(1.966897846154E+03,-1.2192E+03,
    1.559169230769E+03));
#2420 = VECTOR('',#2421,1.);
#2421 = DIRECTION('',(-0.,1.,0.));
#2422 = PLANE('',#2423);
#2423 = AXIS2_PLACEMENT_3D('',#2424,#2425,#2426);
#2424 = CARTESIAN_POINT('',(1.966897846154E+03,-1.2192E+03,0.));
#2425 = DIRECTION('',(1.,0.,-0.));
#2426 = DIRECTION('',(0.,0.,1.));
#2427 = ADVANCED_FACE('',(#2428),#2444,.F.);
#2428 = FACE_BOUND('',#2429,.F.);
#2429 = EDGE_LOOP('',(#2430,#2436,#2437,#2443));
#2430 = ORIENTED_EDGE('',*,*,#2431,.F.);
#2431 = EDGE_CURVE('',#2352,#2392,#2432,.T.);
#2432 = LINE('',#2433,#2434);
#2433 = CARTESIAN_POINT('',(1.699846153846E+03,-1.2192E+03,0.));
#2434 = VECTOR('',#2435,1.);
#2435 = DIRECTION('',(1.,0.,-0.));
#2436 = ORIENTED_EDGE('',*,*,#2351,.T.);
#2437 = ORIENTED_EDGE('',*,*,#2438,.T.);
#2438 = EDGE_CURVE('',#2354,#2394,#2439,.T.);
#2439 = LINE('',#2440,#2441);
#2440 = CARTESIAN_POINT('',(1.699846153846E+03,-1.2192E+03,
    1.559169230769E+03));
#2441 = VECTOR('',#2442,1.);
#2442 = DIRECTION('',(1.,0.,-0.));
#2443 = ORIENTED_EDGE('',*,*,#2391,.F.);
#2444 = PLANE('',#2445);
#2445 = AXIS2_PLACEMENT_3D('',#2446,#2447,#2448);
#2446 = CARTESIAN_POINT('',(1.699846153846E+03,-1.2192E+03,0.));
#2447 = DIRECTION('',(-0.,1.,0.));
#2448 = DIRECTION('',(0.,0.,1.));
#2449 = ADVANCED_FACE('',(#2450),#2466,.T.);
#2450 = FACE_BOUND('',#2451,.T.);
#2451 = EDGE_LOOP('',(#2452,#2458,#2459,#2465));
#2452 = ORIENTED_EDGE('',*,*,#2453,.F.);
#2453 = EDGE_CURVE('',#2362,#2402,#2454,.T.);
#2454 = LINE('',#2455,#2456);
#2455 = CARTESIAN_POINT('',(1.699846153846E+03,0.,0.));
#2456 = VECTOR('',#2457,1.);
#2457 = DIRECTION('',(1.,0.,-0.));
#2458 = ORIENTED_EDGE('',*,*,#2369,.T.);
#2459 = ORIENTED_EDGE('',*,*,#2460,.T.);
#2460 = EDGE_CURVE('',#2370,#2410,#2461,.T.);
#2461 = LINE('',#2462,#2463);
#2462 = CARTESIAN_POINT('',(1.699846153846E+03,0.,1.559169230769E+03));
#2463 = VECTOR('',#2464,1.);
#2464 = DIRECTION('',(1.,0.,-0.));
#2465 = ORIENTED_EDGE('',*,*,#2409,.F.);
#2466 = PLANE('',#2467);
#2467 = AXIS2_PLACEMENT_3D('',#2468,#2469,#2470);
#2468 = CARTESIAN_POINT('',(1.699846153846E+03,0.,0.));
#2469 = DIRECTION('',(-0.,1.,0.));
#2470 = DIRECTION('',(0.,0.,1.));
#2471 = ADVANCED_FACE('',(#2472),#2478,.F.);
#2472 = FACE_BOUND('',#2473,.F.);
#2473 = EDGE_LOOP('',(#2474,#2475,#2476,#2477));
#2474 = ORIENTED_EDGE('',*,*,#2361,.F.);
#2475 = ORIENTED_EDGE('',*,*,#2431,.T.);
#2476 = ORIENTED_EDGE('',*,*,#2401,.T.);
#2477 = ORIENTED_EDGE('',*,*,#2453,.F.);
#2478 = PLANE('',#2479);
#2479 = AXIS2_PLACEMENT_3D('',#2480,#2481,#2482);
#2480 = CARTESIAN_POINT('',(1.699846153846E+03,-1.2192E+03,0.));
#2481 = DIRECTION('',(0.,0.,1.));
#2482 = DIRECTION('',(1.,0.,-0.));
#2483 = ADVANCED_FACE('',(#2484),#2490,.T.);
#2484 = FACE_BOUND('',#2485,.T.);
#2485 = EDGE_LOOP('',(#2486,#2487,#2488,#2489));
#2486 = ORIENTED_EDGE('',*,*,#2377,.F.);
#2487 = ORIENTED_EDGE('',*,*,#2438,.T.);
#2488 = ORIENTED_EDGE('',*,*,#2417,.T.);
#2489 = ORIENTED_EDGE('',*,*,#2460,.F.);
#2490 = PLANE('',#2491);
#2491 = AXIS2_PLACEMENT_3D('',#2492,#2493,#2494);
#2492 = CARTESIAN_POINT('',(1.699846153846E+03,-1.2192E+03,
    1.559169230769E+03));
#2493 = DIRECTION('',(0.,0.,1.));
#2494 = DIRECTION('',(1.,0.,-0.));
#2495 = ( GEOMETRIC_REPRESENTATION_CONTEXT(3) 
GLOBAL_UNCERTAINTY_ASSIGNED_CONTEXT((#2499)) 
GLOBAL_UNIT_ASSIGNED_CONTEXT((#2496,#2497,#2498)) REPRESENTATION_CONTEXT
('Context #1','3D Context with UNIT and UNCERTAINTY') );
#2496 = ( LENGTH_UNIT() NAMED_UNIT(*) SI_UNIT(.MILLI.,.METRE.) );
#2497 = ( NAMED_UNIT(*) PLANE_ANGLE_UNIT() SI_UNIT($,.RADIAN.) );
#2498 = ( NAMED_UNIT(*) SI_UNIT($,.STERADIAN.) SOLID_ANGLE_UNIT() );
#2499 = UNCERTAINTY_MEASURE_WITH_UNIT(LENGTH_MEASURE(1.E-07),#2496,
  'distance_accuracy_value','confusion accuracy');
#2500 = CONTEXT_DEPENDENT_SHAPE_REPRESENTATION(#2501,#2503);
#2501 = ( REPRESENTATION_RELATIONSHIP('','',#2344,#10) 
REPRESENTATION_RELATIONSHIP_WITH_TRANSFORMATION(#2502) 
SHAPE_REPRESENTATION_RELATIONSHIP() );
#2502 = ITEM_DEFINED_TRANSFORMATION('','',#11,#63);
#2503 = PRODUCT_DEFINITION_SHAPE('Placement','Placement of an item',
  #2504);
#2504 = NEXT_ASSEMBLY_USAGE_OCCURRENCE('13','Exterior stair step 07','',
  #5,#2339,$);
#2505 = PRODUCT_RELATED_PRODUCT_CATEGORY('part',$,(#2341));
#2506 = SHAPE_DEFINITION_REPRESENTATION(#2507,#2513);
#2507 = PRODUCT_DEFINITION_SHAPE('','',#2508);
#2508 = PRODUCT_DEFINITION('design','',#2509,#2512);
#2509 = PRODUCT_DEFINITION_FORMATION('','',#2510);
#2510 = PRODUCT('Exterior stair step 08','Exterior stair step 08','',(
    #2511));
#2511 = PRODUCT_CONTEXT('',#2,'mechanical');
#2512 = PRODUCT_DEFINITION_CONTEXT('part definition',#2,'design');
#2513 = ADVANCED_BREP_SHAPE_REPRESENTATION('',(#11,#2514),#2664);
#2514 = MANIFOLD_SOLID_BREP('',#2515);
#2515 = CLOSED_SHELL('',(#2516,#2556,#2596,#2618,#2640,#2652));
#2516 = ADVANCED_FACE('',(#2517),#2551,.F.);
#2517 = FACE_BOUND('',#2518,.F.);
#2518 = EDGE_LOOP('',(#2519,#2529,#2537,#2545));
#2519 = ORIENTED_EDGE('',*,*,#2520,.F.);
#2520 = EDGE_CURVE('',#2521,#2523,#2525,.T.);
#2521 = VERTEX_POINT('',#2522);
#2522 = CARTESIAN_POINT('',(1.957753846154E+03,-1.2192E+03,0.));
#2523 = VERTEX_POINT('',#2524);
#2524 = CARTESIAN_POINT('',(1.957753846154E+03,-1.2192E+03,
    1.781907692308E+03));
#2525 = LINE('',#2526,#2527);
#2526 = CARTESIAN_POINT('',(1.957753846154E+03,-1.2192E+03,0.));
#2527 = VECTOR('',#2528,1.);
#2528 = DIRECTION('',(0.,0.,1.));
#2529 = ORIENTED_EDGE('',*,*,#2530,.T.);
#2530 = EDGE_CURVE('',#2521,#2531,#2533,.T.);
#2531 = VERTEX_POINT('',#2532);
#2532 = CARTESIAN_POINT('',(1.957753846154E+03,0.,0.));
#2533 = LINE('',#2534,#2535);
#2534 = CARTESIAN_POINT('',(1.957753846154E+03,-1.2192E+03,0.));
#2535 = VECTOR('',#2536,1.);
#2536 = DIRECTION('',(-0.,1.,0.));
#2537 = ORIENTED_EDGE('',*,*,#2538,.T.);
#2538 = EDGE_CURVE('',#2531,#2539,#2541,.T.);
#2539 = VERTEX_POINT('',#2540);
#2540 = CARTESIAN_POINT('',(1.957753846154E+03,0.,1.781907692308E+03));
#2541 = LINE('',#2542,#2543);
#2542 = CARTESIAN_POINT('',(1.957753846154E+03,0.,0.));
#2543 = VECTOR('',#2544,1.);
#2544 = DIRECTION('',(0.,0.,1.));
#2545 = ORIENTED_EDGE('',*,*,#2546,.F.);
#2546 = EDGE_CURVE('',#2523,#2539,#2547,.T.);
#2547 = LINE('',#2548,#2549);
#2548 = CARTESIAN_POINT('',(1.957753846154E+03,-1.2192E+03,
    1.781907692308E+03));
#2549 = VECTOR('',#2550,1.);
#2550 = DIRECTION('',(-0.,1.,0.));
#2551 = PLANE('',#2552);
#2552 = AXIS2_PLACEMENT_3D('',#2553,#2554,#2555);
#2553 = CARTESIAN_POINT('',(1.957753846154E+03,-1.2192E+03,0.));
#2554 = DIRECTION('',(1.,0.,-0.));
#2555 = DIRECTION('',(0.,0.,1.));
#2556 = ADVANCED_FACE('',(#2557),#2591,.T.);
#2557 = FACE_BOUND('',#2558,.T.);
#2558 = EDGE_LOOP('',(#2559,#2569,#2577,#2585));
#2559 = ORIENTED_EDGE('',*,*,#2560,.F.);
#2560 = EDGE_CURVE('',#2561,#2563,#2565,.T.);
#2561 = VERTEX_POINT('',#2562);
#2562 = CARTESIAN_POINT('',(2.224805538462E+03,-1.2192E+03,0.));
#2563 = VERTEX_POINT('',#2564);
#2564 = CARTESIAN_POINT('',(2.224805538462E+03,-1.2192E+03,
    1.781907692308E+03));
#2565 = LINE('',#2566,#2567);
#2566 = CARTESIAN_POINT('',(2.224805538462E+03,-1.2192E+03,0.));
#2567 = VECTOR('',#2568,1.);
#2568 = DIRECTION('',(0.,0.,1.));
#2569 = ORIENTED_EDGE('',*,*,#2570,.T.);
#2570 = EDGE_CURVE('',#2561,#2571,#2573,.T.);
#2571 = VERTEX_POINT('',#2572);
#2572 = CARTESIAN_POINT('',(2.224805538462E+03,0.,0.));
#2573 = LINE('',#2574,#2575);
#2574 = CARTESIAN_POINT('',(2.224805538462E+03,-1.2192E+03,0.));
#2575 = VECTOR('',#2576,1.);
#2576 = DIRECTION('',(-0.,1.,0.));
#2577 = ORIENTED_EDGE('',*,*,#2578,.T.);
#2578 = EDGE_CURVE('',#2571,#2579,#2581,.T.);
#2579 = VERTEX_POINT('',#2580);
#2580 = CARTESIAN_POINT('',(2.224805538462E+03,0.,1.781907692308E+03));
#2581 = LINE('',#2582,#2583);
#2582 = CARTESIAN_POINT('',(2.224805538462E+03,0.,0.));
#2583 = VECTOR('',#2584,1.);
#2584 = DIRECTION('',(0.,0.,1.));
#2585 = ORIENTED_EDGE('',*,*,#2586,.F.);
#2586 = EDGE_CURVE('',#2563,#2579,#2587,.T.);
#2587 = LINE('',#2588,#2589);
#2588 = CARTESIAN_POINT('',(2.224805538462E+03,-1.2192E+03,
    1.781907692308E+03));
#2589 = VECTOR('',#2590,1.);
#2590 = DIRECTION('',(-0.,1.,0.));
#2591 = PLANE('',#2592);
#2592 = AXIS2_PLACEMENT_3D('',#2593,#2594,#2595);
#2593 = CARTESIAN_POINT('',(2.224805538462E+03,-1.2192E+03,0.));
#2594 = DIRECTION('',(1.,0.,-0.));
#2595 = DIRECTION('',(0.,0.,1.));
#2596 = ADVANCED_FACE('',(#2597),#2613,.F.);
#2597 = FACE_BOUND('',#2598,.F.);
#2598 = EDGE_LOOP('',(#2599,#2605,#2606,#2612));
#2599 = ORIENTED_EDGE('',*,*,#2600,.F.);
#2600 = EDGE_CURVE('',#2521,#2561,#2601,.T.);
#2601 = LINE('',#2602,#2603);
#2602 = CARTESIAN_POINT('',(1.957753846154E+03,-1.2192E+03,0.));
#2603 = VECTOR('',#2604,1.);
#2604 = DIRECTION('',(1.,0.,-0.));
#2605 = ORIENTED_EDGE('',*,*,#2520,.T.);
#2606 = ORIENTED_EDGE('',*,*,#2607,.T.);
#2607 = EDGE_CURVE('',#2523,#2563,#2608,.T.);
#2608 = LINE('',#2609,#2610);
#2609 = CARTESIAN_POINT('',(1.957753846154E+03,-1.2192E+03,
    1.781907692308E+03));
#2610 = VECTOR('',#2611,1.);
#2611 = DIRECTION('',(1.,0.,-0.));
#2612 = ORIENTED_EDGE('',*,*,#2560,.F.);
#2613 = PLANE('',#2614);
#2614 = AXIS2_PLACEMENT_3D('',#2615,#2616,#2617);
#2615 = CARTESIAN_POINT('',(1.957753846154E+03,-1.2192E+03,0.));
#2616 = DIRECTION('',(-0.,1.,0.));
#2617 = DIRECTION('',(0.,0.,1.));
#2618 = ADVANCED_FACE('',(#2619),#2635,.T.);
#2619 = FACE_BOUND('',#2620,.T.);
#2620 = EDGE_LOOP('',(#2621,#2627,#2628,#2634));
#2621 = ORIENTED_EDGE('',*,*,#2622,.F.);
#2622 = EDGE_CURVE('',#2531,#2571,#2623,.T.);
#2623 = LINE('',#2624,#2625);
#2624 = CARTESIAN_POINT('',(1.957753846154E+03,0.,0.));
#2625 = VECTOR('',#2626,1.);
#2626 = DIRECTION('',(1.,0.,-0.));
#2627 = ORIENTED_EDGE('',*,*,#2538,.T.);
#2628 = ORIENTED_EDGE('',*,*,#2629,.T.);
#2629 = EDGE_CURVE('',#2539,#2579,#2630,.T.);
#2630 = LINE('',#2631,#2632);
#2631 = CARTESIAN_POINT('',(1.957753846154E+03,0.,1.781907692308E+03));
#2632 = VECTOR('',#2633,1.);
#2633 = DIRECTION('',(1.,0.,-0.));
#2634 = ORIENTED_EDGE('',*,*,#2578,.F.);
#2635 = PLANE('',#2636);
#2636 = AXIS2_PLACEMENT_3D('',#2637,#2638,#2639);
#2637 = CARTESIAN_POINT('',(1.957753846154E+03,0.,0.));
#2638 = DIRECTION('',(-0.,1.,0.));
#2639 = DIRECTION('',(0.,0.,1.));
#2640 = ADVANCED_FACE('',(#2641),#2647,.F.);
#2641 = FACE_BOUND('',#2642,.F.);
#2642 = EDGE_LOOP('',(#2643,#2644,#2645,#2646));
#2643 = ORIENTED_EDGE('',*,*,#2530,.F.);
#2644 = ORIENTED_EDGE('',*,*,#2600,.T.);
#2645 = ORIENTED_EDGE('',*,*,#2570,.T.);
#2646 = ORIENTED_EDGE('',*,*,#2622,.F.);
#2647 = PLANE('',#2648);
#2648 = AXIS2_PLACEMENT_3D('',#2649,#2650,#2651);
#2649 = CARTESIAN_POINT('',(1.957753846154E+03,-1.2192E+03,0.));
#2650 = DIRECTION('',(0.,0.,1.));
#2651 = DIRECTION('',(1.,0.,-0.));
#2652 = ADVANCED_FACE('',(#2653),#2659,.T.);
#2653 = FACE_BOUND('',#2654,.T.);
#2654 = EDGE_LOOP('',(#2655,#2656,#2657,#2658));
#2655 = ORIENTED_EDGE('',*,*,#2546,.F.);
#2656 = ORIENTED_EDGE('',*,*,#2607,.T.);
#2657 = ORIENTED_EDGE('',*,*,#2586,.T.);
#2658 = ORIENTED_EDGE('',*,*,#2629,.F.);
#2659 = PLANE('',#2660);
#2660 = AXIS2_PLACEMENT_3D('',#2661,#2662,#2663);
#2661 = CARTESIAN_POINT('',(1.957753846154E+03,-1.2192E+03,
    1.781907692308E+03));
#2662 = DIRECTION('',(0.,0.,1.));
#2663 = DIRECTION('',(1.,0.,-0.));
#2664 = ( GEOMETRIC_REPRESENTATION_CONTEXT(3) 
GLOBAL_UNCERTAINTY_ASSIGNED_CONTEXT((#2668)) 
GLOBAL_UNIT_ASSIGNED_CONTEXT((#2665,#2666,#2667)) REPRESENTATION_CONTEXT
('Context #1','3D Context with UNIT and UNCERTAINTY') );
#2665 = ( LENGTH_UNIT() NAMED_UNIT(*) SI_UNIT(.MILLI.,.METRE.) );
#2666 = ( NAMED_UNIT(*) PLANE_ANGLE_UNIT() SI_UNIT($,.RADIAN.) );
#2667 = ( NAMED_UNIT(*) SI_UNIT($,.STERADIAN.) SOLID_ANGLE_UNIT() );
#2668 = UNCERTAINTY_MEASURE_WITH_UNIT(LENGTH_MEASURE(1.E-07),#2665,
  'distance_accuracy_value','confusion accuracy');
#2669 = CONTEXT_DEPENDENT_SHAPE_REPRESENTATION(#2670,#2672);
#2670 = ( REPRESENTATION_RELATIONSHIP('','',#2513,#10) 
REPRESENTATION_RELATIONSHIP_WITH_TRANSFORMATION(#2671) 
SHAPE_REPRESENTATION_RELATIONSHIP() );
#2671 = ITEM_DEFINED_TRANSFORMATION('','',#11,#67);
#2672 = PRODUCT_DEFINITION_SHAPE('Placement','Placement of an item',
  #2673);
#2673 = NEXT_ASSEMBLY_USAGE_OCCURRENCE('14','Exterior stair step 08','',
  #5,#2508,$);
#2674 = PRODUCT_RELATED_PRODUCT_CATEGORY('part',$,(#2510));
#2675 = SHAPE_DEFINITION_REPRESENTATION(#2676,#2682);
#2676 = PRODUCT_DEFINITION_SHAPE('','',#2677);
#2677 = PRODUCT_DEFINITION('design','',#2678,#2681);
#2678 = PRODUCT_DEFINITION_FORMATION('','',#2679);
#2679 = PRODUCT('Exterior stair step 09','Exterior stair step 09','',(
    #2680));
#2680 = PRODUCT_CONTEXT('',#2,'mechanical');
#2681 = PRODUCT_DEFINITION_CONTEXT('part definition',#2,'design');
#2682 = ADVANCED_BREP_SHAPE_REPRESENTATION('',(#11,#2683),#2833);
#2683 = MANIFOLD_SOLID_BREP('',#2684);
#2684 = CLOSED_SHELL('',(#2685,#2725,#2765,#2787,#2809,#2821));
#2685 = ADVANCED_FACE('',(#2686),#2720,.F.);
#2686 = FACE_BOUND('',#2687,.F.);
#2687 = EDGE_LOOP('',(#2688,#2698,#2706,#2714));
#2688 = ORIENTED_EDGE('',*,*,#2689,.F.);
#2689 = EDGE_CURVE('',#2690,#2692,#2694,.T.);
#2690 = VERTEX_POINT('',#2691);
#2691 = CARTESIAN_POINT('',(2.215661538462E+03,-1.2192E+03,0.));
#2692 = VERTEX_POINT('',#2693);
#2693 = CARTESIAN_POINT('',(2.215661538462E+03,-1.2192E+03,
    2.004646153846E+03));
#2694 = LINE('',#2695,#2696);
#2695 = CARTESIAN_POINT('',(2.215661538462E+03,-1.2192E+03,0.));
#2696 = VECTOR('',#2697,1.);
#2697 = DIRECTION('',(0.,0.,1.));
#2698 = ORIENTED_EDGE('',*,*,#2699,.T.);
#2699 = EDGE_CURVE('',#2690,#2700,#2702,.T.);
#2700 = VERTEX_POINT('',#2701);
#2701 = CARTESIAN_POINT('',(2.215661538462E+03,0.,0.));
#2702 = LINE('',#2703,#2704);
#2703 = CARTESIAN_POINT('',(2.215661538462E+03,-1.2192E+03,0.));
#2704 = VECTOR('',#2705,1.);
#2705 = DIRECTION('',(-0.,1.,0.));
#2706 = ORIENTED_EDGE('',*,*,#2707,.T.);
#2707 = EDGE_CURVE('',#2700,#2708,#2710,.T.);
#2708 = VERTEX_POINT('',#2709);
#2709 = CARTESIAN_POINT('',(2.215661538462E+03,0.,2.004646153846E+03));
#2710 = LINE('',#2711,#2712);
#2711 = CARTESIAN_POINT('',(2.215661538462E+03,0.,0.));
#2712 = VECTOR('',#2713,1.);
#2713 = DIRECTION('',(0.,0.,1.));
#2714 = ORIENTED_EDGE('',*,*,#2715,.F.);
#2715 = EDGE_CURVE('',#2692,#2708,#2716,.T.);
#2716 = LINE('',#2717,#2718);
#2717 = CARTESIAN_POINT('',(2.215661538462E+03,-1.2192E+03,
    2.004646153846E+03));
#2718 = VECTOR('',#2719,1.);
#2719 = DIRECTION('',(-0.,1.,0.));
#2720 = PLANE('',#2721);
#2721 = AXIS2_PLACEMENT_3D('',#2722,#2723,#2724);
#2722 = CARTESIAN_POINT('',(2.215661538462E+03,-1.2192E+03,0.));
#2723 = DIRECTION('',(1.,0.,-0.));
#2724 = DIRECTION('',(0.,0.,1.));
#2725 = ADVANCED_FACE('',(#2726),#2760,.T.);
#2726 = FACE_BOUND('',#2727,.T.);
#2727 = EDGE_LOOP('',(#2728,#2738,#2746,#2754));
#2728 = ORIENTED_EDGE('',*,*,#2729,.F.);
#2729 = EDGE_CURVE('',#2730,#2732,#2734,.T.);
#2730 = VERTEX_POINT('',#2731);
#2731 = CARTESIAN_POINT('',(2.482713230769E+03,-1.2192E+03,0.));
#2732 = VERTEX_POINT('',#2733);
#2733 = CARTESIAN_POINT('',(2.482713230769E+03,-1.2192E+03,
    2.004646153846E+03));
#2734 = LINE('',#2735,#2736);
#2735 = CARTESIAN_POINT('',(2.482713230769E+03,-1.2192E+03,0.));
#2736 = VECTOR('',#2737,1.);
#2737 = DIRECTION('',(0.,0.,1.));
#2738 = ORIENTED_EDGE('',*,*,#2739,.T.);
#2739 = EDGE_CURVE('',#2730,#2740,#2742,.T.);
#2740 = VERTEX_POINT('',#2741);
#2741 = CARTESIAN_POINT('',(2.482713230769E+03,0.,0.));
#2742 = LINE('',#2743,#2744);
#2743 = CARTESIAN_POINT('',(2.482713230769E+03,-1.2192E+03,0.));
#2744 = VECTOR('',#2745,1.);
#2745 = DIRECTION('',(-0.,1.,0.));
#2746 = ORIENTED_EDGE('',*,*,#2747,.T.);
#2747 = EDGE_CURVE('',#2740,#2748,#2750,.T.);
#2748 = VERTEX_POINT('',#2749);
#2749 = CARTESIAN_POINT('',(2.482713230769E+03,0.,2.004646153846E+03));
#2750 = LINE('',#2751,#2752);
#2751 = CARTESIAN_POINT('',(2.482713230769E+03,0.,0.));
#2752 = VECTOR('',#2753,1.);
#2753 = DIRECTION('',(0.,0.,1.));
#2754 = ORIENTED_EDGE('',*,*,#2755,.F.);
#2755 = EDGE_CURVE('',#2732,#2748,#2756,.T.);
#2756 = LINE('',#2757,#2758);
#2757 = CARTESIAN_POINT('',(2.482713230769E+03,-1.2192E+03,
    2.004646153846E+03));
#2758 = VECTOR('',#2759,1.);
#2759 = DIRECTION('',(-0.,1.,0.));
#2760 = PLANE('',#2761);
#2761 = AXIS2_PLACEMENT_3D('',#2762,#2763,#2764);
#2762 = CARTESIAN_POINT('',(2.482713230769E+03,-1.2192E+03,0.));
#2763 = DIRECTION('',(1.,0.,-0.));
#2764 = DIRECTION('',(0.,0.,1.));
#2765 = ADVANCED_FACE('',(#2766),#2782,.F.);
#2766 = FACE_BOUND('',#2767,.F.);
#2767 = EDGE_LOOP('',(#2768,#2774,#2775,#2781));
#2768 = ORIENTED_EDGE('',*,*,#2769,.F.);
#2769 = EDGE_CURVE('',#2690,#2730,#2770,.T.);
#2770 = LINE('',#2771,#2772);
#2771 = CARTESIAN_POINT('',(2.215661538462E+03,-1.2192E+03,0.));
#2772 = VECTOR('',#2773,1.);
#2773 = DIRECTION('',(1.,0.,-0.));
#2774 = ORIENTED_EDGE('',*,*,#2689,.T.);
#2775 = ORIENTED_EDGE('',*,*,#2776,.T.);
#2776 = EDGE_CURVE('',#2692,#2732,#2777,.T.);
#2777 = LINE('',#2778,#2779);
#2778 = CARTESIAN_POINT('',(2.215661538462E+03,-1.2192E+03,
    2.004646153846E+03));
#2779 = VECTOR('',#2780,1.);
#2780 = DIRECTION('',(1.,0.,-0.));
#2781 = ORIENTED_EDGE('',*,*,#2729,.F.);
#2782 = PLANE('',#2783);
#2783 = AXIS2_PLACEMENT_3D('',#2784,#2785,#2786);
#2784 = CARTESIAN_POINT('',(2.215661538462E+03,-1.2192E+03,0.));
#2785 = DIRECTION('',(-0.,1.,0.));
#2786 = DIRECTION('',(0.,0.,1.));
#2787 = ADVANCED_FACE('',(#2788),#2804,.T.);
#2788 = FACE_BOUND('',#2789,.T.);
#2789 = EDGE_LOOP('',(#2790,#2796,#2797,#2803));
#2790 = ORIENTED_EDGE('',*,*,#2791,.F.);
#2791 = EDGE_CURVE('',#2700,#2740,#2792,.T.);
#2792 = LINE('',#2793,#2794);
#2793 = CARTESIAN_POINT('',(2.215661538462E+03,0.,0.));
#2794 = VECTOR('',#2795,1.);
#2795 = DIRECTION('',(1.,0.,-0.));
#2796 = ORIENTED_EDGE('',*,*,#2707,.T.);
#2797 = ORIENTED_EDGE('',*,*,#2798,.T.);
#2798 = EDGE_CURVE('',#2708,#2748,#2799,.T.);
#2799 = LINE('',#2800,#2801);
#2800 = CARTESIAN_POINT('',(2.215661538462E+03,0.,2.004646153846E+03));
#2801 = VECTOR('',#2802,1.);
#2802 = DIRECTION('',(1.,0.,-0.));
#2803 = ORIENTED_EDGE('',*,*,#2747,.F.);
#2804 = PLANE('',#2805);
#2805 = AXIS2_PLACEMENT_3D('',#2806,#2807,#2808);
#2806 = CARTESIAN_POINT('',(2.215661538462E+03,0.,0.));
#2807 = DIRECTION('',(-0.,1.,0.));
#2808 = DIRECTION('',(0.,0.,1.));
#2809 = ADVANCED_FACE('',(#2810),#2816,.F.);
#2810 = FACE_BOUND('',#2811,.F.);
#2811 = EDGE_LOOP('',(#2812,#2813,#2814,#2815));
#2812 = ORIENTED_EDGE('',*,*,#2699,.F.);
#2813 = ORIENTED_EDGE('',*,*,#2769,.T.);
#2814 = ORIENTED_EDGE('',*,*,#2739,.T.);
#2815 = ORIENTED_EDGE('',*,*,#2791,.F.);
#2816 = PLANE('',#2817);
#2817 = AXIS2_PLACEMENT_3D('',#2818,#2819,#2820);
#2818 = CARTESIAN_POINT('',(2.215661538462E+03,-1.2192E+03,0.));
#2819 = DIRECTION('',(0.,0.,1.));
#2820 = DIRECTION('',(1.,0.,-0.));
#2821 = ADVANCED_FACE('',(#2822),#2828,.T.);
#2822 = FACE_BOUND('',#2823,.T.);
#2823 = EDGE_LOOP('',(#2824,#2825,#2826,#2827));
#2824 = ORIENTED_EDGE('',*,*,#2715,.F.);
#2825 = ORIENTED_EDGE('',*,*,#2776,.T.);
#2826 = ORIENTED_EDGE('',*,*,#2755,.T.);
#2827 = ORIENTED_EDGE('',*,*,#2798,.F.);
#2828 = PLANE('',#2829);
#2829 = AXIS2_PLACEMENT_3D('',#2830,#2831,#2832);
#2830 = CARTESIAN_POINT('',(2.215661538462E+03,-1.2192E+03,
    2.004646153846E+03));
#2831 = DIRECTION('',(0.,0.,1.));
#2832 = DIRECTION('',(1.,0.,-0.));
#2833 = ( GEOMETRIC_REPRESENTATION_CONTEXT(3) 
GLOBAL_UNCERTAINTY_ASSIGNED_CONTEXT((#2837)) 
GLOBAL_UNIT_ASSIGNED_CONTEXT((#2834,#2835,#2836)) REPRESENTATION_CONTEXT
('Context #1','3D Context with UNIT and UNCERTAINTY') );
#2834 = ( LENGTH_UNIT() NAMED_UNIT(*) SI_UNIT(.MILLI.,.METRE.) );
#2835 = ( NAMED_UNIT(*) PLANE_ANGLE_UNIT() SI_UNIT($,.RADIAN.) );
#2836 = ( NAMED_UNIT(*) SI_UNIT($,.STERADIAN.) SOLID_ANGLE_UNIT() );
#2837 = UNCERTAINTY_MEASURE_WITH_UNIT(LENGTH_MEASURE(1.E-07),#2834,
  'distance_accuracy_value','confusion accuracy');
#2838 = CONTEXT_DEPENDENT_SHAPE_REPRESENTATION(#2839,#2841);
#2839 = ( REPRESENTATION_RELATIONSHIP('','',#2682,#10) 
REPRESENTATION_RELATIONSHIP_WITH_TRANSFORMATION(#2840) 
SHAPE_REPRESENTATION_RELATIONSHIP() );
#2840 = ITEM_DEFINED_TRANSFORMATION('','',#11,#71);
#2841 = PRODUCT_DEFINITION_SHAPE('Placement','Placement of an item',
  #2842);
#2842 = NEXT_ASSEMBLY_USAGE_OCCURRENCE('15','Exterior stair step 09','',
  #5,#2677,$);
#2843 = PRODUCT_RELATED_PRODUCT_CATEGORY('part',$,(#2679));
#2844 = SHAPE_DEFINITION_REPRESENTATION(#2845,#2851);
#2845 = PRODUCT_DEFINITION_SHAPE('','',#2846);
#2846 = PRODUCT_DEFINITION('design','',#2847,#2850);
#2847 = PRODUCT_DEFINITION_FORMATION('','',#2848);
#2848 = PRODUCT('Exterior stair step 10','Exterior stair step 10','',(
    #2849));
#2849 = PRODUCT_CONTEXT('',#2,'mechanical');
#2850 = PRODUCT_DEFINITION_CONTEXT('part definition',#2,'design');
#2851 = ADVANCED_BREP_SHAPE_REPRESENTATION('',(#11,#2852),#3002);
#2852 = MANIFOLD_SOLID_BREP('',#2853);
#2853 = CLOSED_SHELL('',(#2854,#2894,#2934,#2956,#2978,#2990));
#2854 = ADVANCED_FACE('',(#2855),#2889,.F.);
#2855 = FACE_BOUND('',#2856,.F.);
#2856 = EDGE_LOOP('',(#2857,#2867,#2875,#2883));
#2857 = ORIENTED_EDGE('',*,*,#2858,.F.);
#2858 = EDGE_CURVE('',#2859,#2861,#2863,.T.);
#2859 = VERTEX_POINT('',#2860);
#2860 = CARTESIAN_POINT('',(2.473569230769E+03,-1.2192E+03,0.));
#2861 = VERTEX_POINT('',#2862);
#2862 = CARTESIAN_POINT('',(2.473569230769E+03,-1.2192E+03,
    2.227384615385E+03));
#2863 = LINE('',#2864,#2865);
#2864 = CARTESIAN_POINT('',(2.473569230769E+03,-1.2192E+03,0.));
#2865 = VECTOR('',#2866,1.);
#2866 = DIRECTION('',(0.,0.,1.));
#2867 = ORIENTED_EDGE('',*,*,#2868,.T.);
#2868 = EDGE_CURVE('',#2859,#2869,#2871,.T.);
#2869 = VERTEX_POINT('',#2870);
#2870 = CARTESIAN_POINT('',(2.473569230769E+03,0.,0.));
#2871 = LINE('',#2872,#2873);
#2872 = CARTESIAN_POINT('',(2.473569230769E+03,-1.2192E+03,0.));
#2873 = VECTOR('',#2874,1.);
#2874 = DIRECTION('',(-0.,1.,0.));
#2875 = ORIENTED_EDGE('',*,*,#2876,.T.);
#2876 = EDGE_CURVE('',#2869,#2877,#2879,.T.);
#2877 = VERTEX_POINT('',#2878);
#2878 = CARTESIAN_POINT('',(2.473569230769E+03,0.,2.227384615385E+03));
#2879 = LINE('',#2880,#2881);
#2880 = CARTESIAN_POINT('',(2.473569230769E+03,0.,0.));
#2881 = VECTOR('',#2882,1.);
#2882 = DIRECTION('',(0.,0.,1.));
#2883 = ORIENTED_EDGE('',*,*,#2884,.F.);
#2884 = EDGE_CURVE('',#2861,#2877,#2885,.T.);
#2885 = LINE('',#2886,#2887);
#2886 = CARTESIAN_POINT('',(2.473569230769E+03,-1.2192E+03,
    2.227384615385E+03));
#2887 = VECTOR('',#2888,1.);
#2888 = DIRECTION('',(-0.,1.,0.));
#2889 = PLANE('',#2890);
#2890 = AXIS2_PLACEMENT_3D('',#2891,#2892,#2893);
#2891 = CARTESIAN_POINT('',(2.473569230769E+03,-1.2192E+03,0.));
#2892 = DIRECTION('',(1.,0.,-0.));
#2893 = DIRECTION('',(0.,0.,1.));
#2894 = ADVANCED_FACE('',(#2895),#2929,.T.);
#2895 = FACE_BOUND('',#2896,.T.);
#2896 = EDGE_LOOP('',(#2897,#2907,#2915,#2923));
#2897 = ORIENTED_EDGE('',*,*,#2898,.F.);
#2898 = EDGE_CURVE('',#2899,#2901,#2903,.T.);
#2899 = VERTEX_POINT('',#2900);
#2900 = CARTESIAN_POINT('',(2.740620923077E+03,-1.2192E+03,0.));
#2901 = VERTEX_POINT('',#2902);
#2902 = CARTESIAN_POINT('',(2.740620923077E+03,-1.2192E+03,
    2.227384615385E+03));
#2903 = LINE('',#2904,#2905);
#2904 = CARTESIAN_POINT('',(2.740620923077E+03,-1.2192E+03,0.));
#2905 = VECTOR('',#2906,1.);
#2906 = DIRECTION('',(0.,0.,1.));
#2907 = ORIENTED_EDGE('',*,*,#2908,.T.);
#2908 = EDGE_CURVE('',#2899,#2909,#2911,.T.);
#2909 = VERTEX_POINT('',#2910);
#2910 = CARTESIAN_POINT('',(2.740620923077E+03,0.,0.));
#2911 = LINE('',#2912,#2913);
#2912 = CARTESIAN_POINT('',(2.740620923077E+03,-1.2192E+03,0.));
#2913 = VECTOR('',#2914,1.);
#2914 = DIRECTION('',(-0.,1.,0.));
#2915 = ORIENTED_EDGE('',*,*,#2916,.T.);
#2916 = EDGE_CURVE('',#2909,#2917,#2919,.T.);
#2917 = VERTEX_POINT('',#2918);
#2918 = CARTESIAN_POINT('',(2.740620923077E+03,0.,2.227384615385E+03));
#2919 = LINE('',#2920,#2921);
#2920 = CARTESIAN_POINT('',(2.740620923077E+03,0.,0.));
#2921 = VECTOR('',#2922,1.);
#2922 = DIRECTION('',(0.,0.,1.));
#2923 = ORIENTED_EDGE('',*,*,#2924,.F.);
#2924 = EDGE_CURVE('',#2901,#2917,#2925,.T.);
#2925 = LINE('',#2926,#2927);
#2926 = CARTESIAN_POINT('',(2.740620923077E+03,-1.2192E+03,
    2.227384615385E+03));
#2927 = VECTOR('',#2928,1.);
#2928 = DIRECTION('',(-0.,1.,0.));
#2929 = PLANE('',#2930);
#2930 = AXIS2_PLACEMENT_3D('',#2931,#2932,#2933);
#2931 = CARTESIAN_POINT('',(2.740620923077E+03,-1.2192E+03,0.));
#2932 = DIRECTION('',(1.,0.,-0.));
#2933 = DIRECTION('',(0.,0.,1.));
#2934 = ADVANCED_FACE('',(#2935),#2951,.F.);
#2935 = FACE_BOUND('',#2936,.F.);
#2936 = EDGE_LOOP('',(#2937,#2943,#2944,#2950));
#2937 = ORIENTED_EDGE('',*,*,#2938,.F.);
#2938 = EDGE_CURVE('',#2859,#2899,#2939,.T.);
#2939 = LINE('',#2940,#2941);
#2940 = CARTESIAN_POINT('',(2.473569230769E+03,-1.2192E+03,0.));
#2941 = VECTOR('',#2942,1.);
#2942 = DIRECTION('',(1.,0.,-0.));
#2943 = ORIENTED_EDGE('',*,*,#2858,.T.);
#2944 = ORIENTED_EDGE('',*,*,#2945,.T.);
#2945 = EDGE_CURVE('',#2861,#2901,#2946,.T.);
#2946 = LINE('',#2947,#2948);
#2947 = CARTESIAN_POINT('',(2.473569230769E+03,-1.2192E+03,
    2.227384615385E+03));
#2948 = VECTOR('',#2949,1.);
#2949 = DIRECTION('',(1.,0.,-0.));
#2950 = ORIENTED_EDGE('',*,*,#2898,.F.);
#2951 = PLANE('',#2952);
#2952 = AXIS2_PLACEMENT_3D('',#2953,#2954,#2955);
#2953 = CARTESIAN_POINT('',(2.473569230769E+03,-1.2192E+03,0.));
#2954 = DIRECTION('',(-0.,1.,0.));
#2955 = DIRECTION('',(0.,0.,1.));
#2956 = ADVANCED_FACE('',(#2957),#2973,.T.);
#2957 = FACE_BOUND('',#2958,.T.);
#2958 = EDGE_LOOP('',(#2959,#2965,#2966,#2972));
#2959 = ORIENTED_EDGE('',*,*,#2960,.F.);
#2960 = EDGE_CURVE('',#2869,#2909,#2961,.T.);
#2961 = LINE('',#2962,#2963);
#2962 = CARTESIAN_POINT('',(2.473569230769E+03,0.,0.));
#2963 = VECTOR('',#2964,1.);
#2964 = DIRECTION('',(1.,0.,-0.));
#2965 = ORIENTED_EDGE('',*,*,#2876,.T.);
#2966 = ORIENTED_EDGE('',*,*,#2967,.T.);
#2967 = EDGE_CURVE('',#2877,#2917,#2968,.T.);
#2968 = LINE('',#2969,#2970);
#2969 = CARTESIAN_POINT('',(2.473569230769E+03,0.,2.227384615385E+03));
#2970 = VECTOR('',#2971,1.);
#2971 = DIRECTION('',(1.,0.,-0.));
#2972 = ORIENTED_EDGE('',*,*,#2916,.F.);
#2973 = PLANE('',#2974);
#2974 = AXIS2_PLACEMENT_3D('',#2975,#2976,#2977);
#2975 = CARTESIAN_POINT('',(2.473569230769E+03,0.,0.));
#2976 = DIRECTION('',(-0.,1.,0.));
#2977 = DIRECTION('',(0.,0.,1.));
#2978 = ADVANCED_FACE('',(#2979),#2985,.F.);
#2979 = FACE_BOUND('',#2980,.F.);
#2980 = EDGE_LOOP('',(#2981,#2982,#2983,#2984));
#2981 = ORIENTED_EDGE('',*,*,#2868,.F.);
#2982 = ORIENTED_EDGE('',*,*,#2938,.T.);
#2983 = ORIENTED_EDGE('',*,*,#2908,.T.);
#2984 = ORIENTED_EDGE('',*,*,#2960,.F.);
#2985 = PLANE('',#2986);
#2986 = AXIS2_PLACEMENT_3D('',#2987,#2988,#2989);
#2987 = CARTESIAN_POINT('',(2.473569230769E+03,-1.2192E+03,0.));
#2988 = DIRECTION('',(0.,0.,1.));
#2989 = DIRECTION('',(1.,0.,-0.));
#2990 = ADVANCED_FACE('',(#2991),#2997,.T.);
#2991 = FACE_BOUND('',#2992,.T.);
#2992 = EDGE_LOOP('',(#2993,#2994,#2995,#2996));
#2993 = ORIENTED_EDGE('',*,*,#2884,.F.);
#2994 = ORIENTED_EDGE('',*,*,#2945,.T.);
#2995 = ORIENTED_EDGE('',*,*,#2924,.T.);
#2996 = ORIENTED_EDGE('',*,*,#2967,.F.);
#2997 = PLANE('',#2998);
#2998 = AXIS2_PLACEMENT_3D('',#2999,#3000,#3001);
#2999 = CARTESIAN_POINT('',(2.473569230769E+03,-1.2192E+03,
    2.227384615385E+03));
#3000 = DIRECTION('',(0.,0.,1.));
#3001 = DIRECTION('',(1.,0.,-0.));
#3002 = ( GEOMETRIC_REPRESENTATION_CONTEXT(3) 
GLOBAL_UNCERTAINTY_ASSIGNED_CONTEXT((#3006)) 
GLOBAL_UNIT_ASSIGNED_CONTEXT((#3003,#3004,#3005)) REPRESENTATION_CONTEXT
('Context #1','3D Context with UNIT and UNCERTAINTY') );
#3003 = ( LENGTH_UNIT() NAMED_UNIT(*) SI_UNIT(.MILLI.,.METRE.) );
#3004 = ( NAMED_UNIT(*) PLANE_ANGLE_UNIT() SI_UNIT($,.RADIAN.) );
#3005 = ( NAMED_UNIT(*) SI_UNIT($,.STERADIAN.) SOLID_ANGLE_UNIT() );
#3006 = UNCERTAINTY_MEASURE_WITH_UNIT(LENGTH_MEASURE(1.E-07),#3003,
  'distance_accuracy_value','confusion accuracy');
#3007 = CONTEXT_DEPENDENT_SHAPE_REPRESENTATION(#3008,#3010);
#3008 = ( REPRESENTATION_RELATIONSHIP('','',#2851,#10) 
REPRESENTATION_RELATIONSHIP_WITH_TRANSFORMATION(#3009) 
SHAPE_REPRESENTATION_RELATIONSHIP() );
#3009 = ITEM_DEFINED_TRANSFORMATION('','',#11,#75);
#3010 = PRODUCT_DEFINITION_SHAPE('Placement','Placement of an item',
  #3011);
#3011 = NEXT_ASSEMBLY_USAGE_OCCURRENCE('16','Exterior stair step 10','',
  #5,#2846,$);
#3012 = PRODUCT_RELATED_PRODUCT_CATEGORY('part',$,(#2848));
#3013 = SHAPE_DEFINITION_REPRESENTATION(#3014,#3020);
#3014 = PRODUCT_DEFINITION_SHAPE('','',#3015);
#3015 = PRODUCT_DEFINITION('design','',#3016,#3019);
#3016 = PRODUCT_DEFINITION_FORMATION('','',#3017);
#3017 = PRODUCT('Exterior stair step 11','Exterior stair step 11','',(
    #3018));
#3018 = PRODUCT_CONTEXT('',#2,'mechanical');
#3019 = PRODUCT_DEFINITION_CONTEXT('part definition',#2,'design');
#3020 = ADVANCED_BREP_SHAPE_REPRESENTATION('',(#11,#3021),#3171);
#3021 = MANIFOLD_SOLID_BREP('',#3022);
#3022 = CLOSED_SHELL('',(#3023,#3063,#3103,#3125,#3147,#3159));
#3023 = ADVANCED_FACE('',(#3024),#3058,.F.);
#3024 = FACE_BOUND('',#3025,.F.);
#3025 = EDGE_LOOP('',(#3026,#3036,#3044,#3052));
#3026 = ORIENTED_EDGE('',*,*,#3027,.F.);
#3027 = EDGE_CURVE('',#3028,#3030,#3032,.T.);
#3028 = VERTEX_POINT('',#3029);
#3029 = CARTESIAN_POINT('',(2.731476923077E+03,-1.2192E+03,0.));
#3030 = VERTEX_POINT('',#3031);
#3031 = CARTESIAN_POINT('',(2.731476923077E+03,-1.2192E+03,
    2.450123076923E+03));
#3032 = LINE('',#3033,#3034);
#3033 = CARTESIAN_POINT('',(2.731476923077E+03,-1.2192E+03,0.));
#3034 = VECTOR('',#3035,1.);
#3035 = DIRECTION('',(0.,0.,1.));
#3036 = ORIENTED_EDGE('',*,*,#3037,.T.);
#3037 = EDGE_CURVE('',#3028,#3038,#3040,.T.);
#3038 = VERTEX_POINT('',#3039);
#3039 = CARTESIAN_POINT('',(2.731476923077E+03,0.,0.));
#3040 = LINE('',#3041,#3042);
#3041 = CARTESIAN_POINT('',(2.731476923077E+03,-1.2192E+03,0.));
#3042 = VECTOR('',#3043,1.);
#3043 = DIRECTION('',(-0.,1.,0.));
#3044 = ORIENTED_EDGE('',*,*,#3045,.T.);
#3045 = EDGE_CURVE('',#3038,#3046,#3048,.T.);
#3046 = VERTEX_POINT('',#3047);
#3047 = CARTESIAN_POINT('',(2.731476923077E+03,0.,2.450123076923E+03));
#3048 = LINE('',#3049,#3050);
#3049 = CARTESIAN_POINT('',(2.731476923077E+03,0.,0.));
#3050 = VECTOR('',#3051,1.);
#3051 = DIRECTION('',(0.,0.,1.));
#3052 = ORIENTED_EDGE('',*,*,#3053,.F.);
#3053 = EDGE_CURVE('',#3030,#3046,#3054,.T.);
#3054 = LINE('',#3055,#3056);
#3055 = CARTESIAN_POINT('',(2.731476923077E+03,-1.2192E+03,
    2.450123076923E+03));
#3056 = VECTOR('',#3057,1.);
#3057 = DIRECTION('',(-0.,1.,0.));
#3058 = PLANE('',#3059);
#3059 = AXIS2_PLACEMENT_3D('',#3060,#3061,#3062);
#3060 = CARTESIAN_POINT('',(2.731476923077E+03,-1.2192E+03,0.));
#3061 = DIRECTION('',(1.,0.,-0.));
#3062 = DIRECTION('',(0.,0.,1.));
#3063 = ADVANCED_FACE('',(#3064),#3098,.T.);
#3064 = FACE_BOUND('',#3065,.T.);
#3065 = EDGE_LOOP('',(#3066,#3076,#3084,#3092));
#3066 = ORIENTED_EDGE('',*,*,#3067,.F.);
#3067 = EDGE_CURVE('',#3068,#3070,#3072,.T.);
#3068 = VERTEX_POINT('',#3069);
#3069 = CARTESIAN_POINT('',(2.998528615385E+03,-1.2192E+03,0.));
#3070 = VERTEX_POINT('',#3071);
#3071 = CARTESIAN_POINT('',(2.998528615385E+03,-1.2192E+03,
    2.450123076923E+03));
#3072 = LINE('',#3073,#3074);
#3073 = CARTESIAN_POINT('',(2.998528615385E+03,-1.2192E+03,0.));
#3074 = VECTOR('',#3075,1.);
#3075 = DIRECTION('',(0.,0.,1.));
#3076 = ORIENTED_EDGE('',*,*,#3077,.T.);
#3077 = EDGE_CURVE('',#3068,#3078,#3080,.T.);
#3078 = VERTEX_POINT('',#3079);
#3079 = CARTESIAN_POINT('',(2.998528615385E+03,0.,0.));
#3080 = LINE('',#3081,#3082);
#3081 = CARTESIAN_POINT('',(2.998528615385E+03,-1.2192E+03,0.));
#3082 = VECTOR('',#3083,1.);
#3083 = DIRECTION('',(-0.,1.,0.));
#3084 = ORIENTED_EDGE('',*,*,#3085,.T.);
#3085 = EDGE_CURVE('',#3078,#3086,#3088,.T.);
#3086 = VERTEX_POINT('',#3087);
#3087 = CARTESIAN_POINT('',(2.998528615385E+03,0.,2.450123076923E+03));
#3088 = LINE('',#3089,#3090);
#3089 = CARTESIAN_POINT('',(2.998528615385E+03,0.,0.));
#3090 = VECTOR('',#3091,1.);
#3091 = DIRECTION('',(0.,0.,1.));
#3092 = ORIENTED_EDGE('',*,*,#3093,.F.);
#3093 = EDGE_CURVE('',#3070,#3086,#3094,.T.);
#3094 = LINE('',#3095,#3096);
#3095 = CARTESIAN_POINT('',(2.998528615385E+03,-1.2192E+03,
    2.450123076923E+03));
#3096 = VECTOR('',#3097,1.);
#3097 = DIRECTION('',(-0.,1.,0.));
#3098 = PLANE('',#3099);
#3099 = AXIS2_PLACEMENT_3D('',#3100,#3101,#3102);
#3100 = CARTESIAN_POINT('',(2.998528615385E+03,-1.2192E+03,0.));
#3101 = DIRECTION('',(1.,0.,-0.));
#3102 = DIRECTION('',(0.,0.,1.));
#3103 = ADVANCED_FACE('',(#3104),#3120,.F.);
#3104 = FACE_BOUND('',#3105,.F.);
#3105 = EDGE_LOOP('',(#3106,#3112,#3113,#3119));
#3106 = ORIENTED_EDGE('',*,*,#3107,.F.);
#3107 = EDGE_CURVE('',#3028,#3068,#3108,.T.);
#3108 = LINE('',#3109,#3110);
#3109 = CARTESIAN_POINT('',(2.731476923077E+03,-1.2192E+03,0.));
#3110 = VECTOR('',#3111,1.);
#3111 = DIRECTION('',(1.,0.,-0.));
#3112 = ORIENTED_EDGE('',*,*,#3027,.T.);
#3113 = ORIENTED_EDGE('',*,*,#3114,.T.);
#3114 = EDGE_CURVE('',#3030,#3070,#3115,.T.);
#3115 = LINE('',#3116,#3117);
#3116 = CARTESIAN_POINT('',(2.731476923077E+03,-1.2192E+03,
    2.450123076923E+03));
#3117 = VECTOR('',#3118,1.);
#3118 = DIRECTION('',(1.,0.,-0.));
#3119 = ORIENTED_EDGE('',*,*,#3067,.F.);
#3120 = PLANE('',#3121);
#3121 = AXIS2_PLACEMENT_3D('',#3122,#3123,#3124);
#3122 = CARTESIAN_POINT('',(2.731476923077E+03,-1.2192E+03,0.));
#3123 = DIRECTION('',(-0.,1.,0.));
#3124 = DIRECTION('',(0.,0.,1.));
#3125 = ADVANCED_FACE('',(#3126),#3142,.T.);
#3126 = FACE_BOUND('',#3127,.T.);
#3127 = EDGE_LOOP('',(#3128,#3134,#3135,#3141));
#3128 = ORIENTED_EDGE('',*,*,#3129,.F.);
#3129 = EDGE_CURVE('',#3038,#3078,#3130,.T.);
#3130 = LINE('',#3131,#3132);
#3131 = CARTESIAN_POINT('',(2.731476923077E+03,0.,0.));
#3132 = VECTOR('',#3133,1.);
#3133 = DIRECTION('',(1.,0.,-0.));
#3134 = ORIENTED_EDGE('',*,*,#3045,.T.);
#3135 = ORIENTED_EDGE('',*,*,#3136,.T.);
#3136 = EDGE_CURVE('',#3046,#3086,#3137,.T.);
#3137 = LINE('',#3138,#3139);
#3138 = CARTESIAN_POINT('',(2.731476923077E+03,0.,2.450123076923E+03));
#3139 = VECTOR('',#3140,1.);
#3140 = DIRECTION('',(1.,0.,-0.));
#3141 = ORIENTED_EDGE('',*,*,#3085,.F.);
#3142 = PLANE('',#3143);
#3143 = AXIS2_PLACEMENT_3D('',#3144,#3145,#3146);
#3144 = CARTESIAN_POINT('',(2.731476923077E+03,0.,0.));
#3145 = DIRECTION('',(-0.,1.,0.));
#3146 = DIRECTION('',(0.,0.,1.));
#3147 = ADVANCED_FACE('',(#3148),#3154,.F.);
#3148 = FACE_BOUND('',#3149,.F.);
#3149 = EDGE_LOOP('',(#3150,#3151,#3152,#3153));
#3150 = ORIENTED_EDGE('',*,*,#3037,.F.);
#3151 = ORIENTED_EDGE('',*,*,#3107,.T.);
#3152 = ORIENTED_EDGE('',*,*,#3077,.T.);
#3153 = ORIENTED_EDGE('',*,*,#3129,.F.);
#3154 = PLANE('',#3155);
#3155 = AXIS2_PLACEMENT_3D('',#3156,#3157,#3158);
#3156 = CARTESIAN_POINT('',(2.731476923077E+03,-1.2192E+03,0.));
#3157 = DIRECTION('',(0.,0.,1.));
#3158 = DIRECTION('',(1.,0.,-0.));
#3159 = ADVANCED_FACE('',(#3160),#3166,.T.);
#3160 = FACE_BOUND('',#3161,.T.);
#3161 = EDGE_LOOP('',(#3162,#3163,#3164,#3165));
#3162 = ORIENTED_EDGE('',*,*,#3053,.F.);
#3163 = ORIENTED_EDGE('',*,*,#3114,.T.);
#3164 = ORIENTED_EDGE('',*,*,#3093,.T.);
#3165 = ORIENTED_EDGE('',*,*,#3136,.F.);
#3166 = PLANE('',#3167);
#3167 = AXIS2_PLACEMENT_3D('',#3168,#3169,#3170);
#3168 = CARTESIAN_POINT('',(2.731476923077E+03,-1.2192E+03,
    2.450123076923E+03));
#3169 = DIRECTION('',(0.,0.,1.));
#3170 = DIRECTION('',(1.,0.,-0.));
#3171 = ( GEOMETRIC_REPRESENTATION_CONTEXT(3) 
GLOBAL_UNCERTAINTY_ASSIGNED_CONTEXT((#3175)) 
GLOBAL_UNIT_ASSIGNED_CONTEXT((#3172,#3173,#3174)) REPRESENTATION_CONTEXT
('Context #1','3D Context with UNIT and UNCERTAINTY') );
#3172 = ( LENGTH_UNIT() NAMED_UNIT(*) SI_UNIT(.MILLI.,.METRE.) );
#3173 = ( NAMED_UNIT(*) PLANE_ANGLE_UNIT() SI_UNIT($,.RADIAN.) );
#3174 = ( NAMED_UNIT(*) SI_UNIT($,.STERADIAN.) SOLID_ANGLE_UNIT() );
#3175 = UNCERTAINTY_MEASURE_WITH_UNIT(LENGTH_MEASURE(1.E-07),#3172,
  'distance_accuracy_value','confusion accuracy');
#3176 = CONTEXT_DEPENDENT_SHAPE_REPRESENTATION(#3177,#3179);
#3177 = ( REPRESENTATION_RELATIONSHIP('','',#3020,#10) 
REPRESENTATION_RELATIONSHIP_WITH_TRANSFORMATION(#3178) 
SHAPE_REPRESENTATION_RELATIONSHIP() );
#3178 = ITEM_DEFINED_TRANSFORMATION('','',#11,#79);
#3179 = PRODUCT_DEFINITION_SHAPE('Placement','Placement of an item',
  #3180);
#3180 = NEXT_ASSEMBLY_USAGE_OCCURRENCE('17','Exterior stair step 11','',
  #5,#3015,$);
#3181 = PRODUCT_RELATED_PRODUCT_CATEGORY('part',$,(#3017));
#3182 = SHAPE_DEFINITION_REPRESENTATION(#3183,#3189);
#3183 = PRODUCT_DEFINITION_SHAPE('','',#3184);
#3184 = PRODUCT_DEFINITION('design','',#3185,#3188);
#3185 = PRODUCT_DEFINITION_FORMATION('','',#3186);
#3186 = PRODUCT('Exterior stair step 12','Exterior stair step 12','',(
    #3187));
#3187 = PRODUCT_CONTEXT('',#2,'mechanical');
#3188 = PRODUCT_DEFINITION_CONTEXT('part definition',#2,'design');
#3189 = ADVANCED_BREP_SHAPE_REPRESENTATION('',(#11,#3190),#3340);
#3190 = MANIFOLD_SOLID_BREP('',#3191);
#3191 = CLOSED_SHELL('',(#3192,#3232,#3272,#3294,#3316,#3328));
#3192 = ADVANCED_FACE('',(#3193),#3227,.F.);
#3193 = FACE_BOUND('',#3194,.F.);
#3194 = EDGE_LOOP('',(#3195,#3205,#3213,#3221));
#3195 = ORIENTED_EDGE('',*,*,#3196,.F.);
#3196 = EDGE_CURVE('',#3197,#3199,#3201,.T.);
#3197 = VERTEX_POINT('',#3198);
#3198 = CARTESIAN_POINT('',(2.989384615385E+03,-1.2192E+03,0.));
#3199 = VERTEX_POINT('',#3200);
#3200 = CARTESIAN_POINT('',(2.989384615385E+03,-1.2192E+03,
    2.672861538462E+03));
#3201 = LINE('',#3202,#3203);
#3202 = CARTESIAN_POINT('',(2.989384615385E+03,-1.2192E+03,0.));
#3203 = VECTOR('',#3204,1.);
#3204 = DIRECTION('',(0.,0.,1.));
#3205 = ORIENTED_EDGE('',*,*,#3206,.T.);
#3206 = EDGE_CURVE('',#3197,#3207,#3209,.T.);
#3207 = VERTEX_POINT('',#3208);
#3208 = CARTESIAN_POINT('',(2.989384615385E+03,0.,0.));
#3209 = LINE('',#3210,#3211);
#3210 = CARTESIAN_POINT('',(2.989384615385E+03,-1.2192E+03,0.));
#3211 = VECTOR('',#3212,1.);
#3212 = DIRECTION('',(-0.,1.,0.));
#3213 = ORIENTED_EDGE('',*,*,#3214,.T.);
#3214 = EDGE_CURVE('',#3207,#3215,#3217,.T.);
#3215 = VERTEX_POINT('',#3216);
#3216 = CARTESIAN_POINT('',(2.989384615385E+03,0.,2.672861538462E+03));
#3217 = LINE('',#3218,#3219);
#3218 = CARTESIAN_POINT('',(2.989384615385E+03,0.,0.));
#3219 = VECTOR('',#3220,1.);
#3220 = DIRECTION('',(0.,0.,1.));
#3221 = ORIENTED_EDGE('',*,*,#3222,.F.);
#3222 = EDGE_CURVE('',#3199,#3215,#3223,.T.);
#3223 = LINE('',#3224,#3225);
#3224 = CARTESIAN_POINT('',(2.989384615385E+03,-1.2192E+03,
    2.672861538462E+03));
#3225 = VECTOR('',#3226,1.);
#3226 = DIRECTION('',(-0.,1.,0.));
#3227 = PLANE('',#3228);
#3228 = AXIS2_PLACEMENT_3D('',#3229,#3230,#3231);
#3229 = CARTESIAN_POINT('',(2.989384615385E+03,-1.2192E+03,0.));
#3230 = DIRECTION('',(1.,0.,-0.));
#3231 = DIRECTION('',(0.,0.,1.));
#3232 = ADVANCED_FACE('',(#3233),#3267,.T.);
#3233 = FACE_BOUND('',#3234,.T.);
#3234 = EDGE_LOOP('',(#3235,#3245,#3253,#3261));
#3235 = ORIENTED_EDGE('',*,*,#3236,.F.);
#3236 = EDGE_CURVE('',#3237,#3239,#3241,.T.);
#3237 = VERTEX_POINT('',#3238);
#3238 = CARTESIAN_POINT('',(3.256436307692E+03,-1.2192E+03,0.));
#3239 = VERTEX_POINT('',#3240);
#3240 = CARTESIAN_POINT('',(3.256436307692E+03,-1.2192E+03,
    2.672861538462E+03));
#3241 = LINE('',#3242,#3243);
#3242 = CARTESIAN_POINT('',(3.256436307692E+03,-1.2192E+03,0.));
#3243 = VECTOR('',#3244,1.);
#3244 = DIRECTION('',(0.,0.,1.));
#3245 = ORIENTED_EDGE('',*,*,#3246,.T.);
#3246 = EDGE_CURVE('',#3237,#3247,#3249,.T.);
#3247 = VERTEX_POINT('',#3248);
#3248 = CARTESIAN_POINT('',(3.256436307692E+03,0.,0.));
#3249 = LINE('',#3250,#3251);
#3250 = CARTESIAN_POINT('',(3.256436307692E+03,-1.2192E+03,0.));
#3251 = VECTOR('',#3252,1.);
#3252 = DIRECTION('',(-0.,1.,0.));
#3253 = ORIENTED_EDGE('',*,*,#3254,.T.);
#3254 = EDGE_CURVE('',#3247,#3255,#3257,.T.);
#3255 = VERTEX_POINT('',#3256);
#3256 = CARTESIAN_POINT('',(3.256436307692E+03,0.,2.672861538462E+03));
#3257 = LINE('',#3258,#3259);
#3258 = CARTESIAN_POINT('',(3.256436307692E+03,0.,0.));
#3259 = VECTOR('',#3260,1.);
#3260 = DIRECTION('',(0.,0.,1.));
#3261 = ORIENTED_EDGE('',*,*,#3262,.F.);
#3262 = EDGE_CURVE('',#3239,#3255,#3263,.T.);
#3263 = LINE('',#3264,#3265);
#3264 = CARTESIAN_POINT('',(3.256436307692E+03,-1.2192E+03,
    2.672861538462E+03));
#3265 = VECTOR('',#3266,1.);
#3266 = DIRECTION('',(-0.,1.,0.));
#3267 = PLANE('',#3268);
#3268 = AXIS2_PLACEMENT_3D('',#3269,#3270,#3271);
#3269 = CARTESIAN_POINT('',(3.256436307692E+03,-1.2192E+03,0.));
#3270 = DIRECTION('',(1.,0.,-0.));
#3271 = DIRECTION('',(0.,0.,1.));
#3272 = ADVANCED_FACE('',(#3273),#3289,.F.);
#3273 = FACE_BOUND('',#3274,.F.);
#3274 = EDGE_LOOP('',(#3275,#3281,#3282,#3288));
#3275 = ORIENTED_EDGE('',*,*,#3276,.F.);
#3276 = EDGE_CURVE('',#3197,#3237,#3277,.T.);
#3277 = LINE('',#3278,#3279);
#3278 = CARTESIAN_POINT('',(2.989384615385E+03,-1.2192E+03,0.));
#3279 = VECTOR('',#3280,1.);
#3280 = DIRECTION('',(1.,0.,-0.));
#3281 = ORIENTED_EDGE('',*,*,#3196,.T.);
#3282 = ORIENTED_EDGE('',*,*,#3283,.T.);
#3283 = EDGE_CURVE('',#3199,#3239,#3284,.T.);
#3284 = LINE('',#3285,#3286);
#3285 = CARTESIAN_POINT('',(2.989384615385E+03,-1.2192E+03,
    2.672861538462E+03));
#3286 = VECTOR('',#3287,1.);
#3287 = DIRECTION('',(1.,0.,-0.));
#3288 = ORIENTED_EDGE('',*,*,#3236,.F.);
#3289 = PLANE('',#3290);
#3290 = AXIS2_PLACEMENT_3D('',#3291,#3292,#3293);
#3291 = CARTESIAN_POINT('',(2.989384615385E+03,-1.2192E+03,0.));
#3292 = DIRECTION('',(-0.,1.,0.));
#3293 = DIRECTION('',(0.,0.,1.));
#3294 = ADVANCED_FACE('',(#3295),#3311,.T.);
#3295 = FACE_BOUND('',#3296,.T.);
#3296 = EDGE_LOOP('',(#3297,#3303,#3304,#3310));
#3297 = ORIENTED_EDGE('',*,*,#3298,.F.);
#3298 = EDGE_CURVE('',#3207,#3247,#3299,.T.);
#3299 = LINE('',#3300,#3301);
#3300 = CARTESIAN_POINT('',(2.989384615385E+03,0.,0.));
#3301 = VECTOR('',#3302,1.);
#3302 = DIRECTION('',(1.,0.,-0.));
#3303 = ORIENTED_EDGE('',*,*,#3214,.T.);
#3304 = ORIENTED_EDGE('',*,*,#3305,.T.);
#3305 = EDGE_CURVE('',#3215,#3255,#3306,.T.);
#3306 = LINE('',#3307,#3308);
#3307 = CARTESIAN_POINT('',(2.989384615385E+03,0.,2.672861538462E+03));
#3308 = VECTOR('',#3309,1.);
#3309 = DIRECTION('',(1.,0.,-0.));
#3310 = ORIENTED_EDGE('',*,*,#3254,.F.);
#3311 = PLANE('',#3312);
#3312 = AXIS2_PLACEMENT_3D('',#3313,#3314,#3315);
#3313 = CARTESIAN_POINT('',(2.989384615385E+03,0.,0.));
#3314 = DIRECTION('',(-0.,1.,0.));
#3315 = DIRECTION('',(0.,0.,1.));
#3316 = ADVANCED_FACE('',(#3317),#3323,.F.);
#3317 = FACE_BOUND('',#3318,.F.);
#3318 = EDGE_LOOP('',(#3319,#3320,#3321,#3322));
#3319 = ORIENTED_EDGE('',*,*,#3206,.F.);
#3320 = ORIENTED_EDGE('',*,*,#3276,.T.);
#3321 = ORIENTED_EDGE('',*,*,#3246,.T.);
#3322 = ORIENTED_EDGE('',*,*,#3298,.F.);
#3323 = PLANE('',#3324);
#3324 = AXIS2_PLACEMENT_3D('',#3325,#3326,#3327);
#3325 = CARTESIAN_POINT('',(2.989384615385E+03,-1.2192E+03,0.));
#3326 = DIRECTION('',(0.,0.,1.));
#3327 = DIRECTION('',(1.,0.,-0.));
#3328 = ADVANCED_FACE('',(#3329),#3335,.T.);
#3329 = FACE_BOUND('',#3330,.T.);
#3330 = EDGE_LOOP('',(#3331,#3332,#3333,#3334));
#3331 = ORIENTED_EDGE('',*,*,#3222,.F.);
#3332 = ORIENTED_EDGE('',*,*,#3283,.T.);
#3333 = ORIENTED_EDGE('',*,*,#3262,.T.);
#3334 = ORIENTED_EDGE('',*,*,#3305,.F.);
#3335 = PLANE('',#3336);
#3336 = AXIS2_PLACEMENT_3D('',#3337,#3338,#3339);
#3337 = CARTESIAN_POINT('',(2.989384615385E+03,-1.2192E+03,
    2.672861538462E+03));
#3338 = DIRECTION('',(0.,0.,1.));
#3339 = DIRECTION('',(1.,0.,-0.));
#3340 = ( GEOMETRIC_REPRESENTATION_CONTEXT(3) 
GLOBAL_UNCERTAINTY_ASSIGNED_CONTEXT((#3344)) 
GLOBAL_UNIT_ASSIGNED_CONTEXT((#3341,#3342,#3343)) REPRESENTATION_CONTEXT
('Context #1','3D Context with UNIT and UNCERTAINTY') );
#3341 = ( LENGTH_UNIT() NAMED_UNIT(*) SI_UNIT(.MILLI.,.METRE.) );
#3342 = ( NAMED_UNIT(*) PLANE_ANGLE_UNIT() SI_UNIT($,.RADIAN.) );
#3343 = ( NAMED_UNIT(*) SI_UNIT($,.STERADIAN.) SOLID_ANGLE_UNIT() );
#3344 = UNCERTAINTY_MEASURE_WITH_UNIT(LENGTH_MEASURE(1.E-07),#3341,
  'distance_accuracy_value','confusion accuracy');
#3345 = CONTEXT_DEPENDENT_SHAPE_REPRESENTATION(#3346,#3348);
#3346 = ( REPRESENTATION_RELATIONSHIP('','',#3189,#10) 
REPRESENTATION_RELATIONSHIP_WITH_TRANSFORMATION(#3347) 
SHAPE_REPRESENTATION_RELATIONSHIP() );
#3347 = ITEM_DEFINED_TRANSFORMATION('','',#11,#83);
#3348 = PRODUCT_DEFINITION_SHAPE('Placement','Placement of an item',
  #3349);
#3349 = NEXT_ASSEMBLY_USAGE_OCCURRENCE('18','Exterior stair step 12','',
  #5,#3184,$);
#3350 = PRODUCT_RELATED_PRODUCT_CATEGORY('part',$,(#3186));
#3351 = SHAPE_DEFINITION_REPRESENTATION(#3352,#3358);
#3352 = PRODUCT_DEFINITION_SHAPE('','',#3353);
#3353 = PRODUCT_DEFINITION('design','',#3354,#3357);
#3354 = PRODUCT_DEFINITION_FORMATION('','',#3355);
#3355 = PRODUCT('Exterior stair step 13','Exterior stair step 13','',(
    #3356));
#3356 = PRODUCT_CONTEXT('',#2,'mechanical');
#3357 = PRODUCT_DEFINITION_CONTEXT('part definition',#2,'design');
#3358 = ADVANCED_BREP_SHAPE_REPRESENTATION('',(#11,#3359),#3509);
#3359 = MANIFOLD_SOLID_BREP('',#3360);
#3360 = CLOSED_SHELL('',(#3361,#3401,#3441,#3463,#3485,#3497));
#3361 = ADVANCED_FACE('',(#3362),#3396,.F.);
#3362 = FACE_BOUND('',#3363,.F.);
#3363 = EDGE_LOOP('',(#3364,#3374,#3382,#3390));
#3364 = ORIENTED_EDGE('',*,*,#3365,.F.);
#3365 = EDGE_CURVE('',#3366,#3368,#3370,.T.);
#3366 = VERTEX_POINT('',#3367);
#3367 = CARTESIAN_POINT('',(3.247292307692E+03,-1.2192E+03,0.));
#3368 = VERTEX_POINT('',#3369);
#3369 = CARTESIAN_POINT('',(3.247292307692E+03,-1.2192E+03,2.8956E+03));
#3370 = LINE('',#3371,#3372);
#3371 = CARTESIAN_POINT('',(3.247292307692E+03,-1.2192E+03,0.));
#3372 = VECTOR('',#3373,1.);
#3373 = DIRECTION('',(0.,0.,1.));
#3374 = ORIENTED_EDGE('',*,*,#3375,.T.);
#3375 = EDGE_CURVE('',#3366,#3376,#3378,.T.);
#3376 = VERTEX_POINT('',#3377);
#3377 = CARTESIAN_POINT('',(3.247292307692E+03,0.,0.));
#3378 = LINE('',#3379,#3380);
#3379 = CARTESIAN_POINT('',(3.247292307692E+03,-1.2192E+03,0.));
#3380 = VECTOR('',#3381,1.);
#3381 = DIRECTION('',(-0.,1.,0.));
#3382 = ORIENTED_EDGE('',*,*,#3383,.T.);
#3383 = EDGE_CURVE('',#3376,#3384,#3386,.T.);
#3384 = VERTEX_POINT('',#3385);
#3385 = CARTESIAN_POINT('',(3.247292307692E+03,0.,2.8956E+03));
#3386 = LINE('',#3387,#3388);
#3387 = CARTESIAN_POINT('',(3.247292307692E+03,0.,0.));
#3388 = VECTOR('',#3389,1.);
#3389 = DIRECTION('',(0.,0.,1.));
#3390 = ORIENTED_EDGE('',*,*,#3391,.F.);
#3391 = EDGE_CURVE('',#3368,#3384,#3392,.T.);
#3392 = LINE('',#3393,#3394);
#3393 = CARTESIAN_POINT('',(3.247292307692E+03,-1.2192E+03,2.8956E+03));
#3394 = VECTOR('',#3395,1.);
#3395 = DIRECTION('',(-0.,1.,0.));
#3396 = PLANE('',#3397);
#3397 = AXIS2_PLACEMENT_3D('',#3398,#3399,#3400);
#3398 = CARTESIAN_POINT('',(3.247292307692E+03,-1.2192E+03,0.));
#3399 = DIRECTION('',(1.,0.,-0.));
#3400 = DIRECTION('',(0.,0.,1.));
#3401 = ADVANCED_FACE('',(#3402),#3436,.T.);
#3402 = FACE_BOUND('',#3403,.T.);
#3403 = EDGE_LOOP('',(#3404,#3414,#3422,#3430));
#3404 = ORIENTED_EDGE('',*,*,#3405,.F.);
#3405 = EDGE_CURVE('',#3406,#3408,#3410,.T.);
#3406 = VERTEX_POINT('',#3407);
#3407 = CARTESIAN_POINT('',(3.514344E+03,-1.2192E+03,0.));
#3408 = VERTEX_POINT('',#3409);
#3409 = CARTESIAN_POINT('',(3.514344E+03,-1.2192E+03,2.8956E+03));
#3410 = LINE('',#3411,#3412);
#3411 = CARTESIAN_POINT('',(3.514344E+03,-1.2192E+03,0.));
#3412 = VECTOR('',#3413,1.);
#3413 = DIRECTION('',(0.,0.,1.));
#3414 = ORIENTED_EDGE('',*,*,#3415,.T.);
#3415 = EDGE_CURVE('',#3406,#3416,#3418,.T.);
#3416 = VERTEX_POINT('',#3417);
#3417 = CARTESIAN_POINT('',(3.514344E+03,0.,0.));
#3418 = LINE('',#3419,#3420);
#3419 = CARTESIAN_POINT('',(3.514344E+03,-1.2192E+03,0.));
#3420 = VECTOR('',#3421,1.);
#3421 = DIRECTION('',(-0.,1.,0.));
#3422 = ORIENTED_EDGE('',*,*,#3423,.T.);
#3423 = EDGE_CURVE('',#3416,#3424,#3426,.T.);
#3424 = VERTEX_POINT('',#3425);
#3425 = CARTESIAN_POINT('',(3.514344E+03,0.,2.8956E+03));
#3426 = LINE('',#3427,#3428);
#3427 = CARTESIAN_POINT('',(3.514344E+03,0.,0.));
#3428 = VECTOR('',#3429,1.);
#3429 = DIRECTION('',(0.,0.,1.));
#3430 = ORIENTED_EDGE('',*,*,#3431,.F.);
#3431 = EDGE_CURVE('',#3408,#3424,#3432,.T.);
#3432 = LINE('',#3433,#3434);
#3433 = CARTESIAN_POINT('',(3.514344E+03,-1.2192E+03,2.8956E+03));
#3434 = VECTOR('',#3435,1.);
#3435 = DIRECTION('',(-0.,1.,0.));
#3436 = PLANE('',#3437);
#3437 = AXIS2_PLACEMENT_3D('',#3438,#3439,#3440);
#3438 = CARTESIAN_POINT('',(3.514344E+03,-1.2192E+03,0.));
#3439 = DIRECTION('',(1.,0.,-0.));
#3440 = DIRECTION('',(0.,0.,1.));
#3441 = ADVANCED_FACE('',(#3442),#3458,.F.);
#3442 = FACE_BOUND('',#3443,.F.);
#3443 = EDGE_LOOP('',(#3444,#3450,#3451,#3457));
#3444 = ORIENTED_EDGE('',*,*,#3445,.F.);
#3445 = EDGE_CURVE('',#3366,#3406,#3446,.T.);
#3446 = LINE('',#3447,#3448);
#3447 = CARTESIAN_POINT('',(3.247292307692E+03,-1.2192E+03,0.));
#3448 = VECTOR('',#3449,1.);
#3449 = DIRECTION('',(1.,0.,-0.));
#3450 = ORIENTED_EDGE('',*,*,#3365,.T.);
#3451 = ORIENTED_EDGE('',*,*,#3452,.T.);
#3452 = EDGE_CURVE('',#3368,#3408,#3453,.T.);
#3453 = LINE('',#3454,#3455);
#3454 = CARTESIAN_POINT('',(3.247292307692E+03,-1.2192E+03,2.8956E+03));
#3455 = VECTOR('',#3456,1.);
#3456 = DIRECTION('',(1.,0.,-0.));
#3457 = ORIENTED_EDGE('',*,*,#3405,.F.);
#3458 = PLANE('',#3459);
#3459 = AXIS2_PLACEMENT_3D('',#3460,#3461,#3462);
#3460 = CARTESIAN_POINT('',(3.247292307692E+03,-1.2192E+03,0.));
#3461 = DIRECTION('',(-0.,1.,0.));
#3462 = DIRECTION('',(0.,0.,1.));
#3463 = ADVANCED_FACE('',(#3464),#3480,.T.);
#3464 = FACE_BOUND('',#3465,.T.);
#3465 = EDGE_LOOP('',(#3466,#3472,#3473,#3479));
#3466 = ORIENTED_EDGE('',*,*,#3467,.F.);
#3467 = EDGE_CURVE('',#3376,#3416,#3468,.T.);
#3468 = LINE('',#3469,#3470);
#3469 = CARTESIAN_POINT('',(3.247292307692E+03,0.,0.));
#3470 = VECTOR('',#3471,1.);
#3471 = DIRECTION('',(1.,0.,-0.));
#3472 = ORIENTED_EDGE('',*,*,#3383,.T.);
#3473 = ORIENTED_EDGE('',*,*,#3474,.T.);
#3474 = EDGE_CURVE('',#3384,#3424,#3475,.T.);
#3475 = LINE('',#3476,#3477);
#3476 = CARTESIAN_POINT('',(3.247292307692E+03,0.,2.8956E+03));
#3477 = VECTOR('',#3478,1.);
#3478 = DIRECTION('',(1.,0.,-0.));
#3479 = ORIENTED_EDGE('',*,*,#3423,.F.);
#3480 = PLANE('',#3481);
#3481 = AXIS2_PLACEMENT_3D('',#3482,#3483,#3484);
#3482 = CARTESIAN_POINT('',(3.247292307692E+03,0.,0.));
#3483 = DIRECTION('',(-0.,1.,0.));
#3484 = DIRECTION('',(0.,0.,1.));
#3485 = ADVANCED_FACE('',(#3486),#3492,.F.);
#3486 = FACE_BOUND('',#3487,.F.);
#3487 = EDGE_LOOP('',(#3488,#3489,#3490,#3491));
#3488 = ORIENTED_EDGE('',*,*,#3375,.F.);
#3489 = ORIENTED_EDGE('',*,*,#3445,.T.);
#3490 = ORIENTED_EDGE('',*,*,#3415,.T.);
#3491 = ORIENTED_EDGE('',*,*,#3467,.F.);
#3492 = PLANE('',#3493);
#3493 = AXIS2_PLACEMENT_3D('',#3494,#3495,#3496);
#3494 = CARTESIAN_POINT('',(3.247292307692E+03,-1.2192E+03,0.));
#3495 = DIRECTION('',(0.,0.,1.));
#3496 = DIRECTION('',(1.,0.,-0.));
#3497 = ADVANCED_FACE('',(#3498),#3504,.T.);
#3498 = FACE_BOUND('',#3499,.T.);
#3499 = EDGE_LOOP('',(#3500,#3501,#3502,#3503));
#3500 = ORIENTED_EDGE('',*,*,#3391,.F.);
#3501 = ORIENTED_EDGE('',*,*,#3452,.T.);
#3502 = ORIENTED_EDGE('',*,*,#3431,.T.);
#3503 = ORIENTED_EDGE('',*,*,#3474,.F.);
#3504 = PLANE('',#3505);
#3505 = AXIS2_PLACEMENT_3D('',#3506,#3507,#3508);
#3506 = CARTESIAN_POINT('',(3.247292307692E+03,-1.2192E+03,2.8956E+03));
#3507 = DIRECTION('',(0.,0.,1.));
#3508 = DIRECTION('',(1.,0.,-0.));
#3509 = ( GEOMETRIC_REPRESENTATION_CONTEXT(3) 
GLOBAL_UNCERTAINTY_ASSIGNED_CONTEXT((#3513)) 
GLOBAL_UNIT_ASSIGNED_CONTEXT((#3510,#3511,#3512)) REPRESENTATION_CONTEXT
('Context #1','3D Context with UNIT and UNCERTAINTY') );
#3510 = ( LENGTH_UNIT() NAMED_UNIT(*) SI_UNIT(.MILLI.,.METRE.) );
#3511 = ( NAMED_UNIT(*) PLANE_ANGLE_UNIT() SI_UNIT($,.RADIAN.) );
#3512 = ( NAMED_UNIT(*) SI_UNIT($,.STERADIAN.) SOLID_ANGLE_UNIT() );
#3513 = UNCERTAINTY_MEASURE_WITH_UNIT(LENGTH_MEASURE(1.E-07),#3510,
  'distance_accuracy_value','confusion accuracy');
#3514 = CONTEXT_DEPENDENT_SHAPE_REPRESENTATION(#3515,#3517);
#3515 = ( REPRESENTATION_RELATIONSHIP('','',#3358,#10) 
REPRESENTATION_RELATIONSHIP_WITH_TRANSFORMATION(#3516) 
SHAPE_REPRESENTATION_RELATIONSHIP() );
#3516 = ITEM_DEFINED_TRANSFORMATION('','',#11,#87);
#3517 = PRODUCT_DEFINITION_SHAPE('Placement','Placement of an item',
  #3518);
#3518 = NEXT_ASSEMBLY_USAGE_OCCURRENCE('19','Exterior stair step 13','',
  #5,#3353,$);
#3519 = PRODUCT_RELATED_PRODUCT_CATEGORY('part',$,(#3355));
#3520 = SHAPE_DEFINITION_REPRESENTATION(#3521,#3527);
#3521 = PRODUCT_DEFINITION_SHAPE('','',#3522);
#3522 = PRODUCT_DEFINITION('design','',#3523,#3526);
#3523 = PRODUCT_DEFINITION_FORMATION('','',#3524);
#3524 = PRODUCT('Garage and storage zone','Garage and storage zone','',(
    #3525));
#3525 = PRODUCT_CONTEXT('',#2,'mechanical');
#3526 = PRODUCT_DEFINITION_CONTEXT('part definition',#2,'design');
#3527 = ADVANCED_BREP_SHAPE_REPRESENTATION('',(#11,#3528),#3678);
#3528 = MANIFOLD_SOLID_BREP('',#3529);
#3529 = CLOSED_SHELL('',(#3530,#3570,#3610,#3632,#3654,#3666));
#3530 = ADVANCED_FACE('',(#3531),#3565,.F.);
#3531 = FACE_BOUND('',#3532,.F.);
#3532 = EDGE_LOOP('',(#3533,#3543,#3551,#3559));
#3533 = ORIENTED_EDGE('',*,*,#3534,.F.);
#3534 = EDGE_CURVE('',#3535,#3537,#3539,.T.);
#3535 = VERTEX_POINT('',#3536);
#3536 = CARTESIAN_POINT('',(167.64,167.64,158.496));
#3537 = VERTEX_POINT('',#3538);
#3538 = CARTESIAN_POINT('',(167.64,167.64,170.688));
#3539 = LINE('',#3540,#3541);
#3540 = CARTESIAN_POINT('',(167.64,167.64,158.496));
#3541 = VECTOR('',#3542,1.);
#3542 = DIRECTION('',(0.,0.,1.));
#3543 = ORIENTED_EDGE('',*,*,#3544,.T.);
#3544 = EDGE_CURVE('',#3535,#3545,#3547,.T.);
#3545 = VERTEX_POINT('',#3546);
#3546 = CARTESIAN_POINT('',(167.64,4.25196E+03,158.496));
#3547 = LINE('',#3548,#3549);
#3548 = CARTESIAN_POINT('',(167.64,167.64,158.496));
#3549 = VECTOR('',#3550,1.);
#3550 = DIRECTION('',(-0.,1.,0.));
#3551 = ORIENTED_EDGE('',*,*,#3552,.T.);
#3552 = EDGE_CURVE('',#3545,#3553,#3555,.T.);
#3553 = VERTEX_POINT('',#3554);
#3554 = CARTESIAN_POINT('',(167.64,4.25196E+03,170.688));
#3555 = LINE('',#3556,#3557);
#3556 = CARTESIAN_POINT('',(167.64,4.25196E+03,158.496));
#3557 = VECTOR('',#3558,1.);
#3558 = DIRECTION('',(0.,0.,1.));
#3559 = ORIENTED_EDGE('',*,*,#3560,.F.);
#3560 = EDGE_CURVE('',#3537,#3553,#3561,.T.);
#3561 = LINE('',#3562,#3563);
#3562 = CARTESIAN_POINT('',(167.64,167.64,170.688));
#3563 = VECTOR('',#3564,1.);
#3564 = DIRECTION('',(-0.,1.,0.));
#3565 = PLANE('',#3566);
#3566 = AXIS2_PLACEMENT_3D('',#3567,#3568,#3569);
#3567 = CARTESIAN_POINT('',(167.64,167.64,158.496));
#3568 = DIRECTION('',(1.,0.,-0.));
#3569 = DIRECTION('',(0.,0.,1.));
#3570 = ADVANCED_FACE('',(#3571),#3605,.T.);
#3571 = FACE_BOUND('',#3572,.T.);
#3572 = EDGE_LOOP('',(#3573,#3583,#3591,#3599));
#3573 = ORIENTED_EDGE('',*,*,#3574,.F.);
#3574 = EDGE_CURVE('',#3575,#3577,#3579,.T.);
#3575 = VERTEX_POINT('',#3576);
#3576 = CARTESIAN_POINT('',(4.25196E+03,167.64,158.496));
#3577 = VERTEX_POINT('',#3578);
#3578 = CARTESIAN_POINT('',(4.25196E+03,167.64,170.688));
#3579 = LINE('',#3580,#3581);
#3580 = CARTESIAN_POINT('',(4.25196E+03,167.64,158.496));
#3581 = VECTOR('',#3582,1.);
#3582 = DIRECTION('',(0.,0.,1.));
#3583 = ORIENTED_EDGE('',*,*,#3584,.T.);
#3584 = EDGE_CURVE('',#3575,#3585,#3587,.T.);
#3585 = VERTEX_POINT('',#3586);
#3586 = CARTESIAN_POINT('',(4.25196E+03,4.25196E+03,158.496));
#3587 = LINE('',#3588,#3589);
#3588 = CARTESIAN_POINT('',(4.25196E+03,167.64,158.496));
#3589 = VECTOR('',#3590,1.);
#3590 = DIRECTION('',(-0.,1.,0.));
#3591 = ORIENTED_EDGE('',*,*,#3592,.T.);
#3592 = EDGE_CURVE('',#3585,#3593,#3595,.T.);
#3593 = VERTEX_POINT('',#3594);
#3594 = CARTESIAN_POINT('',(4.25196E+03,4.25196E+03,170.688));
#3595 = LINE('',#3596,#3597);
#3596 = CARTESIAN_POINT('',(4.25196E+03,4.25196E+03,158.496));
#3597 = VECTOR('',#3598,1.);
#3598 = DIRECTION('',(0.,0.,1.));
#3599 = ORIENTED_EDGE('',*,*,#3600,.F.);
#3600 = EDGE_CURVE('',#3577,#3593,#3601,.T.);
#3601 = LINE('',#3602,#3603);
#3602 = CARTESIAN_POINT('',(4.25196E+03,167.64,170.688));
#3603 = VECTOR('',#3604,1.);
#3604 = DIRECTION('',(-0.,1.,0.));
#3605 = PLANE('',#3606);
#3606 = AXIS2_PLACEMENT_3D('',#3607,#3608,#3609);
#3607 = CARTESIAN_POINT('',(4.25196E+03,167.64,158.496));
#3608 = DIRECTION('',(1.,0.,-0.));
#3609 = DIRECTION('',(0.,0.,1.));
#3610 = ADVANCED_FACE('',(#3611),#3627,.F.);
#3611 = FACE_BOUND('',#3612,.F.);
#3612 = EDGE_LOOP('',(#3613,#3619,#3620,#3626));
#3613 = ORIENTED_EDGE('',*,*,#3614,.F.);
#3614 = EDGE_CURVE('',#3535,#3575,#3615,.T.);
#3615 = LINE('',#3616,#3617);
#3616 = CARTESIAN_POINT('',(167.64,167.64,158.496));
#3617 = VECTOR('',#3618,1.);
#3618 = DIRECTION('',(1.,0.,-0.));
#3619 = ORIENTED_EDGE('',*,*,#3534,.T.);
#3620 = ORIENTED_EDGE('',*,*,#3621,.T.);
#3621 = EDGE_CURVE('',#3537,#3577,#3622,.T.);
#3622 = LINE('',#3623,#3624);
#3623 = CARTESIAN_POINT('',(167.64,167.64,170.688));
#3624 = VECTOR('',#3625,1.);
#3625 = DIRECTION('',(1.,0.,-0.));
#3626 = ORIENTED_EDGE('',*,*,#3574,.F.);
#3627 = PLANE('',#3628);
#3628 = AXIS2_PLACEMENT_3D('',#3629,#3630,#3631);
#3629 = CARTESIAN_POINT('',(167.64,167.64,158.496));
#3630 = DIRECTION('',(-0.,1.,0.));
#3631 = DIRECTION('',(0.,0.,1.));
#3632 = ADVANCED_FACE('',(#3633),#3649,.T.);
#3633 = FACE_BOUND('',#3634,.T.);
#3634 = EDGE_LOOP('',(#3635,#3641,#3642,#3648));
#3635 = ORIENTED_EDGE('',*,*,#3636,.F.);
#3636 = EDGE_CURVE('',#3545,#3585,#3637,.T.);
#3637 = LINE('',#3638,#3639);
#3638 = CARTESIAN_POINT('',(167.64,4.25196E+03,158.496));
#3639 = VECTOR('',#3640,1.);
#3640 = DIRECTION('',(1.,0.,-0.));
#3641 = ORIENTED_EDGE('',*,*,#3552,.T.);
#3642 = ORIENTED_EDGE('',*,*,#3643,.T.);
#3643 = EDGE_CURVE('',#3553,#3593,#3644,.T.);
#3644 = LINE('',#3645,#3646);
#3645 = CARTESIAN_POINT('',(167.64,4.25196E+03,170.688));
#3646 = VECTOR('',#3647,1.);
#3647 = DIRECTION('',(1.,0.,-0.));
#3648 = ORIENTED_EDGE('',*,*,#3592,.F.);
#3649 = PLANE('',#3650);
#3650 = AXIS2_PLACEMENT_3D('',#3651,#3652,#3653);
#3651 = CARTESIAN_POINT('',(167.64,4.25196E+03,158.496));
#3652 = DIRECTION('',(-0.,1.,0.));
#3653 = DIRECTION('',(0.,0.,1.));
#3654 = ADVANCED_FACE('',(#3655),#3661,.F.);
#3655 = FACE_BOUND('',#3656,.F.);
#3656 = EDGE_LOOP('',(#3657,#3658,#3659,#3660));
#3657 = ORIENTED_EDGE('',*,*,#3544,.F.);
#3658 = ORIENTED_EDGE('',*,*,#3614,.T.);
#3659 = ORIENTED_EDGE('',*,*,#3584,.T.);
#3660 = ORIENTED_EDGE('',*,*,#3636,.F.);
#3661 = PLANE('',#3662);
#3662 = AXIS2_PLACEMENT_3D('',#3663,#3664,#3665);
#3663 = CARTESIAN_POINT('',(167.64,167.64,158.496));
#3664 = DIRECTION('',(0.,0.,1.));
#3665 = DIRECTION('',(1.,0.,-0.));
#3666 = ADVANCED_FACE('',(#3667),#3673,.T.);
#3667 = FACE_BOUND('',#3668,.T.);
#3668 = EDGE_LOOP('',(#3669,#3670,#3671,#3672));
#3669 = ORIENTED_EDGE('',*,*,#3560,.F.);
#3670 = ORIENTED_EDGE('',*,*,#3621,.T.);
#3671 = ORIENTED_EDGE('',*,*,#3600,.T.);
#3672 = ORIENTED_EDGE('',*,*,#3643,.F.);
#3673 = PLANE('',#3674);
#3674 = AXIS2_PLACEMENT_3D('',#3675,#3676,#3677);
#3675 = CARTESIAN_POINT('',(167.64,167.64,170.688));
#3676 = DIRECTION('',(0.,0.,1.));
#3677 = DIRECTION('',(1.,0.,-0.));
#3678 = ( GEOMETRIC_REPRESENTATION_CONTEXT(3) 
GLOBAL_UNCERTAINTY_ASSIGNED_CONTEXT((#3682)) 
GLOBAL_UNIT_ASSIGNED_CONTEXT((#3679,#3680,#3681)) REPRESENTATION_CONTEXT
('Context #1','3D Context with UNIT and UNCERTAINTY') );
#3679 = ( LENGTH_UNIT() NAMED_UNIT(*) SI_UNIT(.MILLI.,.METRE.) );
#3680 = ( NAMED_UNIT(*) PLANE_ANGLE_UNIT() SI_UNIT($,.RADIAN.) );
#3681 = ( NAMED_UNIT(*) SI_UNIT($,.STERADIAN.) SOLID_ANGLE_UNIT() );
#3682 = UNCERTAINTY_MEASURE_WITH_UNIT(LENGTH_MEASURE(1.E-07),#3679,
  'distance_accuracy_value','confusion accuracy');
#3683 = CONTEXT_DEPENDENT_SHAPE_REPRESENTATION(#3684,#3686);
#3684 = ( REPRESENTATION_RELATIONSHIP('','',#3527,#10) 
REPRESENTATION_RELATIONSHIP_WITH_TRANSFORMATION(#3685) 
SHAPE_REPRESENTATION_RELATIONSHIP() );
#3685 = ITEM_DEFINED_TRANSFORMATION('','',#11,#91);
#3686 = PRODUCT_DEFINITION_SHAPE('Placement','Placement of an item',
  #3687);
#3687 = NEXT_ASSEMBLY_USAGE_OCCURRENCE('20','Garage and storage zone',''
  ,#5,#3522,$);
#3688 = PRODUCT_RELATED_PRODUCT_CATEGORY('part',$,(#3524));
#3689 = SHAPE_DEFINITION_REPRESENTATION(#3690,#3696);
#3690 = PRODUCT_DEFINITION_SHAPE('','',#3691);
#3691 = PRODUCT_DEFINITION('design','',#3692,#3695);
#3692 = PRODUCT_DEFINITION_FORMATION('','',#3693);
#3693 = PRODUCT('Garage north return','Garage north return','',(#3694));
#3694 = PRODUCT_CONTEXT('',#2,'mechanical');
#3695 = PRODUCT_DEFINITION_CONTEXT('part definition',#2,'design');
#3696 = ADVANCED_BREP_SHAPE_REPRESENTATION('',(#11,#3697),#3847);
#3697 = MANIFOLD_SOLID_BREP('',#3698);
#3698 = CLOSED_SHELL('',(#3699,#3739,#3779,#3801,#3823,#3835));
#3699 = ADVANCED_FACE('',(#3700),#3734,.F.);
#3700 = FACE_BOUND('',#3701,.F.);
#3701 = EDGE_LOOP('',(#3702,#3712,#3720,#3728));
#3702 = ORIENTED_EDGE('',*,*,#3703,.F.);
#3703 = EDGE_CURVE('',#3704,#3706,#3708,.T.);
#3704 = VERTEX_POINT('',#3705);
#3705 = CARTESIAN_POINT('',(167.64,4.28244E+03,158.496));
#3706 = VERTEX_POINT('',#3707);
#3707 = CARTESIAN_POINT('',(167.64,4.28244E+03,170.688));
#3708 = LINE('',#3709,#3710);
#3709 = CARTESIAN_POINT('',(167.64,4.28244E+03,158.496));
#3710 = VECTOR('',#3711,1.);
#3711 = DIRECTION('',(0.,0.,1.));
#3712 = ORIENTED_EDGE('',*,*,#3713,.T.);
#3713 = EDGE_CURVE('',#3704,#3714,#3716,.T.);
#3714 = VERTEX_POINT('',#3715);
#3715 = CARTESIAN_POINT('',(167.64,5.92836E+03,158.496));
#3716 = LINE('',#3717,#3718);
#3717 = CARTESIAN_POINT('',(167.64,4.28244E+03,158.496));
#3718 = VECTOR('',#3719,1.);
#3719 = DIRECTION('',(-0.,1.,0.));
#3720 = ORIENTED_EDGE('',*,*,#3721,.T.);
#3721 = EDGE_CURVE('',#3714,#3722,#3724,.T.);
#3722 = VERTEX_POINT('',#3723);
#3723 = CARTESIAN_POINT('',(167.64,5.92836E+03,170.688));
#3724 = LINE('',#3725,#3726);
#3725 = CARTESIAN_POINT('',(167.64,5.92836E+03,158.496));
#3726 = VECTOR('',#3727,1.);
#3727 = DIRECTION('',(0.,0.,1.));
#3728 = ORIENTED_EDGE('',*,*,#3729,.F.);
#3729 = EDGE_CURVE('',#3706,#3722,#3730,.T.);
#3730 = LINE('',#3731,#3732);
#3731 = CARTESIAN_POINT('',(167.64,4.28244E+03,170.688));
#3732 = VECTOR('',#3733,1.);
#3733 = DIRECTION('',(-0.,1.,0.));
#3734 = PLANE('',#3735);
#3735 = AXIS2_PLACEMENT_3D('',#3736,#3737,#3738);
#3736 = CARTESIAN_POINT('',(167.64,4.28244E+03,158.496));
#3737 = DIRECTION('',(1.,0.,-0.));
#3738 = DIRECTION('',(0.,0.,1.));
#3739 = ADVANCED_FACE('',(#3740),#3774,.T.);
#3740 = FACE_BOUND('',#3741,.T.);
#3741 = EDGE_LOOP('',(#3742,#3752,#3760,#3768));
#3742 = ORIENTED_EDGE('',*,*,#3743,.F.);
#3743 = EDGE_CURVE('',#3744,#3746,#3748,.T.);
#3744 = VERTEX_POINT('',#3745);
#3745 = CARTESIAN_POINT('',(2.27076E+03,4.28244E+03,158.496));
#3746 = VERTEX_POINT('',#3747);
#3747 = CARTESIAN_POINT('',(2.27076E+03,4.28244E+03,170.688));
#3748 = LINE('',#3749,#3750);
#3749 = CARTESIAN_POINT('',(2.27076E+03,4.28244E+03,158.496));
#3750 = VECTOR('',#3751,1.);
#3751 = DIRECTION('',(0.,0.,1.));
#3752 = ORIENTED_EDGE('',*,*,#3753,.T.);
#3753 = EDGE_CURVE('',#3744,#3754,#3756,.T.);
#3754 = VERTEX_POINT('',#3755);
#3755 = CARTESIAN_POINT('',(2.27076E+03,5.92836E+03,158.496));
#3756 = LINE('',#3757,#3758);
#3757 = CARTESIAN_POINT('',(2.27076E+03,4.28244E+03,158.496));
#3758 = VECTOR('',#3759,1.);
#3759 = DIRECTION('',(-0.,1.,0.));
#3760 = ORIENTED_EDGE('',*,*,#3761,.T.);
#3761 = EDGE_CURVE('',#3754,#3762,#3764,.T.);
#3762 = VERTEX_POINT('',#3763);
#3763 = CARTESIAN_POINT('',(2.27076E+03,5.92836E+03,170.688));
#3764 = LINE('',#3765,#3766);
#3765 = CARTESIAN_POINT('',(2.27076E+03,5.92836E+03,158.496));
#3766 = VECTOR('',#3767,1.);
#3767 = DIRECTION('',(0.,0.,1.));
#3768 = ORIENTED_EDGE('',*,*,#3769,.F.);
#3769 = EDGE_CURVE('',#3746,#3762,#3770,.T.);
#3770 = LINE('',#3771,#3772);
#3771 = CARTESIAN_POINT('',(2.27076E+03,4.28244E+03,170.688));
#3772 = VECTOR('',#3773,1.);
#3773 = DIRECTION('',(-0.,1.,0.));
#3774 = PLANE('',#3775);
#3775 = AXIS2_PLACEMENT_3D('',#3776,#3777,#3778);
#3776 = CARTESIAN_POINT('',(2.27076E+03,4.28244E+03,158.496));
#3777 = DIRECTION('',(1.,0.,-0.));
#3778 = DIRECTION('',(0.,0.,1.));
#3779 = ADVANCED_FACE('',(#3780),#3796,.F.);
#3780 = FACE_BOUND('',#3781,.F.);
#3781 = EDGE_LOOP('',(#3782,#3788,#3789,#3795));
#3782 = ORIENTED_EDGE('',*,*,#3783,.F.);
#3783 = EDGE_CURVE('',#3704,#3744,#3784,.T.);
#3784 = LINE('',#3785,#3786);
#3785 = CARTESIAN_POINT('',(167.64,4.28244E+03,158.496));
#3786 = VECTOR('',#3787,1.);
#3787 = DIRECTION('',(1.,0.,-0.));
#3788 = ORIENTED_EDGE('',*,*,#3703,.T.);
#3789 = ORIENTED_EDGE('',*,*,#3790,.T.);
#3790 = EDGE_CURVE('',#3706,#3746,#3791,.T.);
#3791 = LINE('',#3792,#3793);
#3792 = CARTESIAN_POINT('',(167.64,4.28244E+03,170.688));
#3793 = VECTOR('',#3794,1.);
#3794 = DIRECTION('',(1.,0.,-0.));
#3795 = ORIENTED_EDGE('',*,*,#3743,.F.);
#3796 = PLANE('',#3797);
#3797 = AXIS2_PLACEMENT_3D('',#3798,#3799,#3800);
#3798 = CARTESIAN_POINT('',(167.64,4.28244E+03,158.496));
#3799 = DIRECTION('',(-0.,1.,0.));
#3800 = DIRECTION('',(0.,0.,1.));
#3801 = ADVANCED_FACE('',(#3802),#3818,.T.);
#3802 = FACE_BOUND('',#3803,.T.);
#3803 = EDGE_LOOP('',(#3804,#3810,#3811,#3817));
#3804 = ORIENTED_EDGE('',*,*,#3805,.F.);
#3805 = EDGE_CURVE('',#3714,#3754,#3806,.T.);
#3806 = LINE('',#3807,#3808);
#3807 = CARTESIAN_POINT('',(167.64,5.92836E+03,158.496));
#3808 = VECTOR('',#3809,1.);
#3809 = DIRECTION('',(1.,0.,-0.));
#3810 = ORIENTED_EDGE('',*,*,#3721,.T.);
#3811 = ORIENTED_EDGE('',*,*,#3812,.T.);
#3812 = EDGE_CURVE('',#3722,#3762,#3813,.T.);
#3813 = LINE('',#3814,#3815);
#3814 = CARTESIAN_POINT('',(167.64,5.92836E+03,170.688));
#3815 = VECTOR('',#3816,1.);
#3816 = DIRECTION('',(1.,0.,-0.));
#3817 = ORIENTED_EDGE('',*,*,#3761,.F.);
#3818 = PLANE('',#3819);
#3819 = AXIS2_PLACEMENT_3D('',#3820,#3821,#3822);
#3820 = CARTESIAN_POINT('',(167.64,5.92836E+03,158.496));
#3821 = DIRECTION('',(-0.,1.,0.));
#3822 = DIRECTION('',(0.,0.,1.));
#3823 = ADVANCED_FACE('',(#3824),#3830,.F.);
#3824 = FACE_BOUND('',#3825,.F.);
#3825 = EDGE_LOOP('',(#3826,#3827,#3828,#3829));
#3826 = ORIENTED_EDGE('',*,*,#3713,.F.);
#3827 = ORIENTED_EDGE('',*,*,#3783,.T.);
#3828 = ORIENTED_EDGE('',*,*,#3753,.T.);
#3829 = ORIENTED_EDGE('',*,*,#3805,.F.);
#3830 = PLANE('',#3831);
#3831 = AXIS2_PLACEMENT_3D('',#3832,#3833,#3834);
#3832 = CARTESIAN_POINT('',(167.64,4.28244E+03,158.496));
#3833 = DIRECTION('',(0.,0.,1.));
#3834 = DIRECTION('',(1.,0.,-0.));
#3835 = ADVANCED_FACE('',(#3836),#3842,.T.);
#3836 = FACE_BOUND('',#3837,.T.);
#3837 = EDGE_LOOP('',(#3838,#3839,#3840,#3841));
#3838 = ORIENTED_EDGE('',*,*,#3729,.F.);
#3839 = ORIENTED_EDGE('',*,*,#3790,.T.);
#3840 = ORIENTED_EDGE('',*,*,#3769,.T.);
#3841 = ORIENTED_EDGE('',*,*,#3812,.F.);
#3842 = PLANE('',#3843);
#3843 = AXIS2_PLACEMENT_3D('',#3844,#3845,#3846);
#3844 = CARTESIAN_POINT('',(167.64,4.28244E+03,170.688));
#3845 = DIRECTION('',(0.,0.,1.));
#3846 = DIRECTION('',(1.,0.,-0.));
#3847 = ( GEOMETRIC_REPRESENTATION_CONTEXT(3) 
GLOBAL_UNCERTAINTY_ASSIGNED_CONTEXT((#3851)) 
GLOBAL_UNIT_ASSIGNED_CONTEXT((#3848,#3849,#3850)) REPRESENTATION_CONTEXT
('Context #1','3D Context with UNIT and UNCERTAINTY') );
#3848 = ( LENGTH_UNIT() NAMED_UNIT(*) SI_UNIT(.MILLI.,.METRE.) );
#3849 = ( NAMED_UNIT(*) PLANE_ANGLE_UNIT() SI_UNIT($,.RADIAN.) );
#3850 = ( NAMED_UNIT(*) SI_UNIT($,.STERADIAN.) SOLID_ANGLE_UNIT() );
#3851 = UNCERTAINTY_MEASURE_WITH_UNIT(LENGTH_MEASURE(1.E-07),#3848,
  'distance_accuracy_value','confusion accuracy');
#3852 = CONTEXT_DEPENDENT_SHAPE_REPRESENTATION(#3853,#3855);
#3853 = ( REPRESENTATION_RELATIONSHIP('','',#3696,#10) 
REPRESENTATION_RELATIONSHIP_WITH_TRANSFORMATION(#3854) 
SHAPE_REPRESENTATION_RELATIONSHIP() );
#3854 = ITEM_DEFINED_TRANSFORMATION('','',#11,#95);
#3855 = PRODUCT_DEFINITION_SHAPE('Placement','Placement of an item',
  #3856);
#3856 = NEXT_ASSEMBLY_USAGE_OCCURRENCE('21','Garage north return','',#5,
  #3691,$);
#3857 = PRODUCT_RELATED_PRODUCT_CATEGORY('part',$,(#3693));
#3858 = SHAPE_DEFINITION_REPRESENTATION(#3859,#3865);
#3859 = PRODUCT_DEFINITION_SHAPE('','',#3860);
#3860 = PRODUCT_DEFINITION('design','',#3861,#3864);
#3861 = PRODUCT_DEFINITION_FORMATION('','',#3862);
#3862 = PRODUCT('Garage overhead door','Garage overhead door','',(#3863)
  );
#3863 = PRODUCT_CONTEXT('',#2,'mechanical');
#3864 = PRODUCT_DEFINITION_CONTEXT('part definition',#2,'design');
#3865 = ADVANCED_BREP_SHAPE_REPRESENTATION('',(#11,#3866),#4016);
#3866 = MANIFOLD_SOLID_BREP('',#3867);
#3867 = CLOSED_SHELL('',(#3868,#3908,#3948,#3970,#3992,#4004));
#3868 = ADVANCED_FACE('',(#3869),#3903,.F.);
#3869 = FACE_BOUND('',#3870,.F.);
#3870 = EDGE_LOOP('',(#3871,#3881,#3889,#3897));
#3871 = ORIENTED_EDGE('',*,*,#3872,.F.);
#3872 = EDGE_CURVE('',#3873,#3875,#3877,.T.);
#3873 = VERTEX_POINT('',#3874);
#3874 = CARTESIAN_POINT('',(57.15,670.56,152.4));
#3875 = VERTEX_POINT('',#3876);
#3876 = CARTESIAN_POINT('',(57.15,670.56,2.4384E+03));
#3877 = LINE('',#3878,#3879);
#3878 = CARTESIAN_POINT('',(57.15,670.56,152.4));
#3879 = VECTOR('',#3880,1.);
#3880 = DIRECTION('',(0.,0.,1.));
#3881 = ORIENTED_EDGE('',*,*,#3882,.T.);
#3882 = EDGE_CURVE('',#3873,#3883,#3885,.T.);
#3883 = VERTEX_POINT('',#3884);
#3884 = CARTESIAN_POINT('',(57.15,3.62712E+03,152.4));
#3885 = LINE('',#3886,#3887);
#3886 = CARTESIAN_POINT('',(57.15,670.56,152.4));
#3887 = VECTOR('',#3888,1.);
#3888 = DIRECTION('',(-0.,1.,0.));
#3889 = ORIENTED_EDGE('',*,*,#3890,.T.);
#3890 = EDGE_CURVE('',#3883,#3891,#3893,.T.);
#3891 = VERTEX_POINT('',#3892);
#3892 = CARTESIAN_POINT('',(57.15,3.62712E+03,2.4384E+03));
#3893 = LINE('',#3894,#3895);
#3894 = CARTESIAN_POINT('',(57.15,3.62712E+03,152.4));
#3895 = VECTOR('',#3896,1.);
#3896 = DIRECTION('',(0.,0.,1.));
#3897 = ORIENTED_EDGE('',*,*,#3898,.F.);
#3898 = EDGE_CURVE('',#3875,#3891,#3899,.T.);
#3899 = LINE('',#3900,#3901);
#3900 = CARTESIAN_POINT('',(57.15,670.56,2.4384E+03));
#3901 = VECTOR('',#3902,1.);
#3902 = DIRECTION('',(-0.,1.,0.));
#3903 = PLANE('',#3904);
#3904 = AXIS2_PLACEMENT_3D('',#3905,#3906,#3907);
#3905 = CARTESIAN_POINT('',(57.15,670.56,152.4));
#3906 = DIRECTION('',(1.,0.,-0.));
#3907 = DIRECTION('',(0.,0.,1.));
#3908 = ADVANCED_FACE('',(#3909),#3943,.T.);
#3909 = FACE_BOUND('',#3910,.T.);
#3910 = EDGE_LOOP('',(#3911,#3921,#3929,#3937));
#3911 = ORIENTED_EDGE('',*,*,#3912,.F.);
#3912 = EDGE_CURVE('',#3913,#3915,#3917,.T.);
#3913 = VERTEX_POINT('',#3914);
#3914 = CARTESIAN_POINT('',(95.25,670.56,152.4));
#3915 = VERTEX_POINT('',#3916);
#3916 = CARTESIAN_POINT('',(95.25,670.56,2.4384E+03));
#3917 = LINE('',#3918,#3919);
#3918 = CARTESIAN_POINT('',(95.25,670.56,152.4));
#3919 = VECTOR('',#3920,1.);
#3920 = DIRECTION('',(0.,0.,1.));
#3921 = ORIENTED_EDGE('',*,*,#3922,.T.);
#3922 = EDGE_CURVE('',#3913,#3923,#3925,.T.);
#3923 = VERTEX_POINT('',#3924);
#3924 = CARTESIAN_POINT('',(95.25,3.62712E+03,152.4));
#3925 = LINE('',#3926,#3927);
#3926 = CARTESIAN_POINT('',(95.25,670.56,152.4));
#3927 = VECTOR('',#3928,1.);
#3928 = DIRECTION('',(-0.,1.,0.));
#3929 = ORIENTED_EDGE('',*,*,#3930,.T.);
#3930 = EDGE_CURVE('',#3923,#3931,#3933,.T.);
#3931 = VERTEX_POINT('',#3932);
#3932 = CARTESIAN_POINT('',(95.25,3.62712E+03,2.4384E+03));
#3933 = LINE('',#3934,#3935);
#3934 = CARTESIAN_POINT('',(95.25,3.62712E+03,152.4));
#3935 = VECTOR('',#3936,1.);
#3936 = DIRECTION('',(0.,0.,1.));
#3937 = ORIENTED_EDGE('',*,*,#3938,.F.);
#3938 = EDGE_CURVE('',#3915,#3931,#3939,.T.);
#3939 = LINE('',#3940,#3941);
#3940 = CARTESIAN_POINT('',(95.25,670.56,2.4384E+03));
#3941 = VECTOR('',#3942,1.);
#3942 = DIRECTION('',(-0.,1.,0.));
#3943 = PLANE('',#3944);
#3944 = AXIS2_PLACEMENT_3D('',#3945,#3946,#3947);
#3945 = CARTESIAN_POINT('',(95.25,670.56,152.4));
#3946 = DIRECTION('',(1.,0.,-0.));
#3947 = DIRECTION('',(0.,0.,1.));
#3948 = ADVANCED_FACE('',(#3949),#3965,.F.);
#3949 = FACE_BOUND('',#3950,.F.);
#3950 = EDGE_LOOP('',(#3951,#3957,#3958,#3964));
#3951 = ORIENTED_EDGE('',*,*,#3952,.F.);
#3952 = EDGE_CURVE('',#3873,#3913,#3953,.T.);
#3953 = LINE('',#3954,#3955);
#3954 = CARTESIAN_POINT('',(57.15,670.56,152.4));
#3955 = VECTOR('',#3956,1.);
#3956 = DIRECTION('',(1.,0.,-0.));
#3957 = ORIENTED_EDGE('',*,*,#3872,.T.);
#3958 = ORIENTED_EDGE('',*,*,#3959,.T.);
#3959 = EDGE_CURVE('',#3875,#3915,#3960,.T.);
#3960 = LINE('',#3961,#3962);
#3961 = CARTESIAN_POINT('',(57.15,670.56,2.4384E+03));
#3962 = VECTOR('',#3963,1.);
#3963 = DIRECTION('',(1.,0.,-0.));
#3964 = ORIENTED_EDGE('',*,*,#3912,.F.);
#3965 = PLANE('',#3966);
#3966 = AXIS2_PLACEMENT_3D('',#3967,#3968,#3969);
#3967 = CARTESIAN_POINT('',(57.15,670.56,152.4));
#3968 = DIRECTION('',(-0.,1.,0.));
#3969 = DIRECTION('',(0.,0.,1.));
#3970 = ADVANCED_FACE('',(#3971),#3987,.T.);
#3971 = FACE_BOUND('',#3972,.T.);
#3972 = EDGE_LOOP('',(#3973,#3979,#3980,#3986));
#3973 = ORIENTED_EDGE('',*,*,#3974,.F.);
#3974 = EDGE_CURVE('',#3883,#3923,#3975,.T.);
#3975 = LINE('',#3976,#3977);
#3976 = CARTESIAN_POINT('',(57.15,3.62712E+03,152.4));
#3977 = VECTOR('',#3978,1.);
#3978 = DIRECTION('',(1.,0.,-0.));
#3979 = ORIENTED_EDGE('',*,*,#3890,.T.);
#3980 = ORIENTED_EDGE('',*,*,#3981,.T.);
#3981 = EDGE_CURVE('',#3891,#3931,#3982,.T.);
#3982 = LINE('',#3983,#3984);
#3983 = CARTESIAN_POINT('',(57.15,3.62712E+03,2.4384E+03));
#3984 = VECTOR('',#3985,1.);
#3985 = DIRECTION('',(1.,0.,-0.));
#3986 = ORIENTED_EDGE('',*,*,#3930,.F.);
#3987 = PLANE('',#3988);
#3988 = AXIS2_PLACEMENT_3D('',#3989,#3990,#3991);
#3989 = CARTESIAN_POINT('',(57.15,3.62712E+03,152.4));
#3990 = DIRECTION('',(-0.,1.,0.));
#3991 = DIRECTION('',(0.,0.,1.));
#3992 = ADVANCED_FACE('',(#3993),#3999,.F.);
#3993 = FACE_BOUND('',#3994,.F.);
#3994 = EDGE_LOOP('',(#3995,#3996,#3997,#3998));
#3995 = ORIENTED_EDGE('',*,*,#3882,.F.);
#3996 = ORIENTED_EDGE('',*,*,#3952,.T.);
#3997 = ORIENTED_EDGE('',*,*,#3922,.T.);
#3998 = ORIENTED_EDGE('',*,*,#3974,.F.);
#3999 = PLANE('',#4000);
#4000 = AXIS2_PLACEMENT_3D('',#4001,#4002,#4003);
#4001 = CARTESIAN_POINT('',(57.15,670.56,152.4));
#4002 = DIRECTION('',(0.,0.,1.));
#4003 = DIRECTION('',(1.,0.,-0.));
#4004 = ADVANCED_FACE('',(#4005),#4011,.T.);
#4005 = FACE_BOUND('',#4006,.T.);
#4006 = EDGE_LOOP('',(#4007,#4008,#4009,#4010));
#4007 = ORIENTED_EDGE('',*,*,#3898,.F.);
#4008 = ORIENTED_EDGE('',*,*,#3959,.T.);
#4009 = ORIENTED_EDGE('',*,*,#3938,.T.);
#4010 = ORIENTED_EDGE('',*,*,#3981,.F.);
#4011 = PLANE('',#4012);
#4012 = AXIS2_PLACEMENT_3D('',#4013,#4014,#4015);
#4013 = CARTESIAN_POINT('',(57.15,670.56,2.4384E+03));
#4014 = DIRECTION('',(0.,0.,1.));
#4015 = DIRECTION('',(1.,0.,-0.));
#4016 = ( GEOMETRIC_REPRESENTATION_CONTEXT(3) 
GLOBAL_UNCERTAINTY_ASSIGNED_CONTEXT((#4020)) 
GLOBAL_UNIT_ASSIGNED_CONTEXT((#4017,#4018,#4019)) REPRESENTATION_CONTEXT
('Context #1','3D Context with UNIT and UNCERTAINTY') );
#4017 = ( LENGTH_UNIT() NAMED_UNIT(*) SI_UNIT(.MILLI.,.METRE.) );
#4018 = ( NAMED_UNIT(*) PLANE_ANGLE_UNIT() SI_UNIT($,.RADIAN.) );
#4019 = ( NAMED_UNIT(*) SI_UNIT($,.STERADIAN.) SOLID_ANGLE_UNIT() );
#4020 = UNCERTAINTY_MEASURE_WITH_UNIT(LENGTH_MEASURE(1.E-07),#4017,
  'distance_accuracy_value','confusion accuracy');
#4021 = CONTEXT_DEPENDENT_SHAPE_REPRESENTATION(#4022,#4024);
#4022 = ( REPRESENTATION_RELATIONSHIP('','',#3865,#10) 
REPRESENTATION_RELATIONSHIP_WITH_TRANSFORMATION(#4023) 
SHAPE_REPRESENTATION_RELATIONSHIP() );
#4023 = ITEM_DEFINED_TRANSFORMATION('','',#11,#99);
#4024 = PRODUCT_DEFINITION_SHAPE('Placement','Placement of an item',
  #4025);
#4025 = NEXT_ASSEMBLY_USAGE_OCCURRENCE('22','Garage overhead door','',#5
  ,#3860,$);
#4026 = PRODUCT_RELATED_PRODUCT_CATEGORY('part',$,(#3862));
#4027 = SHAPE_DEFINITION_REPRESENTATION(#4028,#4034);
#4028 = PRODUCT_DEFINITION_SHAPE('','',#4029);
#4029 = PRODUCT_DEFINITION('design','',#4030,#4033);
#4030 = PRODUCT_DEFINITION_FORMATION('','',#4031);
#4031 = PRODUCT('Ground east patio','Ground east patio','',(#4032));
#4032 = PRODUCT_CONTEXT('',#2,'mechanical');
#4033 = PRODUCT_DEFINITION_CONTEXT('part definition',#2,'design');
#4034 = ADVANCED_BREP_SHAPE_REPRESENTATION('',(#11,#4035),#4185);
#4035 = MANIFOLD_SOLID_BREP('',#4036);
#4036 = CLOSED_SHELL('',(#4037,#4077,#4117,#4139,#4161,#4173));
#4037 = ADVANCED_FACE('',(#4038),#4072,.F.);
#4038 = FACE_BOUND('',#4039,.F.);
#4039 = EDGE_LOOP('',(#4040,#4050,#4058,#4066));
#4040 = ORIENTED_EDGE('',*,*,#4041,.F.);
#4041 = EDGE_CURVE('',#4042,#4044,#4046,.T.);
#4042 = VERTEX_POINT('',#4043);
#4043 = CARTESIAN_POINT('',(7.3152E+03,0.,0.));
#4044 = VERTEX_POINT('',#4045);
#4045 = CARTESIAN_POINT('',(7.3152E+03,0.,76.2));
#4046 = LINE('',#4047,#4048);
#4047 = CARTESIAN_POINT('',(7.3152E+03,0.,0.));
#4048 = VECTOR('',#4049,1.);
#4049 = DIRECTION('',(0.,0.,1.));
#4050 = ORIENTED_EDGE('',*,*,#4051,.T.);
#4051 = EDGE_CURVE('',#4042,#4052,#4054,.T.);
#4052 = VERTEX_POINT('',#4053);
#4053 = CARTESIAN_POINT('',(7.3152E+03,5.9436E+03,0.));
#4054 = LINE('',#4055,#4056);
#4055 = CARTESIAN_POINT('',(7.3152E+03,0.,0.));
#4056 = VECTOR('',#4057,1.);
#4057 = DIRECTION('',(-0.,1.,0.));
#4058 = ORIENTED_EDGE('',*,*,#4059,.T.);
#4059 = EDGE_CURVE('',#4052,#4060,#4062,.T.);
#4060 = VERTEX_POINT('',#4061);
#4061 = CARTESIAN_POINT('',(7.3152E+03,5.9436E+03,76.2));
#4062 = LINE('',#4063,#4064);
#4063 = CARTESIAN_POINT('',(7.3152E+03,5.9436E+03,0.));
#4064 = VECTOR('',#4065,1.);
#4065 = DIRECTION('',(0.,0.,1.));
#4066 = ORIENTED_EDGE('',*,*,#4067,.F.);
#4067 = EDGE_CURVE('',#4044,#4060,#4068,.T.);
#4068 = LINE('',#4069,#4070);
#4069 = CARTESIAN_POINT('',(7.3152E+03,0.,76.2));
#4070 = VECTOR('',#4071,1.);
#4071 = DIRECTION('',(-0.,1.,0.));
#4072 = PLANE('',#4073);
#4073 = AXIS2_PLACEMENT_3D('',#4074,#4075,#4076);
#4074 = CARTESIAN_POINT('',(7.3152E+03,0.,0.));
#4075 = DIRECTION('',(1.,0.,-0.));
#4076 = DIRECTION('',(0.,0.,1.));
#4077 = ADVANCED_FACE('',(#4078),#4112,.T.);
#4078 = FACE_BOUND('',#4079,.T.);
#4079 = EDGE_LOOP('',(#4080,#4090,#4098,#4106));
#4080 = ORIENTED_EDGE('',*,*,#4081,.F.);
#4081 = EDGE_CURVE('',#4082,#4084,#4086,.T.);
#4082 = VERTEX_POINT('',#4083);
#4083 = CARTESIAN_POINT('',(8.382E+03,0.,0.));
#4084 = VERTEX_POINT('',#4085);
#4085 = CARTESIAN_POINT('',(8.382E+03,0.,76.2));
#4086 = LINE('',#4087,#4088);
#4087 = CARTESIAN_POINT('',(8.382E+03,0.,0.));
#4088 = VECTOR('',#4089,1.);
#4089 = DIRECTION('',(0.,0.,1.));
#4090 = ORIENTED_EDGE('',*,*,#4091,.T.);
#4091 = EDGE_CURVE('',#4082,#4092,#4094,.T.);
#4092 = VERTEX_POINT('',#4093);
#4093 = CARTESIAN_POINT('',(8.382E+03,5.9436E+03,0.));
#4094 = LINE('',#4095,#4096);
#4095 = CARTESIAN_POINT('',(8.382E+03,0.,0.));
#4096 = VECTOR('',#4097,1.);
#4097 = DIRECTION('',(-0.,1.,0.));
#4098 = ORIENTED_EDGE('',*,*,#4099,.T.);
#4099 = EDGE_CURVE('',#4092,#4100,#4102,.T.);
#4100 = VERTEX_POINT('',#4101);
#4101 = CARTESIAN_POINT('',(8.382E+03,5.9436E+03,76.2));
#4102 = LINE('',#4103,#4104);
#4103 = CARTESIAN_POINT('',(8.382E+03,5.9436E+03,0.));
#4104 = VECTOR('',#4105,1.);
#4105 = DIRECTION('',(0.,0.,1.));
#4106 = ORIENTED_EDGE('',*,*,#4107,.F.);
#4107 = EDGE_CURVE('',#4084,#4100,#4108,.T.);
#4108 = LINE('',#4109,#4110);
#4109 = CARTESIAN_POINT('',(8.382E+03,0.,76.2));
#4110 = VECTOR('',#4111,1.);
#4111 = DIRECTION('',(-0.,1.,0.));
#4112 = PLANE('',#4113);
#4113 = AXIS2_PLACEMENT_3D('',#4114,#4115,#4116);
#4114 = CARTESIAN_POINT('',(8.382E+03,0.,0.));
#4115 = DIRECTION('',(1.,0.,-0.));
#4116 = DIRECTION('',(0.,0.,1.));
#4117 = ADVANCED_FACE('',(#4118),#4134,.F.);
#4118 = FACE_BOUND('',#4119,.F.);
#4119 = EDGE_LOOP('',(#4120,#4126,#4127,#4133));
#4120 = ORIENTED_EDGE('',*,*,#4121,.F.);
#4121 = EDGE_CURVE('',#4042,#4082,#4122,.T.);
#4122 = LINE('',#4123,#4124);
#4123 = CARTESIAN_POINT('',(7.3152E+03,0.,0.));
#4124 = VECTOR('',#4125,1.);
#4125 = DIRECTION('',(1.,0.,-0.));
#4126 = ORIENTED_EDGE('',*,*,#4041,.T.);
#4127 = ORIENTED_EDGE('',*,*,#4128,.T.);
#4128 = EDGE_CURVE('',#4044,#4084,#4129,.T.);
#4129 = LINE('',#4130,#4131);
#4130 = CARTESIAN_POINT('',(7.3152E+03,0.,76.2));
#4131 = VECTOR('',#4132,1.);
#4132 = DIRECTION('',(1.,0.,-0.));
#4133 = ORIENTED_EDGE('',*,*,#4081,.F.);
#4134 = PLANE('',#4135);
#4135 = AXIS2_PLACEMENT_3D('',#4136,#4137,#4138);
#4136 = CARTESIAN_POINT('',(7.3152E+03,0.,0.));
#4137 = DIRECTION('',(-0.,1.,0.));
#4138 = DIRECTION('',(0.,0.,1.));
#4139 = ADVANCED_FACE('',(#4140),#4156,.T.);
#4140 = FACE_BOUND('',#4141,.T.);
#4141 = EDGE_LOOP('',(#4142,#4148,#4149,#4155));
#4142 = ORIENTED_EDGE('',*,*,#4143,.F.);
#4143 = EDGE_CURVE('',#4052,#4092,#4144,.T.);
#4144 = LINE('',#4145,#4146);
#4145 = CARTESIAN_POINT('',(7.3152E+03,5.9436E+03,0.));
#4146 = VECTOR('',#4147,1.);
#4147 = DIRECTION('',(1.,0.,-0.));
#4148 = ORIENTED_EDGE('',*,*,#4059,.T.);
#4149 = ORIENTED_EDGE('',*,*,#4150,.T.);
#4150 = EDGE_CURVE('',#4060,#4100,#4151,.T.);
#4151 = LINE('',#4152,#4153);
#4152 = CARTESIAN_POINT('',(7.3152E+03,5.9436E+03,76.2));
#4153 = VECTOR('',#4154,1.);
#4154 = DIRECTION('',(1.,0.,-0.));
#4155 = ORIENTED_EDGE('',*,*,#4099,.F.);
#4156 = PLANE('',#4157);
#4157 = AXIS2_PLACEMENT_3D('',#4158,#4159,#4160);
#4158 = CARTESIAN_POINT('',(7.3152E+03,5.9436E+03,0.));
#4159 = DIRECTION('',(-0.,1.,0.));
#4160 = DIRECTION('',(0.,0.,1.));
#4161 = ADVANCED_FACE('',(#4162),#4168,.F.);
#4162 = FACE_BOUND('',#4163,.F.);
#4163 = EDGE_LOOP('',(#4164,#4165,#4166,#4167));
#4164 = ORIENTED_EDGE('',*,*,#4051,.F.);
#4165 = ORIENTED_EDGE('',*,*,#4121,.T.);
#4166 = ORIENTED_EDGE('',*,*,#4091,.T.);
#4167 = ORIENTED_EDGE('',*,*,#4143,.F.);
#4168 = PLANE('',#4169);
#4169 = AXIS2_PLACEMENT_3D('',#4170,#4171,#4172);
#4170 = CARTESIAN_POINT('',(7.3152E+03,0.,0.));
#4171 = DIRECTION('',(0.,0.,1.));
#4172 = DIRECTION('',(1.,0.,-0.));
#4173 = ADVANCED_FACE('',(#4174),#4180,.T.);
#4174 = FACE_BOUND('',#4175,.T.);
#4175 = EDGE_LOOP('',(#4176,#4177,#4178,#4179));
#4176 = ORIENTED_EDGE('',*,*,#4067,.F.);
#4177 = ORIENTED_EDGE('',*,*,#4128,.T.);
#4178 = ORIENTED_EDGE('',*,*,#4107,.T.);
#4179 = ORIENTED_EDGE('',*,*,#4150,.F.);
#4180 = PLANE('',#4181);
#4181 = AXIS2_PLACEMENT_3D('',#4182,#4183,#4184);
#4182 = CARTESIAN_POINT('',(7.3152E+03,0.,76.2));
#4183 = DIRECTION('',(0.,0.,1.));
#4184 = DIRECTION('',(1.,0.,-0.));
#4185 = ( GEOMETRIC_REPRESENTATION_CONTEXT(3) 
GLOBAL_UNCERTAINTY_ASSIGNED_CONTEXT((#4189)) 
GLOBAL_UNIT_ASSIGNED_CONTEXT((#4186,#4187,#4188)) REPRESENTATION_CONTEXT
('Context #1','3D Context with UNIT and UNCERTAINTY') );
#4186 = ( LENGTH_UNIT() NAMED_UNIT(*) SI_UNIT(.MILLI.,.METRE.) );
#4187 = ( NAMED_UNIT(*) PLANE_ANGLE_UNIT() SI_UNIT($,.RADIAN.) );
#4188 = ( NAMED_UNIT(*) SI_UNIT($,.STERADIAN.) SOLID_ANGLE_UNIT() );
#4189 = UNCERTAINTY_MEASURE_WITH_UNIT(LENGTH_MEASURE(1.E-07),#4186,
  'distance_accuracy_value','confusion accuracy');
#4190 = CONTEXT_DEPENDENT_SHAPE_REPRESENTATION(#4191,#4193);
#4191 = ( REPRESENTATION_RELATIONSHIP('','',#4034,#10) 
REPRESENTATION_RELATIONSHIP_WITH_TRANSFORMATION(#4192) 
SHAPE_REPRESENTATION_RELATIONSHIP() );
#4192 = ITEM_DEFINED_TRANSFORMATION('','',#11,#103);
#4193 = PRODUCT_DEFINITION_SHAPE('Placement','Placement of an item',
  #4194);
#4194 = NEXT_ASSEMBLY_USAGE_OCCURRENCE('23','Ground east patio','',#5,
  #4029,$);
#4195 = PRODUCT_RELATED_PRODUCT_CATEGORY('part',$,(#4031));
#4196 = SHAPE_DEFINITION_REPRESENTATION(#4197,#4203);
#4197 = PRODUCT_DEFINITION_SHAPE('','',#4198);
#4198 = PRODUCT_DEFINITION('design','',#4199,#4202);
#4199 = PRODUCT_DEFINITION_FORMATION('','',#4200);
#4200 = PRODUCT('Ground south covered patio',
  'Ground south covered patio','',(#4201));
#4201 = PRODUCT_CONTEXT('',#2,'mechanical');
#4202 = PRODUCT_DEFINITION_CONTEXT('part definition',#2,'design');
#4203 = ADVANCED_BREP_SHAPE_REPRESENTATION('',(#11,#4204),#4354);
#4204 = MANIFOLD_SOLID_BREP('',#4205);
#4205 = CLOSED_SHELL('',(#4206,#4246,#4286,#4308,#4330,#4342));
#4206 = ADVANCED_FACE('',(#4207),#4241,.F.);
#4207 = FACE_BOUND('',#4208,.F.);
#4208 = EDGE_LOOP('',(#4209,#4219,#4227,#4235));
#4209 = ORIENTED_EDGE('',*,*,#4210,.F.);
#4210 = EDGE_CURVE('',#4211,#4213,#4215,.T.);
#4211 = VERTEX_POINT('',#4212);
#4212 = CARTESIAN_POINT('',(3.5052E+03,-1.2192E+03,0.));
#4213 = VERTEX_POINT('',#4214);
#4214 = CARTESIAN_POINT('',(3.5052E+03,-1.2192E+03,76.2));
#4215 = LINE('',#4216,#4217);
#4216 = CARTESIAN_POINT('',(3.5052E+03,-1.2192E+03,0.));
#4217 = VECTOR('',#4218,1.);
#4218 = DIRECTION('',(0.,0.,1.));
#4219 = ORIENTED_EDGE('',*,*,#4220,.T.);
#4220 = EDGE_CURVE('',#4211,#4221,#4223,.T.);
#4221 = VERTEX_POINT('',#4222);
#4222 = CARTESIAN_POINT('',(3.5052E+03,0.,0.));
#4223 = LINE('',#4224,#4225);
#4224 = CARTESIAN_POINT('',(3.5052E+03,-1.2192E+03,0.));
#4225 = VECTOR('',#4226,1.);
#4226 = DIRECTION('',(-0.,1.,0.));
#4227 = ORIENTED_EDGE('',*,*,#4228,.T.);
#4228 = EDGE_CURVE('',#4221,#4229,#4231,.T.);
#4229 = VERTEX_POINT('',#4230);
#4230 = CARTESIAN_POINT('',(3.5052E+03,0.,76.2));
#4231 = LINE('',#4232,#4233);
#4232 = CARTESIAN_POINT('',(3.5052E+03,0.,0.));
#4233 = VECTOR('',#4234,1.);
#4234 = DIRECTION('',(0.,0.,1.));
#4235 = ORIENTED_EDGE('',*,*,#4236,.F.);
#4236 = EDGE_CURVE('',#4213,#4229,#4237,.T.);
#4237 = LINE('',#4238,#4239);
#4238 = CARTESIAN_POINT('',(3.5052E+03,-1.2192E+03,76.2));
#4239 = VECTOR('',#4240,1.);
#4240 = DIRECTION('',(-0.,1.,0.));
#4241 = PLANE('',#4242);
#4242 = AXIS2_PLACEMENT_3D('',#4243,#4244,#4245);
#4243 = CARTESIAN_POINT('',(3.5052E+03,-1.2192E+03,0.));
#4244 = DIRECTION('',(1.,0.,-0.));
#4245 = DIRECTION('',(0.,0.,1.));
#4246 = ADVANCED_FACE('',(#4247),#4281,.T.);
#4247 = FACE_BOUND('',#4248,.T.);
#4248 = EDGE_LOOP('',(#4249,#4259,#4267,#4275));
#4249 = ORIENTED_EDGE('',*,*,#4250,.F.);
#4250 = EDGE_CURVE('',#4251,#4253,#4255,.T.);
#4251 = VERTEX_POINT('',#4252);
#4252 = CARTESIAN_POINT('',(8.382E+03,-1.2192E+03,0.));
#4253 = VERTEX_POINT('',#4254);
#4254 = CARTESIAN_POINT('',(8.382E+03,-1.2192E+03,76.2));
#4255 = LINE('',#4256,#4257);
#4256 = CARTESIAN_POINT('',(8.382E+03,-1.2192E+03,0.));
#4257 = VECTOR('',#4258,1.);
#4258 = DIRECTION('',(0.,0.,1.));
#4259 = ORIENTED_EDGE('',*,*,#4260,.T.);
#4260 = EDGE_CURVE('',#4251,#4261,#4263,.T.);
#4261 = VERTEX_POINT('',#4262);
#4262 = CARTESIAN_POINT('',(8.382E+03,0.,0.));
#4263 = LINE('',#4264,#4265);
#4264 = CARTESIAN_POINT('',(8.382E+03,-1.2192E+03,0.));
#4265 = VECTOR('',#4266,1.);
#4266 = DIRECTION('',(-0.,1.,0.));
#4267 = ORIENTED_EDGE('',*,*,#4268,.T.);
#4268 = EDGE_CURVE('',#4261,#4269,#4271,.T.);
#4269 = VERTEX_POINT('',#4270);
#4270 = CARTESIAN_POINT('',(8.382E+03,0.,76.2));
#4271 = LINE('',#4272,#4273);
#4272 = CARTESIAN_POINT('',(8.382E+03,0.,0.));
#4273 = VECTOR('',#4274,1.);
#4274 = DIRECTION('',(0.,0.,1.));
#4275 = ORIENTED_EDGE('',*,*,#4276,.F.);
#4276 = EDGE_CURVE('',#4253,#4269,#4277,.T.);
#4277 = LINE('',#4278,#4279);
#4278 = CARTESIAN_POINT('',(8.382E+03,-1.2192E+03,76.2));
#4279 = VECTOR('',#4280,1.);
#4280 = DIRECTION('',(-0.,1.,0.));
#4281 = PLANE('',#4282);
#4282 = AXIS2_PLACEMENT_3D('',#4283,#4284,#4285);
#4283 = CARTESIAN_POINT('',(8.382E+03,-1.2192E+03,0.));
#4284 = DIRECTION('',(1.,0.,-0.));
#4285 = DIRECTION('',(0.,0.,1.));
#4286 = ADVANCED_FACE('',(#4287),#4303,.F.);
#4287 = FACE_BOUND('',#4288,.F.);
#4288 = EDGE_LOOP('',(#4289,#4295,#4296,#4302));
#4289 = ORIENTED_EDGE('',*,*,#4290,.F.);
#4290 = EDGE_CURVE('',#4211,#4251,#4291,.T.);
#4291 = LINE('',#4292,#4293);
#4292 = CARTESIAN_POINT('',(3.5052E+03,-1.2192E+03,0.));
#4293 = VECTOR('',#4294,1.);
#4294 = DIRECTION('',(1.,0.,-0.));
#4295 = ORIENTED_EDGE('',*,*,#4210,.T.);
#4296 = ORIENTED_EDGE('',*,*,#4297,.T.);
#4297 = EDGE_CURVE('',#4213,#4253,#4298,.T.);
#4298 = LINE('',#4299,#4300);
#4299 = CARTESIAN_POINT('',(3.5052E+03,-1.2192E+03,76.2));
#4300 = VECTOR('',#4301,1.);
#4301 = DIRECTION('',(1.,0.,-0.));
#4302 = ORIENTED_EDGE('',*,*,#4250,.F.);
#4303 = PLANE('',#4304);
#4304 = AXIS2_PLACEMENT_3D('',#4305,#4306,#4307);
#4305 = CARTESIAN_POINT('',(3.5052E+03,-1.2192E+03,0.));
#4306 = DIRECTION('',(-0.,1.,0.));
#4307 = DIRECTION('',(0.,0.,1.));
#4308 = ADVANCED_FACE('',(#4309),#4325,.T.);
#4309 = FACE_BOUND('',#4310,.T.);
#4310 = EDGE_LOOP('',(#4311,#4317,#4318,#4324));
#4311 = ORIENTED_EDGE('',*,*,#4312,.F.);
#4312 = EDGE_CURVE('',#4221,#4261,#4313,.T.);
#4313 = LINE('',#4314,#4315);
#4314 = CARTESIAN_POINT('',(3.5052E+03,0.,0.));
#4315 = VECTOR('',#4316,1.);
#4316 = DIRECTION('',(1.,0.,-0.));
#4317 = ORIENTED_EDGE('',*,*,#4228,.T.);
#4318 = ORIENTED_EDGE('',*,*,#4319,.T.);
#4319 = EDGE_CURVE('',#4229,#4269,#4320,.T.);
#4320 = LINE('',#4321,#4322);
#4321 = CARTESIAN_POINT('',(3.5052E+03,0.,76.2));
#4322 = VECTOR('',#4323,1.);
#4323 = DIRECTION('',(1.,0.,-0.));
#4324 = ORIENTED_EDGE('',*,*,#4268,.F.);
#4325 = PLANE('',#4326);
#4326 = AXIS2_PLACEMENT_3D('',#4327,#4328,#4329);
#4327 = CARTESIAN_POINT('',(3.5052E+03,0.,0.));
#4328 = DIRECTION('',(-0.,1.,0.));
#4329 = DIRECTION('',(0.,0.,1.));
#4330 = ADVANCED_FACE('',(#4331),#4337,.F.);
#4331 = FACE_BOUND('',#4332,.F.);
#4332 = EDGE_LOOP('',(#4333,#4334,#4335,#4336));
#4333 = ORIENTED_EDGE('',*,*,#4220,.F.);
#4334 = ORIENTED_EDGE('',*,*,#4290,.T.);
#4335 = ORIENTED_EDGE('',*,*,#4260,.T.);
#4336 = ORIENTED_EDGE('',*,*,#4312,.F.);
#4337 = PLANE('',#4338);
#4338 = AXIS2_PLACEMENT_3D('',#4339,#4340,#4341);
#4339 = CARTESIAN_POINT('',(3.5052E+03,-1.2192E+03,0.));
#4340 = DIRECTION('',(0.,0.,1.));
#4341 = DIRECTION('',(1.,0.,-0.));
#4342 = ADVANCED_FACE('',(#4343),#4349,.T.);
#4343 = FACE_BOUND('',#4344,.T.);
#4344 = EDGE_LOOP('',(#4345,#4346,#4347,#4348));
#4345 = ORIENTED_EDGE('',*,*,#4236,.F.);
#4346 = ORIENTED_EDGE('',*,*,#4297,.T.);
#4347 = ORIENTED_EDGE('',*,*,#4276,.T.);
#4348 = ORIENTED_EDGE('',*,*,#4319,.F.);
#4349 = PLANE('',#4350);
#4350 = AXIS2_PLACEMENT_3D('',#4351,#4352,#4353);
#4351 = CARTESIAN_POINT('',(3.5052E+03,-1.2192E+03,76.2));
#4352 = DIRECTION('',(0.,0.,1.));
#4353 = DIRECTION('',(1.,0.,-0.));
#4354 = ( GEOMETRIC_REPRESENTATION_CONTEXT(3) 
GLOBAL_UNCERTAINTY_ASSIGNED_CONTEXT((#4358)) 
GLOBAL_UNIT_ASSIGNED_CONTEXT((#4355,#4356,#4357)) REPRESENTATION_CONTEXT
('Context #1','3D Context with UNIT and UNCERTAINTY') );
#4355 = ( LENGTH_UNIT() NAMED_UNIT(*) SI_UNIT(.MILLI.,.METRE.) );
#4356 = ( NAMED_UNIT(*) PLANE_ANGLE_UNIT() SI_UNIT($,.RADIAN.) );
#4357 = ( NAMED_UNIT(*) SI_UNIT($,.STERADIAN.) SOLID_ANGLE_UNIT() );
#4358 = UNCERTAINTY_MEASURE_WITH_UNIT(LENGTH_MEASURE(1.E-07),#4355,
  'distance_accuracy_value','confusion accuracy');
#4359 = CONTEXT_DEPENDENT_SHAPE_REPRESENTATION(#4360,#4362);
#4360 = ( REPRESENTATION_RELATIONSHIP('','',#4203,#10) 
REPRESENTATION_RELATIONSHIP_WITH_TRANSFORMATION(#4361) 
SHAPE_REPRESENTATION_RELATIONSHIP() );
#4361 = ITEM_DEFINED_TRANSFORMATION('','',#11,#107);
#4362 = PRODUCT_DEFINITION_SHAPE('Placement','Placement of an item',
  #4363);
#4363 = NEXT_ASSEMBLY_USAGE_OCCURRENCE('24','Ground south covered patio'
  ,'',#5,#4198,$);
#4364 = PRODUCT_RELATED_PRODUCT_CATEGORY('part',$,(#4200));
#4365 = SHAPE_DEFINITION_REPRESENTATION(#4366,#4372);
#4366 = PRODUCT_DEFINITION_SHAPE('','',#4367);
#4367 = PRODUCT_DEFINITION('design','',#4368,#4371);
#4368 = PRODUCT_DEFINITION_FORMATION('','',#4369);
#4369 = PRODUCT('Kitchen and dining','Kitchen and dining','',(#4370));
#4370 = PRODUCT_CONTEXT('',#2,'mechanical');
#4371 = PRODUCT_DEFINITION_CONTEXT('part definition',#2,'design');
#4372 = ADVANCED_BREP_SHAPE_REPRESENTATION('',(#11,#4373),#4523);
#4373 = MANIFOLD_SOLID_BREP('',#4374);
#4374 = CLOSED_SHELL('',(#4375,#4415,#4455,#4477,#4499,#4511));
#4375 = ADVANCED_FACE('',(#4376),#4410,.F.);
#4376 = FACE_BOUND('',#4377,.F.);
#4377 = EDGE_LOOP('',(#4378,#4388,#4396,#4404));
#4378 = ORIENTED_EDGE('',*,*,#4379,.F.);
#4379 = EDGE_CURVE('',#4380,#4382,#4384,.T.);
#4380 = VERTEX_POINT('',#4381);
#4381 = CARTESIAN_POINT('',(3.21564E+03,2.65176E+03,3.130296E+03));
#4382 = VERTEX_POINT('',#4383);
#4383 = CARTESIAN_POINT('',(3.21564E+03,2.65176E+03,3.142488E+03));
#4384 = LINE('',#4385,#4386);
#4385 = CARTESIAN_POINT('',(3.21564E+03,2.65176E+03,3.130296E+03));
#4386 = VECTOR('',#4387,1.);
#4387 = DIRECTION('',(0.,0.,1.));
#4388 = ORIENTED_EDGE('',*,*,#4389,.T.);
#4389 = EDGE_CURVE('',#4380,#4390,#4392,.T.);
#4390 = VERTEX_POINT('',#4391);
#4391 = CARTESIAN_POINT('',(3.21564E+03,4.7244E+03,3.130296E+03));
#4392 = LINE('',#4393,#4394);
#4393 = CARTESIAN_POINT('',(3.21564E+03,2.65176E+03,3.130296E+03));
#4394 = VECTOR('',#4395,1.);
#4395 = DIRECTION('',(-0.,1.,0.));
#4396 = ORIENTED_EDGE('',*,*,#4397,.T.);
#4397 = EDGE_CURVE('',#4390,#4398,#4400,.T.);
#4398 = VERTEX_POINT('',#4399);
#4399 = CARTESIAN_POINT('',(3.21564E+03,4.7244E+03,3.142488E+03));
#4400 = LINE('',#4401,#4402);
#4401 = CARTESIAN_POINT('',(3.21564E+03,4.7244E+03,3.130296E+03));
#4402 = VECTOR('',#4403,1.);
#4403 = DIRECTION('',(0.,0.,1.));
#4404 = ORIENTED_EDGE('',*,*,#4405,.F.);
#4405 = EDGE_CURVE('',#4382,#4398,#4406,.T.);
#4406 = LINE('',#4407,#4408);
#4407 = CARTESIAN_POINT('',(3.21564E+03,2.65176E+03,3.142488E+03));
#4408 = VECTOR('',#4409,1.);
#4409 = DIRECTION('',(-0.,1.,0.));
#4410 = PLANE('',#4411);
#4411 = AXIS2_PLACEMENT_3D('',#4412,#4413,#4414);
#4412 = CARTESIAN_POINT('',(3.21564E+03,2.65176E+03,3.130296E+03));
#4413 = DIRECTION('',(1.,0.,-0.));
#4414 = DIRECTION('',(0.,0.,1.));
#4415 = ADVANCED_FACE('',(#4416),#4450,.T.);
#4416 = FACE_BOUND('',#4417,.T.);
#4417 = EDGE_LOOP('',(#4418,#4428,#4436,#4444));
#4418 = ORIENTED_EDGE('',*,*,#4419,.F.);
#4419 = EDGE_CURVE('',#4420,#4422,#4424,.T.);
#4420 = VERTEX_POINT('',#4421);
#4421 = CARTESIAN_POINT('',(7.14756E+03,2.65176E+03,3.130296E+03));
#4422 = VERTEX_POINT('',#4423);
#4423 = CARTESIAN_POINT('',(7.14756E+03,2.65176E+03,3.142488E+03));
#4424 = LINE('',#4425,#4426);
#4425 = CARTESIAN_POINT('',(7.14756E+03,2.65176E+03,3.130296E+03));
#4426 = VECTOR('',#4427,1.);
#4427 = DIRECTION('',(0.,0.,1.));
#4428 = ORIENTED_EDGE('',*,*,#4429,.T.);
#4429 = EDGE_CURVE('',#4420,#4430,#4432,.T.);
#4430 = VERTEX_POINT('',#4431);
#4431 = CARTESIAN_POINT('',(7.14756E+03,4.7244E+03,3.130296E+03));
#4432 = LINE('',#4433,#4434);
#4433 = CARTESIAN_POINT('',(7.14756E+03,2.65176E+03,3.130296E+03));
#4434 = VECTOR('',#4435,1.);
#4435 = DIRECTION('',(-0.,1.,0.));
#4436 = ORIENTED_EDGE('',*,*,#4437,.T.);
#4437 = EDGE_CURVE('',#4430,#4438,#4440,.T.);
#4438 = VERTEX_POINT('',#4439);
#4439 = CARTESIAN_POINT('',(7.14756E+03,4.7244E+03,3.142488E+03));
#4440 = LINE('',#4441,#4442);
#4441 = CARTESIAN_POINT('',(7.14756E+03,4.7244E+03,3.130296E+03));
#4442 = VECTOR('',#4443,1.);
#4443 = DIRECTION('',(0.,0.,1.));
#4444 = ORIENTED_EDGE('',*,*,#4445,.F.);
#4445 = EDGE_CURVE('',#4422,#4438,#4446,.T.);
#4446 = LINE('',#4447,#4448);
#4447 = CARTESIAN_POINT('',(7.14756E+03,2.65176E+03,3.142488E+03));
#4448 = VECTOR('',#4449,1.);
#4449 = DIRECTION('',(-0.,1.,0.));
#4450 = PLANE('',#4451);
#4451 = AXIS2_PLACEMENT_3D('',#4452,#4453,#4454);
#4452 = CARTESIAN_POINT('',(7.14756E+03,2.65176E+03,3.130296E+03));
#4453 = DIRECTION('',(1.,0.,-0.));
#4454 = DIRECTION('',(0.,0.,1.));
#4455 = ADVANCED_FACE('',(#4456),#4472,.F.);
#4456 = FACE_BOUND('',#4457,.F.);
#4457 = EDGE_LOOP('',(#4458,#4464,#4465,#4471));
#4458 = ORIENTED_EDGE('',*,*,#4459,.F.);
#4459 = EDGE_CURVE('',#4380,#4420,#4460,.T.);
#4460 = LINE('',#4461,#4462);
#4461 = CARTESIAN_POINT('',(3.21564E+03,2.65176E+03,3.130296E+03));
#4462 = VECTOR('',#4463,1.);
#4463 = DIRECTION('',(1.,0.,-0.));
#4464 = ORIENTED_EDGE('',*,*,#4379,.T.);
#4465 = ORIENTED_EDGE('',*,*,#4466,.T.);
#4466 = EDGE_CURVE('',#4382,#4422,#4467,.T.);
#4467 = LINE('',#4468,#4469);
#4468 = CARTESIAN_POINT('',(3.21564E+03,2.65176E+03,3.142488E+03));
#4469 = VECTOR('',#4470,1.);
#4470 = DIRECTION('',(1.,0.,-0.));
#4471 = ORIENTED_EDGE('',*,*,#4419,.F.);
#4472 = PLANE('',#4473);
#4473 = AXIS2_PLACEMENT_3D('',#4474,#4475,#4476);
#4474 = CARTESIAN_POINT('',(3.21564E+03,2.65176E+03,3.130296E+03));
#4475 = DIRECTION('',(-0.,1.,0.));
#4476 = DIRECTION('',(0.,0.,1.));
#4477 = ADVANCED_FACE('',(#4478),#4494,.T.);
#4478 = FACE_BOUND('',#4479,.T.);
#4479 = EDGE_LOOP('',(#4480,#4486,#4487,#4493));
#4480 = ORIENTED_EDGE('',*,*,#4481,.F.);
#4481 = EDGE_CURVE('',#4390,#4430,#4482,.T.);
#4482 = LINE('',#4483,#4484);
#4483 = CARTESIAN_POINT('',(3.21564E+03,4.7244E+03,3.130296E+03));
#4484 = VECTOR('',#4485,1.);
#4485 = DIRECTION('',(1.,0.,-0.));
#4486 = ORIENTED_EDGE('',*,*,#4397,.T.);
#4487 = ORIENTED_EDGE('',*,*,#4488,.T.);
#4488 = EDGE_CURVE('',#4398,#4438,#4489,.T.);
#4489 = LINE('',#4490,#4491);
#4490 = CARTESIAN_POINT('',(3.21564E+03,4.7244E+03,3.142488E+03));
#4491 = VECTOR('',#4492,1.);
#4492 = DIRECTION('',(1.,0.,-0.));
#4493 = ORIENTED_EDGE('',*,*,#4437,.F.);
#4494 = PLANE('',#4495);
#4495 = AXIS2_PLACEMENT_3D('',#4496,#4497,#4498);
#4496 = CARTESIAN_POINT('',(3.21564E+03,4.7244E+03,3.130296E+03));
#4497 = DIRECTION('',(-0.,1.,0.));
#4498 = DIRECTION('',(0.,0.,1.));
#4499 = ADVANCED_FACE('',(#4500),#4506,.F.);
#4500 = FACE_BOUND('',#4501,.F.);
#4501 = EDGE_LOOP('',(#4502,#4503,#4504,#4505));
#4502 = ORIENTED_EDGE('',*,*,#4389,.F.);
#4503 = ORIENTED_EDGE('',*,*,#4459,.T.);
#4504 = ORIENTED_EDGE('',*,*,#4429,.T.);
#4505 = ORIENTED_EDGE('',*,*,#4481,.F.);
#4506 = PLANE('',#4507);
#4507 = AXIS2_PLACEMENT_3D('',#4508,#4509,#4510);
#4508 = CARTESIAN_POINT('',(3.21564E+03,2.65176E+03,3.130296E+03));
#4509 = DIRECTION('',(0.,0.,1.));
#4510 = DIRECTION('',(1.,0.,-0.));
#4511 = ADVANCED_FACE('',(#4512),#4518,.T.);
#4512 = FACE_BOUND('',#4513,.T.);
#4513 = EDGE_LOOP('',(#4514,#4515,#4516,#4517));
#4514 = ORIENTED_EDGE('',*,*,#4405,.F.);
#4515 = ORIENTED_EDGE('',*,*,#4466,.T.);
#4516 = ORIENTED_EDGE('',*,*,#4445,.T.);
#4517 = ORIENTED_EDGE('',*,*,#4488,.F.);
#4518 = PLANE('',#4519);
#4519 = AXIS2_PLACEMENT_3D('',#4520,#4521,#4522);
#4520 = CARTESIAN_POINT('',(3.21564E+03,2.65176E+03,3.142488E+03));
#4521 = DIRECTION('',(0.,0.,1.));
#4522 = DIRECTION('',(1.,0.,-0.));
#4523 = ( GEOMETRIC_REPRESENTATION_CONTEXT(3) 
GLOBAL_UNCERTAINTY_ASSIGNED_CONTEXT((#4527)) 
GLOBAL_UNIT_ASSIGNED_CONTEXT((#4524,#4525,#4526)) REPRESENTATION_CONTEXT
('Context #1','3D Context with UNIT and UNCERTAINTY') );
#4524 = ( LENGTH_UNIT() NAMED_UNIT(*) SI_UNIT(.MILLI.,.METRE.) );
#4525 = ( NAMED_UNIT(*) PLANE_ANGLE_UNIT() SI_UNIT($,.RADIAN.) );
#4526 = ( NAMED_UNIT(*) SI_UNIT($,.STERADIAN.) SOLID_ANGLE_UNIT() );
#4527 = UNCERTAINTY_MEASURE_WITH_UNIT(LENGTH_MEASURE(1.E-07),#4524,
  'distance_accuracy_value','confusion accuracy');
#4528 = CONTEXT_DEPENDENT_SHAPE_REPRESENTATION(#4529,#4531);
#4529 = ( REPRESENTATION_RELATIONSHIP('','',#4372,#10) 
REPRESENTATION_RELATIONSHIP_WITH_TRANSFORMATION(#4530) 
SHAPE_REPRESENTATION_RELATIONSHIP() );
#4530 = ITEM_DEFINED_TRANSFORMATION('','',#11,#111);
#4531 = PRODUCT_DEFINITION_SHAPE('Placement','Placement of an item',
  #4532);
#4532 = NEXT_ASSEMBLY_USAGE_OCCURRENCE('25','Kitchen and dining','',#5,
  #4367,$);
#4533 = PRODUCT_RELATED_PRODUCT_CATEGORY('part',$,(#4369));
#4534 = SHAPE_DEFINITION_REPRESENTATION(#4535,#4541);
#4535 = PRODUCT_DEFINITION_SHAPE('','',#4536);
#4536 = PRODUCT_DEFINITION('design','',#4537,#4540);
#4537 = PRODUCT_DEFINITION_FORMATION('','',#4538);
#4538 = PRODUCT('Kitchen ridge island','Kitchen ridge island','',(#4539)
  );
#4539 = PRODUCT_CONTEXT('',#2,'mechanical');
#4540 = PRODUCT_DEFINITION_CONTEXT('part definition',#2,'design');
#4541 = ADVANCED_BREP_SHAPE_REPRESENTATION('',(#11,#4542),#4692);
#4542 = MANIFOLD_SOLID_BREP('',#4543);
#4543 = CLOSED_SHELL('',(#4544,#4584,#4624,#4646,#4668,#4680));
#4544 = ADVANCED_FACE('',(#4545),#4579,.F.);
#4545 = FACE_BOUND('',#4546,.F.);
#4546 = EDGE_LOOP('',(#4547,#4557,#4565,#4573));
#4547 = ORIENTED_EDGE('',*,*,#4548,.F.);
#4548 = EDGE_CURVE('',#4549,#4551,#4553,.T.);
#4549 = VERTEX_POINT('',#4550);
#4550 = CARTESIAN_POINT('',(3.6576E+03,2.71272E+03,3.1242E+03));
#4551 = VERTEX_POINT('',#4552);
#4552 = CARTESIAN_POINT('',(3.6576E+03,2.71272E+03,4.0386E+03));
#4553 = LINE('',#4554,#4555);
#4554 = CARTESIAN_POINT('',(3.6576E+03,2.71272E+03,3.1242E+03));
#4555 = VECTOR('',#4556,1.);
#4556 = DIRECTION('',(0.,0.,1.));
#4557 = ORIENTED_EDGE('',*,*,#4558,.T.);
#4558 = EDGE_CURVE('',#4549,#4559,#4561,.T.);
#4559 = VERTEX_POINT('',#4560);
#4560 = CARTESIAN_POINT('',(3.6576E+03,3.38328E+03,3.1242E+03));
#4561 = LINE('',#4562,#4563);
#4562 = CARTESIAN_POINT('',(3.6576E+03,2.71272E+03,3.1242E+03));
#4563 = VECTOR('',#4564,1.);
#4564 = DIRECTION('',(-0.,1.,0.));
#4565 = ORIENTED_EDGE('',*,*,#4566,.T.);
#4566 = EDGE_CURVE('',#4559,#4567,#4569,.T.);
#4567 = VERTEX_POINT('',#4568);
#4568 = CARTESIAN_POINT('',(3.6576E+03,3.38328E+03,4.0386E+03));
#4569 = LINE('',#4570,#4571);
#4570 = CARTESIAN_POINT('',(3.6576E+03,3.38328E+03,3.1242E+03));
#4571 = VECTOR('',#4572,1.);
#4572 = DIRECTION('',(0.,0.,1.));
#4573 = ORIENTED_EDGE('',*,*,#4574,.F.);
#4574 = EDGE_CURVE('',#4551,#4567,#4575,.T.);
#4575 = LINE('',#4576,#4577);
#4576 = CARTESIAN_POINT('',(3.6576E+03,2.71272E+03,4.0386E+03));
#4577 = VECTOR('',#4578,1.);
#4578 = DIRECTION('',(-0.,1.,0.));
#4579 = PLANE('',#4580);
#4580 = AXIS2_PLACEMENT_3D('',#4581,#4582,#4583);
#4581 = CARTESIAN_POINT('',(3.6576E+03,2.71272E+03,3.1242E+03));
#4582 = DIRECTION('',(1.,0.,-0.));
#4583 = DIRECTION('',(0.,0.,1.));
#4584 = ADVANCED_FACE('',(#4585),#4619,.T.);
#4585 = FACE_BOUND('',#4586,.T.);
#4586 = EDGE_LOOP('',(#4587,#4597,#4605,#4613));
#4587 = ORIENTED_EDGE('',*,*,#4588,.F.);
#4588 = EDGE_CURVE('',#4589,#4591,#4593,.T.);
#4589 = VERTEX_POINT('',#4590);
#4590 = CARTESIAN_POINT('',(5.91312E+03,2.71272E+03,3.1242E+03));
#4591 = VERTEX_POINT('',#4592);
#4592 = CARTESIAN_POINT('',(5.91312E+03,2.71272E+03,4.0386E+03));
#4593 = LINE('',#4594,#4595);
#4594 = CARTESIAN_POINT('',(5.91312E+03,2.71272E+03,3.1242E+03));
#4595 = VECTOR('',#4596,1.);
#4596 = DIRECTION('',(0.,0.,1.));
#4597 = ORIENTED_EDGE('',*,*,#4598,.T.);
#4598 = EDGE_CURVE('',#4589,#4599,#4601,.T.);
#4599 = VERTEX_POINT('',#4600);
#4600 = CARTESIAN_POINT('',(5.91312E+03,3.38328E+03,3.1242E+03));
#4601 = LINE('',#4602,#4603);
#4602 = CARTESIAN_POINT('',(5.91312E+03,2.71272E+03,3.1242E+03));
#4603 = VECTOR('',#4604,1.);
#4604 = DIRECTION('',(-0.,1.,0.));
#4605 = ORIENTED_EDGE('',*,*,#4606,.T.);
#4606 = EDGE_CURVE('',#4599,#4607,#4609,.T.);
#4607 = VERTEX_POINT('',#4608);
#4608 = CARTESIAN_POINT('',(5.91312E+03,3.38328E+03,4.0386E+03));
#4609 = LINE('',#4610,#4611);
#4610 = CARTESIAN_POINT('',(5.91312E+03,3.38328E+03,3.1242E+03));
#4611 = VECTOR('',#4612,1.);
#4612 = DIRECTION('',(0.,0.,1.));
#4613 = ORIENTED_EDGE('',*,*,#4614,.F.);
#4614 = EDGE_CURVE('',#4591,#4607,#4615,.T.);
#4615 = LINE('',#4616,#4617);
#4616 = CARTESIAN_POINT('',(5.91312E+03,2.71272E+03,4.0386E+03));
#4617 = VECTOR('',#4618,1.);
#4618 = DIRECTION('',(-0.,1.,0.));
#4619 = PLANE('',#4620);
#4620 = AXIS2_PLACEMENT_3D('',#4621,#4622,#4623);
#4621 = CARTESIAN_POINT('',(5.91312E+03,2.71272E+03,3.1242E+03));
#4622 = DIRECTION('',(1.,0.,-0.));
#4623 = DIRECTION('',(0.,0.,1.));
#4624 = ADVANCED_FACE('',(#4625),#4641,.F.);
#4625 = FACE_BOUND('',#4626,.F.);
#4626 = EDGE_LOOP('',(#4627,#4633,#4634,#4640));
#4627 = ORIENTED_EDGE('',*,*,#4628,.F.);
#4628 = EDGE_CURVE('',#4549,#4589,#4629,.T.);
#4629 = LINE('',#4630,#4631);
#4630 = CARTESIAN_POINT('',(3.6576E+03,2.71272E+03,3.1242E+03));
#4631 = VECTOR('',#4632,1.);
#4632 = DIRECTION('',(1.,0.,-0.));
#4633 = ORIENTED_EDGE('',*,*,#4548,.T.);
#4634 = ORIENTED_EDGE('',*,*,#4635,.T.);
#4635 = EDGE_CURVE('',#4551,#4591,#4636,.T.);
#4636 = LINE('',#4637,#4638);
#4637 = CARTESIAN_POINT('',(3.6576E+03,2.71272E+03,4.0386E+03));
#4638 = VECTOR('',#4639,1.);
#4639 = DIRECTION('',(1.,0.,-0.));
#4640 = ORIENTED_EDGE('',*,*,#4588,.F.);
#4641 = PLANE('',#4642);
#4642 = AXIS2_PLACEMENT_3D('',#4643,#4644,#4645);
#4643 = CARTESIAN_POINT('',(3.6576E+03,2.71272E+03,3.1242E+03));
#4644 = DIRECTION('',(-0.,1.,0.));
#4645 = DIRECTION('',(0.,0.,1.));
#4646 = ADVANCED_FACE('',(#4647),#4663,.T.);
#4647 = FACE_BOUND('',#4648,.T.);
#4648 = EDGE_LOOP('',(#4649,#4655,#4656,#4662));
#4649 = ORIENTED_EDGE('',*,*,#4650,.F.);
#4650 = EDGE_CURVE('',#4559,#4599,#4651,.T.);
#4651 = LINE('',#4652,#4653);
#4652 = CARTESIAN_POINT('',(3.6576E+03,3.38328E+03,3.1242E+03));
#4653 = VECTOR('',#4654,1.);
#4654 = DIRECTION('',(1.,0.,-0.));
#4655 = ORIENTED_EDGE('',*,*,#4566,.T.);
#4656 = ORIENTED_EDGE('',*,*,#4657,.T.);
#4657 = EDGE_CURVE('',#4567,#4607,#4658,.T.);
#4658 = LINE('',#4659,#4660);
#4659 = CARTESIAN_POINT('',(3.6576E+03,3.38328E+03,4.0386E+03));
#4660 = VECTOR('',#4661,1.);
#4661 = DIRECTION('',(1.,0.,-0.));
#4662 = ORIENTED_EDGE('',*,*,#4606,.F.);
#4663 = PLANE('',#4664);
#4664 = AXIS2_PLACEMENT_3D('',#4665,#4666,#4667);
#4665 = CARTESIAN_POINT('',(3.6576E+03,3.38328E+03,3.1242E+03));
#4666 = DIRECTION('',(-0.,1.,0.));
#4667 = DIRECTION('',(0.,0.,1.));
#4668 = ADVANCED_FACE('',(#4669),#4675,.F.);
#4669 = FACE_BOUND('',#4670,.F.);
#4670 = EDGE_LOOP('',(#4671,#4672,#4673,#4674));
#4671 = ORIENTED_EDGE('',*,*,#4558,.F.);
#4672 = ORIENTED_EDGE('',*,*,#4628,.T.);
#4673 = ORIENTED_EDGE('',*,*,#4598,.T.);
#4674 = ORIENTED_EDGE('',*,*,#4650,.F.);
#4675 = PLANE('',#4676);
#4676 = AXIS2_PLACEMENT_3D('',#4677,#4678,#4679);
#4677 = CARTESIAN_POINT('',(3.6576E+03,2.71272E+03,3.1242E+03));
#4678 = DIRECTION('',(0.,0.,1.));
#4679 = DIRECTION('',(1.,0.,-0.));
#4680 = ADVANCED_FACE('',(#4681),#4687,.T.);
#4681 = FACE_BOUND('',#4682,.T.);
#4682 = EDGE_LOOP('',(#4683,#4684,#4685,#4686));
#4683 = ORIENTED_EDGE('',*,*,#4574,.F.);
#4684 = ORIENTED_EDGE('',*,*,#4635,.T.);
#4685 = ORIENTED_EDGE('',*,*,#4614,.T.);
#4686 = ORIENTED_EDGE('',*,*,#4657,.F.);
#4687 = PLANE('',#4688);
#4688 = AXIS2_PLACEMENT_3D('',#4689,#4690,#4691);
#4689 = CARTESIAN_POINT('',(3.6576E+03,2.71272E+03,4.0386E+03));
#4690 = DIRECTION('',(0.,0.,1.));
#4691 = DIRECTION('',(1.,0.,-0.));
#4692 = ( GEOMETRIC_REPRESENTATION_CONTEXT(3) 
GLOBAL_UNCERTAINTY_ASSIGNED_CONTEXT((#4696)) 
GLOBAL_UNIT_ASSIGNED_CONTEXT((#4693,#4694,#4695)) REPRESENTATION_CONTEXT
('Context #1','3D Context with UNIT and UNCERTAINTY') );
#4693 = ( LENGTH_UNIT() NAMED_UNIT(*) SI_UNIT(.MILLI.,.METRE.) );
#4694 = ( NAMED_UNIT(*) PLANE_ANGLE_UNIT() SI_UNIT($,.RADIAN.) );
#4695 = ( NAMED_UNIT(*) SI_UNIT($,.STERADIAN.) SOLID_ANGLE_UNIT() );
#4696 = UNCERTAINTY_MEASURE_WITH_UNIT(LENGTH_MEASURE(1.E-07),#4693,
  'distance_accuracy_value','confusion accuracy');
#4697 = CONTEXT_DEPENDENT_SHAPE_REPRESENTATION(#4698,#4700);
#4698 = ( REPRESENTATION_RELATIONSHIP('','',#4541,#10) 
REPRESENTATION_RELATIONSHIP_WITH_TRANSFORMATION(#4699) 
SHAPE_REPRESENTATION_RELATIONSHIP() );
#4699 = ITEM_DEFINED_TRANSFORMATION('','',#11,#115);
#4700 = PRODUCT_DEFINITION_SHAPE('Placement','Placement of an item',
  #4701);
#4701 = NEXT_ASSEMBLY_USAGE_OCCURRENCE('26','Kitchen ridge island','',#5
  ,#4536,$);
#4702 = PRODUCT_RELATED_PRODUCT_CATEGORY('part',$,(#4538));
#4703 = SHAPE_DEFINITION_REPRESENTATION(#4704,#4710);
#4704 = PRODUCT_DEFINITION_SHAPE('','',#4705);
#4705 = PRODUCT_DEFINITION('design','',#4706,#4709);
#4706 = PRODUCT_DEFINITION_FORMATION('','',#4707);
#4707 = PRODUCT('L1 bathroom south wall','L1 bathroom south wall','',(
    #4708));
#4708 = PRODUCT_CONTEXT('',#2,'mechanical');
#4709 = PRODUCT_DEFINITION_CONTEXT('part definition',#2,'design');
#4710 = ADVANCED_BREP_SHAPE_REPRESENTATION('',(#11,#4711),#4993);
#4711 = MANIFOLD_SOLID_BREP('',#4712);
#4712 = CLOSED_SHELL('',(#4713,#4753,#4816,#4840,#4896,#4913,#4930,#4947
    ,#4964,#4981));
#4713 = ADVANCED_FACE('',(#4714),#4748,.F.);
#4714 = FACE_BOUND('',#4715,.F.);
#4715 = EDGE_LOOP('',(#4716,#4726,#4734,#4742));
#4716 = ORIENTED_EDGE('',*,*,#4717,.F.);
#4717 = EDGE_CURVE('',#4718,#4720,#4722,.T.);
#4718 = VERTEX_POINT('',#4719);
#4719 = CARTESIAN_POINT('',(2.286E+03,4.2672E+03,152.4));
#4720 = VERTEX_POINT('',#4721);
#4721 = CARTESIAN_POINT('',(2.286E+03,4.2672E+03,2.8956E+03));
#4722 = LINE('',#4723,#4724);
#4723 = CARTESIAN_POINT('',(2.286E+03,4.2672E+03,152.4));
#4724 = VECTOR('',#4725,1.);
#4725 = DIRECTION('',(0.,0.,1.));
#4726 = ORIENTED_EDGE('',*,*,#4727,.T.);
#4727 = EDGE_CURVE('',#4718,#4728,#4730,.T.);
#4728 = VERTEX_POINT('',#4729);
#4729 = CARTESIAN_POINT('',(2.286E+03,4.367784E+03,152.4));
#4730 = LINE('',#4731,#4732);
#4731 = CARTESIAN_POINT('',(2.286E+03,4.2672E+03,152.4));
#4732 = VECTOR('',#4733,1.);
#4733 = DIRECTION('',(-0.,1.,0.));
#4734 = ORIENTED_EDGE('',*,*,#4735,.T.);
#4735 = EDGE_CURVE('',#4728,#4736,#4738,.T.);
#4736 = VERTEX_POINT('',#4737);
#4737 = CARTESIAN_POINT('',(2.286E+03,4.367784E+03,2.8956E+03));
#4738 = LINE('',#4739,#4740);
#4739 = CARTESIAN_POINT('',(2.286E+03,4.367784E+03,152.4));
#4740 = VECTOR('',#4741,1.);
#4741 = DIRECTION('',(0.,0.,1.));
#4742 = ORIENTED_EDGE('',*,*,#4743,.F.);
#4743 = EDGE_CURVE('',#4720,#4736,#4744,.T.);
#4744 = LINE('',#4745,#4746);
#4745 = CARTESIAN_POINT('',(2.286E+03,4.2672E+03,2.8956E+03));
#4746 = VECTOR('',#4747,1.);
#4747 = DIRECTION('',(-0.,1.,0.));
#4748 = PLANE('',#4749);
#4749 = AXIS2_PLACEMENT_3D('',#4750,#4751,#4752);
#4750 = CARTESIAN_POINT('',(2.286E+03,4.2672E+03,152.4));
#4751 = DIRECTION('',(1.,0.,-0.));
#4752 = DIRECTION('',(0.,0.,1.));
#4753 = ADVANCED_FACE('',(#4754),#4811,.F.);
#4754 = FACE_BOUND('',#4755,.F.);
#4755 = EDGE_LOOP('',(#4756,#4764,#4765,#4773,#4781,#4789,#4797,#4805));
#4756 = ORIENTED_EDGE('',*,*,#4757,.F.);
#4757 = EDGE_CURVE('',#4718,#4758,#4760,.T.);
#4758 = VERTEX_POINT('',#4759);
#4759 = CARTESIAN_POINT('',(3.29184E+03,4.2672E+03,152.4));
#4760 = LINE('',#4761,#4762);
#4761 = CARTESIAN_POINT('',(2.286E+03,4.2672E+03,152.4));
#4762 = VECTOR('',#4763,1.);
#4763 = DIRECTION('',(1.,0.,-0.));
#4764 = ORIENTED_EDGE('',*,*,#4717,.T.);
#4765 = ORIENTED_EDGE('',*,*,#4766,.T.);
#4766 = EDGE_CURVE('',#4720,#4767,#4769,.T.);
#4767 = VERTEX_POINT('',#4768);
#4768 = CARTESIAN_POINT('',(4.2672E+03,4.2672E+03,2.8956E+03));
#4769 = LINE('',#4770,#4771);
#4770 = CARTESIAN_POINT('',(2.286E+03,4.2672E+03,2.8956E+03));
#4771 = VECTOR('',#4772,1.);
#4772 = DIRECTION('',(1.,0.,-0.));
#4773 = ORIENTED_EDGE('',*,*,#4774,.F.);
#4774 = EDGE_CURVE('',#4775,#4767,#4777,.T.);
#4775 = VERTEX_POINT('',#4776);
#4776 = CARTESIAN_POINT('',(4.2672E+03,4.2672E+03,152.4));
#4777 = LINE('',#4778,#4779);
#4778 = CARTESIAN_POINT('',(4.2672E+03,4.2672E+03,152.4));
#4779 = VECTOR('',#4780,1.);
#4780 = DIRECTION('',(0.,0.,1.));
#4781 = ORIENTED_EDGE('',*,*,#4782,.F.);
#4782 = EDGE_CURVE('',#4783,#4775,#4785,.T.);
#4783 = VERTEX_POINT('',#4784);
#4784 = CARTESIAN_POINT('',(4.02336E+03,4.2672E+03,152.4));
#4785 = LINE('',#4786,#4787);
#4786 = CARTESIAN_POINT('',(2.286E+03,4.2672E+03,152.4));
#4787 = VECTOR('',#4788,1.);
#4788 = DIRECTION('',(1.,0.,-0.));
#4789 = ORIENTED_EDGE('',*,*,#4790,.F.);
#4790 = EDGE_CURVE('',#4791,#4783,#4793,.T.);
#4791 = VERTEX_POINT('',#4792);
#4792 = CARTESIAN_POINT('',(4.02336E+03,4.2672E+03,2.22504E+03));
#4793 = LINE('',#4794,#4795);
#4794 = CARTESIAN_POINT('',(4.02336E+03,4.2672E+03,152.4));
#4795 = VECTOR('',#4796,1.);
#4796 = DIRECTION('',(-0.,0.,-1.));
#4797 = ORIENTED_EDGE('',*,*,#4798,.F.);
#4798 = EDGE_CURVE('',#4799,#4791,#4801,.T.);
#4799 = VERTEX_POINT('',#4800);
#4800 = CARTESIAN_POINT('',(3.29184E+03,4.2672E+03,2.22504E+03));
#4801 = LINE('',#4802,#4803);
#4802 = CARTESIAN_POINT('',(2.78892E+03,4.2672E+03,2.22504E+03));
#4803 = VECTOR('',#4804,1.);
#4804 = DIRECTION('',(1.,0.,-0.));
#4805 = ORIENTED_EDGE('',*,*,#4806,.T.);
#4806 = EDGE_CURVE('',#4799,#4758,#4807,.T.);
#4807 = LINE('',#4808,#4809);
#4808 = CARTESIAN_POINT('',(3.29184E+03,4.2672E+03,152.4));
#4809 = VECTOR('',#4810,1.);
#4810 = DIRECTION('',(-0.,0.,-1.));
#4811 = PLANE('',#4812);
#4812 = AXIS2_PLACEMENT_3D('',#4813,#4814,#4815);
#4813 = CARTESIAN_POINT('',(2.286E+03,4.2672E+03,152.4));
#4814 = DIRECTION('',(-0.,1.,0.));
#4815 = DIRECTION('',(0.,0.,1.));
#4816 = ADVANCED_FACE('',(#4817),#4835,.T.);
#4817 = FACE_BOUND('',#4818,.T.);
#4818 = EDGE_LOOP('',(#4819,#4820,#4821,#4829));
#4819 = ORIENTED_EDGE('',*,*,#4743,.F.);
#4820 = ORIENTED_EDGE('',*,*,#4766,.T.);
#4821 = ORIENTED_EDGE('',*,*,#4822,.T.);
#4822 = EDGE_CURVE('',#4767,#4823,#4825,.T.);
#4823 = VERTEX_POINT('',#4824);
#4824 = CARTESIAN_POINT('',(4.2672E+03,4.367784E+03,2.8956E+03));
#4825 = LINE('',#4826,#4827);
#4826 = CARTESIAN_POINT('',(4.2672E+03,4.2672E+03,2.8956E+03));
#4827 = VECTOR('',#4828,1.);
#4828 = DIRECTION('',(-0.,1.,0.));
#4829 = ORIENTED_EDGE('',*,*,#4830,.F.);
#4830 = EDGE_CURVE('',#4736,#4823,#4831,.T.);
#4831 = LINE('',#4832,#4833);
#4832 = CARTESIAN_POINT('',(2.286E+03,4.367784E+03,2.8956E+03));
#4833 = VECTOR('',#4834,1.);
#4834 = DIRECTION('',(1.,0.,-0.));
#4835 = PLANE('',#4836);
#4836 = AXIS2_PLACEMENT_3D('',#4837,#4838,#4839);
#4837 = CARTESIAN_POINT('',(2.286E+03,4.2672E+03,2.8956E+03));
#4838 = DIRECTION('',(0.,0.,1.));
#4839 = DIRECTION('',(1.,0.,-0.));
#4840 = ADVANCED_FACE('',(#4841),#4891,.T.);
#4841 = FACE_BOUND('',#4842,.T.);
#4842 = EDGE_LOOP('',(#4843,#4851,#4852,#4853,#4861,#4869,#4877,#4885));
#4843 = ORIENTED_EDGE('',*,*,#4844,.F.);
#4844 = EDGE_CURVE('',#4728,#4845,#4847,.T.);
#4845 = VERTEX_POINT('',#4846);
#4846 = CARTESIAN_POINT('',(3.29184E+03,4.367784E+03,152.4));
#4847 = LINE('',#4848,#4849);
#4848 = CARTESIAN_POINT('',(2.286E+03,4.367784E+03,152.4));
#4849 = VECTOR('',#4850,1.);
#4850 = DIRECTION('',(1.,0.,-0.));
#4851 = ORIENTED_EDGE('',*,*,#4735,.T.);
#4852 = ORIENTED_EDGE('',*,*,#4830,.T.);
#4853 = ORIENTED_EDGE('',*,*,#4854,.F.);
#4854 = EDGE_CURVE('',#4855,#4823,#4857,.T.);
#4855 = VERTEX_POINT('',#4856);
#4856 = CARTESIAN_POINT('',(4.2672E+03,4.367784E+03,152.4));
#4857 = LINE('',#4858,#4859);
#4858 = CARTESIAN_POINT('',(4.2672E+03,4.367784E+03,152.4));
#4859 = VECTOR('',#4860,1.);
#4860 = DIRECTION('',(0.,0.,1.));
#4861 = ORIENTED_EDGE('',*,*,#4862,.F.);
#4862 = EDGE_CURVE('',#4863,#4855,#4865,.T.);
#4863 = VERTEX_POINT('',#4864);
#4864 = CARTESIAN_POINT('',(4.02336E+03,4.367784E+03,152.4));
#4865 = LINE('',#4866,#4867);
#4866 = CARTESIAN_POINT('',(2.286E+03,4.367784E+03,152.4));
#4867 = VECTOR('',#4868,1.);
#4868 = DIRECTION('',(1.,0.,-0.));
#4869 = ORIENTED_EDGE('',*,*,#4870,.F.);
#4870 = EDGE_CURVE('',#4871,#4863,#4873,.T.);
#4871 = VERTEX_POINT('',#4872);
#4872 = CARTESIAN_POINT('',(4.02336E+03,4.367784E+03,2.22504E+03));
#4873 = LINE('',#4874,#4875);
#4874 = CARTESIAN_POINT('',(4.02336E+03,4.367784E+03,152.4));
#4875 = VECTOR('',#4876,1.);
#4876 = DIRECTION('',(-0.,0.,-1.));
#4877 = ORIENTED_EDGE('',*,*,#4878,.F.);
#4878 = EDGE_CURVE('',#4879,#4871,#4881,.T.);
#4879 = VERTEX_POINT('',#4880);
#4880 = CARTESIAN_POINT('',(3.29184E+03,4.367784E+03,2.22504E+03));
#4881 = LINE('',#4882,#4883);
#4882 = CARTESIAN_POINT('',(2.78892E+03,4.367784E+03,2.22504E+03));
#4883 = VECTOR('',#4884,1.);
#4884 = DIRECTION('',(1.,0.,-0.));
#4885 = ORIENTED_EDGE('',*,*,#4886,.T.);
#4886 = EDGE_CURVE('',#4879,#4845,#4887,.T.);
#4887 = LINE('',#4888,#4889);
#4888 = CARTESIAN_POINT('',(3.29184E+03,4.367784E+03,152.4));
#4889 = VECTOR('',#4890,1.);
#4890 = DIRECTION('',(-0.,0.,-1.));
#4891 = PLANE('',#4892);
#4892 = AXIS2_PLACEMENT_3D('',#4893,#4894,#4895);
#4893 = CARTESIAN_POINT('',(2.286E+03,4.367784E+03,152.4));
#4894 = DIRECTION('',(-0.,1.,0.));
#4895 = DIRECTION('',(0.,0.,1.));
#4896 = ADVANCED_FACE('',(#4897),#4908,.F.);
#4897 = FACE_BOUND('',#4898,.F.);
#4898 = EDGE_LOOP('',(#4899,#4900,#4901,#4902));
#4899 = ORIENTED_EDGE('',*,*,#4844,.F.);
#4900 = ORIENTED_EDGE('',*,*,#4727,.F.);
#4901 = ORIENTED_EDGE('',*,*,#4757,.T.);
#4902 = ORIENTED_EDGE('',*,*,#4903,.T.);
#4903 = EDGE_CURVE('',#4758,#4845,#4904,.T.);
#4904 = LINE('',#4905,#4906);
#4905 = CARTESIAN_POINT('',(3.29184E+03,4.25196E+03,152.4));
#4906 = VECTOR('',#4907,1.);
#4907 = DIRECTION('',(-0.,1.,0.));
#4908 = PLANE('',#4909);
#4909 = AXIS2_PLACEMENT_3D('',#4910,#4911,#4912);
#4910 = CARTESIAN_POINT('',(2.286E+03,4.2672E+03,152.4));
#4911 = DIRECTION('',(0.,0.,1.));
#4912 = DIRECTION('',(1.,0.,-0.));
#4913 = ADVANCED_FACE('',(#4914),#4925,.T.);
#4914 = FACE_BOUND('',#4915,.T.);
#4915 = EDGE_LOOP('',(#4916,#4922,#4923,#4924));
#4916 = ORIENTED_EDGE('',*,*,#4917,.F.);
#4917 = EDGE_CURVE('',#4799,#4879,#4918,.T.);
#4918 = LINE('',#4919,#4920);
#4919 = CARTESIAN_POINT('',(3.29184E+03,4.25196E+03,2.22504E+03));
#4920 = VECTOR('',#4921,1.);
#4921 = DIRECTION('',(-0.,1.,0.));
#4922 = ORIENTED_EDGE('',*,*,#4806,.T.);
#4923 = ORIENTED_EDGE('',*,*,#4903,.T.);
#4924 = ORIENTED_EDGE('',*,*,#4886,.F.);
#4925 = PLANE('',#4926);
#4926 = AXIS2_PLACEMENT_3D('',#4927,#4928,#4929);
#4927 = CARTESIAN_POINT('',(3.29184E+03,4.25196E+03,152.4));
#4928 = DIRECTION('',(1.,0.,-0.));
#4929 = DIRECTION('',(0.,0.,1.));
#4930 = ADVANCED_FACE('',(#4931),#4942,.F.);
#4931 = FACE_BOUND('',#4932,.F.);
#4932 = EDGE_LOOP('',(#4933,#4934,#4935,#4941));
#4933 = ORIENTED_EDGE('',*,*,#4917,.F.);
#4934 = ORIENTED_EDGE('',*,*,#4798,.T.);
#4935 = ORIENTED_EDGE('',*,*,#4936,.T.);
#4936 = EDGE_CURVE('',#4791,#4871,#4937,.T.);
#4937 = LINE('',#4938,#4939);
#4938 = CARTESIAN_POINT('',(4.02336E+03,4.25196E+03,2.22504E+03));
#4939 = VECTOR('',#4940,1.);
#4940 = DIRECTION('',(-0.,1.,0.));
#4941 = ORIENTED_EDGE('',*,*,#4878,.F.);
#4942 = PLANE('',#4943);
#4943 = AXIS2_PLACEMENT_3D('',#4944,#4945,#4946);
#4944 = CARTESIAN_POINT('',(3.29184E+03,4.25196E+03,2.22504E+03));
#4945 = DIRECTION('',(0.,0.,1.));
#4946 = DIRECTION('',(1.,0.,-0.));
#4947 = ADVANCED_FACE('',(#4948),#4959,.F.);
#4948 = FACE_BOUND('',#4949,.F.);
#4949 = EDGE_LOOP('',(#4950,#4951,#4952,#4958));
#4950 = ORIENTED_EDGE('',*,*,#4936,.F.);
#4951 = ORIENTED_EDGE('',*,*,#4790,.T.);
#4952 = ORIENTED_EDGE('',*,*,#4953,.T.);
#4953 = EDGE_CURVE('',#4783,#4863,#4954,.T.);
#4954 = LINE('',#4955,#4956);
#4955 = CARTESIAN_POINT('',(4.02336E+03,4.25196E+03,152.4));
#4956 = VECTOR('',#4957,1.);
#4957 = DIRECTION('',(-0.,1.,0.));
#4958 = ORIENTED_EDGE('',*,*,#4870,.F.);
#4959 = PLANE('',#4960);
#4960 = AXIS2_PLACEMENT_3D('',#4961,#4962,#4963);
#4961 = CARTESIAN_POINT('',(4.02336E+03,4.25196E+03,152.4));
#4962 = DIRECTION('',(1.,0.,-0.));
#4963 = DIRECTION('',(0.,0.,1.));
#4964 = ADVANCED_FACE('',(#4965),#4976,.F.);
#4965 = FACE_BOUND('',#4966,.F.);
#4966 = EDGE_LOOP('',(#4967,#4968,#4969,#4970));
#4967 = ORIENTED_EDGE('',*,*,#4862,.F.);
#4968 = ORIENTED_EDGE('',*,*,#4953,.F.);
#4969 = ORIENTED_EDGE('',*,*,#4782,.T.);
#4970 = ORIENTED_EDGE('',*,*,#4971,.T.);
#4971 = EDGE_CURVE('',#4775,#4855,#4972,.T.);
#4972 = LINE('',#4973,#4974);
#4973 = CARTESIAN_POINT('',(4.2672E+03,4.2672E+03,152.4));
#4974 = VECTOR('',#4975,1.);
#4975 = DIRECTION('',(-0.,1.,0.));
#4976 = PLANE('',#4977);
#4977 = AXIS2_PLACEMENT_3D('',#4978,#4979,#4980);
#4978 = CARTESIAN_POINT('',(2.286E+03,4.2672E+03,152.4));
#4979 = DIRECTION('',(0.,0.,1.));
#4980 = DIRECTION('',(1.,0.,-0.));
#4981 = ADVANCED_FACE('',(#4982),#4988,.T.);
#4982 = FACE_BOUND('',#4983,.T.);
#4983 = EDGE_LOOP('',(#4984,#4985,#4986,#4987));
#4984 = ORIENTED_EDGE('',*,*,#4774,.F.);
#4985 = ORIENTED_EDGE('',*,*,#4971,.T.);
#4986 = ORIENTED_EDGE('',*,*,#4854,.T.);
#4987 = ORIENTED_EDGE('',*,*,#4822,.F.);
#4988 = PLANE('',#4989);
#4989 = AXIS2_PLACEMENT_3D('',#4990,#4991,#4992);
#4990 = CARTESIAN_POINT('',(4.2672E+03,4.2672E+03,152.4));
#4991 = DIRECTION('',(1.,0.,-0.));
#4992 = DIRECTION('',(0.,0.,1.));
#4993 = ( GEOMETRIC_REPRESENTATION_CONTEXT(3) 
GLOBAL_UNCERTAINTY_ASSIGNED_CONTEXT((#4997)) 
GLOBAL_UNIT_ASSIGNED_CONTEXT((#4994,#4995,#4996)) REPRESENTATION_CONTEXT
('Context #1','3D Context with UNIT and UNCERTAINTY') );
#4994 = ( LENGTH_UNIT() NAMED_UNIT(*) SI_UNIT(.MILLI.,.METRE.) );
#4995 = ( NAMED_UNIT(*) PLANE_ANGLE_UNIT() SI_UNIT($,.RADIAN.) );
#4996 = ( NAMED_UNIT(*) SI_UNIT($,.STERADIAN.) SOLID_ANGLE_UNIT() );
#4997 = UNCERTAINTY_MEASURE_WITH_UNIT(LENGTH_MEASURE(1.E-07),#4994,
  'distance_accuracy_value','confusion accuracy');
#4998 = CONTEXT_DEPENDENT_SHAPE_REPRESENTATION(#4999,#5001);
#4999 = ( REPRESENTATION_RELATIONSHIP('','',#4710,#10) 
REPRESENTATION_RELATIONSHIP_WITH_TRANSFORMATION(#5000) 
SHAPE_REPRESENTATION_RELATIONSHIP() );
#5000 = ITEM_DEFINED_TRANSFORMATION('','',#11,#119);
#5001 = PRODUCT_DEFINITION_SHAPE('Placement','Placement of an item',
  #5002);
#5002 = NEXT_ASSEMBLY_USAGE_OCCURRENCE('27','L1 bathroom south wall','',
  #5,#4705,$);
#5003 = PRODUCT_RELATED_PRODUCT_CATEGORY('part',$,(#4707));
#5004 = SHAPE_DEFINITION_REPRESENTATION(#5005,#5011);
#5005 = PRODUCT_DEFINITION_SHAPE('','',#5006);
#5006 = PRODUCT_DEFINITION('design','',#5007,#5010);
#5007 = PRODUCT_DEFINITION_FORMATION('','',#5008);
#5008 = PRODUCT('L1 bathroom west wall','L1 bathroom west wall','',(
    #5009));
#5009 = PRODUCT_CONTEXT('',#2,'mechanical');
#5010 = PRODUCT_DEFINITION_CONTEXT('part definition',#2,'design');
#5011 = ADVANCED_BREP_SHAPE_REPRESENTATION('',(#11,#5012),#5162);
#5012 = MANIFOLD_SOLID_BREP('',#5013);
#5013 = CLOSED_SHELL('',(#5014,#5054,#5094,#5116,#5138,#5150));
#5014 = ADVANCED_FACE('',(#5015),#5049,.F.);
#5015 = FACE_BOUND('',#5016,.F.);
#5016 = EDGE_LOOP('',(#5017,#5027,#5035,#5043));
#5017 = ORIENTED_EDGE('',*,*,#5018,.F.);
#5018 = EDGE_CURVE('',#5019,#5021,#5023,.T.);
#5019 = VERTEX_POINT('',#5020);
#5020 = CARTESIAN_POINT('',(2.286E+03,4.2672E+03,152.4));
#5021 = VERTEX_POINT('',#5022);
#5022 = CARTESIAN_POINT('',(2.286E+03,4.2672E+03,2.8956E+03));
#5023 = LINE('',#5024,#5025);
#5024 = CARTESIAN_POINT('',(2.286E+03,4.2672E+03,152.4));
#5025 = VECTOR('',#5026,1.);
#5026 = DIRECTION('',(0.,0.,1.));
#5027 = ORIENTED_EDGE('',*,*,#5028,.T.);
#5028 = EDGE_CURVE('',#5019,#5029,#5031,.T.);
#5029 = VERTEX_POINT('',#5030);
#5030 = CARTESIAN_POINT('',(2.286E+03,5.9436E+03,152.4));
#5031 = LINE('',#5032,#5033);
#5032 = CARTESIAN_POINT('',(2.286E+03,4.2672E+03,152.4));
#5033 = VECTOR('',#5034,1.);
#5034 = DIRECTION('',(-0.,1.,0.));
#5035 = ORIENTED_EDGE('',*,*,#5036,.T.);
#5036 = EDGE_CURVE('',#5029,#5037,#5039,.T.);
#5037 = VERTEX_POINT('',#5038);
#5038 = CARTESIAN_POINT('',(2.286E+03,5.9436E+03,2.8956E+03));
#5039 = LINE('',#5040,#5041);
#5040 = CARTESIAN_POINT('',(2.286E+03,5.9436E+03,152.4));
#5041 = VECTOR('',#5042,1.);
#5042 = DIRECTION('',(0.,0.,1.));
#5043 = ORIENTED_EDGE('',*,*,#5044,.F.);
#5044 = EDGE_CURVE('',#5021,#5037,#5045,.T.);
#5045 = LINE('',#5046,#5047);
#5046 = CARTESIAN_POINT('',(2.286E+03,4.2672E+03,2.8956E+03));
#5047 = VECTOR('',#5048,1.);
#5048 = DIRECTION('',(-0.,1.,0.));
#5049 = PLANE('',#5050);
#5050 = AXIS2_PLACEMENT_3D('',#5051,#5052,#5053);
#5051 = CARTESIAN_POINT('',(2.286E+03,4.2672E+03,152.4));
#5052 = DIRECTION('',(1.,0.,-0.));
#5053 = DIRECTION('',(0.,0.,1.));
#5054 = ADVANCED_FACE('',(#5055),#5089,.T.);
#5055 = FACE_BOUND('',#5056,.T.);
#5056 = EDGE_LOOP('',(#5057,#5067,#5075,#5083));
#5057 = ORIENTED_EDGE('',*,*,#5058,.F.);
#5058 = EDGE_CURVE('',#5059,#5061,#5063,.T.);
#5059 = VERTEX_POINT('',#5060);
#5060 = CARTESIAN_POINT('',(2.386584E+03,4.2672E+03,152.4));
#5061 = VERTEX_POINT('',#5062);
#5062 = CARTESIAN_POINT('',(2.386584E+03,4.2672E+03,2.8956E+03));
#5063 = LINE('',#5064,#5065);
#5064 = CARTESIAN_POINT('',(2.386584E+03,4.2672E+03,152.4));
#5065 = VECTOR('',#5066,1.);
#5066 = DIRECTION('',(0.,0.,1.));
#5067 = ORIENTED_EDGE('',*,*,#5068,.T.);
#5068 = EDGE_CURVE('',#5059,#5069,#5071,.T.);
#5069 = VERTEX_POINT('',#5070);
#5070 = CARTESIAN_POINT('',(2.386584E+03,5.9436E+03,152.4));
#5071 = LINE('',#5072,#5073);
#5072 = CARTESIAN_POINT('',(2.386584E+03,4.2672E+03,152.4));
#5073 = VECTOR('',#5074,1.);
#5074 = DIRECTION('',(-0.,1.,0.));
#5075 = ORIENTED_EDGE('',*,*,#5076,.T.);
#5076 = EDGE_CURVE('',#5069,#5077,#5079,.T.);
#5077 = VERTEX_POINT('',#5078);
#5078 = CARTESIAN_POINT('',(2.386584E+03,5.9436E+03,2.8956E+03));
#5079 = LINE('',#5080,#5081);
#5080 = CARTESIAN_POINT('',(2.386584E+03,5.9436E+03,152.4));
#5081 = VECTOR('',#5082,1.);
#5082 = DIRECTION('',(0.,0.,1.));
#5083 = ORIENTED_EDGE('',*,*,#5084,.F.);
#5084 = EDGE_CURVE('',#5061,#5077,#5085,.T.);
#5085 = LINE('',#5086,#5087);
#5086 = CARTESIAN_POINT('',(2.386584E+03,4.2672E+03,2.8956E+03));
#5087 = VECTOR('',#5088,1.);
#5088 = DIRECTION('',(-0.,1.,0.));
#5089 = PLANE('',#5090);
#5090 = AXIS2_PLACEMENT_3D('',#5091,#5092,#5093);
#5091 = CARTESIAN_POINT('',(2.386584E+03,4.2672E+03,152.4));
#5092 = DIRECTION('',(1.,0.,-0.));
#5093 = DIRECTION('',(0.,0.,1.));
#5094 = ADVANCED_FACE('',(#5095),#5111,.F.);
#5095 = FACE_BOUND('',#5096,.F.);
#5096 = EDGE_LOOP('',(#5097,#5103,#5104,#5110));
#5097 = ORIENTED_EDGE('',*,*,#5098,.F.);
#5098 = EDGE_CURVE('',#5019,#5059,#5099,.T.);
#5099 = LINE('',#5100,#5101);
#5100 = CARTESIAN_POINT('',(2.286E+03,4.2672E+03,152.4));
#5101 = VECTOR('',#5102,1.);
#5102 = DIRECTION('',(1.,0.,-0.));
#5103 = ORIENTED_EDGE('',*,*,#5018,.T.);
#5104 = ORIENTED_EDGE('',*,*,#5105,.T.);
#5105 = EDGE_CURVE('',#5021,#5061,#5106,.T.);
#5106 = LINE('',#5107,#5108);
#5107 = CARTESIAN_POINT('',(2.286E+03,4.2672E+03,2.8956E+03));
#5108 = VECTOR('',#5109,1.);
#5109 = DIRECTION('',(1.,0.,-0.));
#5110 = ORIENTED_EDGE('',*,*,#5058,.F.);
#5111 = PLANE('',#5112);
#5112 = AXIS2_PLACEMENT_3D('',#5113,#5114,#5115);
#5113 = CARTESIAN_POINT('',(2.286E+03,4.2672E+03,152.4));
#5114 = DIRECTION('',(-0.,1.,0.));
#5115 = DIRECTION('',(0.,0.,1.));
#5116 = ADVANCED_FACE('',(#5117),#5133,.T.);
#5117 = FACE_BOUND('',#5118,.T.);
#5118 = EDGE_LOOP('',(#5119,#5125,#5126,#5132));
#5119 = ORIENTED_EDGE('',*,*,#5120,.F.);
#5120 = EDGE_CURVE('',#5029,#5069,#5121,.T.);
#5121 = LINE('',#5122,#5123);
#5122 = CARTESIAN_POINT('',(2.286E+03,5.9436E+03,152.4));
#5123 = VECTOR('',#5124,1.);
#5124 = DIRECTION('',(1.,0.,-0.));
#5125 = ORIENTED_EDGE('',*,*,#5036,.T.);
#5126 = ORIENTED_EDGE('',*,*,#5127,.T.);
#5127 = EDGE_CURVE('',#5037,#5077,#5128,.T.);
#5128 = LINE('',#5129,#5130);
#5129 = CARTESIAN_POINT('',(2.286E+03,5.9436E+03,2.8956E+03));
#5130 = VECTOR('',#5131,1.);
#5131 = DIRECTION('',(1.,0.,-0.));
#5132 = ORIENTED_EDGE('',*,*,#5076,.F.);
#5133 = PLANE('',#5134);
#5134 = AXIS2_PLACEMENT_3D('',#5135,#5136,#5137);
#5135 = CARTESIAN_POINT('',(2.286E+03,5.9436E+03,152.4));
#5136 = DIRECTION('',(-0.,1.,0.));
#5137 = DIRECTION('',(0.,0.,1.));
#5138 = ADVANCED_FACE('',(#5139),#5145,.F.);
#5139 = FACE_BOUND('',#5140,.F.);
#5140 = EDGE_LOOP('',(#5141,#5142,#5143,#5144));
#5141 = ORIENTED_EDGE('',*,*,#5028,.F.);
#5142 = ORIENTED_EDGE('',*,*,#5098,.T.);
#5143 = ORIENTED_EDGE('',*,*,#5068,.T.);
#5144 = ORIENTED_EDGE('',*,*,#5120,.F.);
#5145 = PLANE('',#5146);
#5146 = AXIS2_PLACEMENT_3D('',#5147,#5148,#5149);
#5147 = CARTESIAN_POINT('',(2.286E+03,4.2672E+03,152.4));
#5148 = DIRECTION('',(0.,0.,1.));
#5149 = DIRECTION('',(1.,0.,-0.));
#5150 = ADVANCED_FACE('',(#5151),#5157,.T.);
#5151 = FACE_BOUND('',#5152,.T.);
#5152 = EDGE_LOOP('',(#5153,#5154,#5155,#5156));
#5153 = ORIENTED_EDGE('',*,*,#5044,.F.);
#5154 = ORIENTED_EDGE('',*,*,#5105,.T.);
#5155 = ORIENTED_EDGE('',*,*,#5084,.T.);
#5156 = ORIENTED_EDGE('',*,*,#5127,.F.);
#5157 = PLANE('',#5158);
#5158 = AXIS2_PLACEMENT_3D('',#5159,#5160,#5161);
#5159 = CARTESIAN_POINT('',(2.286E+03,4.2672E+03,2.8956E+03));
#5160 = DIRECTION('',(0.,0.,1.));
#5161 = DIRECTION('',(1.,0.,-0.));
#5162 = ( GEOMETRIC_REPRESENTATION_CONTEXT(3) 
GLOBAL_UNCERTAINTY_ASSIGNED_CONTEXT((#5166)) 
GLOBAL_UNIT_ASSIGNED_CONTEXT((#5163,#5164,#5165)) REPRESENTATION_CONTEXT
('Context #1','3D Context with UNIT and UNCERTAINTY') );
#5163 = ( LENGTH_UNIT() NAMED_UNIT(*) SI_UNIT(.MILLI.,.METRE.) );
#5164 = ( NAMED_UNIT(*) PLANE_ANGLE_UNIT() SI_UNIT($,.RADIAN.) );
#5165 = ( NAMED_UNIT(*) SI_UNIT($,.STERADIAN.) SOLID_ANGLE_UNIT() );
#5166 = UNCERTAINTY_MEASURE_WITH_UNIT(LENGTH_MEASURE(1.E-07),#5163,
  'distance_accuracy_value','confusion accuracy');
#5167 = CONTEXT_DEPENDENT_SHAPE_REPRESENTATION(#5168,#5170);
#5168 = ( REPRESENTATION_RELATIONSHIP('','',#5011,#10) 
REPRESENTATION_RELATIONSHIP_WITH_TRANSFORMATION(#5169) 
SHAPE_REPRESENTATION_RELATIONSHIP() );
#5169 = ITEM_DEFINED_TRANSFORMATION('','',#11,#123);
#5170 = PRODUCT_DEFINITION_SHAPE('Placement','Placement of an item',
  #5171);
#5171 = NEXT_ASSEMBLY_USAGE_OCCURRENCE('28','L1 bathroom west wall','',
  #5,#5006,$);
#5172 = PRODUCT_RELATED_PRODUCT_CATEGORY('part',$,(#5008));
#5173 = SHAPE_DEFINITION_REPRESENTATION(#5174,#5180);
#5174 = PRODUCT_DEFINITION_SHAPE('','',#5175);
#5175 = PRODUCT_DEFINITION('design','',#5176,#5179);
#5176 = PRODUCT_DEFINITION_FORMATION('','',#5177);
#5177 = PRODUCT('L1 east exterior wall','L1 east exterior wall','',(
    #5178));
#5178 = PRODUCT_CONTEXT('',#2,'mechanical');
#5179 = PRODUCT_DEFINITION_CONTEXT('part definition',#2,'design');
#5180 = ADVANCED_BREP_SHAPE_REPRESENTATION('',(#11,#5181),#5731);
#5181 = MANIFOLD_SOLID_BREP('',#5182);
#5182 = CLOSED_SHELL('',(#5183,#5321,#5352,#5376,#5400,#5424,#5448,#5472
    ,#5496,#5520,#5544,#5568,#5592,#5609,#5640,#5664,#5688,#5705));
#5183 = ADVANCED_FACE('',(#5184,#5282),#5316,.F.);
#5184 = FACE_BOUND('',#5185,.F.);
#5185 = EDGE_LOOP('',(#5186,#5196,#5204,#5212,#5220,#5228,#5236,#5244,
    #5252,#5260,#5268,#5276));
#5186 = ORIENTED_EDGE('',*,*,#5187,.T.);
#5187 = EDGE_CURVE('',#5188,#5190,#5192,.T.);
#5188 = VERTEX_POINT('',#5189);
#5189 = CARTESIAN_POINT('',(7.1628E+03,6.096E+03,152.4));
#5190 = VERTEX_POINT('',#5191);
#5191 = CARTESIAN_POINT('',(7.1628E+03,6.096E+03,2.8956E+03));
#5192 = LINE('',#5193,#5194);
#5193 = CARTESIAN_POINT('',(7.1628E+03,6.096E+03,152.4));
#5194 = VECTOR('',#5195,1.);
#5195 = DIRECTION('',(0.,0.,1.));
#5196 = ORIENTED_EDGE('',*,*,#5197,.F.);
#5197 = EDGE_CURVE('',#5198,#5190,#5200,.T.);
#5198 = VERTEX_POINT('',#5199);
#5199 = CARTESIAN_POINT('',(7.1628E+03,0.,2.8956E+03));
#5200 = LINE('',#5201,#5202);
#5201 = CARTESIAN_POINT('',(7.1628E+03,0.,2.8956E+03));
#5202 = VECTOR('',#5203,1.);
#5203 = DIRECTION('',(-0.,1.,0.));
#5204 = ORIENTED_EDGE('',*,*,#5205,.F.);
#5205 = EDGE_CURVE('',#5206,#5198,#5208,.T.);
#5206 = VERTEX_POINT('',#5207);
#5207 = CARTESIAN_POINT('',(7.1628E+03,0.,152.4));
#5208 = LINE('',#5209,#5210);
#5209 = CARTESIAN_POINT('',(7.1628E+03,0.,152.4));
#5210 = VECTOR('',#5211,1.);
#5211 = DIRECTION('',(0.,0.,1.));
#5212 = ORIENTED_EDGE('',*,*,#5213,.T.);
#5213 = EDGE_CURVE('',#5206,#5214,#5216,.T.);
#5214 = VERTEX_POINT('',#5215);
#5215 = CARTESIAN_POINT('',(7.1628E+03,2.46888E+03,152.4));
#5216 = LINE('',#5217,#5218);
#5217 = CARTESIAN_POINT('',(7.1628E+03,0.,152.4));
#5218 = VECTOR('',#5219,1.);
#5219 = DIRECTION('',(-0.,1.,0.));
#5220 = ORIENTED_EDGE('',*,*,#5221,.T.);
#5221 = EDGE_CURVE('',#5214,#5222,#5224,.T.);
#5222 = VERTEX_POINT('',#5223);
#5223 = CARTESIAN_POINT('',(7.1628E+03,2.46888E+03,2.286E+03));
#5224 = LINE('',#5225,#5226);
#5225 = CARTESIAN_POINT('',(7.1628E+03,2.46888E+03,152.4));
#5226 = VECTOR('',#5227,1.);
#5227 = DIRECTION('',(0.,0.,1.));
#5228 = ORIENTED_EDGE('',*,*,#5229,.F.);
#5229 = EDGE_CURVE('',#5230,#5222,#5232,.T.);
#5230 = VERTEX_POINT('',#5231);
#5231 = CARTESIAN_POINT('',(7.1628E+03,3.68808E+03,2.286E+03));
#5232 = LINE('',#5233,#5234);
#5233 = CARTESIAN_POINT('',(7.1628E+03,1.23444E+03,2.286E+03));
#5234 = VECTOR('',#5235,1.);
#5235 = DIRECTION('',(0.,-1.,0.));
#5236 = ORIENTED_EDGE('',*,*,#5237,.F.);
#5237 = EDGE_CURVE('',#5238,#5230,#5240,.T.);
#5238 = VERTEX_POINT('',#5239);
#5239 = CARTESIAN_POINT('',(7.1628E+03,3.68808E+03,152.4));
#5240 = LINE('',#5241,#5242);
#5241 = CARTESIAN_POINT('',(7.1628E+03,3.68808E+03,152.4));
#5242 = VECTOR('',#5243,1.);
#5243 = DIRECTION('',(0.,0.,1.));
#5244 = ORIENTED_EDGE('',*,*,#5245,.T.);
#5245 = EDGE_CURVE('',#5238,#5246,#5248,.T.);
#5246 = VERTEX_POINT('',#5247);
#5247 = CARTESIAN_POINT('',(7.1628E+03,4.81584E+03,152.4));
#5248 = LINE('',#5249,#5250);
#5249 = CARTESIAN_POINT('',(7.1628E+03,0.,152.4));
#5250 = VECTOR('',#5251,1.);
#5251 = DIRECTION('',(-0.,1.,0.));
#5252 = ORIENTED_EDGE('',*,*,#5253,.T.);
#5253 = EDGE_CURVE('',#5246,#5254,#5256,.T.);
#5254 = VERTEX_POINT('',#5255);
#5255 = CARTESIAN_POINT('',(7.1628E+03,4.81584E+03,2.22504E+03));
#5256 = LINE('',#5257,#5258);
#5257 = CARTESIAN_POINT('',(7.1628E+03,4.81584E+03,152.4));
#5258 = VECTOR('',#5259,1.);
#5259 = DIRECTION('',(0.,0.,1.));
#5260 = ORIENTED_EDGE('',*,*,#5261,.F.);
#5261 = EDGE_CURVE('',#5262,#5254,#5264,.T.);
#5262 = VERTEX_POINT('',#5263);
#5263 = CARTESIAN_POINT('',(7.1628E+03,5.57784E+03,2.22504E+03));
#5264 = LINE('',#5265,#5266);
#5265 = CARTESIAN_POINT('',(7.1628E+03,2.40792E+03,2.22504E+03));
#5266 = VECTOR('',#5267,1.);
#5267 = DIRECTION('',(0.,-1.,0.));
#5268 = ORIENTED_EDGE('',*,*,#5269,.F.);
#5269 = EDGE_CURVE('',#5270,#5262,#5272,.T.);
#5270 = VERTEX_POINT('',#5271);
#5271 = CARTESIAN_POINT('',(7.1628E+03,5.57784E+03,152.4));
#5272 = LINE('',#5273,#5274);
#5273 = CARTESIAN_POINT('',(7.1628E+03,5.57784E+03,152.4));
#5274 = VECTOR('',#5275,1.);
#5275 = DIRECTION('',(0.,0.,1.));
#5276 = ORIENTED_EDGE('',*,*,#5277,.T.);
#5277 = EDGE_CURVE('',#5270,#5188,#5278,.T.);
#5278 = LINE('',#5279,#5280);
#5279 = CARTESIAN_POINT('',(7.1628E+03,0.,152.4));
#5280 = VECTOR('',#5281,1.);
#5281 = DIRECTION('',(-0.,1.,0.));
#5282 = FACE_BOUND('',#5283,.F.);
#5283 = EDGE_LOOP('',(#5284,#5294,#5302,#5310));
#5284 = ORIENTED_EDGE('',*,*,#5285,.T.);
#5285 = EDGE_CURVE('',#5286,#5288,#5290,.T.);
#5286 = VERTEX_POINT('',#5287);
#5287 = CARTESIAN_POINT('',(7.1628E+03,1.73736E+03,1.0668E+03));
#5288 = VERTEX_POINT('',#5289);
#5289 = CARTESIAN_POINT('',(7.1628E+03,975.36,1.0668E+03));
#5290 = LINE('',#5291,#5292);
#5291 = CARTESIAN_POINT('',(7.1628E+03,487.68,1.0668E+03));
#5292 = VECTOR('',#5293,1.);
#5293 = DIRECTION('',(0.,-1.,0.));
#5294 = ORIENTED_EDGE('',*,*,#5295,.T.);
#5295 = EDGE_CURVE('',#5288,#5296,#5298,.T.);
#5296 = VERTEX_POINT('',#5297);
#5297 = CARTESIAN_POINT('',(7.1628E+03,975.36,2.1336E+03));
#5298 = LINE('',#5299,#5300);
#5299 = CARTESIAN_POINT('',(7.1628E+03,975.36,609.6));
#5300 = VECTOR('',#5301,1.);
#5301 = DIRECTION('',(0.,0.,1.));
#5302 = ORIENTED_EDGE('',*,*,#5303,.F.);
#5303 = EDGE_CURVE('',#5304,#5296,#5306,.T.);
#5304 = VERTEX_POINT('',#5305);
#5305 = CARTESIAN_POINT('',(7.1628E+03,1.73736E+03,2.1336E+03));
#5306 = LINE('',#5307,#5308);
#5307 = CARTESIAN_POINT('',(7.1628E+03,487.68,2.1336E+03));
#5308 = VECTOR('',#5309,1.);
#5309 = DIRECTION('',(0.,-1.,0.));
#5310 = ORIENTED_EDGE('',*,*,#5311,.F.);
#5311 = EDGE_CURVE('',#5286,#5304,#5312,.T.);
#5312 = LINE('',#5313,#5314);
#5313 = CARTESIAN_POINT('',(7.1628E+03,1.73736E+03,609.6));
#5314 = VECTOR('',#5315,1.);
#5315 = DIRECTION('',(0.,0.,1.));
#5316 = PLANE('',#5317);
#5317 = AXIS2_PLACEMENT_3D('',#5318,#5319,#5320);
#5318 = CARTESIAN_POINT('',(7.1628E+03,0.,152.4));
#5319 = DIRECTION('',(1.,0.,-0.));
#5320 = DIRECTION('',(0.,0.,1.));
#5321 = ADVANCED_FACE('',(#5322),#5347,.T.);
#5322 = FACE_BOUND('',#5323,.T.);
#5323 = EDGE_LOOP('',(#5324,#5332,#5333,#5341));
#5324 = ORIENTED_EDGE('',*,*,#5325,.F.);
#5325 = EDGE_CURVE('',#5188,#5326,#5328,.T.);
#5326 = VERTEX_POINT('',#5327);
#5327 = CARTESIAN_POINT('',(7.3152E+03,6.096E+03,152.4));
#5328 = LINE('',#5329,#5330);
#5329 = CARTESIAN_POINT('',(7.1628E+03,6.096E+03,152.4));
#5330 = VECTOR('',#5331,1.);
#5331 = DIRECTION('',(1.,0.,-0.));
#5332 = ORIENTED_EDGE('',*,*,#5187,.T.);
#5333 = ORIENTED_EDGE('',*,*,#5334,.T.);
#5334 = EDGE_CURVE('',#5190,#5335,#5337,.T.);
#5335 = VERTEX_POINT('',#5336);
#5336 = CARTESIAN_POINT('',(7.3152E+03,6.096E+03,2.8956E+03));
#5337 = LINE('',#5338,#5339);
#5338 = CARTESIAN_POINT('',(7.1628E+03,6.096E+03,2.8956E+03));
#5339 = VECTOR('',#5340,1.);
#5340 = DIRECTION('',(1.,0.,-0.));
#5341 = ORIENTED_EDGE('',*,*,#5342,.F.);
#5342 = EDGE_CURVE('',#5326,#5335,#5343,.T.);
#5343 = LINE('',#5344,#5345);
#5344 = CARTESIAN_POINT('',(7.3152E+03,6.096E+03,152.4));
#5345 = VECTOR('',#5346,1.);
#5346 = DIRECTION('',(0.,0.,1.));
#5347 = PLANE('',#5348);
#5348 = AXIS2_PLACEMENT_3D('',#5349,#5350,#5351);
#5349 = CARTESIAN_POINT('',(7.1628E+03,6.096E+03,152.4));
#5350 = DIRECTION('',(-0.,1.,0.));
#5351 = DIRECTION('',(0.,0.,1.));
#5352 = ADVANCED_FACE('',(#5353),#5371,.F.);
#5353 = FACE_BOUND('',#5354,.F.);
#5354 = EDGE_LOOP('',(#5355,#5356,#5364,#5370));
#5355 = ORIENTED_EDGE('',*,*,#5277,.F.);
#5356 = ORIENTED_EDGE('',*,*,#5357,.T.);
#5357 = EDGE_CURVE('',#5270,#5358,#5360,.T.);
#5358 = VERTEX_POINT('',#5359);
#5359 = CARTESIAN_POINT('',(7.3152E+03,5.57784E+03,152.4));
#5360 = LINE('',#5361,#5362);
#5361 = CARTESIAN_POINT('',(7.14756E+03,5.57784E+03,152.4));
#5362 = VECTOR('',#5363,1.);
#5363 = DIRECTION('',(1.,0.,-0.));
#5364 = ORIENTED_EDGE('',*,*,#5365,.T.);
#5365 = EDGE_CURVE('',#5358,#5326,#5366,.T.);
#5366 = LINE('',#5367,#5368);
#5367 = CARTESIAN_POINT('',(7.3152E+03,0.,152.4));
#5368 = VECTOR('',#5369,1.);
#5369 = DIRECTION('',(-0.,1.,0.));
#5370 = ORIENTED_EDGE('',*,*,#5325,.F.);
#5371 = PLANE('',#5372);
#5372 = AXIS2_PLACEMENT_3D('',#5373,#5374,#5375);
#5373 = CARTESIAN_POINT('',(7.1628E+03,0.,152.4));
#5374 = DIRECTION('',(0.,0.,1.));
#5375 = DIRECTION('',(1.,0.,-0.));
#5376 = ADVANCED_FACE('',(#5377),#5395,.F.);
#5377 = FACE_BOUND('',#5378,.F.);
#5378 = EDGE_LOOP('',(#5379,#5380,#5381,#5389));
#5379 = ORIENTED_EDGE('',*,*,#5357,.F.);
#5380 = ORIENTED_EDGE('',*,*,#5269,.T.);
#5381 = ORIENTED_EDGE('',*,*,#5382,.T.);
#5382 = EDGE_CURVE('',#5262,#5383,#5385,.T.);
#5383 = VERTEX_POINT('',#5384);
#5384 = CARTESIAN_POINT('',(7.3152E+03,5.57784E+03,2.22504E+03));
#5385 = LINE('',#5386,#5387);
#5386 = CARTESIAN_POINT('',(7.14756E+03,5.57784E+03,2.22504E+03));
#5387 = VECTOR('',#5388,1.);
#5388 = DIRECTION('',(1.,0.,-0.));
#5389 = ORIENTED_EDGE('',*,*,#5390,.F.);
#5390 = EDGE_CURVE('',#5358,#5383,#5391,.T.);
#5391 = LINE('',#5392,#5393);
#5392 = CARTESIAN_POINT('',(7.3152E+03,5.57784E+03,152.4));
#5393 = VECTOR('',#5394,1.);
#5394 = DIRECTION('',(0.,0.,1.));
#5395 = PLANE('',#5396);
#5396 = AXIS2_PLACEMENT_3D('',#5397,#5398,#5399);
#5397 = CARTESIAN_POINT('',(7.14756E+03,5.57784E+03,152.4));
#5398 = DIRECTION('',(-0.,1.,0.));
#5399 = DIRECTION('',(0.,0.,1.));
#5400 = ADVANCED_FACE('',(#5401),#5419,.F.);
#5401 = FACE_BOUND('',#5402,.F.);
#5402 = EDGE_LOOP('',(#5403,#5404,#5405,#5413));
#5403 = ORIENTED_EDGE('',*,*,#5382,.F.);
#5404 = ORIENTED_EDGE('',*,*,#5261,.T.);
#5405 = ORIENTED_EDGE('',*,*,#5406,.T.);
#5406 = EDGE_CURVE('',#5254,#5407,#5409,.T.);
#5407 = VERTEX_POINT('',#5408);
#5408 = CARTESIAN_POINT('',(7.3152E+03,4.81584E+03,2.22504E+03));
#5409 = LINE('',#5410,#5411);
#5410 = CARTESIAN_POINT('',(7.14756E+03,4.81584E+03,2.22504E+03));
#5411 = VECTOR('',#5412,1.);
#5412 = DIRECTION('',(1.,0.,-0.));
#5413 = ORIENTED_EDGE('',*,*,#5414,.F.);
#5414 = EDGE_CURVE('',#5383,#5407,#5415,.T.);
#5415 = LINE('',#5416,#5417);
#5416 = CARTESIAN_POINT('',(7.3152E+03,2.40792E+03,2.22504E+03));
#5417 = VECTOR('',#5418,1.);
#5418 = DIRECTION('',(0.,-1.,0.));
#5419 = PLANE('',#5420);
#5420 = AXIS2_PLACEMENT_3D('',#5421,#5422,#5423);
#5421 = CARTESIAN_POINT('',(7.14756E+03,4.81584E+03,2.22504E+03));
#5422 = DIRECTION('',(0.,0.,1.));
#5423 = DIRECTION('',(1.,0.,-0.));
#5424 = ADVANCED_FACE('',(#5425),#5443,.T.);
#5425 = FACE_BOUND('',#5426,.T.);
#5426 = EDGE_LOOP('',(#5427,#5435,#5436,#5437));
#5427 = ORIENTED_EDGE('',*,*,#5428,.F.);
#5428 = EDGE_CURVE('',#5246,#5429,#5431,.T.);
#5429 = VERTEX_POINT('',#5430);
#5430 = CARTESIAN_POINT('',(7.3152E+03,4.81584E+03,152.4));
#5431 = LINE('',#5432,#5433);
#5432 = CARTESIAN_POINT('',(7.14756E+03,4.81584E+03,152.4));
#5433 = VECTOR('',#5434,1.);
#5434 = DIRECTION('',(1.,0.,-0.));
#5435 = ORIENTED_EDGE('',*,*,#5253,.T.);
#5436 = ORIENTED_EDGE('',*,*,#5406,.T.);
#5437 = ORIENTED_EDGE('',*,*,#5438,.F.);
#5438 = EDGE_CURVE('',#5429,#5407,#5439,.T.);
#5439 = LINE('',#5440,#5441);
#5440 = CARTESIAN_POINT('',(7.3152E+03,4.81584E+03,152.4));
#5441 = VECTOR('',#5442,1.);
#5442 = DIRECTION('',(0.,0.,1.));
#5443 = PLANE('',#5444);
#5444 = AXIS2_PLACEMENT_3D('',#5445,#5446,#5447);
#5445 = CARTESIAN_POINT('',(7.14756E+03,4.81584E+03,152.4));
#5446 = DIRECTION('',(-0.,1.,0.));
#5447 = DIRECTION('',(0.,0.,1.));
#5448 = ADVANCED_FACE('',(#5449),#5467,.F.);
#5449 = FACE_BOUND('',#5450,.F.);
#5450 = EDGE_LOOP('',(#5451,#5452,#5460,#5466));
#5451 = ORIENTED_EDGE('',*,*,#5245,.F.);
#5452 = ORIENTED_EDGE('',*,*,#5453,.T.);
#5453 = EDGE_CURVE('',#5238,#5454,#5456,.T.);
#5454 = VERTEX_POINT('',#5455);
#5455 = CARTESIAN_POINT('',(7.3152E+03,3.68808E+03,152.4));
#5456 = LINE('',#5457,#5458);
#5457 = CARTESIAN_POINT('',(7.14756E+03,3.68808E+03,152.4));
#5458 = VECTOR('',#5459,1.);
#5459 = DIRECTION('',(1.,0.,-0.));
#5460 = ORIENTED_EDGE('',*,*,#5461,.T.);
#5461 = EDGE_CURVE('',#5454,#5429,#5462,.T.);
#5462 = LINE('',#5463,#5464);
#5463 = CARTESIAN_POINT('',(7.3152E+03,0.,152.4));
#5464 = VECTOR('',#5465,1.);
#5465 = DIRECTION('',(-0.,1.,0.));
#5466 = ORIENTED_EDGE('',*,*,#5428,.F.);
#5467 = PLANE('',#5468);
#5468 = AXIS2_PLACEMENT_3D('',#5469,#5470,#5471);
#5469 = CARTESIAN_POINT('',(7.1628E+03,0.,152.4));
#5470 = DIRECTION('',(0.,0.,1.));
#5471 = DIRECTION('',(1.,0.,-0.));
#5472 = ADVANCED_FACE('',(#5473),#5491,.F.);
#5473 = FACE_BOUND('',#5474,.F.);
#5474 = EDGE_LOOP('',(#5475,#5476,#5477,#5485));
#5475 = ORIENTED_EDGE('',*,*,#5453,.F.);
#5476 = ORIENTED_EDGE('',*,*,#5237,.T.);
#5477 = ORIENTED_EDGE('',*,*,#5478,.T.);
#5478 = EDGE_CURVE('',#5230,#5479,#5481,.T.);
#5479 = VERTEX_POINT('',#5480);
#5480 = CARTESIAN_POINT('',(7.3152E+03,3.68808E+03,2.286E+03));
#5481 = LINE('',#5482,#5483);
#5482 = CARTESIAN_POINT('',(7.14756E+03,3.68808E+03,2.286E+03));
#5483 = VECTOR('',#5484,1.);
#5484 = DIRECTION('',(1.,0.,-0.));
#5485 = ORIENTED_EDGE('',*,*,#5486,.F.);
#5486 = EDGE_CURVE('',#5454,#5479,#5487,.T.);
#5487 = LINE('',#5488,#5489);
#5488 = CARTESIAN_POINT('',(7.3152E+03,3.68808E+03,152.4));
#5489 = VECTOR('',#5490,1.);
#5490 = DIRECTION('',(0.,0.,1.));
#5491 = PLANE('',#5492);
#5492 = AXIS2_PLACEMENT_3D('',#5493,#5494,#5495);
#5493 = CARTESIAN_POINT('',(7.14756E+03,3.68808E+03,152.4));
#5494 = DIRECTION('',(-0.,1.,0.));
#5495 = DIRECTION('',(0.,0.,1.));
#5496 = ADVANCED_FACE('',(#5497),#5515,.F.);
#5497 = FACE_BOUND('',#5498,.F.);
#5498 = EDGE_LOOP('',(#5499,#5500,#5501,#5509));
#5499 = ORIENTED_EDGE('',*,*,#5478,.F.);
#5500 = ORIENTED_EDGE('',*,*,#5229,.T.);
#5501 = ORIENTED_EDGE('',*,*,#5502,.T.);
#5502 = EDGE_CURVE('',#5222,#5503,#5505,.T.);
#5503 = VERTEX_POINT('',#5504);
#5504 = CARTESIAN_POINT('',(7.3152E+03,2.46888E+03,2.286E+03));
#5505 = LINE('',#5506,#5507);
#5506 = CARTESIAN_POINT('',(7.14756E+03,2.46888E+03,2.286E+03));
#5507 = VECTOR('',#5508,1.);
#5508 = DIRECTION('',(1.,0.,-0.));
#5509 = ORIENTED_EDGE('',*,*,#5510,.F.);
#5510 = EDGE_CURVE('',#5479,#5503,#5511,.T.);
#5511 = LINE('',#5512,#5513);
#5512 = CARTESIAN_POINT('',(7.3152E+03,1.23444E+03,2.286E+03));
#5513 = VECTOR('',#5514,1.);
#5514 = DIRECTION('',(0.,-1.,0.));
#5515 = PLANE('',#5516);
#5516 = AXIS2_PLACEMENT_3D('',#5517,#5518,#5519);
#5517 = CARTESIAN_POINT('',(7.14756E+03,2.46888E+03,2.286E+03));
#5518 = DIRECTION('',(0.,0.,1.));
#5519 = DIRECTION('',(1.,0.,-0.));
#5520 = ADVANCED_FACE('',(#5521),#5539,.T.);
#5521 = FACE_BOUND('',#5522,.T.);
#5522 = EDGE_LOOP('',(#5523,#5531,#5532,#5533));
#5523 = ORIENTED_EDGE('',*,*,#5524,.F.);
#5524 = EDGE_CURVE('',#5214,#5525,#5527,.T.);
#5525 = VERTEX_POINT('',#5526);
#5526 = CARTESIAN_POINT('',(7.3152E+03,2.46888E+03,152.4));
#5527 = LINE('',#5528,#5529);
#5528 = CARTESIAN_POINT('',(7.14756E+03,2.46888E+03,152.4));
#5529 = VECTOR('',#5530,1.);
#5530 = DIRECTION('',(1.,0.,-0.));
#5531 = ORIENTED_EDGE('',*,*,#5221,.T.);
#5532 = ORIENTED_EDGE('',*,*,#5502,.T.);
#5533 = ORIENTED_EDGE('',*,*,#5534,.F.);
#5534 = EDGE_CURVE('',#5525,#5503,#5535,.T.);
#5535 = LINE('',#5536,#5537);
#5536 = CARTESIAN_POINT('',(7.3152E+03,2.46888E+03,152.4));
#5537 = VECTOR('',#5538,1.);
#5538 = DIRECTION('',(0.,0.,1.));
#5539 = PLANE('',#5540);
#5540 = AXIS2_PLACEMENT_3D('',#5541,#5542,#5543);
#5541 = CARTESIAN_POINT('',(7.14756E+03,2.46888E+03,152.4));
#5542 = DIRECTION('',(-0.,1.,0.));
#5543 = DIRECTION('',(0.,0.,1.));
#5544 = ADVANCED_FACE('',(#5545),#5563,.F.);
#5545 = FACE_BOUND('',#5546,.F.);
#5546 = EDGE_LOOP('',(#5547,#5548,#5556,#5562));
#5547 = ORIENTED_EDGE('',*,*,#5213,.F.);
#5548 = ORIENTED_EDGE('',*,*,#5549,.T.);
#5549 = EDGE_CURVE('',#5206,#5550,#5552,.T.);
#5550 = VERTEX_POINT('',#5551);
#5551 = CARTESIAN_POINT('',(7.3152E+03,0.,152.4));
#5552 = LINE('',#5553,#5554);
#5553 = CARTESIAN_POINT('',(7.1628E+03,0.,152.4));
#5554 = VECTOR('',#5555,1.);
#5555 = DIRECTION('',(1.,0.,-0.));
#5556 = ORIENTED_EDGE('',*,*,#5557,.T.);
#5557 = EDGE_CURVE('',#5550,#5525,#5558,.T.);
#5558 = LINE('',#5559,#5560);
#5559 = CARTESIAN_POINT('',(7.3152E+03,0.,152.4));
#5560 = VECTOR('',#5561,1.);
#5561 = DIRECTION('',(-0.,1.,0.));
#5562 = ORIENTED_EDGE('',*,*,#5524,.F.);
#5563 = PLANE('',#5564);
#5564 = AXIS2_PLACEMENT_3D('',#5565,#5566,#5567);
#5565 = CARTESIAN_POINT('',(7.1628E+03,0.,152.4));
#5566 = DIRECTION('',(0.,0.,1.));
#5567 = DIRECTION('',(1.,0.,-0.));
#5568 = ADVANCED_FACE('',(#5569),#5587,.F.);
#5569 = FACE_BOUND('',#5570,.F.);
#5570 = EDGE_LOOP('',(#5571,#5572,#5573,#5581));
#5571 = ORIENTED_EDGE('',*,*,#5549,.F.);
#5572 = ORIENTED_EDGE('',*,*,#5205,.T.);
#5573 = ORIENTED_EDGE('',*,*,#5574,.T.);
#5574 = EDGE_CURVE('',#5198,#5575,#5577,.T.);
#5575 = VERTEX_POINT('',#5576);
#5576 = CARTESIAN_POINT('',(7.3152E+03,0.,2.8956E+03));
#5577 = LINE('',#5578,#5579);
#5578 = CARTESIAN_POINT('',(7.1628E+03,0.,2.8956E+03));
#5579 = VECTOR('',#5580,1.);
#5580 = DIRECTION('',(1.,0.,-0.));
#5581 = ORIENTED_EDGE('',*,*,#5582,.F.);
#5582 = EDGE_CURVE('',#5550,#5575,#5583,.T.);
#5583 = LINE('',#5584,#5585);
#5584 = CARTESIAN_POINT('',(7.3152E+03,0.,152.4));
#5585 = VECTOR('',#5586,1.);
#5586 = DIRECTION('',(0.,0.,1.));
#5587 = PLANE('',#5588);
#5588 = AXIS2_PLACEMENT_3D('',#5589,#5590,#5591);
#5589 = CARTESIAN_POINT('',(7.1628E+03,0.,152.4));
#5590 = DIRECTION('',(-0.,1.,0.));
#5591 = DIRECTION('',(0.,0.,1.));
#5592 = ADVANCED_FACE('',(#5593),#5604,.T.);
#5593 = FACE_BOUND('',#5594,.T.);
#5594 = EDGE_LOOP('',(#5595,#5596,#5597,#5603));
#5595 = ORIENTED_EDGE('',*,*,#5197,.F.);
#5596 = ORIENTED_EDGE('',*,*,#5574,.T.);
#5597 = ORIENTED_EDGE('',*,*,#5598,.T.);
#5598 = EDGE_CURVE('',#5575,#5335,#5599,.T.);
#5599 = LINE('',#5600,#5601);
#5600 = CARTESIAN_POINT('',(7.3152E+03,0.,2.8956E+03));
#5601 = VECTOR('',#5602,1.);
#5602 = DIRECTION('',(-0.,1.,0.));
#5603 = ORIENTED_EDGE('',*,*,#5334,.F.);
#5604 = PLANE('',#5605);
#5605 = AXIS2_PLACEMENT_3D('',#5606,#5607,#5608);
#5606 = CARTESIAN_POINT('',(7.1628E+03,0.,2.8956E+03));
#5607 = DIRECTION('',(0.,0.,1.));
#5608 = DIRECTION('',(1.,0.,-0.));
#5609 = ADVANCED_FACE('',(#5610),#5635,.T.);
#5610 = FACE_BOUND('',#5611,.T.);
#5611 = EDGE_LOOP('',(#5612,#5620,#5621,#5629));
#5612 = ORIENTED_EDGE('',*,*,#5613,.F.);
#5613 = EDGE_CURVE('',#5286,#5614,#5616,.T.);
#5614 = VERTEX_POINT('',#5615);
#5615 = CARTESIAN_POINT('',(7.3152E+03,1.73736E+03,1.0668E+03));
#5616 = LINE('',#5617,#5618);
#5617 = CARTESIAN_POINT('',(7.14756E+03,1.73736E+03,1.0668E+03));
#5618 = VECTOR('',#5619,1.);
#5619 = DIRECTION('',(1.,0.,-0.));
#5620 = ORIENTED_EDGE('',*,*,#5285,.T.);
#5621 = ORIENTED_EDGE('',*,*,#5622,.T.);
#5622 = EDGE_CURVE('',#5288,#5623,#5625,.T.);
#5623 = VERTEX_POINT('',#5624);
#5624 = CARTESIAN_POINT('',(7.3152E+03,975.36,1.0668E+03));
#5625 = LINE('',#5626,#5627);
#5626 = CARTESIAN_POINT('',(7.14756E+03,975.36,1.0668E+03));
#5627 = VECTOR('',#5628,1.);
#5628 = DIRECTION('',(1.,0.,-0.));
#5629 = ORIENTED_EDGE('',*,*,#5630,.F.);
#5630 = EDGE_CURVE('',#5614,#5623,#5631,.T.);
#5631 = LINE('',#5632,#5633);
#5632 = CARTESIAN_POINT('',(7.3152E+03,487.68,1.0668E+03));
#5633 = VECTOR('',#5634,1.);
#5634 = DIRECTION('',(0.,-1.,0.));
#5635 = PLANE('',#5636);
#5636 = AXIS2_PLACEMENT_3D('',#5637,#5638,#5639);
#5637 = CARTESIAN_POINT('',(7.14756E+03,975.36,1.0668E+03));
#5638 = DIRECTION('',(0.,0.,1.));
#5639 = DIRECTION('',(1.,0.,-0.));
#5640 = ADVANCED_FACE('',(#5641),#5659,.F.);
#5641 = FACE_BOUND('',#5642,.F.);
#5642 = EDGE_LOOP('',(#5643,#5644,#5645,#5653));
#5643 = ORIENTED_EDGE('',*,*,#5613,.F.);
#5644 = ORIENTED_EDGE('',*,*,#5311,.T.);
#5645 = ORIENTED_EDGE('',*,*,#5646,.T.);
#5646 = EDGE_CURVE('',#5304,#5647,#5649,.T.);
#5647 = VERTEX_POINT('',#5648);
#5648 = CARTESIAN_POINT('',(7.3152E+03,1.73736E+03,2.1336E+03));
#5649 = LINE('',#5650,#5651);
#5650 = CARTESIAN_POINT('',(7.14756E+03,1.73736E+03,2.1336E+03));
#5651 = VECTOR('',#5652,1.);
#5652 = DIRECTION('',(1.,0.,-0.));
#5653 = ORIENTED_EDGE('',*,*,#5654,.F.);
#5654 = EDGE_CURVE('',#5614,#5647,#5655,.T.);
#5655 = LINE('',#5656,#5657);
#5656 = CARTESIAN_POINT('',(7.3152E+03,1.73736E+03,609.6));
#5657 = VECTOR('',#5658,1.);
#5658 = DIRECTION('',(0.,0.,1.));
#5659 = PLANE('',#5660);
#5660 = AXIS2_PLACEMENT_3D('',#5661,#5662,#5663);
#5661 = CARTESIAN_POINT('',(7.14756E+03,1.73736E+03,1.0668E+03));
#5662 = DIRECTION('',(-0.,1.,0.));
#5663 = DIRECTION('',(0.,0.,1.));
#5664 = ADVANCED_FACE('',(#5665),#5683,.T.);
#5665 = FACE_BOUND('',#5666,.T.);
#5666 = EDGE_LOOP('',(#5667,#5668,#5669,#5677));
#5667 = ORIENTED_EDGE('',*,*,#5622,.F.);
#5668 = ORIENTED_EDGE('',*,*,#5295,.T.);
#5669 = ORIENTED_EDGE('',*,*,#5670,.T.);
#5670 = EDGE_CURVE('',#5296,#5671,#5673,.T.);
#5671 = VERTEX_POINT('',#5672);
#5672 = CARTESIAN_POINT('',(7.3152E+03,975.36,2.1336E+03));
#5673 = LINE('',#5674,#5675);
#5674 = CARTESIAN_POINT('',(7.14756E+03,975.36,2.1336E+03));
#5675 = VECTOR('',#5676,1.);
#5676 = DIRECTION('',(1.,0.,-0.));
#5677 = ORIENTED_EDGE('',*,*,#5678,.F.);
#5678 = EDGE_CURVE('',#5623,#5671,#5679,.T.);
#5679 = LINE('',#5680,#5681);
#5680 = CARTESIAN_POINT('',(7.3152E+03,975.36,609.6));
#5681 = VECTOR('',#5682,1.);
#5682 = DIRECTION('',(0.,0.,1.));
#5683 = PLANE('',#5684);
#5684 = AXIS2_PLACEMENT_3D('',#5685,#5686,#5687);
#5685 = CARTESIAN_POINT('',(7.14756E+03,975.36,1.0668E+03));
#5686 = DIRECTION('',(-0.,1.,0.));
#5687 = DIRECTION('',(0.,0.,1.));
#5688 = ADVANCED_FACE('',(#5689),#5700,.F.);
#5689 = FACE_BOUND('',#5690,.F.);
#5690 = EDGE_LOOP('',(#5691,#5692,#5693,#5694));
#5691 = ORIENTED_EDGE('',*,*,#5646,.F.);
#5692 = ORIENTED_EDGE('',*,*,#5303,.T.);
#5693 = ORIENTED_EDGE('',*,*,#5670,.T.);
#5694 = ORIENTED_EDGE('',*,*,#5695,.F.);
#5695 = EDGE_CURVE('',#5647,#5671,#5696,.T.);
#5696 = LINE('',#5697,#5698);
#5697 = CARTESIAN_POINT('',(7.3152E+03,487.68,2.1336E+03));
#5698 = VECTOR('',#5699,1.);
#5699 = DIRECTION('',(0.,-1.,0.));
#5700 = PLANE('',#5701);
#5701 = AXIS2_PLACEMENT_3D('',#5702,#5703,#5704);
#5702 = CARTESIAN_POINT('',(7.14756E+03,975.36,2.1336E+03));
#5703 = DIRECTION('',(0.,0.,1.));
#5704 = DIRECTION('',(1.,0.,-0.));
#5705 = ADVANCED_FACE('',(#5706,#5720),#5726,.T.);
#5706 = FACE_BOUND('',#5707,.T.);
#5707 = EDGE_LOOP('',(#5708,#5709,#5710,#5711,#5712,#5713,#5714,#5715,
    #5716,#5717,#5718,#5719));
#5708 = ORIENTED_EDGE('',*,*,#5342,.T.);
#5709 = ORIENTED_EDGE('',*,*,#5598,.F.);
#5710 = ORIENTED_EDGE('',*,*,#5582,.F.);
#5711 = ORIENTED_EDGE('',*,*,#5557,.T.);
#5712 = ORIENTED_EDGE('',*,*,#5534,.T.);
#5713 = ORIENTED_EDGE('',*,*,#5510,.F.);
#5714 = ORIENTED_EDGE('',*,*,#5486,.F.);
#5715 = ORIENTED_EDGE('',*,*,#5461,.T.);
#5716 = ORIENTED_EDGE('',*,*,#5438,.T.);
#5717 = ORIENTED_EDGE('',*,*,#5414,.F.);
#5718 = ORIENTED_EDGE('',*,*,#5390,.F.);
#5719 = ORIENTED_EDGE('',*,*,#5365,.T.);
#5720 = FACE_BOUND('',#5721,.T.);
#5721 = EDGE_LOOP('',(#5722,#5723,#5724,#5725));
#5722 = ORIENTED_EDGE('',*,*,#5630,.T.);
#5723 = ORIENTED_EDGE('',*,*,#5678,.T.);
#5724 = ORIENTED_EDGE('',*,*,#5695,.F.);
#5725 = ORIENTED_EDGE('',*,*,#5654,.F.);
#5726 = PLANE('',#5727);
#5727 = AXIS2_PLACEMENT_3D('',#5728,#5729,#5730);
#5728 = CARTESIAN_POINT('',(7.3152E+03,0.,152.4));
#5729 = DIRECTION('',(1.,0.,-0.));
#5730 = DIRECTION('',(0.,0.,1.));
#5731 = ( GEOMETRIC_REPRESENTATION_CONTEXT(3) 
GLOBAL_UNCERTAINTY_ASSIGNED_CONTEXT((#5735)) 
GLOBAL_UNIT_ASSIGNED_CONTEXT((#5732,#5733,#5734)) REPRESENTATION_CONTEXT
('Context #1','3D Context with UNIT and UNCERTAINTY') );
#5732 = ( LENGTH_UNIT() NAMED_UNIT(*) SI_UNIT(.MILLI.,.METRE.) );
#5733 = ( NAMED_UNIT(*) PLANE_ANGLE_UNIT() SI_UNIT($,.RADIAN.) );
#5734 = ( NAMED_UNIT(*) SI_UNIT($,.STERADIAN.) SOLID_ANGLE_UNIT() );
#5735 = UNCERTAINTY_MEASURE_WITH_UNIT(LENGTH_MEASURE(1.E-07),#5732,
  'distance_accuracy_value','confusion accuracy');
#5736 = CONTEXT_DEPENDENT_SHAPE_REPRESENTATION(#5737,#5739);
#5737 = ( REPRESENTATION_RELATIONSHIP('','',#5180,#10) 
REPRESENTATION_RELATIONSHIP_WITH_TRANSFORMATION(#5738) 
SHAPE_REPRESENTATION_RELATIONSHIP() );
#5738 = ITEM_DEFINED_TRANSFORMATION('','',#11,#127);
#5739 = PRODUCT_DEFINITION_SHAPE('Placement','Placement of an item',
  #5740);
#5740 = NEXT_ASSEMBLY_USAGE_OCCURRENCE('29','L1 east exterior wall','',
  #5,#5175,$);
#5741 = PRODUCT_RELATED_PRODUCT_CATEGORY('part',$,(#5177));
#5742 = SHAPE_DEFINITION_REPRESENTATION(#5743,#5749);
#5743 = PRODUCT_DEFINITION_SHAPE('','',#5744);
#5744 = PRODUCT_DEFINITION('design','',#5745,#5748);
#5745 = PRODUCT_DEFINITION_FORMATION('','',#5746);
#5746 = PRODUCT('L1 garage to east rooms','L1 garage to east rooms','',(
    #5747));
#5747 = PRODUCT_CONTEXT('',#2,'mechanical');
#5748 = PRODUCT_DEFINITION_CONTEXT('part definition',#2,'design');
#5749 = ADVANCED_BREP_SHAPE_REPRESENTATION('',(#11,#5750),#6032);
#5750 = MANIFOLD_SOLID_BREP('',#5751);
#5751 = CLOSED_SHELL('',(#5752,#5824,#5855,#5879,#5903,#5927,#5951,#5975
    ,#5999,#6016));
#5752 = ADVANCED_FACE('',(#5753),#5819,.F.);
#5753 = FACE_BOUND('',#5754,.F.);
#5754 = EDGE_LOOP('',(#5755,#5765,#5773,#5781,#5789,#5797,#5805,#5813));
#5755 = ORIENTED_EDGE('',*,*,#5756,.F.);
#5756 = EDGE_CURVE('',#5757,#5759,#5761,.T.);
#5757 = VERTEX_POINT('',#5758);
#5758 = CARTESIAN_POINT('',(4.2672E+03,152.4,2.8956E+03));
#5759 = VERTEX_POINT('',#5760);
#5760 = CARTESIAN_POINT('',(4.2672E+03,5.9436E+03,2.8956E+03));
#5761 = LINE('',#5762,#5763);
#5762 = CARTESIAN_POINT('',(4.2672E+03,152.4,2.8956E+03));
#5763 = VECTOR('',#5764,1.);
#5764 = DIRECTION('',(-0.,1.,0.));
#5765 = ORIENTED_EDGE('',*,*,#5766,.F.);
#5766 = EDGE_CURVE('',#5767,#5757,#5769,.T.);
#5767 = VERTEX_POINT('',#5768);
#5768 = CARTESIAN_POINT('',(4.2672E+03,152.4,152.4));
#5769 = LINE('',#5770,#5771);
#5770 = CARTESIAN_POINT('',(4.2672E+03,152.4,152.4));
#5771 = VECTOR('',#5772,1.);
#5772 = DIRECTION('',(0.,0.,1.));
#5773 = ORIENTED_EDGE('',*,*,#5774,.T.);
#5774 = EDGE_CURVE('',#5767,#5775,#5777,.T.);
#5775 = VERTEX_POINT('',#5776);
#5776 = CARTESIAN_POINT('',(4.2672E+03,2.4384E+03,152.4));
#5777 = LINE('',#5778,#5779);
#5778 = CARTESIAN_POINT('',(4.2672E+03,152.4,152.4));
#5779 = VECTOR('',#5780,1.);
#5780 = DIRECTION('',(-0.,1.,0.));
#5781 = ORIENTED_EDGE('',*,*,#5782,.T.);
#5782 = EDGE_CURVE('',#5775,#5783,#5785,.T.);
#5783 = VERTEX_POINT('',#5784);
#5784 = CARTESIAN_POINT('',(4.2672E+03,2.4384E+03,2.286E+03));
#5785 = LINE('',#5786,#5787);
#5786 = CARTESIAN_POINT('',(4.2672E+03,2.4384E+03,152.4));
#5787 = VECTOR('',#5788,1.);
#5788 = DIRECTION('',(0.,0.,1.));
#5789 = ORIENTED_EDGE('',*,*,#5790,.F.);
#5790 = EDGE_CURVE('',#5791,#5783,#5793,.T.);
#5791 = VERTEX_POINT('',#5792);
#5792 = CARTESIAN_POINT('',(4.2672E+03,3.3528E+03,2.286E+03));
#5793 = LINE('',#5794,#5795);
#5794 = CARTESIAN_POINT('',(4.2672E+03,1.2954E+03,2.286E+03));
#5795 = VECTOR('',#5796,1.);
#5796 = DIRECTION('',(0.,-1.,0.));
#5797 = ORIENTED_EDGE('',*,*,#5798,.F.);
#5798 = EDGE_CURVE('',#5799,#5791,#5801,.T.);
#5799 = VERTEX_POINT('',#5800);
#5800 = CARTESIAN_POINT('',(4.2672E+03,3.3528E+03,152.4));
#5801 = LINE('',#5802,#5803);
#5802 = CARTESIAN_POINT('',(4.2672E+03,3.3528E+03,152.4));
#5803 = VECTOR('',#5804,1.);
#5804 = DIRECTION('',(0.,0.,1.));
#5805 = ORIENTED_EDGE('',*,*,#5806,.T.);
#5806 = EDGE_CURVE('',#5799,#5807,#5809,.T.);
#5807 = VERTEX_POINT('',#5808);
#5808 = CARTESIAN_POINT('',(4.2672E+03,5.9436E+03,152.4));
#5809 = LINE('',#5810,#5811);
#5810 = CARTESIAN_POINT('',(4.2672E+03,152.4,152.4));
#5811 = VECTOR('',#5812,1.);
#5812 = DIRECTION('',(-0.,1.,0.));
#5813 = ORIENTED_EDGE('',*,*,#5814,.T.);
#5814 = EDGE_CURVE('',#5807,#5759,#5815,.T.);
#5815 = LINE('',#5816,#5817);
#5816 = CARTESIAN_POINT('',(4.2672E+03,5.9436E+03,152.4));
#5817 = VECTOR('',#5818,1.);
#5818 = DIRECTION('',(0.,0.,1.));
#5819 = PLANE('',#5820);
#5820 = AXIS2_PLACEMENT_3D('',#5821,#5822,#5823);
#5821 = CARTESIAN_POINT('',(4.2672E+03,152.4,152.4));
#5822 = DIRECTION('',(1.,0.,-0.));
#5823 = DIRECTION('',(0.,0.,1.));
#5824 = ADVANCED_FACE('',(#5825),#5850,.T.);
#5825 = FACE_BOUND('',#5826,.T.);
#5826 = EDGE_LOOP('',(#5827,#5828,#5836,#5844));
#5827 = ORIENTED_EDGE('',*,*,#5756,.F.);
#5828 = ORIENTED_EDGE('',*,*,#5829,.T.);
#5829 = EDGE_CURVE('',#5757,#5830,#5832,.T.);
#5830 = VERTEX_POINT('',#5831);
#5831 = CARTESIAN_POINT('',(4.367784E+03,152.4,2.8956E+03));
#5832 = LINE('',#5833,#5834);
#5833 = CARTESIAN_POINT('',(4.2672E+03,152.4,2.8956E+03));
#5834 = VECTOR('',#5835,1.);
#5835 = DIRECTION('',(1.,0.,-0.));
#5836 = ORIENTED_EDGE('',*,*,#5837,.T.);
#5837 = EDGE_CURVE('',#5830,#5838,#5840,.T.);
#5838 = VERTEX_POINT('',#5839);
#5839 = CARTESIAN_POINT('',(4.367784E+03,5.9436E+03,2.8956E+03));
#5840 = LINE('',#5841,#5842);
#5841 = CARTESIAN_POINT('',(4.367784E+03,152.4,2.8956E+03));
#5842 = VECTOR('',#5843,1.);
#5843 = DIRECTION('',(-0.,1.,0.));
#5844 = ORIENTED_EDGE('',*,*,#5845,.F.);
#5845 = EDGE_CURVE('',#5759,#5838,#5846,.T.);
#5846 = LINE('',#5847,#5848);
#5847 = CARTESIAN_POINT('',(4.2672E+03,5.9436E+03,2.8956E+03));
#5848 = VECTOR('',#5849,1.);
#5849 = DIRECTION('',(1.,0.,-0.));
#5850 = PLANE('',#5851);
#5851 = AXIS2_PLACEMENT_3D('',#5852,#5853,#5854);
#5852 = CARTESIAN_POINT('',(4.2672E+03,152.4,2.8956E+03));
#5853 = DIRECTION('',(0.,0.,1.));
#5854 = DIRECTION('',(1.,0.,-0.));
#5855 = ADVANCED_FACE('',(#5856),#5874,.T.);
#5856 = FACE_BOUND('',#5857,.T.);
#5857 = EDGE_LOOP('',(#5858,#5866,#5867,#5868));
#5858 = ORIENTED_EDGE('',*,*,#5859,.F.);
#5859 = EDGE_CURVE('',#5807,#5860,#5862,.T.);
#5860 = VERTEX_POINT('',#5861);
#5861 = CARTESIAN_POINT('',(4.367784E+03,5.9436E+03,152.4));
#5862 = LINE('',#5863,#5864);
#5863 = CARTESIAN_POINT('',(4.2672E+03,5.9436E+03,152.4));
#5864 = VECTOR('',#5865,1.);
#5865 = DIRECTION('',(1.,0.,-0.));
#5866 = ORIENTED_EDGE('',*,*,#5814,.T.);
#5867 = ORIENTED_EDGE('',*,*,#5845,.T.);
#5868 = ORIENTED_EDGE('',*,*,#5869,.F.);
#5869 = EDGE_CURVE('',#5860,#5838,#5870,.T.);
#5870 = LINE('',#5871,#5872);
#5871 = CARTESIAN_POINT('',(4.367784E+03,5.9436E+03,152.4));
#5872 = VECTOR('',#5873,1.);
#5873 = DIRECTION('',(0.,0.,1.));
#5874 = PLANE('',#5875);
#5875 = AXIS2_PLACEMENT_3D('',#5876,#5877,#5878);
#5876 = CARTESIAN_POINT('',(4.2672E+03,5.9436E+03,152.4));
#5877 = DIRECTION('',(-0.,1.,0.));
#5878 = DIRECTION('',(0.,0.,1.));
#5879 = ADVANCED_FACE('',(#5880),#5898,.F.);
#5880 = FACE_BOUND('',#5881,.F.);
#5881 = EDGE_LOOP('',(#5882,#5883,#5891,#5897));
#5882 = ORIENTED_EDGE('',*,*,#5806,.F.);
#5883 = ORIENTED_EDGE('',*,*,#5884,.T.);
#5884 = EDGE_CURVE('',#5799,#5885,#5887,.T.);
#5885 = VERTEX_POINT('',#5886);
#5886 = CARTESIAN_POINT('',(4.367784E+03,3.3528E+03,152.4));
#5887 = LINE('',#5888,#5889);
#5888 = CARTESIAN_POINT('',(4.25196E+03,3.3528E+03,152.4));
#5889 = VECTOR('',#5890,1.);
#5890 = DIRECTION('',(1.,0.,-0.));
#5891 = ORIENTED_EDGE('',*,*,#5892,.T.);
#5892 = EDGE_CURVE('',#5885,#5860,#5893,.T.);
#5893 = LINE('',#5894,#5895);
#5894 = CARTESIAN_POINT('',(4.367784E+03,152.4,152.4));
#5895 = VECTOR('',#5896,1.);
#5896 = DIRECTION('',(-0.,1.,0.));
#5897 = ORIENTED_EDGE('',*,*,#5859,.F.);
#5898 = PLANE('',#5899);
#5899 = AXIS2_PLACEMENT_3D('',#5900,#5901,#5902);
#5900 = CARTESIAN_POINT('',(4.2672E+03,152.4,152.4));
#5901 = DIRECTION('',(0.,0.,1.));
#5902 = DIRECTION('',(1.,0.,-0.));
#5903 = ADVANCED_FACE('',(#5904),#5922,.F.);
#5904 = FACE_BOUND('',#5905,.F.);
#5905 = EDGE_LOOP('',(#5906,#5907,#5908,#5916));
#5906 = ORIENTED_EDGE('',*,*,#5884,.F.);
#5907 = ORIENTED_EDGE('',*,*,#5798,.T.);
#5908 = ORIENTED_EDGE('',*,*,#5909,.T.);
#5909 = EDGE_CURVE('',#5791,#5910,#5912,.T.);
#5910 = VERTEX_POINT('',#5911);
#5911 = CARTESIAN_POINT('',(4.367784E+03,3.3528E+03,2.286E+03));
#5912 = LINE('',#5913,#5914);
#5913 = CARTESIAN_POINT('',(4.25196E+03,3.3528E+03,2.286E+03));
#5914 = VECTOR('',#5915,1.);
#5915 = DIRECTION('',(1.,0.,-0.));
#5916 = ORIENTED_EDGE('',*,*,#5917,.F.);
#5917 = EDGE_CURVE('',#5885,#5910,#5918,.T.);
#5918 = LINE('',#5919,#5920);
#5919 = CARTESIAN_POINT('',(4.367784E+03,3.3528E+03,152.4));
#5920 = VECTOR('',#5921,1.);
#5921 = DIRECTION('',(0.,0.,1.));
#5922 = PLANE('',#5923);
#5923 = AXIS2_PLACEMENT_3D('',#5924,#5925,#5926);
#5924 = CARTESIAN_POINT('',(4.25196E+03,3.3528E+03,152.4));
#5925 = DIRECTION('',(-0.,1.,0.));
#5926 = DIRECTION('',(0.,0.,1.));
#5927 = ADVANCED_FACE('',(#5928),#5946,.F.);
#5928 = FACE_BOUND('',#5929,.F.);
#5929 = EDGE_LOOP('',(#5930,#5931,#5932,#5940));
#5930 = ORIENTED_EDGE('',*,*,#5909,.F.);
#5931 = ORIENTED_EDGE('',*,*,#5790,.T.);
#5932 = ORIENTED_EDGE('',*,*,#5933,.T.);
#5933 = EDGE_CURVE('',#5783,#5934,#5936,.T.);
#5934 = VERTEX_POINT('',#5935);
#5935 = CARTESIAN_POINT('',(4.367784E+03,2.4384E+03,2.286E+03));
#5936 = LINE('',#5937,#5938);
#5937 = CARTESIAN_POINT('',(4.25196E+03,2.4384E+03,2.286E+03));
#5938 = VECTOR('',#5939,1.);
#5939 = DIRECTION('',(1.,0.,-0.));
#5940 = ORIENTED_EDGE('',*,*,#5941,.F.);
#5941 = EDGE_CURVE('',#5910,#5934,#5942,.T.);
#5942 = LINE('',#5943,#5944);
#5943 = CARTESIAN_POINT('',(4.367784E+03,1.2954E+03,2.286E+03));
#5944 = VECTOR('',#5945,1.);
#5945 = DIRECTION('',(0.,-1.,0.));
#5946 = PLANE('',#5947);
#5947 = AXIS2_PLACEMENT_3D('',#5948,#5949,#5950);
#5948 = CARTESIAN_POINT('',(4.25196E+03,2.4384E+03,2.286E+03));
#5949 = DIRECTION('',(0.,0.,1.));
#5950 = DIRECTION('',(1.,0.,-0.));
#5951 = ADVANCED_FACE('',(#5952),#5970,.T.);
#5952 = FACE_BOUND('',#5953,.T.);
#5953 = EDGE_LOOP('',(#5954,#5962,#5963,#5964));
#5954 = ORIENTED_EDGE('',*,*,#5955,.F.);
#5955 = EDGE_CURVE('',#5775,#5956,#5958,.T.);
#5956 = VERTEX_POINT('',#5957);
#5957 = CARTESIAN_POINT('',(4.367784E+03,2.4384E+03,152.4));
#5958 = LINE('',#5959,#5960);
#5959 = CARTESIAN_POINT('',(4.25196E+03,2.4384E+03,152.4));
#5960 = VECTOR('',#5961,1.);
#5961 = DIRECTION('',(1.,0.,-0.));
#5962 = ORIENTED_EDGE('',*,*,#5782,.T.);
#5963 = ORIENTED_EDGE('',*,*,#5933,.T.);
#5964 = ORIENTED_EDGE('',*,*,#5965,.F.);
#5965 = EDGE_CURVE('',#5956,#5934,#5966,.T.);
#5966 = LINE('',#5967,#5968);
#5967 = CARTESIAN_POINT('',(4.367784E+03,2.4384E+03,152.4));
#5968 = VECTOR('',#5969,1.);
#5969 = DIRECTION('',(0.,0.,1.));
#5970 = PLANE('',#5971);
#5971 = AXIS2_PLACEMENT_3D('',#5972,#5973,#5974);
#5972 = CARTESIAN_POINT('',(4.25196E+03,2.4384E+03,152.4));
#5973 = DIRECTION('',(-0.,1.,0.));
#5974 = DIRECTION('',(0.,0.,1.));
#5975 = ADVANCED_FACE('',(#5976),#5994,.F.);
#5976 = FACE_BOUND('',#5977,.F.);
#5977 = EDGE_LOOP('',(#5978,#5979,#5987,#5993));
#5978 = ORIENTED_EDGE('',*,*,#5774,.F.);
#5979 = ORIENTED_EDGE('',*,*,#5980,.T.);
#5980 = EDGE_CURVE('',#5767,#5981,#5983,.T.);
#5981 = VERTEX_POINT('',#5982);
#5982 = CARTESIAN_POINT('',(4.367784E+03,152.4,152.4));
#5983 = LINE('',#5984,#5985);
#5984 = CARTESIAN_POINT('',(4.2672E+03,152.4,152.4));
#5985 = VECTOR('',#5986,1.);
#5986 = DIRECTION('',(1.,0.,-0.));
#5987 = ORIENTED_EDGE('',*,*,#5988,.T.);
#5988 = EDGE_CURVE('',#5981,#5956,#5989,.T.);
#5989 = LINE('',#5990,#5991);
#5990 = CARTESIAN_POINT('',(4.367784E+03,152.4,152.4));
#5991 = VECTOR('',#5992,1.);
#5992 = DIRECTION('',(-0.,1.,0.));
#5993 = ORIENTED_EDGE('',*,*,#5955,.F.);
#5994 = PLANE('',#5995);
#5995 = AXIS2_PLACEMENT_3D('',#5996,#5997,#5998);
#5996 = CARTESIAN_POINT('',(4.2672E+03,152.4,152.4));
#5997 = DIRECTION('',(0.,0.,1.));
#5998 = DIRECTION('',(1.,0.,-0.));
#5999 = ADVANCED_FACE('',(#6000),#6011,.F.);
#6000 = FACE_BOUND('',#6001,.F.);
#6001 = EDGE_LOOP('',(#6002,#6003,#6004,#6005));
#6002 = ORIENTED_EDGE('',*,*,#5980,.F.);
#6003 = ORIENTED_EDGE('',*,*,#5766,.T.);
#6004 = ORIENTED_EDGE('',*,*,#5829,.T.);
#6005 = ORIENTED_EDGE('',*,*,#6006,.F.);
#6006 = EDGE_CURVE('',#5981,#5830,#6007,.T.);
#6007 = LINE('',#6008,#6009);
#6008 = CARTESIAN_POINT('',(4.367784E+03,152.4,152.4));
#6009 = VECTOR('',#6010,1.);
#6010 = DIRECTION('',(0.,0.,1.));
#6011 = PLANE('',#6012);
#6012 = AXIS2_PLACEMENT_3D('',#6013,#6014,#6015);
#6013 = CARTESIAN_POINT('',(4.2672E+03,152.4,152.4));
#6014 = DIRECTION('',(-0.,1.,0.));
#6015 = DIRECTION('',(0.,0.,1.));
#6016 = ADVANCED_FACE('',(#6017),#6027,.T.);
#6017 = FACE_BOUND('',#6018,.T.);
#6018 = EDGE_LOOP('',(#6019,#6020,#6021,#6022,#6023,#6024,#6025,#6026));
#6019 = ORIENTED_EDGE('',*,*,#5837,.F.);
#6020 = ORIENTED_EDGE('',*,*,#6006,.F.);
#6021 = ORIENTED_EDGE('',*,*,#5988,.T.);
#6022 = ORIENTED_EDGE('',*,*,#5965,.T.);
#6023 = ORIENTED_EDGE('',*,*,#5941,.F.);
#6024 = ORIENTED_EDGE('',*,*,#5917,.F.);
#6025 = ORIENTED_EDGE('',*,*,#5892,.T.);
#6026 = ORIENTED_EDGE('',*,*,#5869,.T.);
#6027 = PLANE('',#6028);
#6028 = AXIS2_PLACEMENT_3D('',#6029,#6030,#6031);
#6029 = CARTESIAN_POINT('',(4.367784E+03,152.4,152.4));
#6030 = DIRECTION('',(1.,0.,-0.));
#6031 = DIRECTION('',(0.,0.,1.));
#6032 = ( GEOMETRIC_REPRESENTATION_CONTEXT(3) 
GLOBAL_UNCERTAINTY_ASSIGNED_CONTEXT((#6036)) 
GLOBAL_UNIT_ASSIGNED_CONTEXT((#6033,#6034,#6035)) REPRESENTATION_CONTEXT
('Context #1','3D Context with UNIT and UNCERTAINTY') );
#6033 = ( LENGTH_UNIT() NAMED_UNIT(*) SI_UNIT(.MILLI.,.METRE.) );
#6034 = ( NAMED_UNIT(*) PLANE_ANGLE_UNIT() SI_UNIT($,.RADIAN.) );
#6035 = ( NAMED_UNIT(*) SI_UNIT($,.STERADIAN.) SOLID_ANGLE_UNIT() );
#6036 = UNCERTAINTY_MEASURE_WITH_UNIT(LENGTH_MEASURE(1.E-07),#6033,
  'distance_accuracy_value','confusion accuracy');
#6037 = CONTEXT_DEPENDENT_SHAPE_REPRESENTATION(#6038,#6040);
#6038 = ( REPRESENTATION_RELATIONSHIP('','',#5749,#10) 
REPRESENTATION_RELATIONSHIP_WITH_TRANSFORMATION(#6039) 
SHAPE_REPRESENTATION_RELATIONSHIP() );
#6039 = ITEM_DEFINED_TRANSFORMATION('','',#11,#131);
#6040 = PRODUCT_DEFINITION_SHAPE('Placement','Placement of an item',
  #6041);
#6041 = NEXT_ASSEMBLY_USAGE_OCCURRENCE('30','L1 garage to east rooms',''
  ,#5,#5744,$);
#6042 = PRODUCT_RELATED_PRODUCT_CATEGORY('part',$,(#5746));
#6043 = SHAPE_DEFINITION_REPRESENTATION(#6044,#6050);
#6044 = PRODUCT_DEFINITION_SHAPE('','',#6045);
#6045 = PRODUCT_DEFINITION('design','',#6046,#6049);
#6046 = PRODUCT_DEFINITION_FORMATION('','',#6047);
#6047 = PRODUCT('L1 north exterior wall','L1 north exterior wall','',(
    #6048));
#6048 = PRODUCT_CONTEXT('',#2,'mechanical');
#6049 = PRODUCT_DEFINITION_CONTEXT('part definition',#2,'design');
#6050 = ADVANCED_BREP_SHAPE_REPRESENTATION('',(#11,#6051),#6201);
#6051 = MANIFOLD_SOLID_BREP('',#6052);
#6052 = CLOSED_SHELL('',(#6053,#6093,#6133,#6155,#6177,#6189));
#6053 = ADVANCED_FACE('',(#6054),#6088,.F.);
#6054 = FACE_BOUND('',#6055,.F.);
#6055 = EDGE_LOOP('',(#6056,#6066,#6074,#6082));
#6056 = ORIENTED_EDGE('',*,*,#6057,.F.);
#6057 = EDGE_CURVE('',#6058,#6060,#6062,.T.);
#6058 = VERTEX_POINT('',#6059);
#6059 = CARTESIAN_POINT('',(0.,5.9436E+03,152.4));
#6060 = VERTEX_POINT('',#6061);
#6061 = CARTESIAN_POINT('',(0.,5.9436E+03,2.8956E+03));
#6062 = LINE('',#6063,#6064);
#6063 = CARTESIAN_POINT('',(0.,5.9436E+03,152.4));
#6064 = VECTOR('',#6065,1.);
#6065 = DIRECTION('',(0.,0.,1.));
#6066 = ORIENTED_EDGE('',*,*,#6067,.T.);
#6067 = EDGE_CURVE('',#6058,#6068,#6070,.T.);
#6068 = VERTEX_POINT('',#6069);
#6069 = CARTESIAN_POINT('',(0.,6.096E+03,152.4));
#6070 = LINE('',#6071,#6072);
#6071 = CARTESIAN_POINT('',(0.,5.9436E+03,152.4));
#6072 = VECTOR('',#6073,1.);
#6073 = DIRECTION('',(-0.,1.,0.));
#6074 = ORIENTED_EDGE('',*,*,#6075,.T.);
#6075 = EDGE_CURVE('',#6068,#6076,#6078,.T.);
#6076 = VERTEX_POINT('',#6077);
#6077 = CARTESIAN_POINT('',(0.,6.096E+03,2.8956E+03));
#6078 = LINE('',#6079,#6080);
#6079 = CARTESIAN_POINT('',(0.,6.096E+03,152.4));
#6080 = VECTOR('',#6081,1.);
#6081 = DIRECTION('',(0.,0.,1.));
#6082 = ORIENTED_EDGE('',*,*,#6083,.F.);
#6083 = EDGE_CURVE('',#6060,#6076,#6084,.T.);
#6084 = LINE('',#6085,#6086);
#6085 = CARTESIAN_POINT('',(0.,5.9436E+03,2.8956E+03));
#6086 = VECTOR('',#6087,1.);
#6087 = DIRECTION('',(-0.,1.,0.));
#6088 = PLANE('',#6089);
#6089 = AXIS2_PLACEMENT_3D('',#6090,#6091,#6092);
#6090 = CARTESIAN_POINT('',(0.,5.9436E+03,152.4));
#6091 = DIRECTION('',(1.,0.,-0.));
#6092 = DIRECTION('',(0.,0.,1.));
#6093 = ADVANCED_FACE('',(#6094),#6128,.T.);
#6094 = FACE_BOUND('',#6095,.T.);
#6095 = EDGE_LOOP('',(#6096,#6106,#6114,#6122));
#6096 = ORIENTED_EDGE('',*,*,#6097,.F.);
#6097 = EDGE_CURVE('',#6098,#6100,#6102,.T.);
#6098 = VERTEX_POINT('',#6099);
#6099 = CARTESIAN_POINT('',(7.3152E+03,5.9436E+03,152.4));
#6100 = VERTEX_POINT('',#6101);
#6101 = CARTESIAN_POINT('',(7.3152E+03,5.9436E+03,2.8956E+03));
#6102 = LINE('',#6103,#6104);
#6103 = CARTESIAN_POINT('',(7.3152E+03,5.9436E+03,152.4));
#6104 = VECTOR('',#6105,1.);
#6105 = DIRECTION('',(0.,0.,1.));
#6106 = ORIENTED_EDGE('',*,*,#6107,.T.);
#6107 = EDGE_CURVE('',#6098,#6108,#6110,.T.);
#6108 = VERTEX_POINT('',#6109);
#6109 = CARTESIAN_POINT('',(7.3152E+03,6.096E+03,152.4));
#6110 = LINE('',#6111,#6112);
#6111 = CARTESIAN_POINT('',(7.3152E+03,5.9436E+03,152.4));
#6112 = VECTOR('',#6113,1.);
#6113 = DIRECTION('',(-0.,1.,0.));
#6114 = ORIENTED_EDGE('',*,*,#6115,.T.);
#6115 = EDGE_CURVE('',#6108,#6116,#6118,.T.);
#6116 = VERTEX_POINT('',#6117);
#6117 = CARTESIAN_POINT('',(7.3152E+03,6.096E+03,2.8956E+03));
#6118 = LINE('',#6119,#6120);
#6119 = CARTESIAN_POINT('',(7.3152E+03,6.096E+03,152.4));
#6120 = VECTOR('',#6121,1.);
#6121 = DIRECTION('',(0.,0.,1.));
#6122 = ORIENTED_EDGE('',*,*,#6123,.F.);
#6123 = EDGE_CURVE('',#6100,#6116,#6124,.T.);
#6124 = LINE('',#6125,#6126);
#6125 = CARTESIAN_POINT('',(7.3152E+03,5.9436E+03,2.8956E+03));
#6126 = VECTOR('',#6127,1.);
#6127 = DIRECTION('',(-0.,1.,0.));
#6128 = PLANE('',#6129);
#6129 = AXIS2_PLACEMENT_3D('',#6130,#6131,#6132);
#6130 = CARTESIAN_POINT('',(7.3152E+03,5.9436E+03,152.4));
#6131 = DIRECTION('',(1.,0.,-0.));
#6132 = DIRECTION('',(0.,0.,1.));
#6133 = ADVANCED_FACE('',(#6134),#6150,.F.);
#6134 = FACE_BOUND('',#6135,.F.);
#6135 = EDGE_LOOP('',(#6136,#6142,#6143,#6149));
#6136 = ORIENTED_EDGE('',*,*,#6137,.F.);
#6137 = EDGE_CURVE('',#6058,#6098,#6138,.T.);
#6138 = LINE('',#6139,#6140);
#6139 = CARTESIAN_POINT('',(0.,5.9436E+03,152.4));
#6140 = VECTOR('',#6141,1.);
#6141 = DIRECTION('',(1.,0.,-0.));
#6142 = ORIENTED_EDGE('',*,*,#6057,.T.);
#6143 = ORIENTED_EDGE('',*,*,#6144,.T.);
#6144 = EDGE_CURVE('',#6060,#6100,#6145,.T.);
#6145 = LINE('',#6146,#6147);
#6146 = CARTESIAN_POINT('',(0.,5.9436E+03,2.8956E+03));
#6147 = VECTOR('',#6148,1.);
#6148 = DIRECTION('',(1.,0.,-0.));
#6149 = ORIENTED_EDGE('',*,*,#6097,.F.);
#6150 = PLANE('',#6151);
#6151 = AXIS2_PLACEMENT_3D('',#6152,#6153,#6154);
#6152 = CARTESIAN_POINT('',(0.,5.9436E+03,152.4));
#6153 = DIRECTION('',(-0.,1.,0.));
#6154 = DIRECTION('',(0.,0.,1.));
#6155 = ADVANCED_FACE('',(#6156),#6172,.T.);
#6156 = FACE_BOUND('',#6157,.T.);
#6157 = EDGE_LOOP('',(#6158,#6164,#6165,#6171));
#6158 = ORIENTED_EDGE('',*,*,#6159,.F.);
#6159 = EDGE_CURVE('',#6068,#6108,#6160,.T.);
#6160 = LINE('',#6161,#6162);
#6161 = CARTESIAN_POINT('',(0.,6.096E+03,152.4));
#6162 = VECTOR('',#6163,1.);
#6163 = DIRECTION('',(1.,0.,-0.));
#6164 = ORIENTED_EDGE('',*,*,#6075,.T.);
#6165 = ORIENTED_EDGE('',*,*,#6166,.T.);
#6166 = EDGE_CURVE('',#6076,#6116,#6167,.T.);
#6167 = LINE('',#6168,#6169);
#6168 = CARTESIAN_POINT('',(0.,6.096E+03,2.8956E+03));
#6169 = VECTOR('',#6170,1.);
#6170 = DIRECTION('',(1.,0.,-0.));
#6171 = ORIENTED_EDGE('',*,*,#6115,.F.);
#6172 = PLANE('',#6173);
#6173 = AXIS2_PLACEMENT_3D('',#6174,#6175,#6176);
#6174 = CARTESIAN_POINT('',(0.,6.096E+03,152.4));
#6175 = DIRECTION('',(-0.,1.,0.));
#6176 = DIRECTION('',(0.,0.,1.));
#6177 = ADVANCED_FACE('',(#6178),#6184,.F.);
#6178 = FACE_BOUND('',#6179,.F.);
#6179 = EDGE_LOOP('',(#6180,#6181,#6182,#6183));
#6180 = ORIENTED_EDGE('',*,*,#6067,.F.);
#6181 = ORIENTED_EDGE('',*,*,#6137,.T.);
#6182 = ORIENTED_EDGE('',*,*,#6107,.T.);
#6183 = ORIENTED_EDGE('',*,*,#6159,.F.);
#6184 = PLANE('',#6185);
#6185 = AXIS2_PLACEMENT_3D('',#6186,#6187,#6188);
#6186 = CARTESIAN_POINT('',(0.,5.9436E+03,152.4));
#6187 = DIRECTION('',(0.,0.,1.));
#6188 = DIRECTION('',(1.,0.,-0.));
#6189 = ADVANCED_FACE('',(#6190),#6196,.T.);
#6190 = FACE_BOUND('',#6191,.T.);
#6191 = EDGE_LOOP('',(#6192,#6193,#6194,#6195));
#6192 = ORIENTED_EDGE('',*,*,#6083,.F.);
#6193 = ORIENTED_EDGE('',*,*,#6144,.T.);
#6194 = ORIENTED_EDGE('',*,*,#6123,.T.);
#6195 = ORIENTED_EDGE('',*,*,#6166,.F.);
#6196 = PLANE('',#6197);
#6197 = AXIS2_PLACEMENT_3D('',#6198,#6199,#6200);
#6198 = CARTESIAN_POINT('',(0.,5.9436E+03,2.8956E+03));
#6199 = DIRECTION('',(0.,0.,1.));
#6200 = DIRECTION('',(1.,0.,-0.));
#6201 = ( GEOMETRIC_REPRESENTATION_CONTEXT(3) 
GLOBAL_UNCERTAINTY_ASSIGNED_CONTEXT((#6205)) 
GLOBAL_UNIT_ASSIGNED_CONTEXT((#6202,#6203,#6204)) REPRESENTATION_CONTEXT
('Context #1','3D Context with UNIT and UNCERTAINTY') );
#6202 = ( LENGTH_UNIT() NAMED_UNIT(*) SI_UNIT(.MILLI.,.METRE.) );
#6203 = ( NAMED_UNIT(*) PLANE_ANGLE_UNIT() SI_UNIT($,.RADIAN.) );
#6204 = ( NAMED_UNIT(*) SI_UNIT($,.STERADIAN.) SOLID_ANGLE_UNIT() );
#6205 = UNCERTAINTY_MEASURE_WITH_UNIT(LENGTH_MEASURE(1.E-07),#6202,
  'distance_accuracy_value','confusion accuracy');
#6206 = CONTEXT_DEPENDENT_SHAPE_REPRESENTATION(#6207,#6209);
#6207 = ( REPRESENTATION_RELATIONSHIP('','',#6050,#10) 
REPRESENTATION_RELATIONSHIP_WITH_TRANSFORMATION(#6208) 
SHAPE_REPRESENTATION_RELATIONSHIP() );
#6208 = ITEM_DEFINED_TRANSFORMATION('','',#11,#135);
#6209 = PRODUCT_DEFINITION_SHAPE('Placement','Placement of an item',
  #6210);
#6210 = NEXT_ASSEMBLY_USAGE_OCCURRENCE('31','L1 north exterior wall','',
  #5,#6045,$);
#6211 = PRODUCT_RELATED_PRODUCT_CATEGORY('part',$,(#6047));
#6212 = SHAPE_DEFINITION_REPRESENTATION(#6213,#6219);
#6213 = PRODUCT_DEFINITION_SHAPE('','',#6214);
#6214 = PRODUCT_DEFINITION('design','',#6215,#6218);
#6215 = PRODUCT_DEFINITION_FORMATION('','',#6216);
#6216 = PRODUCT('L1 office south wall','L1 office south wall','',(#6217)
  );
#6217 = PRODUCT_CONTEXT('',#2,'mechanical');
#6218 = PRODUCT_DEFINITION_CONTEXT('part definition',#2,'design');
#6219 = ADVANCED_BREP_SHAPE_REPRESENTATION('',(#11,#6220),#6502);
#6220 = MANIFOLD_SOLID_BREP('',#6221);
#6221 = CLOSED_SHELL('',(#6222,#6262,#6325,#6349,#6405,#6422,#6439,#6456
    ,#6473,#6490));
#6222 = ADVANCED_FACE('',(#6223),#6257,.F.);
#6223 = FACE_BOUND('',#6224,.F.);
#6224 = EDGE_LOOP('',(#6225,#6235,#6243,#6251));
#6225 = ORIENTED_EDGE('',*,*,#6226,.F.);
#6226 = EDGE_CURVE('',#6227,#6229,#6231,.T.);
#6227 = VERTEX_POINT('',#6228);
#6228 = CARTESIAN_POINT('',(4.2672E+03,4.2672E+03,152.4));
#6229 = VERTEX_POINT('',#6230);
#6230 = CARTESIAN_POINT('',(4.2672E+03,4.2672E+03,2.8956E+03));
#6231 = LINE('',#6232,#6233);
#6232 = CARTESIAN_POINT('',(4.2672E+03,4.2672E+03,152.4));
#6233 = VECTOR('',#6234,1.);
#6234 = DIRECTION('',(0.,0.,1.));
#6235 = ORIENTED_EDGE('',*,*,#6236,.T.);
#6236 = EDGE_CURVE('',#6227,#6237,#6239,.T.);
#6237 = VERTEX_POINT('',#6238);
#6238 = CARTESIAN_POINT('',(4.2672E+03,4.367784E+03,152.4));
#6239 = LINE('',#6240,#6241);
#6240 = CARTESIAN_POINT('',(4.2672E+03,4.2672E+03,152.4));
#6241 = VECTOR('',#6242,1.);
#6242 = DIRECTION('',(-0.,1.,0.));
#6243 = ORIENTED_EDGE('',*,*,#6244,.T.);
#6244 = EDGE_CURVE('',#6237,#6245,#6247,.T.);
#6245 = VERTEX_POINT('',#6246);
#6246 = CARTESIAN_POINT('',(4.2672E+03,4.367784E+03,2.8956E+03));
#6247 = LINE('',#6248,#6249);
#6248 = CARTESIAN_POINT('',(4.2672E+03,4.367784E+03,152.4));
#6249 = VECTOR('',#6250,1.);
#6250 = DIRECTION('',(0.,0.,1.));
#6251 = ORIENTED_EDGE('',*,*,#6252,.F.);
#6252 = EDGE_CURVE('',#6229,#6245,#6253,.T.);
#6253 = LINE('',#6254,#6255);
#6254 = CARTESIAN_POINT('',(4.2672E+03,4.2672E+03,2.8956E+03));
#6255 = VECTOR('',#6256,1.);
#6256 = DIRECTION('',(-0.,1.,0.));
#6257 = PLANE('',#6258);
#6258 = AXIS2_PLACEMENT_3D('',#6259,#6260,#6261);
#6259 = CARTESIAN_POINT('',(4.2672E+03,4.2672E+03,152.4));
#6260 = DIRECTION('',(1.,0.,-0.));
#6261 = DIRECTION('',(0.,0.,1.));
#6262 = ADVANCED_FACE('',(#6263),#6320,.F.);
#6263 = FACE_BOUND('',#6264,.F.);
#6264 = EDGE_LOOP('',(#6265,#6273,#6274,#6282,#6290,#6298,#6306,#6314));
#6265 = ORIENTED_EDGE('',*,*,#6266,.F.);
#6266 = EDGE_CURVE('',#6227,#6267,#6269,.T.);
#6267 = VERTEX_POINT('',#6268);
#6268 = CARTESIAN_POINT('',(4.8768E+03,4.2672E+03,152.4));
#6269 = LINE('',#6270,#6271);
#6270 = CARTESIAN_POINT('',(4.2672E+03,4.2672E+03,152.4));
#6271 = VECTOR('',#6272,1.);
#6272 = DIRECTION('',(1.,0.,-0.));
#6273 = ORIENTED_EDGE('',*,*,#6226,.T.);
#6274 = ORIENTED_EDGE('',*,*,#6275,.T.);
#6275 = EDGE_CURVE('',#6229,#6276,#6278,.T.);
#6276 = VERTEX_POINT('',#6277);
#6277 = CARTESIAN_POINT('',(7.1628E+03,4.2672E+03,2.8956E+03));
#6278 = LINE('',#6279,#6280);
#6279 = CARTESIAN_POINT('',(4.2672E+03,4.2672E+03,2.8956E+03));
#6280 = VECTOR('',#6281,1.);
#6281 = DIRECTION('',(1.,0.,-0.));
#6282 = ORIENTED_EDGE('',*,*,#6283,.F.);
#6283 = EDGE_CURVE('',#6284,#6276,#6286,.T.);
#6284 = VERTEX_POINT('',#6285);
#6285 = CARTESIAN_POINT('',(7.1628E+03,4.2672E+03,152.4));
#6286 = LINE('',#6287,#6288);
#6287 = CARTESIAN_POINT('',(7.1628E+03,4.2672E+03,152.4));
#6288 = VECTOR('',#6289,1.);
#6289 = DIRECTION('',(0.,0.,1.));
#6290 = ORIENTED_EDGE('',*,*,#6291,.F.);
#6291 = EDGE_CURVE('',#6292,#6284,#6294,.T.);
#6292 = VERTEX_POINT('',#6293);
#6293 = CARTESIAN_POINT('',(5.66928E+03,4.2672E+03,152.4));
#6294 = LINE('',#6295,#6296);
#6295 = CARTESIAN_POINT('',(4.2672E+03,4.2672E+03,152.4));
#6296 = VECTOR('',#6297,1.);
#6297 = DIRECTION('',(1.,0.,-0.));
#6298 = ORIENTED_EDGE('',*,*,#6299,.F.);
#6299 = EDGE_CURVE('',#6300,#6292,#6302,.T.);
#6300 = VERTEX_POINT('',#6301);
#6301 = CARTESIAN_POINT('',(5.66928E+03,4.2672E+03,2.22504E+03));
#6302 = LINE('',#6303,#6304);
#6303 = CARTESIAN_POINT('',(5.66928E+03,4.2672E+03,152.4));
#6304 = VECTOR('',#6305,1.);
#6305 = DIRECTION('',(-0.,0.,-1.));
#6306 = ORIENTED_EDGE('',*,*,#6307,.F.);
#6307 = EDGE_CURVE('',#6308,#6300,#6310,.T.);
#6308 = VERTEX_POINT('',#6309);
#6309 = CARTESIAN_POINT('',(4.8768E+03,4.2672E+03,2.22504E+03));
#6310 = LINE('',#6311,#6312);
#6311 = CARTESIAN_POINT('',(4.572E+03,4.2672E+03,2.22504E+03));
#6312 = VECTOR('',#6313,1.);
#6313 = DIRECTION('',(1.,0.,-0.));
#6314 = ORIENTED_EDGE('',*,*,#6315,.T.);
#6315 = EDGE_CURVE('',#6308,#6267,#6316,.T.);
#6316 = LINE('',#6317,#6318);
#6317 = CARTESIAN_POINT('',(4.8768E+03,4.2672E+03,152.4));
#6318 = VECTOR('',#6319,1.);
#6319 = DIRECTION('',(-0.,0.,-1.));
#6320 = PLANE('',#6321);
#6321 = AXIS2_PLACEMENT_3D('',#6322,#6323,#6324);
#6322 = CARTESIAN_POINT('',(4.2672E+03,4.2672E+03,152.4));
#6323 = DIRECTION('',(-0.,1.,0.));
#6324 = DIRECTION('',(0.,0.,1.));
#6325 = ADVANCED_FACE('',(#6326),#6344,.T.);
#6326 = FACE_BOUND('',#6327,.T.);
#6327 = EDGE_LOOP('',(#6328,#6329,#6330,#6338));
#6328 = ORIENTED_EDGE('',*,*,#6252,.F.);
#6329 = ORIENTED_EDGE('',*,*,#6275,.T.);
#6330 = ORIENTED_EDGE('',*,*,#6331,.T.);
#6331 = EDGE_CURVE('',#6276,#6332,#6334,.T.);
#6332 = VERTEX_POINT('',#6333);
#6333 = CARTESIAN_POINT('',(7.1628E+03,4.367784E+03,2.8956E+03));
#6334 = LINE('',#6335,#6336);
#6335 = CARTESIAN_POINT('',(7.1628E+03,4.2672E+03,2.8956E+03));
#6336 = VECTOR('',#6337,1.);
#6337 = DIRECTION('',(-0.,1.,0.));
#6338 = ORIENTED_EDGE('',*,*,#6339,.F.);
#6339 = EDGE_CURVE('',#6245,#6332,#6340,.T.);
#6340 = LINE('',#6341,#6342);
#6341 = CARTESIAN_POINT('',(4.2672E+03,4.367784E+03,2.8956E+03));
#6342 = VECTOR('',#6343,1.);
#6343 = DIRECTION('',(1.,0.,-0.));
#6344 = PLANE('',#6345);
#6345 = AXIS2_PLACEMENT_3D('',#6346,#6347,#6348);
#6346 = CARTESIAN_POINT('',(4.2672E+03,4.2672E+03,2.8956E+03));
#6347 = DIRECTION('',(0.,0.,1.));
#6348 = DIRECTION('',(1.,0.,-0.));
#6349 = ADVANCED_FACE('',(#6350),#6400,.T.);
#6350 = FACE_BOUND('',#6351,.T.);
#6351 = EDGE_LOOP('',(#6352,#6360,#6361,#6362,#6370,#6378,#6386,#6394));
#6352 = ORIENTED_EDGE('',*,*,#6353,.F.);
#6353 = EDGE_CURVE('',#6237,#6354,#6356,.T.);
#6354 = VERTEX_POINT('',#6355);
#6355 = CARTESIAN_POINT('',(4.8768E+03,4.367784E+03,152.4));
#6356 = LINE('',#6357,#6358);
#6357 = CARTESIAN_POINT('',(4.2672E+03,4.367784E+03,152.4));
#6358 = VECTOR('',#6359,1.);
#6359 = DIRECTION('',(1.,0.,-0.));
#6360 = ORIENTED_EDGE('',*,*,#6244,.T.);
#6361 = ORIENTED_EDGE('',*,*,#6339,.T.);
#6362 = ORIENTED_EDGE('',*,*,#6363,.F.);
#6363 = EDGE_CURVE('',#6364,#6332,#6366,.T.);
#6364 = VERTEX_POINT('',#6365);
#6365 = CARTESIAN_POINT('',(7.1628E+03,4.367784E+03,152.4));
#6366 = LINE('',#6367,#6368);
#6367 = CARTESIAN_POINT('',(7.1628E+03,4.367784E+03,152.4));
#6368 = VECTOR('',#6369,1.);
#6369 = DIRECTION('',(0.,0.,1.));
#6370 = ORIENTED_EDGE('',*,*,#6371,.F.);
#6371 = EDGE_CURVE('',#6372,#6364,#6374,.T.);
#6372 = VERTEX_POINT('',#6373);
#6373 = CARTESIAN_POINT('',(5.66928E+03,4.367784E+03,152.4));
#6374 = LINE('',#6375,#6376);
#6375 = CARTESIAN_POINT('',(4.2672E+03,4.367784E+03,152.4));
#6376 = VECTOR('',#6377,1.);
#6377 = DIRECTION('',(1.,0.,-0.));
#6378 = ORIENTED_EDGE('',*,*,#6379,.F.);
#6379 = EDGE_CURVE('',#6380,#6372,#6382,.T.);
#6380 = VERTEX_POINT('',#6381);
#6381 = CARTESIAN_POINT('',(5.66928E+03,4.367784E+03,2.22504E+03));
#6382 = LINE('',#6383,#6384);
#6383 = CARTESIAN_POINT('',(5.66928E+03,4.367784E+03,152.4));
#6384 = VECTOR('',#6385,1.);
#6385 = DIRECTION('',(-0.,0.,-1.));
#6386 = ORIENTED_EDGE('',*,*,#6387,.F.);
#6387 = EDGE_CURVE('',#6388,#6380,#6390,.T.);
#6388 = VERTEX_POINT('',#6389);
#6389 = CARTESIAN_POINT('',(4.8768E+03,4.367784E+03,2.22504E+03));
#6390 = LINE('',#6391,#6392);
#6391 = CARTESIAN_POINT('',(4.572E+03,4.367784E+03,2.22504E+03));
#6392 = VECTOR('',#6393,1.);
#6393 = DIRECTION('',(1.,0.,-0.));
#6394 = ORIENTED_EDGE('',*,*,#6395,.T.);
#6395 = EDGE_CURVE('',#6388,#6354,#6396,.T.);
#6396 = LINE('',#6397,#6398);
#6397 = CARTESIAN_POINT('',(4.8768E+03,4.367784E+03,152.4));
#6398 = VECTOR('',#6399,1.);
#6399 = DIRECTION('',(-0.,0.,-1.));
#6400 = PLANE('',#6401);
#6401 = AXIS2_PLACEMENT_3D('',#6402,#6403,#6404);
#6402 = CARTESIAN_POINT('',(4.2672E+03,4.367784E+03,152.4));
#6403 = DIRECTION('',(-0.,1.,0.));
#6404 = DIRECTION('',(0.,0.,1.));
#6405 = ADVANCED_FACE('',(#6406),#6417,.F.);
#6406 = FACE_BOUND('',#6407,.F.);
#6407 = EDGE_LOOP('',(#6408,#6409,#6410,#6411));
#6408 = ORIENTED_EDGE('',*,*,#6353,.F.);
#6409 = ORIENTED_EDGE('',*,*,#6236,.F.);
#6410 = ORIENTED_EDGE('',*,*,#6266,.T.);
#6411 = ORIENTED_EDGE('',*,*,#6412,.T.);
#6412 = EDGE_CURVE('',#6267,#6354,#6413,.T.);
#6413 = LINE('',#6414,#6415);
#6414 = CARTESIAN_POINT('',(4.8768E+03,4.25196E+03,152.4));
#6415 = VECTOR('',#6416,1.);
#6416 = DIRECTION('',(-0.,1.,0.));
#6417 = PLANE('',#6418);
#6418 = AXIS2_PLACEMENT_3D('',#6419,#6420,#6421);
#6419 = CARTESIAN_POINT('',(4.2672E+03,4.2672E+03,152.4));
#6420 = DIRECTION('',(0.,0.,1.));
#6421 = DIRECTION('',(1.,0.,-0.));
#6422 = ADVANCED_FACE('',(#6423),#6434,.T.);
#6423 = FACE_BOUND('',#6424,.T.);
#6424 = EDGE_LOOP('',(#6425,#6431,#6432,#6433));
#6425 = ORIENTED_EDGE('',*,*,#6426,.F.);
#6426 = EDGE_CURVE('',#6308,#6388,#6427,.T.);
#6427 = LINE('',#6428,#6429);
#6428 = CARTESIAN_POINT('',(4.8768E+03,4.25196E+03,2.22504E+03));
#6429 = VECTOR('',#6430,1.);
#6430 = DIRECTION('',(-0.,1.,0.));
#6431 = ORIENTED_EDGE('',*,*,#6315,.T.);
#6432 = ORIENTED_EDGE('',*,*,#6412,.T.);
#6433 = ORIENTED_EDGE('',*,*,#6395,.F.);
#6434 = PLANE('',#6435);
#6435 = AXIS2_PLACEMENT_3D('',#6436,#6437,#6438);
#6436 = CARTESIAN_POINT('',(4.8768E+03,4.25196E+03,152.4));
#6437 = DIRECTION('',(1.,0.,-0.));
#6438 = DIRECTION('',(0.,0.,1.));
#6439 = ADVANCED_FACE('',(#6440),#6451,.F.);
#6440 = FACE_BOUND('',#6441,.F.);
#6441 = EDGE_LOOP('',(#6442,#6443,#6444,#6450));
#6442 = ORIENTED_EDGE('',*,*,#6426,.F.);
#6443 = ORIENTED_EDGE('',*,*,#6307,.T.);
#6444 = ORIENTED_EDGE('',*,*,#6445,.T.);
#6445 = EDGE_CURVE('',#6300,#6380,#6446,.T.);
#6446 = LINE('',#6447,#6448);
#6447 = CARTESIAN_POINT('',(5.66928E+03,4.25196E+03,2.22504E+03));
#6448 = VECTOR('',#6449,1.);
#6449 = DIRECTION('',(-0.,1.,0.));
#6450 = ORIENTED_EDGE('',*,*,#6387,.F.);
#6451 = PLANE('',#6452);
#6452 = AXIS2_PLACEMENT_3D('',#6453,#6454,#6455);
#6453 = CARTESIAN_POINT('',(4.8768E+03,4.25196E+03,2.22504E+03));
#6454 = DIRECTION('',(0.,0.,1.));
#6455 = DIRECTION('',(1.,0.,-0.));
#6456 = ADVANCED_FACE('',(#6457),#6468,.F.);
#6457 = FACE_BOUND('',#6458,.F.);
#6458 = EDGE_LOOP('',(#6459,#6460,#6461,#6467));
#6459 = ORIENTED_EDGE('',*,*,#6445,.F.);
#6460 = ORIENTED_EDGE('',*,*,#6299,.T.);
#6461 = ORIENTED_EDGE('',*,*,#6462,.T.);
#6462 = EDGE_CURVE('',#6292,#6372,#6463,.T.);
#6463 = LINE('',#6464,#6465);
#6464 = CARTESIAN_POINT('',(5.66928E+03,4.25196E+03,152.4));
#6465 = VECTOR('',#6466,1.);
#6466 = DIRECTION('',(-0.,1.,0.));
#6467 = ORIENTED_EDGE('',*,*,#6379,.F.);
#6468 = PLANE('',#6469);
#6469 = AXIS2_PLACEMENT_3D('',#6470,#6471,#6472);
#6470 = CARTESIAN_POINT('',(5.66928E+03,4.25196E+03,152.4));
#6471 = DIRECTION('',(1.,0.,-0.));
#6472 = DIRECTION('',(0.,0.,1.));
#6473 = ADVANCED_FACE('',(#6474),#6485,.F.);
#6474 = FACE_BOUND('',#6475,.F.);
#6475 = EDGE_LOOP('',(#6476,#6477,#6478,#6479));
#6476 = ORIENTED_EDGE('',*,*,#6371,.F.);
#6477 = ORIENTED_EDGE('',*,*,#6462,.F.);
#6478 = ORIENTED_EDGE('',*,*,#6291,.T.);
#6479 = ORIENTED_EDGE('',*,*,#6480,.T.);
#6480 = EDGE_CURVE('',#6284,#6364,#6481,.T.);
#6481 = LINE('',#6482,#6483);
#6482 = CARTESIAN_POINT('',(7.1628E+03,4.2672E+03,152.4));
#6483 = VECTOR('',#6484,1.);
#6484 = DIRECTION('',(-0.,1.,0.));
#6485 = PLANE('',#6486);
#6486 = AXIS2_PLACEMENT_3D('',#6487,#6488,#6489);
#6487 = CARTESIAN_POINT('',(4.2672E+03,4.2672E+03,152.4));
#6488 = DIRECTION('',(0.,0.,1.));
#6489 = DIRECTION('',(1.,0.,-0.));
#6490 = ADVANCED_FACE('',(#6491),#6497,.T.);
#6491 = FACE_BOUND('',#6492,.T.);
#6492 = EDGE_LOOP('',(#6493,#6494,#6495,#6496));
#6493 = ORIENTED_EDGE('',*,*,#6283,.F.);
#6494 = ORIENTED_EDGE('',*,*,#6480,.T.);
#6495 = ORIENTED_EDGE('',*,*,#6363,.T.);
#6496 = ORIENTED_EDGE('',*,*,#6331,.F.);
#6497 = PLANE('',#6498);
#6498 = AXIS2_PLACEMENT_3D('',#6499,#6500,#6501);
#6499 = CARTESIAN_POINT('',(7.1628E+03,4.2672E+03,152.4));
#6500 = DIRECTION('',(1.,0.,-0.));
#6501 = DIRECTION('',(0.,0.,1.));
#6502 = ( GEOMETRIC_REPRESENTATION_CONTEXT(3) 
GLOBAL_UNCERTAINTY_ASSIGNED_CONTEXT((#6506)) 
GLOBAL_UNIT_ASSIGNED_CONTEXT((#6503,#6504,#6505)) REPRESENTATION_CONTEXT
('Context #1','3D Context with UNIT and UNCERTAINTY') );
#6503 = ( LENGTH_UNIT() NAMED_UNIT(*) SI_UNIT(.MILLI.,.METRE.) );
#6504 = ( NAMED_UNIT(*) PLANE_ANGLE_UNIT() SI_UNIT($,.RADIAN.) );
#6505 = ( NAMED_UNIT(*) SI_UNIT($,.STERADIAN.) SOLID_ANGLE_UNIT() );
#6506 = UNCERTAINTY_MEASURE_WITH_UNIT(LENGTH_MEASURE(1.E-07),#6503,
  'distance_accuracy_value','confusion accuracy');
#6507 = CONTEXT_DEPENDENT_SHAPE_REPRESENTATION(#6508,#6510);
#6508 = ( REPRESENTATION_RELATIONSHIP('','',#6219,#10) 
REPRESENTATION_RELATIONSHIP_WITH_TRANSFORMATION(#6509) 
SHAPE_REPRESENTATION_RELATIONSHIP() );
#6509 = ITEM_DEFINED_TRANSFORMATION('','',#11,#139);
#6510 = PRODUCT_DEFINITION_SHAPE('Placement','Placement of an item',
  #6511);
#6511 = NEXT_ASSEMBLY_USAGE_OCCURRENCE('32','L1 office south wall','',#5
  ,#6214,$);
#6512 = PRODUCT_RELATED_PRODUCT_CATEGORY('part',$,(#6216));
#6513 = SHAPE_DEFINITION_REPRESENTATION(#6514,#6520);
#6514 = PRODUCT_DEFINITION_SHAPE('','',#6515);
#6515 = PRODUCT_DEFINITION('design','',#6516,#6519);
#6516 = PRODUCT_DEFINITION_FORMATION('','',#6517);
#6517 = PRODUCT('L1 shower','L1 shower','',(#6518));
#6518 = PRODUCT_CONTEXT('',#2,'mechanical');
#6519 = PRODUCT_DEFINITION_CONTEXT('part definition',#2,'design');
#6520 = ADVANCED_BREP_SHAPE_REPRESENTATION('',(#11,#6521),#6671);
#6521 = MANIFOLD_SOLID_BREP('',#6522);
#6522 = CLOSED_SHELL('',(#6523,#6563,#6603,#6625,#6647,#6659));
#6523 = ADVANCED_FACE('',(#6524),#6558,.F.);
#6524 = FACE_BOUND('',#6525,.F.);
#6525 = EDGE_LOOP('',(#6526,#6536,#6544,#6552));
#6526 = ORIENTED_EDGE('',*,*,#6527,.F.);
#6527 = EDGE_CURVE('',#6528,#6530,#6532,.T.);
#6528 = VERTEX_POINT('',#6529);
#6529 = CARTESIAN_POINT('',(2.40792E+03,4.90728E+03,152.4));
#6530 = VERTEX_POINT('',#6531);
#6531 = CARTESIAN_POINT('',(2.40792E+03,4.90728E+03,198.12));
#6532 = LINE('',#6533,#6534);
#6533 = CARTESIAN_POINT('',(2.40792E+03,4.90728E+03,152.4));
#6534 = VECTOR('',#6535,1.);
#6535 = DIRECTION('',(0.,0.,1.));
#6536 = ORIENTED_EDGE('',*,*,#6537,.T.);
#6537 = EDGE_CURVE('',#6528,#6538,#6540,.T.);
#6538 = VERTEX_POINT('',#6539);
#6539 = CARTESIAN_POINT('',(2.40792E+03,5.82168E+03,152.4));
#6540 = LINE('',#6541,#6542);
#6541 = CARTESIAN_POINT('',(2.40792E+03,4.90728E+03,152.4));
#6542 = VECTOR('',#6543,1.);
#6543 = DIRECTION('',(-0.,1.,0.));
#6544 = ORIENTED_EDGE('',*,*,#6545,.T.);
#6545 = EDGE_CURVE('',#6538,#6546,#6548,.T.);
#6546 = VERTEX_POINT('',#6547);
#6547 = CARTESIAN_POINT('',(2.40792E+03,5.82168E+03,198.12));
#6548 = LINE('',#6549,#6550);
#6549 = CARTESIAN_POINT('',(2.40792E+03,5.82168E+03,152.4));
#6550 = VECTOR('',#6551,1.);
#6551 = DIRECTION('',(0.,0.,1.));
#6552 = ORIENTED_EDGE('',*,*,#6553,.F.);
#6553 = EDGE_CURVE('',#6530,#6546,#6554,.T.);
#6554 = LINE('',#6555,#6556);
#6555 = CARTESIAN_POINT('',(2.40792E+03,4.90728E+03,198.12));
#6556 = VECTOR('',#6557,1.);
#6557 = DIRECTION('',(-0.,1.,0.));
#6558 = PLANE('',#6559);
#6559 = AXIS2_PLACEMENT_3D('',#6560,#6561,#6562);
#6560 = CARTESIAN_POINT('',(2.40792E+03,4.90728E+03,152.4));
#6561 = DIRECTION('',(1.,0.,-0.));
#6562 = DIRECTION('',(0.,0.,1.));
#6563 = ADVANCED_FACE('',(#6564),#6598,.T.);
#6564 = FACE_BOUND('',#6565,.T.);
#6565 = EDGE_LOOP('',(#6566,#6576,#6584,#6592));
#6566 = ORIENTED_EDGE('',*,*,#6567,.F.);
#6567 = EDGE_CURVE('',#6568,#6570,#6572,.T.);
#6568 = VERTEX_POINT('',#6569);
#6569 = CARTESIAN_POINT('',(3.32232E+03,4.90728E+03,152.4));
#6570 = VERTEX_POINT('',#6571);
#6571 = CARTESIAN_POINT('',(3.32232E+03,4.90728E+03,198.12));
#6572 = LINE('',#6573,#6574);
#6573 = CARTESIAN_POINT('',(3.32232E+03,4.90728E+03,152.4));
#6574 = VECTOR('',#6575,1.);
#6575 = DIRECTION('',(0.,0.,1.));
#6576 = ORIENTED_EDGE('',*,*,#6577,.T.);
#6577 = EDGE_CURVE('',#6568,#6578,#6580,.T.);
#6578 = VERTEX_POINT('',#6579);
#6579 = CARTESIAN_POINT('',(3.32232E+03,5.82168E+03,152.4));
#6580 = LINE('',#6581,#6582);
#6581 = CARTESIAN_POINT('',(3.32232E+03,4.90728E+03,152.4));
#6582 = VECTOR('',#6583,1.);
#6583 = DIRECTION('',(-0.,1.,0.));
#6584 = ORIENTED_EDGE('',*,*,#6585,.T.);
#6585 = EDGE_CURVE('',#6578,#6586,#6588,.T.);
#6586 = VERTEX_POINT('',#6587);
#6587 = CARTESIAN_POINT('',(3.32232E+03,5.82168E+03,198.12));
#6588 = LINE('',#6589,#6590);
#6589 = CARTESIAN_POINT('',(3.32232E+03,5.82168E+03,152.4));
#6590 = VECTOR('',#6591,1.);
#6591 = DIRECTION('',(0.,0.,1.));
#6592 = ORIENTED_EDGE('',*,*,#6593,.F.);
#6593 = EDGE_CURVE('',#6570,#6586,#6594,.T.);
#6594 = LINE('',#6595,#6596);
#6595 = CARTESIAN_POINT('',(3.32232E+03,4.90728E+03,198.12));
#6596 = VECTOR('',#6597,1.);
#6597 = DIRECTION('',(-0.,1.,0.));
#6598 = PLANE('',#6599);
#6599 = AXIS2_PLACEMENT_3D('',#6600,#6601,#6602);
#6600 = CARTESIAN_POINT('',(3.32232E+03,4.90728E+03,152.4));
#6601 = DIRECTION('',(1.,0.,-0.));
#6602 = DIRECTION('',(0.,0.,1.));
#6603 = ADVANCED_FACE('',(#6604),#6620,.F.);
#6604 = FACE_BOUND('',#6605,.F.);
#6605 = EDGE_LOOP('',(#6606,#6612,#6613,#6619));
#6606 = ORIENTED_EDGE('',*,*,#6607,.F.);
#6607 = EDGE_CURVE('',#6528,#6568,#6608,.T.);
#6608 = LINE('',#6609,#6610);
#6609 = CARTESIAN_POINT('',(2.40792E+03,4.90728E+03,152.4));
#6610 = VECTOR('',#6611,1.);
#6611 = DIRECTION('',(1.,0.,-0.));
#6612 = ORIENTED_EDGE('',*,*,#6527,.T.);
#6613 = ORIENTED_EDGE('',*,*,#6614,.T.);
#6614 = EDGE_CURVE('',#6530,#6570,#6615,.T.);
#6615 = LINE('',#6616,#6617);
#6616 = CARTESIAN_POINT('',(2.40792E+03,4.90728E+03,198.12));
#6617 = VECTOR('',#6618,1.);
#6618 = DIRECTION('',(1.,0.,-0.));
#6619 = ORIENTED_EDGE('',*,*,#6567,.F.);
#6620 = PLANE('',#6621);
#6621 = AXIS2_PLACEMENT_3D('',#6622,#6623,#6624);
#6622 = CARTESIAN_POINT('',(2.40792E+03,4.90728E+03,152.4));
#6623 = DIRECTION('',(-0.,1.,0.));
#6624 = DIRECTION('',(0.,0.,1.));
#6625 = ADVANCED_FACE('',(#6626),#6642,.T.);
#6626 = FACE_BOUND('',#6627,.T.);
#6627 = EDGE_LOOP('',(#6628,#6634,#6635,#6641));
#6628 = ORIENTED_EDGE('',*,*,#6629,.F.);
#6629 = EDGE_CURVE('',#6538,#6578,#6630,.T.);
#6630 = LINE('',#6631,#6632);
#6631 = CARTESIAN_POINT('',(2.40792E+03,5.82168E+03,152.4));
#6632 = VECTOR('',#6633,1.);
#6633 = DIRECTION('',(1.,0.,-0.));
#6634 = ORIENTED_EDGE('',*,*,#6545,.T.);
#6635 = ORIENTED_EDGE('',*,*,#6636,.T.);
#6636 = EDGE_CURVE('',#6546,#6586,#6637,.T.);
#6637 = LINE('',#6638,#6639);
#6638 = CARTESIAN_POINT('',(2.40792E+03,5.82168E+03,198.12));
#6639 = VECTOR('',#6640,1.);
#6640 = DIRECTION('',(1.,0.,-0.));
#6641 = ORIENTED_EDGE('',*,*,#6585,.F.);
#6642 = PLANE('',#6643);
#6643 = AXIS2_PLACEMENT_3D('',#6644,#6645,#6646);
#6644 = CARTESIAN_POINT('',(2.40792E+03,5.82168E+03,152.4));
#6645 = DIRECTION('',(-0.,1.,0.));
#6646 = DIRECTION('',(0.,0.,1.));
#6647 = ADVANCED_FACE('',(#6648),#6654,.F.);
#6648 = FACE_BOUND('',#6649,.F.);
#6649 = EDGE_LOOP('',(#6650,#6651,#6652,#6653));
#6650 = ORIENTED_EDGE('',*,*,#6537,.F.);
#6651 = ORIENTED_EDGE('',*,*,#6607,.T.);
#6652 = ORIENTED_EDGE('',*,*,#6577,.T.);
#6653 = ORIENTED_EDGE('',*,*,#6629,.F.);
#6654 = PLANE('',#6655);
#6655 = AXIS2_PLACEMENT_3D('',#6656,#6657,#6658);
#6656 = CARTESIAN_POINT('',(2.40792E+03,4.90728E+03,152.4));
#6657 = DIRECTION('',(0.,0.,1.));
#6658 = DIRECTION('',(1.,0.,-0.));
#6659 = ADVANCED_FACE('',(#6660),#6666,.T.);
#6660 = FACE_BOUND('',#6661,.T.);
#6661 = EDGE_LOOP('',(#6662,#6663,#6664,#6665));
#6662 = ORIENTED_EDGE('',*,*,#6553,.F.);
#6663 = ORIENTED_EDGE('',*,*,#6614,.T.);
#6664 = ORIENTED_EDGE('',*,*,#6593,.T.);
#6665 = ORIENTED_EDGE('',*,*,#6636,.F.);
#6666 = PLANE('',#6667);
#6667 = AXIS2_PLACEMENT_3D('',#6668,#6669,#6670);
#6668 = CARTESIAN_POINT('',(2.40792E+03,4.90728E+03,198.12));
#6669 = DIRECTION('',(0.,0.,1.));
#6670 = DIRECTION('',(1.,0.,-0.));
#6671 = ( GEOMETRIC_REPRESENTATION_CONTEXT(3) 
GLOBAL_UNCERTAINTY_ASSIGNED_CONTEXT((#6675)) 
GLOBAL_UNIT_ASSIGNED_CONTEXT((#6672,#6673,#6674)) REPRESENTATION_CONTEXT
('Context #1','3D Context with UNIT and UNCERTAINTY') );
#6672 = ( LENGTH_UNIT() NAMED_UNIT(*) SI_UNIT(.MILLI.,.METRE.) );
#6673 = ( NAMED_UNIT(*) PLANE_ANGLE_UNIT() SI_UNIT($,.RADIAN.) );
#6674 = ( NAMED_UNIT(*) SI_UNIT($,.STERADIAN.) SOLID_ANGLE_UNIT() );
#6675 = UNCERTAINTY_MEASURE_WITH_UNIT(LENGTH_MEASURE(1.E-07),#6672,
  'distance_accuracy_value','confusion accuracy');
#6676 = CONTEXT_DEPENDENT_SHAPE_REPRESENTATION(#6677,#6679);
#6677 = ( REPRESENTATION_RELATIONSHIP('','',#6520,#10) 
REPRESENTATION_RELATIONSHIP_WITH_TRANSFORMATION(#6678) 
SHAPE_REPRESENTATION_RELATIONSHIP() );
#6678 = ITEM_DEFINED_TRANSFORMATION('','',#11,#143);
#6679 = PRODUCT_DEFINITION_SHAPE('Placement','Placement of an item',
  #6680);
#6680 = NEXT_ASSEMBLY_USAGE_OCCURRENCE('33','L1 shower','',#5,#6515,$);
#6681 = PRODUCT_RELATED_PRODUCT_CATEGORY('part',$,(#6517));
#6682 = SHAPE_DEFINITION_REPRESENTATION(#6683,#6689);
#6683 = PRODUCT_DEFINITION_SHAPE('','',#6684);
#6684 = PRODUCT_DEFINITION('design','',#6685,#6688);
#6685 = PRODUCT_DEFINITION_FORMATION('','',#6686);
#6686 = PRODUCT('L1 south exterior wall','L1 south exterior wall','',(
    #6687));
#6687 = PRODUCT_CONTEXT('',#2,'mechanical');
#6688 = PRODUCT_DEFINITION_CONTEXT('part definition',#2,'design');
#6689 = ADVANCED_BREP_SHAPE_REPRESENTATION('',(#11,#6690),#6840);
#6690 = MANIFOLD_SOLID_BREP('',#6691);
#6691 = CLOSED_SHELL('',(#6692,#6732,#6772,#6794,#6816,#6828));
#6692 = ADVANCED_FACE('',(#6693),#6727,.F.);
#6693 = FACE_BOUND('',#6694,.F.);
#6694 = EDGE_LOOP('',(#6695,#6705,#6713,#6721));
#6695 = ORIENTED_EDGE('',*,*,#6696,.F.);
#6696 = EDGE_CURVE('',#6697,#6699,#6701,.T.);
#6697 = VERTEX_POINT('',#6698);
#6698 = CARTESIAN_POINT('',(0.,0.,152.4));
#6699 = VERTEX_POINT('',#6700);
#6700 = CARTESIAN_POINT('',(0.,0.,2.8956E+03));
#6701 = LINE('',#6702,#6703);
#6702 = CARTESIAN_POINT('',(0.,0.,152.4));
#6703 = VECTOR('',#6704,1.);
#6704 = DIRECTION('',(0.,0.,1.));
#6705 = ORIENTED_EDGE('',*,*,#6706,.T.);
#6706 = EDGE_CURVE('',#6697,#6707,#6709,.T.);
#6707 = VERTEX_POINT('',#6708);
#6708 = CARTESIAN_POINT('',(0.,152.4,152.4));
#6709 = LINE('',#6710,#6711);
#6710 = CARTESIAN_POINT('',(0.,0.,152.4));
#6711 = VECTOR('',#6712,1.);
#6712 = DIRECTION('',(-0.,1.,0.));
#6713 = ORIENTED_EDGE('',*,*,#6714,.T.);
#6714 = EDGE_CURVE('',#6707,#6715,#6717,.T.);
#6715 = VERTEX_POINT('',#6716);
#6716 = CARTESIAN_POINT('',(0.,152.4,2.8956E+03));
#6717 = LINE('',#6718,#6719);
#6718 = CARTESIAN_POINT('',(0.,152.4,152.4));
#6719 = VECTOR('',#6720,1.);
#6720 = DIRECTION('',(0.,0.,1.));
#6721 = ORIENTED_EDGE('',*,*,#6722,.F.);
#6722 = EDGE_CURVE('',#6699,#6715,#6723,.T.);
#6723 = LINE('',#6724,#6725);
#6724 = CARTESIAN_POINT('',(0.,0.,2.8956E+03));
#6725 = VECTOR('',#6726,1.);
#6726 = DIRECTION('',(-0.,1.,0.));
#6727 = PLANE('',#6728);
#6728 = AXIS2_PLACEMENT_3D('',#6729,#6730,#6731);
#6729 = CARTESIAN_POINT('',(0.,0.,152.4));
#6730 = DIRECTION('',(1.,0.,-0.));
#6731 = DIRECTION('',(0.,0.,1.));
#6732 = ADVANCED_FACE('',(#6733),#6767,.T.);
#6733 = FACE_BOUND('',#6734,.T.);
#6734 = EDGE_LOOP('',(#6735,#6745,#6753,#6761));
#6735 = ORIENTED_EDGE('',*,*,#6736,.F.);
#6736 = EDGE_CURVE('',#6737,#6739,#6741,.T.);
#6737 = VERTEX_POINT('',#6738);
#6738 = CARTESIAN_POINT('',(7.3152E+03,0.,152.4));
#6739 = VERTEX_POINT('',#6740);
#6740 = CARTESIAN_POINT('',(7.3152E+03,0.,2.8956E+03));
#6741 = LINE('',#6742,#6743);
#6742 = CARTESIAN_POINT('',(7.3152E+03,0.,152.4));
#6743 = VECTOR('',#6744,1.);
#6744 = DIRECTION('',(0.,0.,1.));
#6745 = ORIENTED_EDGE('',*,*,#6746,.T.);
#6746 = EDGE_CURVE('',#6737,#6747,#6749,.T.);
#6747 = VERTEX_POINT('',#6748);
#6748 = CARTESIAN_POINT('',(7.3152E+03,152.4,152.4));
#6749 = LINE('',#6750,#6751);
#6750 = CARTESIAN_POINT('',(7.3152E+03,0.,152.4));
#6751 = VECTOR('',#6752,1.);
#6752 = DIRECTION('',(-0.,1.,0.));
#6753 = ORIENTED_EDGE('',*,*,#6754,.T.);
#6754 = EDGE_CURVE('',#6747,#6755,#6757,.T.);
#6755 = VERTEX_POINT('',#6756);
#6756 = CARTESIAN_POINT('',(7.3152E+03,152.4,2.8956E+03));
#6757 = LINE('',#6758,#6759);
#6758 = CARTESIAN_POINT('',(7.3152E+03,152.4,152.4));
#6759 = VECTOR('',#6760,1.);
#6760 = DIRECTION('',(0.,0.,1.));
#6761 = ORIENTED_EDGE('',*,*,#6762,.F.);
#6762 = EDGE_CURVE('',#6739,#6755,#6763,.T.);
#6763 = LINE('',#6764,#6765);
#6764 = CARTESIAN_POINT('',(7.3152E+03,0.,2.8956E+03));
#6765 = VECTOR('',#6766,1.);
#6766 = DIRECTION('',(-0.,1.,0.));
#6767 = PLANE('',#6768);
#6768 = AXIS2_PLACEMENT_3D('',#6769,#6770,#6771);
#6769 = CARTESIAN_POINT('',(7.3152E+03,0.,152.4));
#6770 = DIRECTION('',(1.,0.,-0.));
#6771 = DIRECTION('',(0.,0.,1.));
#6772 = ADVANCED_FACE('',(#6773),#6789,.F.);
#6773 = FACE_BOUND('',#6774,.F.);
#6774 = EDGE_LOOP('',(#6775,#6781,#6782,#6788));
#6775 = ORIENTED_EDGE('',*,*,#6776,.F.);
#6776 = EDGE_CURVE('',#6697,#6737,#6777,.T.);
#6777 = LINE('',#6778,#6779);
#6778 = CARTESIAN_POINT('',(0.,0.,152.4));
#6779 = VECTOR('',#6780,1.);
#6780 = DIRECTION('',(1.,0.,-0.));
#6781 = ORIENTED_EDGE('',*,*,#6696,.T.);
#6782 = ORIENTED_EDGE('',*,*,#6783,.T.);
#6783 = EDGE_CURVE('',#6699,#6739,#6784,.T.);
#6784 = LINE('',#6785,#6786);
#6785 = CARTESIAN_POINT('',(0.,0.,2.8956E+03));
#6786 = VECTOR('',#6787,1.);
#6787 = DIRECTION('',(1.,0.,-0.));
#6788 = ORIENTED_EDGE('',*,*,#6736,.F.);
#6789 = PLANE('',#6790);
#6790 = AXIS2_PLACEMENT_3D('',#6791,#6792,#6793);
#6791 = CARTESIAN_POINT('',(0.,0.,152.4));
#6792 = DIRECTION('',(-0.,1.,0.));
#6793 = DIRECTION('',(0.,0.,1.));
#6794 = ADVANCED_FACE('',(#6795),#6811,.T.);
#6795 = FACE_BOUND('',#6796,.T.);
#6796 = EDGE_LOOP('',(#6797,#6803,#6804,#6810));
#6797 = ORIENTED_EDGE('',*,*,#6798,.F.);
#6798 = EDGE_CURVE('',#6707,#6747,#6799,.T.);
#6799 = LINE('',#6800,#6801);
#6800 = CARTESIAN_POINT('',(0.,152.4,152.4));
#6801 = VECTOR('',#6802,1.);
#6802 = DIRECTION('',(1.,0.,-0.));
#6803 = ORIENTED_EDGE('',*,*,#6714,.T.);
#6804 = ORIENTED_EDGE('',*,*,#6805,.T.);
#6805 = EDGE_CURVE('',#6715,#6755,#6806,.T.);
#6806 = LINE('',#6807,#6808);
#6807 = CARTESIAN_POINT('',(0.,152.4,2.8956E+03));
#6808 = VECTOR('',#6809,1.);
#6809 = DIRECTION('',(1.,0.,-0.));
#6810 = ORIENTED_EDGE('',*,*,#6754,.F.);
#6811 = PLANE('',#6812);
#6812 = AXIS2_PLACEMENT_3D('',#6813,#6814,#6815);
#6813 = CARTESIAN_POINT('',(0.,152.4,152.4));
#6814 = DIRECTION('',(-0.,1.,0.));
#6815 = DIRECTION('',(0.,0.,1.));
#6816 = ADVANCED_FACE('',(#6817),#6823,.F.);
#6817 = FACE_BOUND('',#6818,.F.);
#6818 = EDGE_LOOP('',(#6819,#6820,#6821,#6822));
#6819 = ORIENTED_EDGE('',*,*,#6706,.F.);
#6820 = ORIENTED_EDGE('',*,*,#6776,.T.);
#6821 = ORIENTED_EDGE('',*,*,#6746,.T.);
#6822 = ORIENTED_EDGE('',*,*,#6798,.F.);
#6823 = PLANE('',#6824);
#6824 = AXIS2_PLACEMENT_3D('',#6825,#6826,#6827);
#6825 = CARTESIAN_POINT('',(0.,0.,152.4));
#6826 = DIRECTION('',(0.,0.,1.));
#6827 = DIRECTION('',(1.,0.,-0.));
#6828 = ADVANCED_FACE('',(#6829),#6835,.T.);
#6829 = FACE_BOUND('',#6830,.T.);
#6830 = EDGE_LOOP('',(#6831,#6832,#6833,#6834));
#6831 = ORIENTED_EDGE('',*,*,#6722,.F.);
#6832 = ORIENTED_EDGE('',*,*,#6783,.T.);
#6833 = ORIENTED_EDGE('',*,*,#6762,.T.);
#6834 = ORIENTED_EDGE('',*,*,#6805,.F.);
#6835 = PLANE('',#6836);
#6836 = AXIS2_PLACEMENT_3D('',#6837,#6838,#6839);
#6837 = CARTESIAN_POINT('',(0.,0.,2.8956E+03));
#6838 = DIRECTION('',(0.,0.,1.));
#6839 = DIRECTION('',(1.,0.,-0.));
#6840 = ( GEOMETRIC_REPRESENTATION_CONTEXT(3) 
GLOBAL_UNCERTAINTY_ASSIGNED_CONTEXT((#6844)) 
GLOBAL_UNIT_ASSIGNED_CONTEXT((#6841,#6842,#6843)) REPRESENTATION_CONTEXT
('Context #1','3D Context with UNIT and UNCERTAINTY') );
#6841 = ( LENGTH_UNIT() NAMED_UNIT(*) SI_UNIT(.MILLI.,.METRE.) );
#6842 = ( NAMED_UNIT(*) PLANE_ANGLE_UNIT() SI_UNIT($,.RADIAN.) );
#6843 = ( NAMED_UNIT(*) SI_UNIT($,.STERADIAN.) SOLID_ANGLE_UNIT() );
#6844 = UNCERTAINTY_MEASURE_WITH_UNIT(LENGTH_MEASURE(1.E-07),#6841,
  'distance_accuracy_value','confusion accuracy');
#6845 = CONTEXT_DEPENDENT_SHAPE_REPRESENTATION(#6846,#6848);
#6846 = ( REPRESENTATION_RELATIONSHIP('','',#6689,#10) 
REPRESENTATION_RELATIONSHIP_WITH_TRANSFORMATION(#6847) 
SHAPE_REPRESENTATION_RELATIONSHIP() );
#6847 = ITEM_DEFINED_TRANSFORMATION('','',#11,#147);
#6848 = PRODUCT_DEFINITION_SHAPE('Placement','Placement of an item',
  #6849);
#6849 = NEXT_ASSEMBLY_USAGE_OCCURRENCE('34','L1 south exterior wall','',
  #5,#6684,$);
#6850 = PRODUCT_RELATED_PRODUCT_CATEGORY('part',$,(#6686));
#6851 = SHAPE_DEFINITION_REPRESENTATION(#6852,#6858);
#6852 = PRODUCT_DEFINITION_SHAPE('','',#6853);
#6853 = PRODUCT_DEFINITION('design','',#6854,#6857);
#6854 = PRODUCT_DEFINITION_FORMATION('','',#6855);
#6855 = PRODUCT('L1 vanity','L1 vanity','',(#6856));
#6856 = PRODUCT_CONTEXT('',#2,'mechanical');
#6857 = PRODUCT_DEFINITION_CONTEXT('part definition',#2,'design');
#6858 = ADVANCED_BREP_SHAPE_REPRESENTATION('',(#11,#6859),#7009);
#6859 = MANIFOLD_SOLID_BREP('',#6860);
#6860 = CLOSED_SHELL('',(#6861,#6901,#6941,#6963,#6985,#6997));
#6861 = ADVANCED_FACE('',(#6862),#6896,.F.);
#6862 = FACE_BOUND('',#6863,.F.);
#6863 = EDGE_LOOP('',(#6864,#6874,#6882,#6890));
#6864 = ORIENTED_EDGE('',*,*,#6865,.F.);
#6865 = EDGE_CURVE('',#6866,#6868,#6870,.T.);
#6866 = VERTEX_POINT('',#6867);
#6867 = CARTESIAN_POINT('',(2.4384E+03,4.37388E+03,152.4));
#6868 = VERTEX_POINT('',#6869);
#6869 = CARTESIAN_POINT('',(2.4384E+03,4.37388E+03,1.00584E+03));
#6870 = LINE('',#6871,#6872);
#6871 = CARTESIAN_POINT('',(2.4384E+03,4.37388E+03,152.4));
#6872 = VECTOR('',#6873,1.);
#6873 = DIRECTION('',(0.,0.,1.));
#6874 = ORIENTED_EDGE('',*,*,#6875,.T.);
#6875 = EDGE_CURVE('',#6866,#6876,#6878,.T.);
#6876 = VERTEX_POINT('',#6877);
#6877 = CARTESIAN_POINT('',(2.4384E+03,4.81584E+03,152.4));
#6878 = LINE('',#6879,#6880);
#6879 = CARTESIAN_POINT('',(2.4384E+03,4.37388E+03,152.4));
#6880 = VECTOR('',#6881,1.);
#6881 = DIRECTION('',(-0.,1.,0.));
#6882 = ORIENTED_EDGE('',*,*,#6883,.T.);
#6883 = EDGE_CURVE('',#6876,#6884,#6886,.T.);
#6884 = VERTEX_POINT('',#6885);
#6885 = CARTESIAN_POINT('',(2.4384E+03,4.81584E+03,1.00584E+03));
#6886 = LINE('',#6887,#6888);
#6887 = CARTESIAN_POINT('',(2.4384E+03,4.81584E+03,152.4));
#6888 = VECTOR('',#6889,1.);
#6889 = DIRECTION('',(0.,0.,1.));
#6890 = ORIENTED_EDGE('',*,*,#6891,.F.);
#6891 = EDGE_CURVE('',#6868,#6884,#6892,.T.);
#6892 = LINE('',#6893,#6894);
#6893 = CARTESIAN_POINT('',(2.4384E+03,4.37388E+03,1.00584E+03));
#6894 = VECTOR('',#6895,1.);
#6895 = DIRECTION('',(-0.,1.,0.));
#6896 = PLANE('',#6897);
#6897 = AXIS2_PLACEMENT_3D('',#6898,#6899,#6900);
#6898 = CARTESIAN_POINT('',(2.4384E+03,4.37388E+03,152.4));
#6899 = DIRECTION('',(1.,0.,-0.));
#6900 = DIRECTION('',(0.,0.,1.));
#6901 = ADVANCED_FACE('',(#6902),#6936,.T.);
#6902 = FACE_BOUND('',#6903,.T.);
#6903 = EDGE_LOOP('',(#6904,#6914,#6922,#6930));
#6904 = ORIENTED_EDGE('',*,*,#6905,.F.);
#6905 = EDGE_CURVE('',#6906,#6908,#6910,.T.);
#6906 = VERTEX_POINT('',#6907);
#6907 = CARTESIAN_POINT('',(3.16992E+03,4.37388E+03,152.4));
#6908 = VERTEX_POINT('',#6909);
#6909 = CARTESIAN_POINT('',(3.16992E+03,4.37388E+03,1.00584E+03));
#6910 = LINE('',#6911,#6912);
#6911 = CARTESIAN_POINT('',(3.16992E+03,4.37388E+03,152.4));
#6912 = VECTOR('',#6913,1.);
#6913 = DIRECTION('',(0.,0.,1.));
#6914 = ORIENTED_EDGE('',*,*,#6915,.T.);
#6915 = EDGE_CURVE('',#6906,#6916,#6918,.T.);
#6916 = VERTEX_POINT('',#6917);
#6917 = CARTESIAN_POINT('',(3.16992E+03,4.81584E+03,152.4));
#6918 = LINE('',#6919,#6920);
#6919 = CARTESIAN_POINT('',(3.16992E+03,4.37388E+03,152.4));
#6920 = VECTOR('',#6921,1.);
#6921 = DIRECTION('',(-0.,1.,0.));
#6922 = ORIENTED_EDGE('',*,*,#6923,.T.);
#6923 = EDGE_CURVE('',#6916,#6924,#6926,.T.);
#6924 = VERTEX_POINT('',#6925);
#6925 = CARTESIAN_POINT('',(3.16992E+03,4.81584E+03,1.00584E+03));
#6926 = LINE('',#6927,#6928);
#6927 = CARTESIAN_POINT('',(3.16992E+03,4.81584E+03,152.4));
#6928 = VECTOR('',#6929,1.);
#6929 = DIRECTION('',(0.,0.,1.));
#6930 = ORIENTED_EDGE('',*,*,#6931,.F.);
#6931 = EDGE_CURVE('',#6908,#6924,#6932,.T.);
#6932 = LINE('',#6933,#6934);
#6933 = CARTESIAN_POINT('',(3.16992E+03,4.37388E+03,1.00584E+03));
#6934 = VECTOR('',#6935,1.);
#6935 = DIRECTION('',(-0.,1.,0.));
#6936 = PLANE('',#6937);
#6937 = AXIS2_PLACEMENT_3D('',#6938,#6939,#6940);
#6938 = CARTESIAN_POINT('',(3.16992E+03,4.37388E+03,152.4));
#6939 = DIRECTION('',(1.,0.,-0.));
#6940 = DIRECTION('',(0.,0.,1.));
#6941 = ADVANCED_FACE('',(#6942),#6958,.F.);
#6942 = FACE_BOUND('',#6943,.F.);
#6943 = EDGE_LOOP('',(#6944,#6950,#6951,#6957));
#6944 = ORIENTED_EDGE('',*,*,#6945,.F.);
#6945 = EDGE_CURVE('',#6866,#6906,#6946,.T.);
#6946 = LINE('',#6947,#6948);
#6947 = CARTESIAN_POINT('',(2.4384E+03,4.37388E+03,152.4));
#6948 = VECTOR('',#6949,1.);
#6949 = DIRECTION('',(1.,0.,-0.));
#6950 = ORIENTED_EDGE('',*,*,#6865,.T.);
#6951 = ORIENTED_EDGE('',*,*,#6952,.T.);
#6952 = EDGE_CURVE('',#6868,#6908,#6953,.T.);
#6953 = LINE('',#6954,#6955);
#6954 = CARTESIAN_POINT('',(2.4384E+03,4.37388E+03,1.00584E+03));
#6955 = VECTOR('',#6956,1.);
#6956 = DIRECTION('',(1.,0.,-0.));
#6957 = ORIENTED_EDGE('',*,*,#6905,.F.);
#6958 = PLANE('',#6959);
#6959 = AXIS2_PLACEMENT_3D('',#6960,#6961,#6962);
#6960 = CARTESIAN_POINT('',(2.4384E+03,4.37388E+03,152.4));
#6961 = DIRECTION('',(-0.,1.,0.));
#6962 = DIRECTION('',(0.,0.,1.));
#6963 = ADVANCED_FACE('',(#6964),#6980,.T.);
#6964 = FACE_BOUND('',#6965,.T.);
#6965 = EDGE_LOOP('',(#6966,#6972,#6973,#6979));
#6966 = ORIENTED_EDGE('',*,*,#6967,.F.);
#6967 = EDGE_CURVE('',#6876,#6916,#6968,.T.);
#6968 = LINE('',#6969,#6970);
#6969 = CARTESIAN_POINT('',(2.4384E+03,4.81584E+03,152.4));
#6970 = VECTOR('',#6971,1.);
#6971 = DIRECTION('',(1.,0.,-0.));
#6972 = ORIENTED_EDGE('',*,*,#6883,.T.);
#6973 = ORIENTED_EDGE('',*,*,#6974,.T.);
#6974 = EDGE_CURVE('',#6884,#6924,#6975,.T.);
#6975 = LINE('',#6976,#6977);
#6976 = CARTESIAN_POINT('',(2.4384E+03,4.81584E+03,1.00584E+03));
#6977 = VECTOR('',#6978,1.);
#6978 = DIRECTION('',(1.,0.,-0.));
#6979 = ORIENTED_EDGE('',*,*,#6923,.F.);
#6980 = PLANE('',#6981);
#6981 = AXIS2_PLACEMENT_3D('',#6982,#6983,#6984);
#6982 = CARTESIAN_POINT('',(2.4384E+03,4.81584E+03,152.4));
#6983 = DIRECTION('',(-0.,1.,0.));
#6984 = DIRECTION('',(0.,0.,1.));
#6985 = ADVANCED_FACE('',(#6986),#6992,.F.);
#6986 = FACE_BOUND('',#6987,.F.);
#6987 = EDGE_LOOP('',(#6988,#6989,#6990,#6991));
#6988 = ORIENTED_EDGE('',*,*,#6875,.F.);
#6989 = ORIENTED_EDGE('',*,*,#6945,.T.);
#6990 = ORIENTED_EDGE('',*,*,#6915,.T.);
#6991 = ORIENTED_EDGE('',*,*,#6967,.F.);
#6992 = PLANE('',#6993);
#6993 = AXIS2_PLACEMENT_3D('',#6994,#6995,#6996);
#6994 = CARTESIAN_POINT('',(2.4384E+03,4.37388E+03,152.4));
#6995 = DIRECTION('',(0.,0.,1.));
#6996 = DIRECTION('',(1.,0.,-0.));
#6997 = ADVANCED_FACE('',(#6998),#7004,.T.);
#6998 = FACE_BOUND('',#6999,.T.);
#6999 = EDGE_LOOP('',(#7000,#7001,#7002,#7003));
#7000 = ORIENTED_EDGE('',*,*,#6891,.F.);
#7001 = ORIENTED_EDGE('',*,*,#6952,.T.);
#7002 = ORIENTED_EDGE('',*,*,#6931,.T.);
#7003 = ORIENTED_EDGE('',*,*,#6974,.F.);
#7004 = PLANE('',#7005);
#7005 = AXIS2_PLACEMENT_3D('',#7006,#7007,#7008);
#7006 = CARTESIAN_POINT('',(2.4384E+03,4.37388E+03,1.00584E+03));
#7007 = DIRECTION('',(0.,0.,1.));
#7008 = DIRECTION('',(1.,0.,-0.));
#7009 = ( GEOMETRIC_REPRESENTATION_CONTEXT(3) 
GLOBAL_UNCERTAINTY_ASSIGNED_CONTEXT((#7013)) 
GLOBAL_UNIT_ASSIGNED_CONTEXT((#7010,#7011,#7012)) REPRESENTATION_CONTEXT
('Context #1','3D Context with UNIT and UNCERTAINTY') );
#7010 = ( LENGTH_UNIT() NAMED_UNIT(*) SI_UNIT(.MILLI.,.METRE.) );
#7011 = ( NAMED_UNIT(*) PLANE_ANGLE_UNIT() SI_UNIT($,.RADIAN.) );
#7012 = ( NAMED_UNIT(*) SI_UNIT($,.STERADIAN.) SOLID_ANGLE_UNIT() );
#7013 = UNCERTAINTY_MEASURE_WITH_UNIT(LENGTH_MEASURE(1.E-07),#7010,
  'distance_accuracy_value','confusion accuracy');
#7014 = CONTEXT_DEPENDENT_SHAPE_REPRESENTATION(#7015,#7017);
#7015 = ( REPRESENTATION_RELATIONSHIP('','',#6858,#10) 
REPRESENTATION_RELATIONSHIP_WITH_TRANSFORMATION(#7016) 
SHAPE_REPRESENTATION_RELATIONSHIP() );
#7016 = ITEM_DEFINED_TRANSFORMATION('','',#11,#151);
#7017 = PRODUCT_DEFINITION_SHAPE('Placement','Placement of an item',
  #7018);
#7018 = NEXT_ASSEMBLY_USAGE_OCCURRENCE('35','L1 vanity','',#5,#6853,$);
#7019 = PRODUCT_RELATED_PRODUCT_CATEGORY('part',$,(#6855));
#7020 = SHAPE_DEFINITION_REPRESENTATION(#7021,#7027);
#7021 = PRODUCT_DEFINITION_SHAPE('','',#7022);
#7022 = PRODUCT_DEFINITION('design','',#7023,#7026);
#7023 = PRODUCT_DEFINITION_FORMATION('','',#7024);
#7024 = PRODUCT('L1 west exterior wall with garage door',
  'L1 west exterior wall with garage door','',(#7025));
#7025 = PRODUCT_CONTEXT('',#2,'mechanical');
#7026 = PRODUCT_DEFINITION_CONTEXT('part definition',#2,'design');
#7027 = ADVANCED_BREP_SHAPE_REPRESENTATION('',(#11,#7028),#7310);
#7028 = MANIFOLD_SOLID_BREP('',#7029);
#7029 = CLOSED_SHELL('',(#7030,#7102,#7133,#7157,#7181,#7205,#7229,#7253
    ,#7277,#7294));
#7030 = ADVANCED_FACE('',(#7031),#7097,.F.);
#7031 = FACE_BOUND('',#7032,.F.);
#7032 = EDGE_LOOP('',(#7033,#7043,#7051,#7059,#7067,#7075,#7083,#7091));
#7033 = ORIENTED_EDGE('',*,*,#7034,.F.);
#7034 = EDGE_CURVE('',#7035,#7037,#7039,.T.);
#7035 = VERTEX_POINT('',#7036);
#7036 = CARTESIAN_POINT('',(0.,0.,2.8956E+03));
#7037 = VERTEX_POINT('',#7038);
#7038 = CARTESIAN_POINT('',(0.,6.096E+03,2.8956E+03));
#7039 = LINE('',#7040,#7041);
#7040 = CARTESIAN_POINT('',(0.,0.,2.8956E+03));
#7041 = VECTOR('',#7042,1.);
#7042 = DIRECTION('',(-0.,1.,0.));
#7043 = ORIENTED_EDGE('',*,*,#7044,.F.);
#7044 = EDGE_CURVE('',#7045,#7035,#7047,.T.);
#7045 = VERTEX_POINT('',#7046);
#7046 = CARTESIAN_POINT('',(0.,0.,152.4));
#7047 = LINE('',#7048,#7049);
#7048 = CARTESIAN_POINT('',(0.,0.,152.4));
#7049 = VECTOR('',#7050,1.);
#7050 = DIRECTION('',(0.,0.,1.));
#7051 = ORIENTED_EDGE('',*,*,#7052,.T.);
#7052 = EDGE_CURVE('',#7045,#7053,#7055,.T.);
#7053 = VERTEX_POINT('',#7054);
#7054 = CARTESIAN_POINT('',(0.,670.56,152.4));
#7055 = LINE('',#7056,#7057);
#7056 = CARTESIAN_POINT('',(0.,0.,152.4));
#7057 = VECTOR('',#7058,1.);
#7058 = DIRECTION('',(-0.,1.,0.));
#7059 = ORIENTED_EDGE('',*,*,#7060,.T.);
#7060 = EDGE_CURVE('',#7053,#7061,#7063,.T.);
#7061 = VERTEX_POINT('',#7062);
#7062 = CARTESIAN_POINT('',(0.,670.56,2.4384E+03));
#7063 = LINE('',#7064,#7065);
#7064 = CARTESIAN_POINT('',(0.,670.56,152.4));
#7065 = VECTOR('',#7066,1.);
#7066 = DIRECTION('',(0.,0.,1.));
#7067 = ORIENTED_EDGE('',*,*,#7068,.F.);
#7068 = EDGE_CURVE('',#7069,#7061,#7071,.T.);
#7069 = VERTEX_POINT('',#7070);
#7070 = CARTESIAN_POINT('',(0.,3.62712E+03,2.4384E+03));
#7071 = LINE('',#7072,#7073);
#7072 = CARTESIAN_POINT('',(0.,335.28,2.4384E+03));
#7073 = VECTOR('',#7074,1.);
#7074 = DIRECTION('',(0.,-1.,0.));
#7075 = ORIENTED_EDGE('',*,*,#7076,.F.);
#7076 = EDGE_CURVE('',#7077,#7069,#7079,.T.);
#7077 = VERTEX_POINT('',#7078);
#7078 = CARTESIAN_POINT('',(0.,3.62712E+03,152.4));
#7079 = LINE('',#7080,#7081);
#7080 = CARTESIAN_POINT('',(0.,3.62712E+03,152.4));
#7081 = VECTOR('',#7082,1.);
#7082 = DIRECTION('',(0.,0.,1.));
#7083 = ORIENTED_EDGE('',*,*,#7084,.T.);
#7084 = EDGE_CURVE('',#7077,#7085,#7087,.T.);
#7085 = VERTEX_POINT('',#7086);
#7086 = CARTESIAN_POINT('',(0.,6.096E+03,152.4));
#7087 = LINE('',#7088,#7089);
#7088 = CARTESIAN_POINT('',(0.,0.,152.4));
#7089 = VECTOR('',#7090,1.);
#7090 = DIRECTION('',(-0.,1.,0.));
#7091 = ORIENTED_EDGE('',*,*,#7092,.T.);
#7092 = EDGE_CURVE('',#7085,#7037,#7093,.T.);
#7093 = LINE('',#7094,#7095);
#7094 = CARTESIAN_POINT('',(0.,6.096E+03,152.4));
#7095 = VECTOR('',#7096,1.);
#7096 = DIRECTION('',(0.,0.,1.));
#7097 = PLANE('',#7098);
#7098 = AXIS2_PLACEMENT_3D('',#7099,#7100,#7101);
#7099 = CARTESIAN_POINT('',(0.,0.,152.4));
#7100 = DIRECTION('',(1.,0.,-0.));
#7101 = DIRECTION('',(0.,0.,1.));
#7102 = ADVANCED_FACE('',(#7103),#7128,.T.);
#7103 = FACE_BOUND('',#7104,.T.);
#7104 = EDGE_LOOP('',(#7105,#7106,#7114,#7122));
#7105 = ORIENTED_EDGE('',*,*,#7034,.F.);
#7106 = ORIENTED_EDGE('',*,*,#7107,.T.);
#7107 = EDGE_CURVE('',#7035,#7108,#7110,.T.);
#7108 = VERTEX_POINT('',#7109);
#7109 = CARTESIAN_POINT('',(152.4,0.,2.8956E+03));
#7110 = LINE('',#7111,#7112);
#7111 = CARTESIAN_POINT('',(0.,0.,2.8956E+03));
#7112 = VECTOR('',#7113,1.);
#7113 = DIRECTION('',(1.,0.,-0.));
#7114 = ORIENTED_EDGE('',*,*,#7115,.T.);
#7115 = EDGE_CURVE('',#7108,#7116,#7118,.T.);
#7116 = VERTEX_POINT('',#7117);
#7117 = CARTESIAN_POINT('',(152.4,6.096E+03,2.8956E+03));
#7118 = LINE('',#7119,#7120);
#7119 = CARTESIAN_POINT('',(152.4,0.,2.8956E+03));
#7120 = VECTOR('',#7121,1.);
#7121 = DIRECTION('',(-0.,1.,0.));
#7122 = ORIENTED_EDGE('',*,*,#7123,.F.);
#7123 = EDGE_CURVE('',#7037,#7116,#7124,.T.);
#7124 = LINE('',#7125,#7126);
#7125 = CARTESIAN_POINT('',(0.,6.096E+03,2.8956E+03));
#7126 = VECTOR('',#7127,1.);
#7127 = DIRECTION('',(1.,0.,-0.));
#7128 = PLANE('',#7129);
#7129 = AXIS2_PLACEMENT_3D('',#7130,#7131,#7132);
#7130 = CARTESIAN_POINT('',(0.,0.,2.8956E+03));
#7131 = DIRECTION('',(0.,0.,1.));
#7132 = DIRECTION('',(1.,0.,-0.));
#7133 = ADVANCED_FACE('',(#7134),#7152,.T.);
#7134 = FACE_BOUND('',#7135,.T.);
#7135 = EDGE_LOOP('',(#7136,#7144,#7145,#7146));
#7136 = ORIENTED_EDGE('',*,*,#7137,.F.);
#7137 = EDGE_CURVE('',#7085,#7138,#7140,.T.);
#7138 = VERTEX_POINT('',#7139);
#7139 = CARTESIAN_POINT('',(152.4,6.096E+03,152.4));
#7140 = LINE('',#7141,#7142);
#7141 = CARTESIAN_POINT('',(0.,6.096E+03,152.4));
#7142 = VECTOR('',#7143,1.);
#7143 = DIRECTION('',(1.,0.,-0.));
#7144 = ORIENTED_EDGE('',*,*,#7092,.T.);
#7145 = ORIENTED_EDGE('',*,*,#7123,.T.);
#7146 = ORIENTED_EDGE('',*,*,#7147,.F.);
#7147 = EDGE_CURVE('',#7138,#7116,#7148,.T.);
#7148 = LINE('',#7149,#7150);
#7149 = CARTESIAN_POINT('',(152.4,6.096E+03,152.4));
#7150 = VECTOR('',#7151,1.);
#7151 = DIRECTION('',(0.,0.,1.));
#7152 = PLANE('',#7153);
#7153 = AXIS2_PLACEMENT_3D('',#7154,#7155,#7156);
#7154 = CARTESIAN_POINT('',(0.,6.096E+03,152.4));
#7155 = DIRECTION('',(-0.,1.,0.));
#7156 = DIRECTION('',(0.,0.,1.));
#7157 = ADVANCED_FACE('',(#7158),#7176,.F.);
#7158 = FACE_BOUND('',#7159,.F.);
#7159 = EDGE_LOOP('',(#7160,#7161,#7169,#7175));
#7160 = ORIENTED_EDGE('',*,*,#7084,.F.);
#7161 = ORIENTED_EDGE('',*,*,#7162,.T.);
#7162 = EDGE_CURVE('',#7077,#7163,#7165,.T.);
#7163 = VERTEX_POINT('',#7164);
#7164 = CARTESIAN_POINT('',(152.4,3.62712E+03,152.4));
#7165 = LINE('',#7166,#7167);
#7166 = CARTESIAN_POINT('',(-15.24,3.62712E+03,152.4));
#7167 = VECTOR('',#7168,1.);
#7168 = DIRECTION('',(1.,0.,-0.));
#7169 = ORIENTED_EDGE('',*,*,#7170,.T.);
#7170 = EDGE_CURVE('',#7163,#7138,#7171,.T.);
#7171 = LINE('',#7172,#7173);
#7172 = CARTESIAN_POINT('',(152.4,0.,152.4));
#7173 = VECTOR('',#7174,1.);
#7174 = DIRECTION('',(-0.,1.,0.));
#7175 = ORIENTED_EDGE('',*,*,#7137,.F.);
#7176 = PLANE('',#7177);
#7177 = AXIS2_PLACEMENT_3D('',#7178,#7179,#7180);
#7178 = CARTESIAN_POINT('',(0.,0.,152.4));
#7179 = DIRECTION('',(0.,0.,1.));
#7180 = DIRECTION('',(1.,0.,-0.));
#7181 = ADVANCED_FACE('',(#7182),#7200,.F.);
#7182 = FACE_BOUND('',#7183,.F.);
#7183 = EDGE_LOOP('',(#7184,#7185,#7186,#7194));
#7184 = ORIENTED_EDGE('',*,*,#7162,.F.);
#7185 = ORIENTED_EDGE('',*,*,#7076,.T.);
#7186 = ORIENTED_EDGE('',*,*,#7187,.T.);
#7187 = EDGE_CURVE('',#7069,#7188,#7190,.T.);
#7188 = VERTEX_POINT('',#7189);
#7189 = CARTESIAN_POINT('',(152.4,3.62712E+03,2.4384E+03));
#7190 = LINE('',#7191,#7192);
#7191 = CARTESIAN_POINT('',(-15.24,3.62712E+03,2.4384E+03));
#7192 = VECTOR('',#7193,1.);
#7193 = DIRECTION('',(1.,0.,-0.));
#7194 = ORIENTED_EDGE('',*,*,#7195,.F.);
#7195 = EDGE_CURVE('',#7163,#7188,#7196,.T.);
#7196 = LINE('',#7197,#7198);
#7197 = CARTESIAN_POINT('',(152.4,3.62712E+03,152.4));
#7198 = VECTOR('',#7199,1.);
#7199 = DIRECTION('',(0.,0.,1.));
#7200 = PLANE('',#7201);
#7201 = AXIS2_PLACEMENT_3D('',#7202,#7203,#7204);
#7202 = CARTESIAN_POINT('',(-15.24,3.62712E+03,152.4));
#7203 = DIRECTION('',(-0.,1.,0.));
#7204 = DIRECTION('',(0.,0.,1.));
#7205 = ADVANCED_FACE('',(#7206),#7224,.F.);
#7206 = FACE_BOUND('',#7207,.F.);
#7207 = EDGE_LOOP('',(#7208,#7209,#7210,#7218));
#7208 = ORIENTED_EDGE('',*,*,#7187,.F.);
#7209 = ORIENTED_EDGE('',*,*,#7068,.T.);
#7210 = ORIENTED_EDGE('',*,*,#7211,.T.);
#7211 = EDGE_CURVE('',#7061,#7212,#7214,.T.);
#7212 = VERTEX_POINT('',#7213);
#7213 = CARTESIAN_POINT('',(152.4,670.56,2.4384E+03));
#7214 = LINE('',#7215,#7216);
#7215 = CARTESIAN_POINT('',(-15.24,670.56,2.4384E+03));
#7216 = VECTOR('',#7217,1.);
#7217 = DIRECTION('',(1.,0.,-0.));
#7218 = ORIENTED_EDGE('',*,*,#7219,.F.);
#7219 = EDGE_CURVE('',#7188,#7212,#7220,.T.);
#7220 = LINE('',#7221,#7222);
#7221 = CARTESIAN_POINT('',(152.4,335.28,2.4384E+03));
#7222 = VECTOR('',#7223,1.);
#7223 = DIRECTION('',(0.,-1.,0.));
#7224 = PLANE('',#7225);
#7225 = AXIS2_PLACEMENT_3D('',#7226,#7227,#7228);
#7226 = CARTESIAN_POINT('',(-15.24,670.56,2.4384E+03));
#7227 = DIRECTION('',(0.,0.,1.));
#7228 = DIRECTION('',(1.,0.,-0.));
#7229 = ADVANCED_FACE('',(#7230),#7248,.T.);
#7230 = FACE_BOUND('',#7231,.T.);
#7231 = EDGE_LOOP('',(#7232,#7240,#7241,#7242));
#7232 = ORIENTED_EDGE('',*,*,#7233,.F.);
#7233 = EDGE_CURVE('',#7053,#7234,#7236,.T.);
#7234 = VERTEX_POINT('',#7235);
#7235 = CARTESIAN_POINT('',(152.4,670.56,152.4));
#7236 = LINE('',#7237,#7238);
#7237 = CARTESIAN_POINT('',(-15.24,670.56,152.4));
#7238 = VECTOR('',#7239,1.);
#7239 = DIRECTION('',(1.,0.,-0.));
#7240 = ORIENTED_EDGE('',*,*,#7060,.T.);
#7241 = ORIENTED_EDGE('',*,*,#7211,.T.);
#7242 = ORIENTED_EDGE('',*,*,#7243,.F.);
#7243 = EDGE_CURVE('',#7234,#7212,#7244,.T.);
#7244 = LINE('',#7245,#7246);
#7245 = CARTESIAN_POINT('',(152.4,670.56,152.4));
#7246 = VECTOR('',#7247,1.);
#7247 = DIRECTION('',(0.,0.,1.));
#7248 = PLANE('',#7249);
#7249 = AXIS2_PLACEMENT_3D('',#7250,#7251,#7252);
#7250 = CARTESIAN_POINT('',(-15.24,670.56,152.4));
#7251 = DIRECTION('',(-0.,1.,0.));
#7252 = DIRECTION('',(0.,0.,1.));
#7253 = ADVANCED_FACE('',(#7254),#7272,.F.);
#7254 = FACE_BOUND('',#7255,.F.);
#7255 = EDGE_LOOP('',(#7256,#7257,#7265,#7271));
#7256 = ORIENTED_EDGE('',*,*,#7052,.F.);
#7257 = ORIENTED_EDGE('',*,*,#7258,.T.);
#7258 = EDGE_CURVE('',#7045,#7259,#7261,.T.);
#7259 = VERTEX_POINT('',#7260);
#7260 = CARTESIAN_POINT('',(152.4,0.,152.4));
#7261 = LINE('',#7262,#7263);
#7262 = CARTESIAN_POINT('',(0.,0.,152.4));
#7263 = VECTOR('',#7264,1.);
#7264 = DIRECTION('',(1.,0.,-0.));
#7265 = ORIENTED_EDGE('',*,*,#7266,.T.);
#7266 = EDGE_CURVE('',#7259,#7234,#7267,.T.);
#7267 = LINE('',#7268,#7269);
#7268 = CARTESIAN_POINT('',(152.4,0.,152.4));
#7269 = VECTOR('',#7270,1.);
#7270 = DIRECTION('',(-0.,1.,0.));
#7271 = ORIENTED_EDGE('',*,*,#7233,.F.);
#7272 = PLANE('',#7273);
#7273 = AXIS2_PLACEMENT_3D('',#7274,#7275,#7276);
#7274 = CARTESIAN_POINT('',(0.,0.,152.4));
#7275 = DIRECTION('',(0.,0.,1.));
#7276 = DIRECTION('',(1.,0.,-0.));
#7277 = ADVANCED_FACE('',(#7278),#7289,.F.);
#7278 = FACE_BOUND('',#7279,.F.);
#7279 = EDGE_LOOP('',(#7280,#7281,#7282,#7283));
#7280 = ORIENTED_EDGE('',*,*,#7258,.F.);
#7281 = ORIENTED_EDGE('',*,*,#7044,.T.);
#7282 = ORIENTED_EDGE('',*,*,#7107,.T.);
#7283 = ORIENTED_EDGE('',*,*,#7284,.F.);
#7284 = EDGE_CURVE('',#7259,#7108,#7285,.T.);
#7285 = LINE('',#7286,#7287);
#7286 = CARTESIAN_POINT('',(152.4,0.,152.4));
#7287 = VECTOR('',#7288,1.);
#7288 = DIRECTION('',(0.,0.,1.));
#7289 = PLANE('',#7290);
#7290 = AXIS2_PLACEMENT_3D('',#7291,#7292,#7293);
#7291 = CARTESIAN_POINT('',(0.,0.,152.4));
#7292 = DIRECTION('',(-0.,1.,0.));
#7293 = DIRECTION('',(0.,0.,1.));
#7294 = ADVANCED_FACE('',(#7295),#7305,.T.);
#7295 = FACE_BOUND('',#7296,.T.);
#7296 = EDGE_LOOP('',(#7297,#7298,#7299,#7300,#7301,#7302,#7303,#7304));
#7297 = ORIENTED_EDGE('',*,*,#7115,.F.);
#7298 = ORIENTED_EDGE('',*,*,#7284,.F.);
#7299 = ORIENTED_EDGE('',*,*,#7266,.T.);
#7300 = ORIENTED_EDGE('',*,*,#7243,.T.);
#7301 = ORIENTED_EDGE('',*,*,#7219,.F.);
#7302 = ORIENTED_EDGE('',*,*,#7195,.F.);
#7303 = ORIENTED_EDGE('',*,*,#7170,.T.);
#7304 = ORIENTED_EDGE('',*,*,#7147,.T.);
#7305 = PLANE('',#7306);
#7306 = AXIS2_PLACEMENT_3D('',#7307,#7308,#7309);
#7307 = CARTESIAN_POINT('',(152.4,0.,152.4));
#7308 = DIRECTION('',(1.,0.,-0.));
#7309 = DIRECTION('',(0.,0.,1.));
#7310 = ( GEOMETRIC_REPRESENTATION_CONTEXT(3) 
GLOBAL_UNCERTAINTY_ASSIGNED_CONTEXT((#7314)) 
GLOBAL_UNIT_ASSIGNED_CONTEXT((#7311,#7312,#7313)) REPRESENTATION_CONTEXT
('Context #1','3D Context with UNIT and UNCERTAINTY') );
#7311 = ( LENGTH_UNIT() NAMED_UNIT(*) SI_UNIT(.MILLI.,.METRE.) );
#7312 = ( NAMED_UNIT(*) PLANE_ANGLE_UNIT() SI_UNIT($,.RADIAN.) );
#7313 = ( NAMED_UNIT(*) SI_UNIT($,.STERADIAN.) SOLID_ANGLE_UNIT() );
#7314 = UNCERTAINTY_MEASURE_WITH_UNIT(LENGTH_MEASURE(1.E-07),#7311,
  'distance_accuracy_value','confusion accuracy');
#7315 = CONTEXT_DEPENDENT_SHAPE_REPRESENTATION(#7316,#7318);
#7316 = ( REPRESENTATION_RELATIONSHIP('','',#7027,#10) 
REPRESENTATION_RELATIONSHIP_WITH_TRANSFORMATION(#7317) 
SHAPE_REPRESENTATION_RELATIONSHIP() );
#7317 = ITEM_DEFINED_TRANSFORMATION('','',#11,#155);
#7318 = PRODUCT_DEFINITION_SHAPE('Placement','Placement of an item',
  #7319);
#7319 = NEXT_ASSEMBLY_USAGE_OCCURRENCE('36',
  'L1 west exterior wall with garage door','',#5,#7022,$);
#7320 = PRODUCT_RELATED_PRODUCT_CATEGORY('part',$,(#7024));
#7321 = SHAPE_DEFINITION_REPRESENTATION(#7322,#7328);
#7322 = PRODUCT_DEFINITION_SHAPE('','',#7323);
#7323 = PRODUCT_DEFINITION('design','',#7324,#7327);
#7324 = PRODUCT_DEFINITION_FORMATION('','',#7325);
#7325 = PRODUCT('L2 bath east wall','L2 bath east wall','',(#7326));
#7326 = PRODUCT_CONTEXT('',#2,'mechanical');
#7327 = PRODUCT_DEFINITION_CONTEXT('part definition',#2,'design');
#7328 = SHAPE_REPRESENTATION('',(#11,#7329,#7479),#7629);
#7329 = MANIFOLD_SOLID_BREP('',#7330);
#7330 = CLOSED_SHELL('',(#7331,#7371,#7402,#7426,#7450,#7467));
#7331 = ADVANCED_FACE('',(#7332),#7366,.F.);
#7332 = FACE_BOUND('',#7333,.F.);
#7333 = EDGE_LOOP('',(#7334,#7344,#7352,#7360));
#7334 = ORIENTED_EDGE('',*,*,#7335,.F.);
#7335 = EDGE_CURVE('',#7336,#7338,#7340,.T.);
#7336 = VERTEX_POINT('',#7337);
#7337 = CARTESIAN_POINT('',(2.10312E+03,3.048E+03,4.8768E+03));
#7338 = VERTEX_POINT('',#7339);
#7339 = CARTESIAN_POINT('',(2.10312E+03,3.3528E+03,4.8768E+03));
#7340 = LINE('',#7341,#7342);
#7341 = CARTESIAN_POINT('',(2.10312E+03,3.048E+03,4.8768E+03));
#7342 = VECTOR('',#7343,1.);
#7343 = DIRECTION('',(-0.,1.,0.));
#7344 = ORIENTED_EDGE('',*,*,#7345,.F.);
#7345 = EDGE_CURVE('',#7346,#7336,#7348,.T.);
#7346 = VERTEX_POINT('',#7347);
#7347 = CARTESIAN_POINT('',(2.10312E+03,3.048E+03,3.1242E+03));
#7348 = LINE('',#7349,#7350);
#7349 = CARTESIAN_POINT('',(2.10312E+03,3.048E+03,3.1242E+03));
#7350 = VECTOR('',#7351,1.);
#7351 = DIRECTION('',(0.,0.,1.));
#7352 = ORIENTED_EDGE('',*,*,#7353,.T.);
#7353 = EDGE_CURVE('',#7346,#7354,#7356,.T.);
#7354 = VERTEX_POINT('',#7355);
#7355 = CARTESIAN_POINT('',(2.10312E+03,3.3528E+03,3.1242E+03));
#7356 = LINE('',#7357,#7358);
#7357 = CARTESIAN_POINT('',(2.10312E+03,3.048E+03,3.1242E+03));
#7358 = VECTOR('',#7359,1.);
#7359 = DIRECTION('',(-0.,1.,0.));
#7360 = ORIENTED_EDGE('',*,*,#7361,.T.);
#7361 = EDGE_CURVE('',#7354,#7338,#7362,.T.);
#7362 = LINE('',#7363,#7364);
#7363 = CARTESIAN_POINT('',(2.10312E+03,3.3528E+03,3.1242E+03));
#7364 = VECTOR('',#7365,1.);
#7365 = DIRECTION('',(0.,0.,1.));
#7366 = PLANE('',#7367);
#7367 = AXIS2_PLACEMENT_3D('',#7368,#7369,#7370);
#7368 = CARTESIAN_POINT('',(2.10312E+03,3.048E+03,3.1242E+03));
#7369 = DIRECTION('',(1.,0.,-0.));
#7370 = DIRECTION('',(0.,0.,1.));
#7371 = ADVANCED_FACE('',(#7372),#7397,.T.);
#7372 = FACE_BOUND('',#7373,.T.);
#7373 = EDGE_LOOP('',(#7374,#7375,#7383,#7391));
#7374 = ORIENTED_EDGE('',*,*,#7335,.F.);
#7375 = ORIENTED_EDGE('',*,*,#7376,.T.);
#7376 = EDGE_CURVE('',#7336,#7377,#7379,.T.);
#7377 = VERTEX_POINT('',#7378);
#7378 = CARTESIAN_POINT('',(2.203704E+03,3.048E+03,4.8768E+03));
#7379 = LINE('',#7380,#7381);
#7380 = CARTESIAN_POINT('',(2.10312E+03,3.048E+03,4.8768E+03));
#7381 = VECTOR('',#7382,1.);
#7382 = DIRECTION('',(1.,0.,-0.));
#7383 = ORIENTED_EDGE('',*,*,#7384,.T.);
#7384 = EDGE_CURVE('',#7377,#7385,#7387,.T.);
#7385 = VERTEX_POINT('',#7386);
#7386 = CARTESIAN_POINT('',(2.203704E+03,3.3528E+03,4.8768E+03));
#7387 = LINE('',#7388,#7389);
#7388 = CARTESIAN_POINT('',(2.203704E+03,3.048E+03,4.8768E+03));
#7389 = VECTOR('',#7390,1.);
#7390 = DIRECTION('',(-0.,1.,0.));
#7391 = ORIENTED_EDGE('',*,*,#7392,.T.);
#7392 = EDGE_CURVE('',#7385,#7338,#7393,.T.);
#7393 = LINE('',#7394,#7395);
#7394 = CARTESIAN_POINT('',(2.0955E+03,3.3528E+03,4.8768E+03));
#7395 = VECTOR('',#7396,1.);
#7396 = DIRECTION('',(-1.,-0.,0.));
#7397 = PLANE('',#7398);
#7398 = AXIS2_PLACEMENT_3D('',#7399,#7400,#7401);
#7399 = CARTESIAN_POINT('',(2.10312E+03,3.048E+03,4.8768E+03));
#7400 = DIRECTION('',(0.,0.,1.));
#7401 = DIRECTION('',(1.,0.,-0.));
#7402 = ADVANCED_FACE('',(#7403),#7421,.T.);
#7403 = FACE_BOUND('',#7404,.T.);
#7404 = EDGE_LOOP('',(#7405,#7413,#7414,#7415));
#7405 = ORIENTED_EDGE('',*,*,#7406,.F.);
#7406 = EDGE_CURVE('',#7354,#7407,#7409,.T.);
#7407 = VERTEX_POINT('',#7408);
#7408 = CARTESIAN_POINT('',(2.203704E+03,3.3528E+03,3.1242E+03));
#7409 = LINE('',#7410,#7411);
#7410 = CARTESIAN_POINT('',(2.08788E+03,3.3528E+03,3.1242E+03));
#7411 = VECTOR('',#7412,1.);
#7412 = DIRECTION('',(1.,0.,-0.));
#7413 = ORIENTED_EDGE('',*,*,#7361,.T.);
#7414 = ORIENTED_EDGE('',*,*,#7392,.F.);
#7415 = ORIENTED_EDGE('',*,*,#7416,.F.);
#7416 = EDGE_CURVE('',#7407,#7385,#7417,.T.);
#7417 = LINE('',#7418,#7419);
#7418 = CARTESIAN_POINT('',(2.203704E+03,3.3528E+03,3.1242E+03));
#7419 = VECTOR('',#7420,1.);
#7420 = DIRECTION('',(0.,0.,1.));
#7421 = PLANE('',#7422);
#7422 = AXIS2_PLACEMENT_3D('',#7423,#7424,#7425);
#7423 = CARTESIAN_POINT('',(2.08788E+03,3.3528E+03,3.1242E+03));
#7424 = DIRECTION('',(-0.,1.,0.));
#7425 = DIRECTION('',(0.,0.,1.));
#7426 = ADVANCED_FACE('',(#7427),#7445,.F.);
#7427 = FACE_BOUND('',#7428,.F.);
#7428 = EDGE_LOOP('',(#7429,#7430,#7438,#7444));
#7429 = ORIENTED_EDGE('',*,*,#7353,.F.);
#7430 = ORIENTED_EDGE('',*,*,#7431,.T.);
#7431 = EDGE_CURVE('',#7346,#7432,#7434,.T.);
#7432 = VERTEX_POINT('',#7433);
#7433 = CARTESIAN_POINT('',(2.203704E+03,3.048E+03,3.1242E+03));
#7434 = LINE('',#7435,#7436);
#7435 = CARTESIAN_POINT('',(2.10312E+03,3.048E+03,3.1242E+03));
#7436 = VECTOR('',#7437,1.);
#7437 = DIRECTION('',(1.,0.,-0.));
#7438 = ORIENTED_EDGE('',*,*,#7439,.T.);
#7439 = EDGE_CURVE('',#7432,#7407,#7440,.T.);
#7440 = LINE('',#7441,#7442);
#7441 = CARTESIAN_POINT('',(2.203704E+03,3.048E+03,3.1242E+03));
#7442 = VECTOR('',#7443,1.);
#7443 = DIRECTION('',(-0.,1.,0.));
#7444 = ORIENTED_EDGE('',*,*,#7406,.F.);
#7445 = PLANE('',#7446);
#7446 = AXIS2_PLACEMENT_3D('',#7447,#7448,#7449);
#7447 = CARTESIAN_POINT('',(2.10312E+03,3.048E+03,3.1242E+03));
#7448 = DIRECTION('',(0.,0.,1.));
#7449 = DIRECTION('',(1.,0.,-0.));
#7450 = ADVANCED_FACE('',(#7451),#7462,.F.);
#7451 = FACE_BOUND('',#7452,.F.);
#7452 = EDGE_LOOP('',(#7453,#7454,#7455,#7456));
#7453 = ORIENTED_EDGE('',*,*,#7431,.F.);
#7454 = ORIENTED_EDGE('',*,*,#7345,.T.);
#7455 = ORIENTED_EDGE('',*,*,#7376,.T.);
#7456 = ORIENTED_EDGE('',*,*,#7457,.F.);
#7457 = EDGE_CURVE('',#7432,#7377,#7458,.T.);
#7458 = LINE('',#7459,#7460);
#7459 = CARTESIAN_POINT('',(2.203704E+03,3.048E+03,3.1242E+03));
#7460 = VECTOR('',#7461,1.);
#7461 = DIRECTION('',(0.,0.,1.));
#7462 = PLANE('',#7463);
#7463 = AXIS2_PLACEMENT_3D('',#7464,#7465,#7466);
#7464 = CARTESIAN_POINT('',(2.10312E+03,3.048E+03,3.1242E+03));
#7465 = DIRECTION('',(-0.,1.,0.));
#7466 = DIRECTION('',(0.,0.,1.));
#7467 = ADVANCED_FACE('',(#7468),#7474,.T.);
#7468 = FACE_BOUND('',#7469,.T.);
#7469 = EDGE_LOOP('',(#7470,#7471,#7472,#7473));
#7470 = ORIENTED_EDGE('',*,*,#7384,.F.);
#7471 = ORIENTED_EDGE('',*,*,#7457,.F.);
#7472 = ORIENTED_EDGE('',*,*,#7439,.T.);
#7473 = ORIENTED_EDGE('',*,*,#7416,.T.);
#7474 = PLANE('',#7475);
#7475 = AXIS2_PLACEMENT_3D('',#7476,#7477,#7478);
#7476 = CARTESIAN_POINT('',(2.203704E+03,3.048E+03,3.1242E+03));
#7477 = DIRECTION('',(1.,0.,-0.));
#7478 = DIRECTION('',(0.,0.,1.));
#7479 = MANIFOLD_SOLID_BREP('',#7480);
#7480 = CLOSED_SHELL('',(#7481,#7521,#7552,#7576,#7600,#7617));
#7481 = ADVANCED_FACE('',(#7482),#7516,.F.);
#7482 = FACE_BOUND('',#7483,.F.);
#7483 = EDGE_LOOP('',(#7484,#7494,#7502,#7510));
#7484 = ORIENTED_EDGE('',*,*,#7485,.F.);
#7485 = EDGE_CURVE('',#7486,#7488,#7490,.T.);
#7486 = VERTEX_POINT('',#7487);
#7487 = CARTESIAN_POINT('',(2.10312E+03,4.08432E+03,4.8768E+03));
#7488 = VERTEX_POINT('',#7489);
#7489 = CARTESIAN_POINT('',(2.10312E+03,4.93776E+03,4.8768E+03));
#7490 = LINE('',#7491,#7492);
#7491 = CARTESIAN_POINT('',(2.10312E+03,3.048E+03,4.8768E+03));
#7492 = VECTOR('',#7493,1.);
#7493 = DIRECTION('',(-0.,1.,0.));
#7494 = ORIENTED_EDGE('',*,*,#7495,.F.);
#7495 = EDGE_CURVE('',#7496,#7486,#7498,.T.);
#7496 = VERTEX_POINT('',#7497);
#7497 = CARTESIAN_POINT('',(2.10312E+03,4.08432E+03,3.1242E+03));
#7498 = LINE('',#7499,#7500);
#7499 = CARTESIAN_POINT('',(2.10312E+03,4.08432E+03,3.1242E+03));
#7500 = VECTOR('',#7501,1.);
#7501 = DIRECTION('',(0.,0.,1.));
#7502 = ORIENTED_EDGE('',*,*,#7503,.T.);
#7503 = EDGE_CURVE('',#7496,#7504,#7506,.T.);
#7504 = VERTEX_POINT('',#7505);
#7505 = CARTESIAN_POINT('',(2.10312E+03,4.93776E+03,3.1242E+03));
#7506 = LINE('',#7507,#7508);
#7507 = CARTESIAN_POINT('',(2.10312E+03,3.048E+03,3.1242E+03));
#7508 = VECTOR('',#7509,1.);
#7509 = DIRECTION('',(-0.,1.,0.));
#7510 = ORIENTED_EDGE('',*,*,#7511,.T.);
#7511 = EDGE_CURVE('',#7504,#7488,#7512,.T.);
#7512 = LINE('',#7513,#7514);
#7513 = CARTESIAN_POINT('',(2.10312E+03,4.93776E+03,3.1242E+03));
#7514 = VECTOR('',#7515,1.);
#7515 = DIRECTION('',(0.,0.,1.));
#7516 = PLANE('',#7517);
#7517 = AXIS2_PLACEMENT_3D('',#7518,#7519,#7520);
#7518 = CARTESIAN_POINT('',(2.10312E+03,3.048E+03,3.1242E+03));
#7519 = DIRECTION('',(1.,0.,-0.));
#7520 = DIRECTION('',(0.,0.,1.));
#7521 = ADVANCED_FACE('',(#7522),#7547,.T.);
#7522 = FACE_BOUND('',#7523,.T.);
#7523 = EDGE_LOOP('',(#7524,#7525,#7533,#7541));
#7524 = ORIENTED_EDGE('',*,*,#7485,.F.);
#7525 = ORIENTED_EDGE('',*,*,#7526,.F.);
#7526 = EDGE_CURVE('',#7527,#7486,#7529,.T.);
#7527 = VERTEX_POINT('',#7528);
#7528 = CARTESIAN_POINT('',(2.203704E+03,4.08432E+03,4.8768E+03));
#7529 = LINE('',#7530,#7531);
#7530 = CARTESIAN_POINT('',(2.0955E+03,4.08432E+03,4.8768E+03));
#7531 = VECTOR('',#7532,1.);
#7532 = DIRECTION('',(-1.,-0.,0.));
#7533 = ORIENTED_EDGE('',*,*,#7534,.T.);
#7534 = EDGE_CURVE('',#7527,#7535,#7537,.T.);
#7535 = VERTEX_POINT('',#7536);
#7536 = CARTESIAN_POINT('',(2.203704E+03,4.93776E+03,4.8768E+03));
#7537 = LINE('',#7538,#7539);
#7538 = CARTESIAN_POINT('',(2.203704E+03,3.048E+03,4.8768E+03));
#7539 = VECTOR('',#7540,1.);
#7540 = DIRECTION('',(-0.,1.,0.));
#7541 = ORIENTED_EDGE('',*,*,#7542,.F.);
#7542 = EDGE_CURVE('',#7488,#7535,#7543,.T.);
#7543 = LINE('',#7544,#7545);
#7544 = CARTESIAN_POINT('',(2.10312E+03,4.93776E+03,4.8768E+03));
#7545 = VECTOR('',#7546,1.);
#7546 = DIRECTION('',(1.,0.,-0.));
#7547 = PLANE('',#7548);
#7548 = AXIS2_PLACEMENT_3D('',#7549,#7550,#7551);
#7549 = CARTESIAN_POINT('',(2.10312E+03,3.048E+03,4.8768E+03));
#7550 = DIRECTION('',(0.,0.,1.));
#7551 = DIRECTION('',(1.,0.,-0.));
#7552 = ADVANCED_FACE('',(#7553),#7571,.T.);
#7553 = FACE_BOUND('',#7554,.T.);
#7554 = EDGE_LOOP('',(#7555,#7563,#7564,#7565));
#7555 = ORIENTED_EDGE('',*,*,#7556,.F.);
#7556 = EDGE_CURVE('',#7504,#7557,#7559,.T.);
#7557 = VERTEX_POINT('',#7558);
#7558 = CARTESIAN_POINT('',(2.203704E+03,4.93776E+03,3.1242E+03));
#7559 = LINE('',#7560,#7561);
#7560 = CARTESIAN_POINT('',(2.10312E+03,4.93776E+03,3.1242E+03));
#7561 = VECTOR('',#7562,1.);
#7562 = DIRECTION('',(1.,0.,-0.));
#7563 = ORIENTED_EDGE('',*,*,#7511,.T.);
#7564 = ORIENTED_EDGE('',*,*,#7542,.T.);
#7565 = ORIENTED_EDGE('',*,*,#7566,.F.);
#7566 = EDGE_CURVE('',#7557,#7535,#7567,.T.);
#7567 = LINE('',#7568,#7569);
#7568 = CARTESIAN_POINT('',(2.203704E+03,4.93776E+03,3.1242E+03));
#7569 = VECTOR('',#7570,1.);
#7570 = DIRECTION('',(0.,0.,1.));
#7571 = PLANE('',#7572);
#7572 = AXIS2_PLACEMENT_3D('',#7573,#7574,#7575);
#7573 = CARTESIAN_POINT('',(2.10312E+03,4.93776E+03,3.1242E+03));
#7574 = DIRECTION('',(-0.,1.,0.));
#7575 = DIRECTION('',(0.,0.,1.));
#7576 = ADVANCED_FACE('',(#7577),#7595,.F.);
#7577 = FACE_BOUND('',#7578,.F.);
#7578 = EDGE_LOOP('',(#7579,#7580,#7588,#7594));
#7579 = ORIENTED_EDGE('',*,*,#7503,.F.);
#7580 = ORIENTED_EDGE('',*,*,#7581,.T.);
#7581 = EDGE_CURVE('',#7496,#7582,#7584,.T.);
#7582 = VERTEX_POINT('',#7583);
#7583 = CARTESIAN_POINT('',(2.203704E+03,4.08432E+03,3.1242E+03));
#7584 = LINE('',#7585,#7586);
#7585 = CARTESIAN_POINT('',(2.08788E+03,4.08432E+03,3.1242E+03));
#7586 = VECTOR('',#7587,1.);
#7587 = DIRECTION('',(1.,0.,-0.));
#7588 = ORIENTED_EDGE('',*,*,#7589,.T.);
#7589 = EDGE_CURVE('',#7582,#7557,#7590,.T.);
#7590 = LINE('',#7591,#7592);
#7591 = CARTESIAN_POINT('',(2.203704E+03,3.048E+03,3.1242E+03));
#7592 = VECTOR('',#7593,1.);
#7593 = DIRECTION('',(-0.,1.,0.));
#7594 = ORIENTED_EDGE('',*,*,#7556,.F.);
#7595 = PLANE('',#7596);
#7596 = AXIS2_PLACEMENT_3D('',#7597,#7598,#7599);
#7597 = CARTESIAN_POINT('',(2.10312E+03,3.048E+03,3.1242E+03));
#7598 = DIRECTION('',(0.,0.,1.));
#7599 = DIRECTION('',(1.,0.,-0.));
#7600 = ADVANCED_FACE('',(#7601),#7612,.F.);
#7601 = FACE_BOUND('',#7602,.F.);
#7602 = EDGE_LOOP('',(#7603,#7604,#7605,#7606));
#7603 = ORIENTED_EDGE('',*,*,#7581,.F.);
#7604 = ORIENTED_EDGE('',*,*,#7495,.T.);
#7605 = ORIENTED_EDGE('',*,*,#7526,.F.);
#7606 = ORIENTED_EDGE('',*,*,#7607,.F.);
#7607 = EDGE_CURVE('',#7582,#7527,#7608,.T.);
#7608 = LINE('',#7609,#7610);
#7609 = CARTESIAN_POINT('',(2.203704E+03,4.08432E+03,3.1242E+03));
#7610 = VECTOR('',#7611,1.);
#7611 = DIRECTION('',(0.,0.,1.));
#7612 = PLANE('',#7613);
#7613 = AXIS2_PLACEMENT_3D('',#7614,#7615,#7616);
#7614 = CARTESIAN_POINT('',(2.08788E+03,4.08432E+03,3.1242E+03));
#7615 = DIRECTION('',(-0.,1.,0.));
#7616 = DIRECTION('',(0.,0.,1.));
#7617 = ADVANCED_FACE('',(#7618),#7624,.T.);
#7618 = FACE_BOUND('',#7619,.T.);
#7619 = EDGE_LOOP('',(#7620,#7621,#7622,#7623));
#7620 = ORIENTED_EDGE('',*,*,#7534,.F.);
#7621 = ORIENTED_EDGE('',*,*,#7607,.F.);
#7622 = ORIENTED_EDGE('',*,*,#7589,.T.);
#7623 = ORIENTED_EDGE('',*,*,#7566,.T.);
#7624 = PLANE('',#7625);
#7625 = AXIS2_PLACEMENT_3D('',#7626,#7627,#7628);
#7626 = CARTESIAN_POINT('',(2.203704E+03,3.048E+03,3.1242E+03));
#7627 = DIRECTION('',(1.,0.,-0.));
#7628 = DIRECTION('',(0.,0.,1.));
#7629 = ( GEOMETRIC_REPRESENTATION_CONTEXT(3) 
GLOBAL_UNCERTAINTY_ASSIGNED_CONTEXT((#7633)) 
GLOBAL_UNIT_ASSIGNED_CONTEXT((#7630,#7631,#7632)) REPRESENTATION_CONTEXT
('Context #1','3D Context with UNIT and UNCERTAINTY') );
#7630 = ( LENGTH_UNIT() NAMED_UNIT(*) SI_UNIT(.MILLI.,.METRE.) );
#7631 = ( NAMED_UNIT(*) PLANE_ANGLE_UNIT() SI_UNIT($,.RADIAN.) );
#7632 = ( NAMED_UNIT(*) SI_UNIT($,.STERADIAN.) SOLID_ANGLE_UNIT() );
#7633 = UNCERTAINTY_MEASURE_WITH_UNIT(LENGTH_MEASURE(1.E-07),#7630,
  'distance_accuracy_value','confusion accuracy');
#7634 = CONTEXT_DEPENDENT_SHAPE_REPRESENTATION(#7635,#7637);
#7635 = ( REPRESENTATION_RELATIONSHIP('','',#7328,#10) 
REPRESENTATION_RELATIONSHIP_WITH_TRANSFORMATION(#7636) 
SHAPE_REPRESENTATION_RELATIONSHIP() );
#7636 = ITEM_DEFINED_TRANSFORMATION('','',#11,#159);
#7637 = PRODUCT_DEFINITION_SHAPE('Placement','Placement of an item',
  #7638);
#7638 = NEXT_ASSEMBLY_USAGE_OCCURRENCE('37','L2 bath east wall','',#5,
  #7323,$);
#7639 = PRODUCT_RELATED_PRODUCT_CATEGORY('part',$,(#7325));
#7640 = SHAPE_DEFINITION_REPRESENTATION(#7641,#7647);
#7641 = PRODUCT_DEFINITION_SHAPE('','',#7642);
#7642 = PRODUCT_DEFINITION('design','',#7643,#7646);
#7643 = PRODUCT_DEFINITION_FORMATION('','',#7644);
#7644 = PRODUCT('L2 bath storage wall','L2 bath storage wall','',(#7645)
  );
#7645 = PRODUCT_CONTEXT('',#2,'mechanical');
#7646 = PRODUCT_DEFINITION_CONTEXT('part definition',#2,'design');
#7647 = ADVANCED_BREP_SHAPE_REPRESENTATION('',(#11,#7648),#7798);
#7648 = MANIFOLD_SOLID_BREP('',#7649);
#7649 = CLOSED_SHELL('',(#7650,#7690,#7730,#7752,#7774,#7786));
#7650 = ADVANCED_FACE('',(#7651),#7685,.F.);
#7651 = FACE_BOUND('',#7652,.F.);
#7652 = EDGE_LOOP('',(#7653,#7663,#7671,#7679));
#7653 = ORIENTED_EDGE('',*,*,#7654,.F.);
#7654 = EDGE_CURVE('',#7655,#7657,#7659,.T.);
#7655 = VERTEX_POINT('',#7656);
#7656 = CARTESIAN_POINT('',(152.4,4.93776E+03,3.1242E+03));
#7657 = VERTEX_POINT('',#7658);
#7658 = CARTESIAN_POINT('',(152.4,4.93776E+03,4.8768E+03));
#7659 = LINE('',#7660,#7661);
#7660 = CARTESIAN_POINT('',(152.4,4.93776E+03,3.1242E+03));
#7661 = VECTOR('',#7662,1.);
#7662 = DIRECTION('',(0.,0.,1.));
#7663 = ORIENTED_EDGE('',*,*,#7664,.T.);
#7664 = EDGE_CURVE('',#7655,#7665,#7667,.T.);
#7665 = VERTEX_POINT('',#7666);
#7666 = CARTESIAN_POINT('',(152.4,5.038344E+03,3.1242E+03));
#7667 = LINE('',#7668,#7669);
#7668 = CARTESIAN_POINT('',(152.4,4.93776E+03,3.1242E+03));
#7669 = VECTOR('',#7670,1.);
#7670 = DIRECTION('',(-0.,1.,0.));
#7671 = ORIENTED_EDGE('',*,*,#7672,.T.);
#7672 = EDGE_CURVE('',#7665,#7673,#7675,.T.);
#7673 = VERTEX_POINT('',#7674);
#7674 = CARTESIAN_POINT('',(152.4,5.038344E+03,4.8768E+03));
#7675 = LINE('',#7676,#7677);
#7676 = CARTESIAN_POINT('',(152.4,5.038344E+03,3.1242E+03));
#7677 = VECTOR('',#7678,1.);
#7678 = DIRECTION('',(0.,0.,1.));
#7679 = ORIENTED_EDGE('',*,*,#7680,.F.);
#7680 = EDGE_CURVE('',#7657,#7673,#7681,.T.);
#7681 = LINE('',#7682,#7683);
#7682 = CARTESIAN_POINT('',(152.4,4.93776E+03,4.8768E+03));
#7683 = VECTOR('',#7684,1.);
#7684 = DIRECTION('',(-0.,1.,0.));
#7685 = PLANE('',#7686);
#7686 = AXIS2_PLACEMENT_3D('',#7687,#7688,#7689);
#7687 = CARTESIAN_POINT('',(152.4,4.93776E+03,3.1242E+03));
#7688 = DIRECTION('',(1.,0.,-0.));
#7689 = DIRECTION('',(0.,0.,1.));
#7690 = ADVANCED_FACE('',(#7691),#7725,.T.);
#7691 = FACE_BOUND('',#7692,.T.);
#7692 = EDGE_LOOP('',(#7693,#7703,#7711,#7719));
#7693 = ORIENTED_EDGE('',*,*,#7694,.F.);
#7694 = EDGE_CURVE('',#7695,#7697,#7699,.T.);
#7695 = VERTEX_POINT('',#7696);
#7696 = CARTESIAN_POINT('',(2.203704E+03,4.93776E+03,3.1242E+03));
#7697 = VERTEX_POINT('',#7698);
#7698 = CARTESIAN_POINT('',(2.203704E+03,4.93776E+03,4.8768E+03));
#7699 = LINE('',#7700,#7701);
#7700 = CARTESIAN_POINT('',(2.203704E+03,4.93776E+03,3.1242E+03));
#7701 = VECTOR('',#7702,1.);
#7702 = DIRECTION('',(0.,0.,1.));
#7703 = ORIENTED_EDGE('',*,*,#7704,.T.);
#7704 = EDGE_CURVE('',#7695,#7705,#7707,.T.);
#7705 = VERTEX_POINT('',#7706);
#7706 = CARTESIAN_POINT('',(2.203704E+03,5.038344E+03,3.1242E+03));
#7707 = LINE('',#7708,#7709);
#7708 = CARTESIAN_POINT('',(2.203704E+03,4.93776E+03,3.1242E+03));
#7709 = VECTOR('',#7710,1.);
#7710 = DIRECTION('',(-0.,1.,0.));
#7711 = ORIENTED_EDGE('',*,*,#7712,.T.);
#7712 = EDGE_CURVE('',#7705,#7713,#7715,.T.);
#7713 = VERTEX_POINT('',#7714);
#7714 = CARTESIAN_POINT('',(2.203704E+03,5.038344E+03,4.8768E+03));
#7715 = LINE('',#7716,#7717);
#7716 = CARTESIAN_POINT('',(2.203704E+03,5.038344E+03,3.1242E+03));
#7717 = VECTOR('',#7718,1.);
#7718 = DIRECTION('',(0.,0.,1.));
#7719 = ORIENTED_EDGE('',*,*,#7720,.F.);
#7720 = EDGE_CURVE('',#7697,#7713,#7721,.T.);
#7721 = LINE('',#7722,#7723);
#7722 = CARTESIAN_POINT('',(2.203704E+03,4.93776E+03,4.8768E+03));
#7723 = VECTOR('',#7724,1.);
#7724 = DIRECTION('',(-0.,1.,0.));
#7725 = PLANE('',#7726);
#7726 = AXIS2_PLACEMENT_3D('',#7727,#7728,#7729);
#7727 = CARTESIAN_POINT('',(2.203704E+03,4.93776E+03,3.1242E+03));
#7728 = DIRECTION('',(1.,0.,-0.));
#7729 = DIRECTION('',(0.,0.,1.));
#7730 = ADVANCED_FACE('',(#7731),#7747,.F.);
#7731 = FACE_BOUND('',#7732,.F.);
#7732 = EDGE_LOOP('',(#7733,#7739,#7740,#7746));
#7733 = ORIENTED_EDGE('',*,*,#7734,.F.);
#7734 = EDGE_CURVE('',#7655,#7695,#7735,.T.);
#7735 = LINE('',#7736,#7737);
#7736 = CARTESIAN_POINT('',(152.4,4.93776E+03,3.1242E+03));
#7737 = VECTOR('',#7738,1.);
#7738 = DIRECTION('',(1.,0.,-0.));
#7739 = ORIENTED_EDGE('',*,*,#7654,.T.);
#7740 = ORIENTED_EDGE('',*,*,#7741,.T.);
#7741 = EDGE_CURVE('',#7657,#7697,#7742,.T.);
#7742 = LINE('',#7743,#7744);
#7743 = CARTESIAN_POINT('',(152.4,4.93776E+03,4.8768E+03));
#7744 = VECTOR('',#7745,1.);
#7745 = DIRECTION('',(1.,0.,-0.));
#7746 = ORIENTED_EDGE('',*,*,#7694,.F.);
#7747 = PLANE('',#7748);
#7748 = AXIS2_PLACEMENT_3D('',#7749,#7750,#7751);
#7749 = CARTESIAN_POINT('',(152.4,4.93776E+03,3.1242E+03));
#7750 = DIRECTION('',(-0.,1.,0.));
#7751 = DIRECTION('',(0.,0.,1.));
#7752 = ADVANCED_FACE('',(#7753),#7769,.T.);
#7753 = FACE_BOUND('',#7754,.T.);
#7754 = EDGE_LOOP('',(#7755,#7761,#7762,#7768));
#7755 = ORIENTED_EDGE('',*,*,#7756,.F.);
#7756 = EDGE_CURVE('',#7665,#7705,#7757,.T.);
#7757 = LINE('',#7758,#7759);
#7758 = CARTESIAN_POINT('',(152.4,5.038344E+03,3.1242E+03));
#7759 = VECTOR('',#7760,1.);
#7760 = DIRECTION('',(1.,0.,-0.));
#7761 = ORIENTED_EDGE('',*,*,#7672,.T.);
#7762 = ORIENTED_EDGE('',*,*,#7763,.T.);
#7763 = EDGE_CURVE('',#7673,#7713,#7764,.T.);
#7764 = LINE('',#7765,#7766);
#7765 = CARTESIAN_POINT('',(152.4,5.038344E+03,4.8768E+03));
#7766 = VECTOR('',#7767,1.);
#7767 = DIRECTION('',(1.,0.,-0.));
#7768 = ORIENTED_EDGE('',*,*,#7712,.F.);
#7769 = PLANE('',#7770);
#7770 = AXIS2_PLACEMENT_3D('',#7771,#7772,#7773);
#7771 = CARTESIAN_POINT('',(152.4,5.038344E+03,3.1242E+03));
#7772 = DIRECTION('',(-0.,1.,0.));
#7773 = DIRECTION('',(0.,0.,1.));
#7774 = ADVANCED_FACE('',(#7775),#7781,.F.);
#7775 = FACE_BOUND('',#7776,.F.);
#7776 = EDGE_LOOP('',(#7777,#7778,#7779,#7780));
#7777 = ORIENTED_EDGE('',*,*,#7664,.F.);
#7778 = ORIENTED_EDGE('',*,*,#7734,.T.);
#7779 = ORIENTED_EDGE('',*,*,#7704,.T.);
#7780 = ORIENTED_EDGE('',*,*,#7756,.F.);
#7781 = PLANE('',#7782);
#7782 = AXIS2_PLACEMENT_3D('',#7783,#7784,#7785);
#7783 = CARTESIAN_POINT('',(152.4,4.93776E+03,3.1242E+03));
#7784 = DIRECTION('',(0.,0.,1.));
#7785 = DIRECTION('',(1.,0.,-0.));
#7786 = ADVANCED_FACE('',(#7787),#7793,.T.);
#7787 = FACE_BOUND('',#7788,.T.);
#7788 = EDGE_LOOP('',(#7789,#7790,#7791,#7792));
#7789 = ORIENTED_EDGE('',*,*,#7680,.F.);
#7790 = ORIENTED_EDGE('',*,*,#7741,.T.);
#7791 = ORIENTED_EDGE('',*,*,#7720,.T.);
#7792 = ORIENTED_EDGE('',*,*,#7763,.F.);
#7793 = PLANE('',#7794);
#7794 = AXIS2_PLACEMENT_3D('',#7795,#7796,#7797);
#7795 = CARTESIAN_POINT('',(152.4,4.93776E+03,4.8768E+03));
#7796 = DIRECTION('',(0.,0.,1.));
#7797 = DIRECTION('',(1.,0.,-0.));
#7798 = ( GEOMETRIC_REPRESENTATION_CONTEXT(3) 
GLOBAL_UNCERTAINTY_ASSIGNED_CONTEXT((#7802)) 
GLOBAL_UNIT_ASSIGNED_CONTEXT((#7799,#7800,#7801)) REPRESENTATION_CONTEXT
('Context #1','3D Context with UNIT and UNCERTAINTY') );
#7799 = ( LENGTH_UNIT() NAMED_UNIT(*) SI_UNIT(.MILLI.,.METRE.) );
#7800 = ( NAMED_UNIT(*) PLANE_ANGLE_UNIT() SI_UNIT($,.RADIAN.) );
#7801 = ( NAMED_UNIT(*) SI_UNIT($,.STERADIAN.) SOLID_ANGLE_UNIT() );
#7802 = UNCERTAINTY_MEASURE_WITH_UNIT(LENGTH_MEASURE(1.E-07),#7799,
  'distance_accuracy_value','confusion accuracy');
#7803 = CONTEXT_DEPENDENT_SHAPE_REPRESENTATION(#7804,#7806);
#7804 = ( REPRESENTATION_RELATIONSHIP('','',#7647,#10) 
REPRESENTATION_RELATIONSHIP_WITH_TRANSFORMATION(#7805) 
SHAPE_REPRESENTATION_RELATIONSHIP() );
#7805 = ITEM_DEFINED_TRANSFORMATION('','',#11,#163);
#7806 = PRODUCT_DEFINITION_SHAPE('Placement','Placement of an item',
  #7807);
#7807 = NEXT_ASSEMBLY_USAGE_OCCURRENCE('38','L2 bath storage wall','',#5
  ,#7642,$);
#7808 = PRODUCT_RELATED_PRODUCT_CATEGORY('part',$,(#7644));
#7809 = SHAPE_DEFINITION_REPRESENTATION(#7810,#7816);
#7810 = PRODUCT_DEFINITION_SHAPE('','',#7811);
#7811 = PRODUCT_DEFINITION('design','',#7812,#7815);
#7812 = PRODUCT_DEFINITION_FORMATION('','',#7813);
#7813 = PRODUCT('L2 bedroom closet wall','L2 bedroom closet wall','',(
    #7814));
#7814 = PRODUCT_CONTEXT('',#2,'mechanical');
#7815 = PRODUCT_DEFINITION_CONTEXT('part definition',#2,'design');
#7816 = SHAPE_REPRESENTATION('',(#11,#7817,#7967),#8117);
#7817 = MANIFOLD_SOLID_BREP('',#7818);
#7818 = CLOSED_SHELL('',(#7819,#7859,#7890,#7914,#7938,#7955));
#7819 = ADVANCED_FACE('',(#7820),#7854,.F.);
#7820 = FACE_BOUND('',#7821,.F.);
#7821 = EDGE_LOOP('',(#7822,#7832,#7840,#7848));
#7822 = ORIENTED_EDGE('',*,*,#7823,.F.);
#7823 = EDGE_CURVE('',#7824,#7826,#7828,.T.);
#7824 = VERTEX_POINT('',#7825);
#7825 = CARTESIAN_POINT('',(152.4,2.4384E+03,3.1242E+03));
#7826 = VERTEX_POINT('',#7827);
#7827 = CARTESIAN_POINT('',(152.4,2.4384E+03,4.8768E+03));
#7828 = LINE('',#7829,#7830);
#7829 = CARTESIAN_POINT('',(152.4,2.4384E+03,3.1242E+03));
#7830 = VECTOR('',#7831,1.);
#7831 = DIRECTION('',(0.,0.,1.));
#7832 = ORIENTED_EDGE('',*,*,#7833,.T.);
#7833 = EDGE_CURVE('',#7824,#7834,#7836,.T.);
#7834 = VERTEX_POINT('',#7835);
#7835 = CARTESIAN_POINT('',(152.4,2.538984E+03,3.1242E+03));
#7836 = LINE('',#7837,#7838);
#7837 = CARTESIAN_POINT('',(152.4,2.4384E+03,3.1242E+03));
#7838 = VECTOR('',#7839,1.);
#7839 = DIRECTION('',(-0.,1.,0.));
#7840 = ORIENTED_EDGE('',*,*,#7841,.T.);
#7841 = EDGE_CURVE('',#7834,#7842,#7844,.T.);
#7842 = VERTEX_POINT('',#7843);
#7843 = CARTESIAN_POINT('',(152.4,2.538984E+03,4.8768E+03));
#7844 = LINE('',#7845,#7846);
#7845 = CARTESIAN_POINT('',(152.4,2.538984E+03,3.1242E+03));
#7846 = VECTOR('',#7847,1.);
#7847 = DIRECTION('',(0.,0.,1.));
#7848 = ORIENTED_EDGE('',*,*,#7849,.F.);
#7849 = EDGE_CURVE('',#7826,#7842,#7850,.T.);
#7850 = LINE('',#7851,#7852);
#7851 = CARTESIAN_POINT('',(152.4,2.4384E+03,4.8768E+03));
#7852 = VECTOR('',#7853,1.);
#7853 = DIRECTION('',(-0.,1.,0.));
#7854 = PLANE('',#7855);
#7855 = AXIS2_PLACEMENT_3D('',#7856,#7857,#7858);
#7856 = CARTESIAN_POINT('',(152.4,2.4384E+03,3.1242E+03));
#7857 = DIRECTION('',(1.,0.,-0.));
#7858 = DIRECTION('',(0.,0.,1.));
#7859 = ADVANCED_FACE('',(#7860),#7885,.F.);
#7860 = FACE_BOUND('',#7861,.F.);
#7861 = EDGE_LOOP('',(#7862,#7870,#7871,#7879));
#7862 = ORIENTED_EDGE('',*,*,#7863,.F.);
#7863 = EDGE_CURVE('',#7824,#7864,#7866,.T.);
#7864 = VERTEX_POINT('',#7865);
#7865 = CARTESIAN_POINT('',(304.8,2.4384E+03,3.1242E+03));
#7866 = LINE('',#7867,#7868);
#7867 = CARTESIAN_POINT('',(152.4,2.4384E+03,3.1242E+03));
#7868 = VECTOR('',#7869,1.);
#7869 = DIRECTION('',(1.,0.,-0.));
#7870 = ORIENTED_EDGE('',*,*,#7823,.T.);
#7871 = ORIENTED_EDGE('',*,*,#7872,.T.);
#7872 = EDGE_CURVE('',#7826,#7873,#7875,.T.);
#7873 = VERTEX_POINT('',#7874);
#7874 = CARTESIAN_POINT('',(304.8,2.4384E+03,4.8768E+03));
#7875 = LINE('',#7876,#7877);
#7876 = CARTESIAN_POINT('',(152.4,2.4384E+03,4.8768E+03));
#7877 = VECTOR('',#7878,1.);
#7878 = DIRECTION('',(1.,0.,-0.));
#7879 = ORIENTED_EDGE('',*,*,#7880,.T.);
#7880 = EDGE_CURVE('',#7873,#7864,#7881,.T.);
#7881 = LINE('',#7882,#7883);
#7882 = CARTESIAN_POINT('',(304.8,2.4384E+03,3.1242E+03));
#7883 = VECTOR('',#7884,1.);
#7884 = DIRECTION('',(-0.,0.,-1.));
#7885 = PLANE('',#7886);
#7886 = AXIS2_PLACEMENT_3D('',#7887,#7888,#7889);
#7887 = CARTESIAN_POINT('',(152.4,2.4384E+03,3.1242E+03));
#7888 = DIRECTION('',(-0.,1.,0.));
#7889 = DIRECTION('',(0.,0.,1.));
#7890 = ADVANCED_FACE('',(#7891),#7909,.T.);
#7891 = FACE_BOUND('',#7892,.T.);
#7892 = EDGE_LOOP('',(#7893,#7901,#7902,#7903));
#7893 = ORIENTED_EDGE('',*,*,#7894,.F.);
#7894 = EDGE_CURVE('',#7842,#7895,#7897,.T.);
#7895 = VERTEX_POINT('',#7896);
#7896 = CARTESIAN_POINT('',(304.8,2.538984E+03,4.8768E+03));
#7897 = LINE('',#7898,#7899);
#7898 = CARTESIAN_POINT('',(152.4,2.538984E+03,4.8768E+03));
#7899 = VECTOR('',#7900,1.);
#7900 = DIRECTION('',(1.,0.,-0.));
#7901 = ORIENTED_EDGE('',*,*,#7849,.F.);
#7902 = ORIENTED_EDGE('',*,*,#7872,.T.);
#7903 = ORIENTED_EDGE('',*,*,#7904,.T.);
#7904 = EDGE_CURVE('',#7873,#7895,#7905,.T.);
#7905 = LINE('',#7906,#7907);
#7906 = CARTESIAN_POINT('',(304.8,2.43078E+03,4.8768E+03));
#7907 = VECTOR('',#7908,1.);
#7908 = DIRECTION('',(-0.,1.,0.));
#7909 = PLANE('',#7910);
#7910 = AXIS2_PLACEMENT_3D('',#7911,#7912,#7913);
#7911 = CARTESIAN_POINT('',(152.4,2.4384E+03,4.8768E+03));
#7912 = DIRECTION('',(0.,0.,1.));
#7913 = DIRECTION('',(1.,0.,-0.));
#7914 = ADVANCED_FACE('',(#7915),#7933,.T.);
#7915 = FACE_BOUND('',#7916,.T.);
#7916 = EDGE_LOOP('',(#7917,#7925,#7926,#7927));
#7917 = ORIENTED_EDGE('',*,*,#7918,.F.);
#7918 = EDGE_CURVE('',#7834,#7919,#7921,.T.);
#7919 = VERTEX_POINT('',#7920);
#7920 = CARTESIAN_POINT('',(304.8,2.538984E+03,3.1242E+03));
#7921 = LINE('',#7922,#7923);
#7922 = CARTESIAN_POINT('',(152.4,2.538984E+03,3.1242E+03));
#7923 = VECTOR('',#7924,1.);
#7924 = DIRECTION('',(1.,0.,-0.));
#7925 = ORIENTED_EDGE('',*,*,#7841,.T.);
#7926 = ORIENTED_EDGE('',*,*,#7894,.T.);
#7927 = ORIENTED_EDGE('',*,*,#7928,.T.);
#7928 = EDGE_CURVE('',#7895,#7919,#7929,.T.);
#7929 = LINE('',#7930,#7931);
#7930 = CARTESIAN_POINT('',(304.8,2.538984E+03,3.1242E+03));
#7931 = VECTOR('',#7932,1.);
#7932 = DIRECTION('',(-0.,0.,-1.));
#7933 = PLANE('',#7934);
#7934 = AXIS2_PLACEMENT_3D('',#7935,#7936,#7937);
#7935 = CARTESIAN_POINT('',(152.4,2.538984E+03,3.1242E+03));
#7936 = DIRECTION('',(-0.,1.,0.));
#7937 = DIRECTION('',(0.,0.,1.));
#7938 = ADVANCED_FACE('',(#7939),#7950,.F.);
#7939 = FACE_BOUND('',#7940,.F.);
#7940 = EDGE_LOOP('',(#7941,#7942,#7943,#7944));
#7941 = ORIENTED_EDGE('',*,*,#7918,.F.);
#7942 = ORIENTED_EDGE('',*,*,#7833,.F.);
#7943 = ORIENTED_EDGE('',*,*,#7863,.T.);
#7944 = ORIENTED_EDGE('',*,*,#7945,.T.);
#7945 = EDGE_CURVE('',#7864,#7919,#7946,.T.);
#7946 = LINE('',#7947,#7948);
#7947 = CARTESIAN_POINT('',(304.8,2.42316E+03,3.1242E+03));
#7948 = VECTOR('',#7949,1.);
#7949 = DIRECTION('',(-0.,1.,0.));
#7950 = PLANE('',#7951);
#7951 = AXIS2_PLACEMENT_3D('',#7952,#7953,#7954);
#7952 = CARTESIAN_POINT('',(152.4,2.4384E+03,3.1242E+03));
#7953 = DIRECTION('',(0.,0.,1.));
#7954 = DIRECTION('',(1.,0.,-0.));
#7955 = ADVANCED_FACE('',(#7956),#7962,.T.);
#7956 = FACE_BOUND('',#7957,.T.);
#7957 = EDGE_LOOP('',(#7958,#7959,#7960,#7961));
#7958 = ORIENTED_EDGE('',*,*,#7880,.T.);
#7959 = ORIENTED_EDGE('',*,*,#7945,.T.);
#7960 = ORIENTED_EDGE('',*,*,#7928,.F.);
#7961 = ORIENTED_EDGE('',*,*,#7904,.F.);
#7962 = PLANE('',#7963);
#7963 = AXIS2_PLACEMENT_3D('',#7964,#7965,#7966);
#7964 = CARTESIAN_POINT('',(304.8,2.42316E+03,3.1242E+03));
#7965 = DIRECTION('',(1.,0.,-0.));
#7966 = DIRECTION('',(0.,0.,1.));
#7967 = MANIFOLD_SOLID_BREP('',#7968);
#7968 = CLOSED_SHELL('',(#7969,#8009,#8040,#8064,#8088,#8105));
#7969 = ADVANCED_FACE('',(#7970),#8004,.F.);
#7970 = FACE_BOUND('',#7971,.F.);
#7971 = EDGE_LOOP('',(#7972,#7982,#7990,#7998));
#7972 = ORIENTED_EDGE('',*,*,#7973,.F.);
#7973 = EDGE_CURVE('',#7974,#7976,#7978,.T.);
#7974 = VERTEX_POINT('',#7975);
#7975 = CARTESIAN_POINT('',(1.8288E+03,2.4384E+03,3.1242E+03));
#7976 = VERTEX_POINT('',#7977);
#7977 = CARTESIAN_POINT('',(1.9812E+03,2.4384E+03,3.1242E+03));
#7978 = LINE('',#7979,#7980);
#7979 = CARTESIAN_POINT('',(152.4,2.4384E+03,3.1242E+03));
#7980 = VECTOR('',#7981,1.);
#7981 = DIRECTION('',(1.,0.,-0.));
#7982 = ORIENTED_EDGE('',*,*,#7983,.F.);
#7983 = EDGE_CURVE('',#7984,#7974,#7986,.T.);
#7984 = VERTEX_POINT('',#7985);
#7985 = CARTESIAN_POINT('',(1.8288E+03,2.4384E+03,4.8768E+03));
#7986 = LINE('',#7987,#7988);
#7987 = CARTESIAN_POINT('',(1.8288E+03,2.4384E+03,3.1242E+03));
#7988 = VECTOR('',#7989,1.);
#7989 = DIRECTION('',(-0.,0.,-1.));
#7990 = ORIENTED_EDGE('',*,*,#7991,.T.);
#7991 = EDGE_CURVE('',#7984,#7992,#7994,.T.);
#7992 = VERTEX_POINT('',#7993);
#7993 = CARTESIAN_POINT('',(1.9812E+03,2.4384E+03,4.8768E+03));
#7994 = LINE('',#7995,#7996);
#7995 = CARTESIAN_POINT('',(152.4,2.4384E+03,4.8768E+03));
#7996 = VECTOR('',#7997,1.);
#7997 = DIRECTION('',(1.,0.,-0.));
#7998 = ORIENTED_EDGE('',*,*,#7999,.F.);
#7999 = EDGE_CURVE('',#7976,#7992,#8000,.T.);
#8000 = LINE('',#8001,#8002);
#8001 = CARTESIAN_POINT('',(1.9812E+03,2.4384E+03,3.1242E+03));
#8002 = VECTOR('',#8003,1.);
#8003 = DIRECTION('',(0.,0.,1.));
#8004 = PLANE('',#8005);
#8005 = AXIS2_PLACEMENT_3D('',#8006,#8007,#8008);
#8006 = CARTESIAN_POINT('',(152.4,2.4384E+03,3.1242E+03));
#8007 = DIRECTION('',(-0.,1.,0.));
#8008 = DIRECTION('',(0.,0.,1.));
#8009 = ADVANCED_FACE('',(#8010),#8035,.F.);
#8010 = FACE_BOUND('',#8011,.F.);
#8011 = EDGE_LOOP('',(#8012,#8022,#8028,#8029));
#8012 = ORIENTED_EDGE('',*,*,#8013,.F.);
#8013 = EDGE_CURVE('',#8014,#8016,#8018,.T.);
#8014 = VERTEX_POINT('',#8015);
#8015 = CARTESIAN_POINT('',(1.8288E+03,2.538984E+03,3.1242E+03));
#8016 = VERTEX_POINT('',#8017);
#8017 = CARTESIAN_POINT('',(1.9812E+03,2.538984E+03,3.1242E+03));
#8018 = LINE('',#8019,#8020);
#8019 = CARTESIAN_POINT('',(152.4,2.538984E+03,3.1242E+03));
#8020 = VECTOR('',#8021,1.);
#8021 = DIRECTION('',(1.,0.,-0.));
#8022 = ORIENTED_EDGE('',*,*,#8023,.F.);
#8023 = EDGE_CURVE('',#7974,#8014,#8024,.T.);
#8024 = LINE('',#8025,#8026);
#8025 = CARTESIAN_POINT('',(1.8288E+03,2.42316E+03,3.1242E+03));
#8026 = VECTOR('',#8027,1.);
#8027 = DIRECTION('',(-0.,1.,0.));
#8028 = ORIENTED_EDGE('',*,*,#7973,.T.);
#8029 = ORIENTED_EDGE('',*,*,#8030,.T.);
#8030 = EDGE_CURVE('',#7976,#8016,#8031,.T.);
#8031 = LINE('',#8032,#8033);
#8032 = CARTESIAN_POINT('',(1.9812E+03,2.4384E+03,3.1242E+03));
#8033 = VECTOR('',#8034,1.);
#8034 = DIRECTION('',(-0.,1.,0.));
#8035 = PLANE('',#8036);
#8036 = AXIS2_PLACEMENT_3D('',#8037,#8038,#8039);
#8037 = CARTESIAN_POINT('',(152.4,2.4384E+03,3.1242E+03));
#8038 = DIRECTION('',(0.,0.,1.));
#8039 = DIRECTION('',(1.,0.,-0.));
#8040 = ADVANCED_FACE('',(#8041),#8059,.T.);
#8041 = FACE_BOUND('',#8042,.T.);
#8042 = EDGE_LOOP('',(#8043,#8044,#8045,#8053));
#8043 = ORIENTED_EDGE('',*,*,#7999,.F.);
#8044 = ORIENTED_EDGE('',*,*,#8030,.T.);
#8045 = ORIENTED_EDGE('',*,*,#8046,.T.);
#8046 = EDGE_CURVE('',#8016,#8047,#8049,.T.);
#8047 = VERTEX_POINT('',#8048);
#8048 = CARTESIAN_POINT('',(1.9812E+03,2.538984E+03,4.8768E+03));
#8049 = LINE('',#8050,#8051);
#8050 = CARTESIAN_POINT('',(1.9812E+03,2.538984E+03,3.1242E+03));
#8051 = VECTOR('',#8052,1.);
#8052 = DIRECTION('',(0.,0.,1.));
#8053 = ORIENTED_EDGE('',*,*,#8054,.F.);
#8054 = EDGE_CURVE('',#7992,#8047,#8055,.T.);
#8055 = LINE('',#8056,#8057);
#8056 = CARTESIAN_POINT('',(1.9812E+03,2.4384E+03,4.8768E+03));
#8057 = VECTOR('',#8058,1.);
#8058 = DIRECTION('',(-0.,1.,0.));
#8059 = PLANE('',#8060);
#8060 = AXIS2_PLACEMENT_3D('',#8061,#8062,#8063);
#8061 = CARTESIAN_POINT('',(1.9812E+03,2.4384E+03,3.1242E+03));
#8062 = DIRECTION('',(1.,0.,-0.));
#8063 = DIRECTION('',(0.,0.,1.));
#8064 = ADVANCED_FACE('',(#8065),#8083,.T.);
#8065 = FACE_BOUND('',#8066,.T.);
#8066 = EDGE_LOOP('',(#8067,#8075,#8081,#8082));
#8067 = ORIENTED_EDGE('',*,*,#8068,.F.);
#8068 = EDGE_CURVE('',#8069,#8047,#8071,.T.);
#8069 = VERTEX_POINT('',#8070);
#8070 = CARTESIAN_POINT('',(1.8288E+03,2.538984E+03,4.8768E+03));
#8071 = LINE('',#8072,#8073);
#8072 = CARTESIAN_POINT('',(152.4,2.538984E+03,4.8768E+03));
#8073 = VECTOR('',#8074,1.);
#8074 = DIRECTION('',(1.,0.,-0.));
#8075 = ORIENTED_EDGE('',*,*,#8076,.F.);
#8076 = EDGE_CURVE('',#7984,#8069,#8077,.T.);
#8077 = LINE('',#8078,#8079);
#8078 = CARTESIAN_POINT('',(1.8288E+03,2.43078E+03,4.8768E+03));
#8079 = VECTOR('',#8080,1.);
#8080 = DIRECTION('',(-0.,1.,0.));
#8081 = ORIENTED_EDGE('',*,*,#7991,.T.);
#8082 = ORIENTED_EDGE('',*,*,#8054,.T.);
#8083 = PLANE('',#8084);
#8084 = AXIS2_PLACEMENT_3D('',#8085,#8086,#8087);
#8085 = CARTESIAN_POINT('',(152.4,2.4384E+03,4.8768E+03));
#8086 = DIRECTION('',(0.,0.,1.));
#8087 = DIRECTION('',(1.,0.,-0.));
#8088 = ADVANCED_FACE('',(#8089),#8100,.F.);
#8089 = FACE_BOUND('',#8090,.F.);
#8090 = EDGE_LOOP('',(#8091,#8092,#8093,#8099));
#8091 = ORIENTED_EDGE('',*,*,#7983,.T.);
#8092 = ORIENTED_EDGE('',*,*,#8023,.T.);
#8093 = ORIENTED_EDGE('',*,*,#8094,.F.);
#8094 = EDGE_CURVE('',#8069,#8014,#8095,.T.);
#8095 = LINE('',#8096,#8097);
#8096 = CARTESIAN_POINT('',(1.8288E+03,2.538984E+03,3.1242E+03));
#8097 = VECTOR('',#8098,1.);
#8098 = DIRECTION('',(-0.,0.,-1.));
#8099 = ORIENTED_EDGE('',*,*,#8076,.F.);
#8100 = PLANE('',#8101);
#8101 = AXIS2_PLACEMENT_3D('',#8102,#8103,#8104);
#8102 = CARTESIAN_POINT('',(1.8288E+03,2.42316E+03,3.1242E+03));
#8103 = DIRECTION('',(1.,0.,-0.));
#8104 = DIRECTION('',(0.,0.,1.));
#8105 = ADVANCED_FACE('',(#8106),#8112,.T.);
#8106 = FACE_BOUND('',#8107,.T.);
#8107 = EDGE_LOOP('',(#8108,#8109,#8110,#8111));
#8108 = ORIENTED_EDGE('',*,*,#8013,.F.);
#8109 = ORIENTED_EDGE('',*,*,#8094,.F.);
#8110 = ORIENTED_EDGE('',*,*,#8068,.T.);
#8111 = ORIENTED_EDGE('',*,*,#8046,.F.);
#8112 = PLANE('',#8113);
#8113 = AXIS2_PLACEMENT_3D('',#8114,#8115,#8116);
#8114 = CARTESIAN_POINT('',(152.4,2.538984E+03,3.1242E+03));
#8115 = DIRECTION('',(-0.,1.,0.));
#8116 = DIRECTION('',(0.,0.,1.));
#8117 = ( GEOMETRIC_REPRESENTATION_CONTEXT(3) 
GLOBAL_UNCERTAINTY_ASSIGNED_CONTEXT((#8121)) 
GLOBAL_UNIT_ASSIGNED_CONTEXT((#8118,#8119,#8120)) REPRESENTATION_CONTEXT
('Context #1','3D Context with UNIT and UNCERTAINTY') );
#8118 = ( LENGTH_UNIT() NAMED_UNIT(*) SI_UNIT(.MILLI.,.METRE.) );
#8119 = ( NAMED_UNIT(*) PLANE_ANGLE_UNIT() SI_UNIT($,.RADIAN.) );
#8120 = ( NAMED_UNIT(*) SI_UNIT($,.STERADIAN.) SOLID_ANGLE_UNIT() );
#8121 = UNCERTAINTY_MEASURE_WITH_UNIT(LENGTH_MEASURE(1.E-07),#8118,
  'distance_accuracy_value','confusion accuracy');
#8122 = CONTEXT_DEPENDENT_SHAPE_REPRESENTATION(#8123,#8125);
#8123 = ( REPRESENTATION_RELATIONSHIP('','',#7816,#10) 
REPRESENTATION_RELATIONSHIP_WITH_TRANSFORMATION(#8124) 
SHAPE_REPRESENTATION_RELATIONSHIP() );
#8124 = ITEM_DEFINED_TRANSFORMATION('','',#11,#167);
#8125 = PRODUCT_DEFINITION_SHAPE('Placement','Placement of an item',
  #8126);
#8126 = NEXT_ASSEMBLY_USAGE_OCCURRENCE('39','L2 bedroom closet wall','',
  #5,#7811,$);
#8127 = PRODUCT_RELATED_PRODUCT_CATEGORY('part',$,(#7813));
#8128 = SHAPE_DEFINITION_REPRESENTATION(#8129,#8135);
#8129 = PRODUCT_DEFINITION_SHAPE('','',#8130);
#8130 = PRODUCT_DEFINITION('design','',#8131,#8134);
#8131 = PRODUCT_DEFINITION_FORMATION('','',#8132);
#8132 = PRODUCT('L2 bedroom east wall','L2 bedroom east wall','',(#8133)
  );
#8133 = PRODUCT_CONTEXT('',#2,'mechanical');
#8134 = PRODUCT_DEFINITION_CONTEXT('part definition',#2,'design');
#8135 = SHAPE_REPRESENTATION('',(#11,#8136,#8286),#8436);
#8136 = MANIFOLD_SOLID_BREP('',#8137);
#8137 = CLOSED_SHELL('',(#8138,#8178,#8209,#8233,#8257,#8274));
#8138 = ADVANCED_FACE('',(#8139),#8173,.F.);
#8139 = FACE_BOUND('',#8140,.F.);
#8140 = EDGE_LOOP('',(#8141,#8151,#8159,#8167));
#8141 = ORIENTED_EDGE('',*,*,#8142,.F.);
#8142 = EDGE_CURVE('',#8143,#8145,#8147,.T.);
#8143 = VERTEX_POINT('',#8144);
#8144 = CARTESIAN_POINT('',(3.10896E+03,152.4,4.8768E+03));
#8145 = VERTEX_POINT('',#8146);
#8146 = CARTESIAN_POINT('',(3.10896E+03,2.16408E+03,4.8768E+03));
#8147 = LINE('',#8148,#8149);
#8148 = CARTESIAN_POINT('',(3.10896E+03,152.4,4.8768E+03));
#8149 = VECTOR('',#8150,1.);
#8150 = DIRECTION('',(-0.,1.,0.));
#8151 = ORIENTED_EDGE('',*,*,#8152,.F.);
#8152 = EDGE_CURVE('',#8153,#8143,#8155,.T.);
#8153 = VERTEX_POINT('',#8154);
#8154 = CARTESIAN_POINT('',(3.10896E+03,152.4,3.1242E+03));
#8155 = LINE('',#8156,#8157);
#8156 = CARTESIAN_POINT('',(3.10896E+03,152.4,3.1242E+03));
#8157 = VECTOR('',#8158,1.);
#8158 = DIRECTION('',(0.,0.,1.));
#8159 = ORIENTED_EDGE('',*,*,#8160,.T.);
#8160 = EDGE_CURVE('',#8153,#8161,#8163,.T.);
#8161 = VERTEX_POINT('',#8162);
#8162 = CARTESIAN_POINT('',(3.10896E+03,2.16408E+03,3.1242E+03));
#8163 = LINE('',#8164,#8165);
#8164 = CARTESIAN_POINT('',(3.10896E+03,152.4,3.1242E+03));
#8165 = VECTOR('',#8166,1.);
#8166 = DIRECTION('',(-0.,1.,0.));
#8167 = ORIENTED_EDGE('',*,*,#8168,.T.);
#8168 = EDGE_CURVE('',#8161,#8145,#8169,.T.);
#8169 = LINE('',#8170,#8171);
#8170 = CARTESIAN_POINT('',(3.10896E+03,2.16408E+03,3.1242E+03));
#8171 = VECTOR('',#8172,1.);
#8172 = DIRECTION('',(0.,0.,1.));
#8173 = PLANE('',#8174);
#8174 = AXIS2_PLACEMENT_3D('',#8175,#8176,#8177);
#8175 = CARTESIAN_POINT('',(3.10896E+03,152.4,3.1242E+03));
#8176 = DIRECTION('',(1.,0.,-0.));
#8177 = DIRECTION('',(0.,0.,1.));
#8178 = ADVANCED_FACE('',(#8179),#8204,.T.);
#8179 = FACE_BOUND('',#8180,.T.);
#8180 = EDGE_LOOP('',(#8181,#8182,#8190,#8198));
#8181 = ORIENTED_EDGE('',*,*,#8142,.F.);
#8182 = ORIENTED_EDGE('',*,*,#8183,.T.);
#8183 = EDGE_CURVE('',#8143,#8184,#8186,.T.);
#8184 = VERTEX_POINT('',#8185);
#8185 = CARTESIAN_POINT('',(3.209544E+03,152.4,4.8768E+03));
#8186 = LINE('',#8187,#8188);
#8187 = CARTESIAN_POINT('',(3.10896E+03,152.4,4.8768E+03));
#8188 = VECTOR('',#8189,1.);
#8189 = DIRECTION('',(1.,0.,-0.));
#8190 = ORIENTED_EDGE('',*,*,#8191,.T.);
#8191 = EDGE_CURVE('',#8184,#8192,#8194,.T.);
#8192 = VERTEX_POINT('',#8193);
#8193 = CARTESIAN_POINT('',(3.209544E+03,2.16408E+03,4.8768E+03));
#8194 = LINE('',#8195,#8196);
#8195 = CARTESIAN_POINT('',(3.209544E+03,152.4,4.8768E+03));
#8196 = VECTOR('',#8197,1.);
#8197 = DIRECTION('',(-0.,1.,0.));
#8198 = ORIENTED_EDGE('',*,*,#8199,.T.);
#8199 = EDGE_CURVE('',#8192,#8145,#8200,.T.);
#8200 = LINE('',#8201,#8202);
#8201 = CARTESIAN_POINT('',(3.10134E+03,2.16408E+03,4.8768E+03));
#8202 = VECTOR('',#8203,1.);
#8203 = DIRECTION('',(-1.,-0.,0.));
#8204 = PLANE('',#8205);
#8205 = AXIS2_PLACEMENT_3D('',#8206,#8207,#8208);
#8206 = CARTESIAN_POINT('',(3.10896E+03,152.4,4.8768E+03));
#8207 = DIRECTION('',(0.,0.,1.));
#8208 = DIRECTION('',(1.,0.,-0.));
#8209 = ADVANCED_FACE('',(#8210),#8228,.T.);
#8210 = FACE_BOUND('',#8211,.T.);
#8211 = EDGE_LOOP('',(#8212,#8220,#8221,#8222));
#8212 = ORIENTED_EDGE('',*,*,#8213,.F.);
#8213 = EDGE_CURVE('',#8161,#8214,#8216,.T.);
#8214 = VERTEX_POINT('',#8215);
#8215 = CARTESIAN_POINT('',(3.209544E+03,2.16408E+03,3.1242E+03));
#8216 = LINE('',#8217,#8218);
#8217 = CARTESIAN_POINT('',(3.09372E+03,2.16408E+03,3.1242E+03));
#8218 = VECTOR('',#8219,1.);
#8219 = DIRECTION('',(1.,0.,-0.));
#8220 = ORIENTED_EDGE('',*,*,#8168,.T.);
#8221 = ORIENTED_EDGE('',*,*,#8199,.F.);
#8222 = ORIENTED_EDGE('',*,*,#8223,.F.);
#8223 = EDGE_CURVE('',#8214,#8192,#8224,.T.);
#8224 = LINE('',#8225,#8226);
#8225 = CARTESIAN_POINT('',(3.209544E+03,2.16408E+03,3.1242E+03));
#8226 = VECTOR('',#8227,1.);
#8227 = DIRECTION('',(0.,0.,1.));
#8228 = PLANE('',#8229);
#8229 = AXIS2_PLACEMENT_3D('',#8230,#8231,#8232);
#8230 = CARTESIAN_POINT('',(3.09372E+03,2.16408E+03,3.1242E+03));
#8231 = DIRECTION('',(-0.,1.,0.));
#8232 = DIRECTION('',(0.,0.,1.));
#8233 = ADVANCED_FACE('',(#8234),#8252,.F.);
#8234 = FACE_BOUND('',#8235,.F.);
#8235 = EDGE_LOOP('',(#8236,#8237,#8245,#8251));
#8236 = ORIENTED_EDGE('',*,*,#8160,.F.);
#8237 = ORIENTED_EDGE('',*,*,#8238,.T.);
#8238 = EDGE_CURVE('',#8153,#8239,#8241,.T.);
#8239 = VERTEX_POINT('',#8240);
#8240 = CARTESIAN_POINT('',(3.209544E+03,152.4,3.1242E+03));
#8241 = LINE('',#8242,#8243);
#8242 = CARTESIAN_POINT('',(3.10896E+03,152.4,3.1242E+03));
#8243 = VECTOR('',#8244,1.);
#8244 = DIRECTION('',(1.,0.,-0.));
#8245 = ORIENTED_EDGE('',*,*,#8246,.T.);
#8246 = EDGE_CURVE('',#8239,#8214,#8247,.T.);
#8247 = LINE('',#8248,#8249);
#8248 = CARTESIAN_POINT('',(3.209544E+03,152.4,3.1242E+03));
#8249 = VECTOR('',#8250,1.);
#8250 = DIRECTION('',(-0.,1.,0.));
#8251 = ORIENTED_EDGE('',*,*,#8213,.F.);
#8252 = PLANE('',#8253);
#8253 = AXIS2_PLACEMENT_3D('',#8254,#8255,#8256);
#8254 = CARTESIAN_POINT('',(3.10896E+03,152.4,3.1242E+03));
#8255 = DIRECTION('',(0.,0.,1.));
#8256 = DIRECTION('',(1.,0.,-0.));
#8257 = ADVANCED_FACE('',(#8258),#8269,.F.);
#8258 = FACE_BOUND('',#8259,.F.);
#8259 = EDGE_LOOP('',(#8260,#8261,#8262,#8263));
#8260 = ORIENTED_EDGE('',*,*,#8238,.F.);
#8261 = ORIENTED_EDGE('',*,*,#8152,.T.);
#8262 = ORIENTED_EDGE('',*,*,#8183,.T.);
#8263 = ORIENTED_EDGE('',*,*,#8264,.F.);
#8264 = EDGE_CURVE('',#8239,#8184,#8265,.T.);
#8265 = LINE('',#8266,#8267);
#8266 = CARTESIAN_POINT('',(3.209544E+03,152.4,3.1242E+03));
#8267 = VECTOR('',#8268,1.);
#8268 = DIRECTION('',(0.,0.,1.));
#8269 = PLANE('',#8270);
#8270 = AXIS2_PLACEMENT_3D('',#8271,#8272,#8273);
#8271 = CARTESIAN_POINT('',(3.10896E+03,152.4,3.1242E+03));
#8272 = DIRECTION('',(-0.,1.,0.));
#8273 = DIRECTION('',(0.,0.,1.));
#8274 = ADVANCED_FACE('',(#8275),#8281,.T.);
#8275 = FACE_BOUND('',#8276,.T.);
#8276 = EDGE_LOOP('',(#8277,#8278,#8279,#8280));
#8277 = ORIENTED_EDGE('',*,*,#8191,.F.);
#8278 = ORIENTED_EDGE('',*,*,#8264,.F.);
#8279 = ORIENTED_EDGE('',*,*,#8246,.T.);
#8280 = ORIENTED_EDGE('',*,*,#8223,.T.);
#8281 = PLANE('',#8282);
#8282 = AXIS2_PLACEMENT_3D('',#8283,#8284,#8285);
#8283 = CARTESIAN_POINT('',(3.209544E+03,152.4,3.1242E+03));
#8284 = DIRECTION('',(1.,0.,-0.));
#8285 = DIRECTION('',(0.,0.,1.));
#8286 = MANIFOLD_SOLID_BREP('',#8287);
#8287 = CLOSED_SHELL('',(#8288,#8328,#8359,#8383,#8407,#8424));
#8288 = ADVANCED_FACE('',(#8289),#8323,.F.);
#8289 = FACE_BOUND('',#8290,.F.);
#8290 = EDGE_LOOP('',(#8291,#8301,#8309,#8317));
#8291 = ORIENTED_EDGE('',*,*,#8292,.F.);
#8292 = EDGE_CURVE('',#8293,#8295,#8297,.T.);
#8293 = VERTEX_POINT('',#8294);
#8294 = CARTESIAN_POINT('',(3.10896E+03,2.8956E+03,4.8768E+03));
#8295 = VERTEX_POINT('',#8296);
#8296 = CARTESIAN_POINT('',(3.10896E+03,3.048E+03,4.8768E+03));
#8297 = LINE('',#8298,#8299);
#8298 = CARTESIAN_POINT('',(3.10896E+03,152.4,4.8768E+03));
#8299 = VECTOR('',#8300,1.);
#8300 = DIRECTION('',(-0.,1.,0.));
#8301 = ORIENTED_EDGE('',*,*,#8302,.F.);
#8302 = EDGE_CURVE('',#8303,#8293,#8305,.T.);
#8303 = VERTEX_POINT('',#8304);
#8304 = CARTESIAN_POINT('',(3.10896E+03,2.8956E+03,3.1242E+03));
#8305 = LINE('',#8306,#8307);
#8306 = CARTESIAN_POINT('',(3.10896E+03,2.8956E+03,3.1242E+03));
#8307 = VECTOR('',#8308,1.);
#8308 = DIRECTION('',(0.,0.,1.));
#8309 = ORIENTED_EDGE('',*,*,#8310,.T.);
#8310 = EDGE_CURVE('',#8303,#8311,#8313,.T.);
#8311 = VERTEX_POINT('',#8312);
#8312 = CARTESIAN_POINT('',(3.10896E+03,3.048E+03,3.1242E+03));
#8313 = LINE('',#8314,#8315);
#8314 = CARTESIAN_POINT('',(3.10896E+03,152.4,3.1242E+03));
#8315 = VECTOR('',#8316,1.);
#8316 = DIRECTION('',(-0.,1.,0.));
#8317 = ORIENTED_EDGE('',*,*,#8318,.T.);
#8318 = EDGE_CURVE('',#8311,#8295,#8319,.T.);
#8319 = LINE('',#8320,#8321);
#8320 = CARTESIAN_POINT('',(3.10896E+03,3.048E+03,3.1242E+03));
#8321 = VECTOR('',#8322,1.);
#8322 = DIRECTION('',(0.,0.,1.));
#8323 = PLANE('',#8324);
#8324 = AXIS2_PLACEMENT_3D('',#8325,#8326,#8327);
#8325 = CARTESIAN_POINT('',(3.10896E+03,152.4,3.1242E+03));
#8326 = DIRECTION('',(1.,0.,-0.));
#8327 = DIRECTION('',(0.,0.,1.));
#8328 = ADVANCED_FACE('',(#8329),#8354,.T.);
#8329 = FACE_BOUND('',#8330,.T.);
#8330 = EDGE_LOOP('',(#8331,#8332,#8340,#8348));
#8331 = ORIENTED_EDGE('',*,*,#8292,.F.);
#8332 = ORIENTED_EDGE('',*,*,#8333,.F.);
#8333 = EDGE_CURVE('',#8334,#8293,#8336,.T.);
#8334 = VERTEX_POINT('',#8335);
#8335 = CARTESIAN_POINT('',(3.209544E+03,2.8956E+03,4.8768E+03));
#8336 = LINE('',#8337,#8338);
#8337 = CARTESIAN_POINT('',(3.10134E+03,2.8956E+03,4.8768E+03));
#8338 = VECTOR('',#8339,1.);
#8339 = DIRECTION('',(-1.,-0.,0.));
#8340 = ORIENTED_EDGE('',*,*,#8341,.T.);
#8341 = EDGE_CURVE('',#8334,#8342,#8344,.T.);
#8342 = VERTEX_POINT('',#8343);
#8343 = CARTESIAN_POINT('',(3.209544E+03,3.048E+03,4.8768E+03));
#8344 = LINE('',#8345,#8346);
#8345 = CARTESIAN_POINT('',(3.209544E+03,152.4,4.8768E+03));
#8346 = VECTOR('',#8347,1.);
#8347 = DIRECTION('',(-0.,1.,0.));
#8348 = ORIENTED_EDGE('',*,*,#8349,.F.);
#8349 = EDGE_CURVE('',#8295,#8342,#8350,.T.);
#8350 = LINE('',#8351,#8352);
#8351 = CARTESIAN_POINT('',(3.10896E+03,3.048E+03,4.8768E+03));
#8352 = VECTOR('',#8353,1.);
#8353 = DIRECTION('',(1.,0.,-0.));
#8354 = PLANE('',#8355);
#8355 = AXIS2_PLACEMENT_3D('',#8356,#8357,#8358);
#8356 = CARTESIAN_POINT('',(3.10896E+03,152.4,4.8768E+03));
#8357 = DIRECTION('',(0.,0.,1.));
#8358 = DIRECTION('',(1.,0.,-0.));
#8359 = ADVANCED_FACE('',(#8360),#8378,.T.);
#8360 = FACE_BOUND('',#8361,.T.);
#8361 = EDGE_LOOP('',(#8362,#8370,#8371,#8372));
#8362 = ORIENTED_EDGE('',*,*,#8363,.F.);
#8363 = EDGE_CURVE('',#8311,#8364,#8366,.T.);
#8364 = VERTEX_POINT('',#8365);
#8365 = CARTESIAN_POINT('',(3.209544E+03,3.048E+03,3.1242E+03));
#8366 = LINE('',#8367,#8368);
#8367 = CARTESIAN_POINT('',(3.10896E+03,3.048E+03,3.1242E+03));
#8368 = VECTOR('',#8369,1.);
#8369 = DIRECTION('',(1.,0.,-0.));
#8370 = ORIENTED_EDGE('',*,*,#8318,.T.);
#8371 = ORIENTED_EDGE('',*,*,#8349,.T.);
#8372 = ORIENTED_EDGE('',*,*,#8373,.F.);
#8373 = EDGE_CURVE('',#8364,#8342,#8374,.T.);
#8374 = LINE('',#8375,#8376);
#8375 = CARTESIAN_POINT('',(3.209544E+03,3.048E+03,3.1242E+03));
#8376 = VECTOR('',#8377,1.);
#8377 = DIRECTION('',(0.,0.,1.));
#8378 = PLANE('',#8379);
#8379 = AXIS2_PLACEMENT_3D('',#8380,#8381,#8382);
#8380 = CARTESIAN_POINT('',(3.10896E+03,3.048E+03,3.1242E+03));
#8381 = DIRECTION('',(-0.,1.,0.));
#8382 = DIRECTION('',(0.,0.,1.));
#8383 = ADVANCED_FACE('',(#8384),#8402,.F.);
#8384 = FACE_BOUND('',#8385,.F.);
#8385 = EDGE_LOOP('',(#8386,#8387,#8395,#8401));
#8386 = ORIENTED_EDGE('',*,*,#8310,.F.);
#8387 = ORIENTED_EDGE('',*,*,#8388,.T.);
#8388 = EDGE_CURVE('',#8303,#8389,#8391,.T.);
#8389 = VERTEX_POINT('',#8390);
#8390 = CARTESIAN_POINT('',(3.209544E+03,2.8956E+03,3.1242E+03));
#8391 = LINE('',#8392,#8393);
#8392 = CARTESIAN_POINT('',(3.09372E+03,2.8956E+03,3.1242E+03));
#8393 = VECTOR('',#8394,1.);
#8394 = DIRECTION('',(1.,0.,-0.));
#8395 = ORIENTED_EDGE('',*,*,#8396,.T.);
#8396 = EDGE_CURVE('',#8389,#8364,#8397,.T.);
#8397 = LINE('',#8398,#8399);
#8398 = CARTESIAN_POINT('',(3.209544E+03,152.4,3.1242E+03));
#8399 = VECTOR('',#8400,1.);
#8400 = DIRECTION('',(-0.,1.,0.));
#8401 = ORIENTED_EDGE('',*,*,#8363,.F.);
#8402 = PLANE('',#8403);
#8403 = AXIS2_PLACEMENT_3D('',#8404,#8405,#8406);
#8404 = CARTESIAN_POINT('',(3.10896E+03,152.4,3.1242E+03));
#8405 = DIRECTION('',(0.,0.,1.));
#8406 = DIRECTION('',(1.,0.,-0.));
#8407 = ADVANCED_FACE('',(#8408),#8419,.F.);
#8408 = FACE_BOUND('',#8409,.F.);
#8409 = EDGE_LOOP('',(#8410,#8411,#8412,#8413));
#8410 = ORIENTED_EDGE('',*,*,#8388,.F.);
#8411 = ORIENTED_EDGE('',*,*,#8302,.T.);
#8412 = ORIENTED_EDGE('',*,*,#8333,.F.);
#8413 = ORIENTED_EDGE('',*,*,#8414,.F.);
#8414 = EDGE_CURVE('',#8389,#8334,#8415,.T.);
#8415 = LINE('',#8416,#8417);
#8416 = CARTESIAN_POINT('',(3.209544E+03,2.8956E+03,3.1242E+03));
#8417 = VECTOR('',#8418,1.);
#8418 = DIRECTION('',(0.,0.,1.));
#8419 = PLANE('',#8420);
#8420 = AXIS2_PLACEMENT_3D('',#8421,#8422,#8423);
#8421 = CARTESIAN_POINT('',(3.09372E+03,2.8956E+03,3.1242E+03));
#8422 = DIRECTION('',(-0.,1.,0.));
#8423 = DIRECTION('',(0.,0.,1.));
#8424 = ADVANCED_FACE('',(#8425),#8431,.T.);
#8425 = FACE_BOUND('',#8426,.T.);
#8426 = EDGE_LOOP('',(#8427,#8428,#8429,#8430));
#8427 = ORIENTED_EDGE('',*,*,#8341,.F.);
#8428 = ORIENTED_EDGE('',*,*,#8414,.F.);
#8429 = ORIENTED_EDGE('',*,*,#8396,.T.);
#8430 = ORIENTED_EDGE('',*,*,#8373,.T.);
#8431 = PLANE('',#8432);
#8432 = AXIS2_PLACEMENT_3D('',#8433,#8434,#8435);
#8433 = CARTESIAN_POINT('',(3.209544E+03,152.4,3.1242E+03));
#8434 = DIRECTION('',(1.,0.,-0.));
#8435 = DIRECTION('',(0.,0.,1.));
#8436 = ( GEOMETRIC_REPRESENTATION_CONTEXT(3) 
GLOBAL_UNCERTAINTY_ASSIGNED_CONTEXT((#8440)) 
GLOBAL_UNIT_ASSIGNED_CONTEXT((#8437,#8438,#8439)) REPRESENTATION_CONTEXT
('Context #1','3D Context with UNIT and UNCERTAINTY') );
#8437 = ( LENGTH_UNIT() NAMED_UNIT(*) SI_UNIT(.MILLI.,.METRE.) );
#8438 = ( NAMED_UNIT(*) PLANE_ANGLE_UNIT() SI_UNIT($,.RADIAN.) );
#8439 = ( NAMED_UNIT(*) SI_UNIT($,.STERADIAN.) SOLID_ANGLE_UNIT() );
#8440 = UNCERTAINTY_MEASURE_WITH_UNIT(LENGTH_MEASURE(1.E-07),#8437,
  'distance_accuracy_value','confusion accuracy');
#8441 = CONTEXT_DEPENDENT_SHAPE_REPRESENTATION(#8442,#8444);
#8442 = ( REPRESENTATION_RELATIONSHIP('','',#8135,#10) 
REPRESENTATION_RELATIONSHIP_WITH_TRANSFORMATION(#8443) 
SHAPE_REPRESENTATION_RELATIONSHIP() );
#8443 = ITEM_DEFINED_TRANSFORMATION('','',#11,#171);
#8444 = PRODUCT_DEFINITION_SHAPE('Placement','Placement of an item',
  #8445);
#8445 = NEXT_ASSEMBLY_USAGE_OCCURRENCE('40','L2 bedroom east wall','',#5
  ,#8130,$);
#8446 = PRODUCT_RELATED_PRODUCT_CATEGORY('part',$,(#8132));
#8447 = SHAPE_DEFINITION_REPRESENTATION(#8448,#8454);
#8448 = PRODUCT_DEFINITION_SHAPE('','',#8449);
#8449 = PRODUCT_DEFINITION('design','',#8450,#8453);
#8450 = PRODUCT_DEFINITION_FORMATION('','',#8451);
#8451 = PRODUCT('L2 bedroom north wall','L2 bedroom north wall','',(
    #8452));
#8452 = PRODUCT_CONTEXT('',#2,'mechanical');
#8453 = PRODUCT_DEFINITION_CONTEXT('part definition',#2,'design');
#8454 = ADVANCED_BREP_SHAPE_REPRESENTATION('',(#11,#8455),#8605);
#8455 = MANIFOLD_SOLID_BREP('',#8456);
#8456 = CLOSED_SHELL('',(#8457,#8497,#8537,#8559,#8581,#8593));
#8457 = ADVANCED_FACE('',(#8458),#8492,.F.);
#8458 = FACE_BOUND('',#8459,.F.);
#8459 = EDGE_LOOP('',(#8460,#8470,#8478,#8486));
#8460 = ORIENTED_EDGE('',*,*,#8461,.F.);
#8461 = EDGE_CURVE('',#8462,#8464,#8466,.T.);
#8462 = VERTEX_POINT('',#8463);
#8463 = CARTESIAN_POINT('',(152.4,3.048E+03,3.1242E+03));
#8464 = VERTEX_POINT('',#8465);
#8465 = CARTESIAN_POINT('',(152.4,3.048E+03,4.8768E+03));
#8466 = LINE('',#8467,#8468);
#8467 = CARTESIAN_POINT('',(152.4,3.048E+03,3.1242E+03));
#8468 = VECTOR('',#8469,1.);
#8469 = DIRECTION('',(0.,0.,1.));
#8470 = ORIENTED_EDGE('',*,*,#8471,.T.);
#8471 = EDGE_CURVE('',#8462,#8472,#8474,.T.);
#8472 = VERTEX_POINT('',#8473);
#8473 = CARTESIAN_POINT('',(152.4,3.148584E+03,3.1242E+03));
#8474 = LINE('',#8475,#8476);
#8475 = CARTESIAN_POINT('',(152.4,3.048E+03,3.1242E+03));
#8476 = VECTOR('',#8477,1.);
#8477 = DIRECTION('',(-0.,1.,0.));
#8478 = ORIENTED_EDGE('',*,*,#8479,.T.);
#8479 = EDGE_CURVE('',#8472,#8480,#8482,.T.);
#8480 = VERTEX_POINT('',#8481);
#8481 = CARTESIAN_POINT('',(152.4,3.148584E+03,4.8768E+03));
#8482 = LINE('',#8483,#8484);
#8483 = CARTESIAN_POINT('',(152.4,3.148584E+03,3.1242E+03));
#8484 = VECTOR('',#8485,1.);
#8485 = DIRECTION('',(0.,0.,1.));
#8486 = ORIENTED_EDGE('',*,*,#8487,.F.);
#8487 = EDGE_CURVE('',#8464,#8480,#8488,.T.);
#8488 = LINE('',#8489,#8490);
#8489 = CARTESIAN_POINT('',(152.4,3.048E+03,4.8768E+03));
#8490 = VECTOR('',#8491,1.);
#8491 = DIRECTION('',(-0.,1.,0.));
#8492 = PLANE('',#8493);
#8493 = AXIS2_PLACEMENT_3D('',#8494,#8495,#8496);
#8494 = CARTESIAN_POINT('',(152.4,3.048E+03,3.1242E+03));
#8495 = DIRECTION('',(1.,0.,-0.));
#8496 = DIRECTION('',(0.,0.,1.));
#8497 = ADVANCED_FACE('',(#8498),#8532,.T.);
#8498 = FACE_BOUND('',#8499,.T.);
#8499 = EDGE_LOOP('',(#8500,#8510,#8518,#8526));
#8500 = ORIENTED_EDGE('',*,*,#8501,.F.);
#8501 = EDGE_CURVE('',#8502,#8504,#8506,.T.);
#8502 = VERTEX_POINT('',#8503);
#8503 = CARTESIAN_POINT('',(3.209544E+03,3.048E+03,3.1242E+03));
#8504 = VERTEX_POINT('',#8505);
#8505 = CARTESIAN_POINT('',(3.209544E+03,3.048E+03,4.8768E+03));
#8506 = LINE('',#8507,#8508);
#8507 = CARTESIAN_POINT('',(3.209544E+03,3.048E+03,3.1242E+03));
#8508 = VECTOR('',#8509,1.);
#8509 = DIRECTION('',(0.,0.,1.));
#8510 = ORIENTED_EDGE('',*,*,#8511,.T.);
#8511 = EDGE_CURVE('',#8502,#8512,#8514,.T.);
#8512 = VERTEX_POINT('',#8513);
#8513 = CARTESIAN_POINT('',(3.209544E+03,3.148584E+03,3.1242E+03));
#8514 = LINE('',#8515,#8516);
#8515 = CARTESIAN_POINT('',(3.209544E+03,3.048E+03,3.1242E+03));
#8516 = VECTOR('',#8517,1.);
#8517 = DIRECTION('',(-0.,1.,0.));
#8518 = ORIENTED_EDGE('',*,*,#8519,.T.);
#8519 = EDGE_CURVE('',#8512,#8520,#8522,.T.);
#8520 = VERTEX_POINT('',#8521);
#8521 = CARTESIAN_POINT('',(3.209544E+03,3.148584E+03,4.8768E+03));
#8522 = LINE('',#8523,#8524);
#8523 = CARTESIAN_POINT('',(3.209544E+03,3.148584E+03,3.1242E+03));
#8524 = VECTOR('',#8525,1.);
#8525 = DIRECTION('',(0.,0.,1.));
#8526 = ORIENTED_EDGE('',*,*,#8527,.F.);
#8527 = EDGE_CURVE('',#8504,#8520,#8528,.T.);
#8528 = LINE('',#8529,#8530);
#8529 = CARTESIAN_POINT('',(3.209544E+03,3.048E+03,4.8768E+03));
#8530 = VECTOR('',#8531,1.);
#8531 = DIRECTION('',(-0.,1.,0.));
#8532 = PLANE('',#8533);
#8533 = AXIS2_PLACEMENT_3D('',#8534,#8535,#8536);
#8534 = CARTESIAN_POINT('',(3.209544E+03,3.048E+03,3.1242E+03));
#8535 = DIRECTION('',(1.,0.,-0.));
#8536 = DIRECTION('',(0.,0.,1.));
#8537 = ADVANCED_FACE('',(#8538),#8554,.F.);
#8538 = FACE_BOUND('',#8539,.F.);
#8539 = EDGE_LOOP('',(#8540,#8546,#8547,#8553));
#8540 = ORIENTED_EDGE('',*,*,#8541,.F.);
#8541 = EDGE_CURVE('',#8462,#8502,#8542,.T.);
#8542 = LINE('',#8543,#8544);
#8543 = CARTESIAN_POINT('',(152.4,3.048E+03,3.1242E+03));
#8544 = VECTOR('',#8545,1.);
#8545 = DIRECTION('',(1.,0.,-0.));
#8546 = ORIENTED_EDGE('',*,*,#8461,.T.);
#8547 = ORIENTED_EDGE('',*,*,#8548,.T.);
#8548 = EDGE_CURVE('',#8464,#8504,#8549,.T.);
#8549 = LINE('',#8550,#8551);
#8550 = CARTESIAN_POINT('',(152.4,3.048E+03,4.8768E+03));
#8551 = VECTOR('',#8552,1.);
#8552 = DIRECTION('',(1.,0.,-0.));
#8553 = ORIENTED_EDGE('',*,*,#8501,.F.);
#8554 = PLANE('',#8555);
#8555 = AXIS2_PLACEMENT_3D('',#8556,#8557,#8558);
#8556 = CARTESIAN_POINT('',(152.4,3.048E+03,3.1242E+03));
#8557 = DIRECTION('',(-0.,1.,0.));
#8558 = DIRECTION('',(0.,0.,1.));
#8559 = ADVANCED_FACE('',(#8560),#8576,.T.);
#8560 = FACE_BOUND('',#8561,.T.);
#8561 = EDGE_LOOP('',(#8562,#8568,#8569,#8575));
#8562 = ORIENTED_EDGE('',*,*,#8563,.F.);
#8563 = EDGE_CURVE('',#8472,#8512,#8564,.T.);
#8564 = LINE('',#8565,#8566);
#8565 = CARTESIAN_POINT('',(152.4,3.148584E+03,3.1242E+03));
#8566 = VECTOR('',#8567,1.);
#8567 = DIRECTION('',(1.,0.,-0.));
#8568 = ORIENTED_EDGE('',*,*,#8479,.T.);
#8569 = ORIENTED_EDGE('',*,*,#8570,.T.);
#8570 = EDGE_CURVE('',#8480,#8520,#8571,.T.);
#8571 = LINE('',#8572,#8573);
#8572 = CARTESIAN_POINT('',(152.4,3.148584E+03,4.8768E+03));
#8573 = VECTOR('',#8574,1.);
#8574 = DIRECTION('',(1.,0.,-0.));
#8575 = ORIENTED_EDGE('',*,*,#8519,.F.);
#8576 = PLANE('',#8577);
#8577 = AXIS2_PLACEMENT_3D('',#8578,#8579,#8580);
#8578 = CARTESIAN_POINT('',(152.4,3.148584E+03,3.1242E+03));
#8579 = DIRECTION('',(-0.,1.,0.));
#8580 = DIRECTION('',(0.,0.,1.));
#8581 = ADVANCED_FACE('',(#8582),#8588,.F.);
#8582 = FACE_BOUND('',#8583,.F.);
#8583 = EDGE_LOOP('',(#8584,#8585,#8586,#8587));
#8584 = ORIENTED_EDGE('',*,*,#8471,.F.);
#8585 = ORIENTED_EDGE('',*,*,#8541,.T.);
#8586 = ORIENTED_EDGE('',*,*,#8511,.T.);
#8587 = ORIENTED_EDGE('',*,*,#8563,.F.);
#8588 = PLANE('',#8589);
#8589 = AXIS2_PLACEMENT_3D('',#8590,#8591,#8592);
#8590 = CARTESIAN_POINT('',(152.4,3.048E+03,3.1242E+03));
#8591 = DIRECTION('',(0.,0.,1.));
#8592 = DIRECTION('',(1.,0.,-0.));
#8593 = ADVANCED_FACE('',(#8594),#8600,.T.);
#8594 = FACE_BOUND('',#8595,.T.);
#8595 = EDGE_LOOP('',(#8596,#8597,#8598,#8599));
#8596 = ORIENTED_EDGE('',*,*,#8487,.F.);
#8597 = ORIENTED_EDGE('',*,*,#8548,.T.);
#8598 = ORIENTED_EDGE('',*,*,#8527,.T.);
#8599 = ORIENTED_EDGE('',*,*,#8570,.F.);
#8600 = PLANE('',#8601);
#8601 = AXIS2_PLACEMENT_3D('',#8602,#8603,#8604);
#8602 = CARTESIAN_POINT('',(152.4,3.048E+03,4.8768E+03));
#8603 = DIRECTION('',(0.,0.,1.));
#8604 = DIRECTION('',(1.,0.,-0.));
#8605 = ( GEOMETRIC_REPRESENTATION_CONTEXT(3) 
GLOBAL_UNCERTAINTY_ASSIGNED_CONTEXT((#8609)) 
GLOBAL_UNIT_ASSIGNED_CONTEXT((#8606,#8607,#8608)) REPRESENTATION_CONTEXT
('Context #1','3D Context with UNIT and UNCERTAINTY') );
#8606 = ( LENGTH_UNIT() NAMED_UNIT(*) SI_UNIT(.MILLI.,.METRE.) );
#8607 = ( NAMED_UNIT(*) PLANE_ANGLE_UNIT() SI_UNIT($,.RADIAN.) );
#8608 = ( NAMED_UNIT(*) SI_UNIT($,.STERADIAN.) SOLID_ANGLE_UNIT() );
#8609 = UNCERTAINTY_MEASURE_WITH_UNIT(LENGTH_MEASURE(1.E-07),#8606,
  'distance_accuracy_value','confusion accuracy');
#8610 = CONTEXT_DEPENDENT_SHAPE_REPRESENTATION(#8611,#8613);
#8611 = ( REPRESENTATION_RELATIONSHIP('','',#8454,#10) 
REPRESENTATION_RELATIONSHIP_WITH_TRANSFORMATION(#8612) 
SHAPE_REPRESENTATION_RELATIONSHIP() );
#8612 = ITEM_DEFINED_TRANSFORMATION('','',#11,#175);
#8613 = PRODUCT_DEFINITION_SHAPE('Placement','Placement of an item',
  #8614);
#8614 = NEXT_ASSEMBLY_USAGE_OCCURRENCE('41','L2 bedroom north wall','',
  #5,#8449,$);
#8615 = PRODUCT_RELATED_PRODUCT_CATEGORY('part',$,(#8451));
#8616 = SHAPE_DEFINITION_REPRESENTATION(#8617,#8623);
#8617 = PRODUCT_DEFINITION_SHAPE('','',#8618);
#8618 = PRODUCT_DEFINITION('design','',#8619,#8622);
#8619 = PRODUCT_DEFINITION_FORMATION('','',#8620);
#8620 = PRODUCT('L2 east exterior wall','L2 east exterior wall','',(
    #8621));
#8621 = PRODUCT_CONTEXT('',#2,'mechanical');
#8622 = PRODUCT_DEFINITION_CONTEXT('part definition',#2,'design');
#8623 = SHAPE_REPRESENTATION('',(#11,#8624,#8774),#9060);
#8624 = MANIFOLD_SOLID_BREP('',#8625);
#8625 = CLOSED_SHELL('',(#8626,#8666,#8697,#8721,#8745,#8762));
#8626 = ADVANCED_FACE('',(#8627),#8661,.F.);
#8627 = FACE_BOUND('',#8628,.F.);
#8628 = EDGE_LOOP('',(#8629,#8639,#8647,#8655));
#8629 = ORIENTED_EDGE('',*,*,#8630,.F.);
#8630 = EDGE_CURVE('',#8631,#8633,#8635,.T.);
#8631 = VERTEX_POINT('',#8632);
#8632 = CARTESIAN_POINT('',(7.1628E+03,0.,4.8768E+03));
#8633 = VERTEX_POINT('',#8634);
#8634 = CARTESIAN_POINT('',(7.1628E+03,609.6,4.8768E+03));
#8635 = LINE('',#8636,#8637);
#8636 = CARTESIAN_POINT('',(7.1628E+03,0.,4.8768E+03));
#8637 = VECTOR('',#8638,1.);
#8638 = DIRECTION('',(-0.,1.,0.));
#8639 = ORIENTED_EDGE('',*,*,#8640,.F.);
#8640 = EDGE_CURVE('',#8641,#8631,#8643,.T.);
#8641 = VERTEX_POINT('',#8642);
#8642 = CARTESIAN_POINT('',(7.1628E+03,0.,3.1242E+03));
#8643 = LINE('',#8644,#8645);
#8644 = CARTESIAN_POINT('',(7.1628E+03,0.,3.1242E+03));
#8645 = VECTOR('',#8646,1.);
#8646 = DIRECTION('',(0.,0.,1.));
#8647 = ORIENTED_EDGE('',*,*,#8648,.T.);
#8648 = EDGE_CURVE('',#8641,#8649,#8651,.T.);
#8649 = VERTEX_POINT('',#8650);
#8650 = CARTESIAN_POINT('',(7.1628E+03,609.6,3.1242E+03));
#8651 = LINE('',#8652,#8653);
#8652 = CARTESIAN_POINT('',(7.1628E+03,0.,3.1242E+03));
#8653 = VECTOR('',#8654,1.);
#8654 = DIRECTION('',(-0.,1.,0.));
#8655 = ORIENTED_EDGE('',*,*,#8656,.T.);
#8656 = EDGE_CURVE('',#8649,#8633,#8657,.T.);
#8657 = LINE('',#8658,#8659);
#8658 = CARTESIAN_POINT('',(7.1628E+03,609.6,3.1242E+03));
#8659 = VECTOR('',#8660,1.);
#8660 = DIRECTION('',(0.,0.,1.));
#8661 = PLANE('',#8662);
#8662 = AXIS2_PLACEMENT_3D('',#8663,#8664,#8665);
#8663 = CARTESIAN_POINT('',(7.1628E+03,0.,3.1242E+03));
#8664 = DIRECTION('',(1.,0.,-0.));
#8665 = DIRECTION('',(0.,0.,1.));
#8666 = ADVANCED_FACE('',(#8667),#8692,.T.);
#8667 = FACE_BOUND('',#8668,.T.);
#8668 = EDGE_LOOP('',(#8669,#8670,#8678,#8686));
#8669 = ORIENTED_EDGE('',*,*,#8630,.F.);
#8670 = ORIENTED_EDGE('',*,*,#8671,.T.);
#8671 = EDGE_CURVE('',#8631,#8672,#8674,.T.);
#8672 = VERTEX_POINT('',#8673);
#8673 = CARTESIAN_POINT('',(7.3152E+03,0.,4.8768E+03));
#8674 = LINE('',#8675,#8676);
#8675 = CARTESIAN_POINT('',(7.1628E+03,0.,4.8768E+03));
#8676 = VECTOR('',#8677,1.);
#8677 = DIRECTION('',(1.,0.,-0.));
#8678 = ORIENTED_EDGE('',*,*,#8679,.T.);
#8679 = EDGE_CURVE('',#8672,#8680,#8682,.T.);
#8680 = VERTEX_POINT('',#8681);
#8681 = CARTESIAN_POINT('',(7.3152E+03,609.6,4.8768E+03));
#8682 = LINE('',#8683,#8684);
#8683 = CARTESIAN_POINT('',(7.3152E+03,0.,4.8768E+03));
#8684 = VECTOR('',#8685,1.);
#8685 = DIRECTION('',(-0.,1.,0.));
#8686 = ORIENTED_EDGE('',*,*,#8687,.T.);
#8687 = EDGE_CURVE('',#8680,#8633,#8688,.T.);
#8688 = LINE('',#8689,#8690);
#8689 = CARTESIAN_POINT('',(7.15518E+03,609.6,4.8768E+03));
#8690 = VECTOR('',#8691,1.);
#8691 = DIRECTION('',(-1.,-0.,0.));
#8692 = PLANE('',#8693);
#8693 = AXIS2_PLACEMENT_3D('',#8694,#8695,#8696);
#8694 = CARTESIAN_POINT('',(7.1628E+03,0.,4.8768E+03));
#8695 = DIRECTION('',(0.,0.,1.));
#8696 = DIRECTION('',(1.,0.,-0.));
#8697 = ADVANCED_FACE('',(#8698),#8716,.T.);
#8698 = FACE_BOUND('',#8699,.T.);
#8699 = EDGE_LOOP('',(#8700,#8708,#8709,#8710));
#8700 = ORIENTED_EDGE('',*,*,#8701,.F.);
#8701 = EDGE_CURVE('',#8649,#8702,#8704,.T.);
#8702 = VERTEX_POINT('',#8703);
#8703 = CARTESIAN_POINT('',(7.3152E+03,609.6,3.1242E+03));
#8704 = LINE('',#8705,#8706);
#8705 = CARTESIAN_POINT('',(7.14756E+03,609.6,3.1242E+03));
#8706 = VECTOR('',#8707,1.);
#8707 = DIRECTION('',(1.,0.,-0.));
#8708 = ORIENTED_EDGE('',*,*,#8656,.T.);
#8709 = ORIENTED_EDGE('',*,*,#8687,.F.);
#8710 = ORIENTED_EDGE('',*,*,#8711,.F.);
#8711 = EDGE_CURVE('',#8702,#8680,#8712,.T.);
#8712 = LINE('',#8713,#8714);
#8713 = CARTESIAN_POINT('',(7.3152E+03,609.6,3.1242E+03));
#8714 = VECTOR('',#8715,1.);
#8715 = DIRECTION('',(0.,0.,1.));
#8716 = PLANE('',#8717);
#8717 = AXIS2_PLACEMENT_3D('',#8718,#8719,#8720);
#8718 = CARTESIAN_POINT('',(7.14756E+03,609.6,3.1242E+03));
#8719 = DIRECTION('',(-0.,1.,0.));
#8720 = DIRECTION('',(0.,0.,1.));
#8721 = ADVANCED_FACE('',(#8722),#8740,.F.);
#8722 = FACE_BOUND('',#8723,.F.);
#8723 = EDGE_LOOP('',(#8724,#8725,#8733,#8739));
#8724 = ORIENTED_EDGE('',*,*,#8648,.F.);
#8725 = ORIENTED_EDGE('',*,*,#8726,.T.);
#8726 = EDGE_CURVE('',#8641,#8727,#8729,.T.);
#8727 = VERTEX_POINT('',#8728);
#8728 = CARTESIAN_POINT('',(7.3152E+03,0.,3.1242E+03));
#8729 = LINE('',#8730,#8731);
#8730 = CARTESIAN_POINT('',(7.1628E+03,0.,3.1242E+03));
#8731 = VECTOR('',#8732,1.);
#8732 = DIRECTION('',(1.,0.,-0.));
#8733 = ORIENTED_EDGE('',*,*,#8734,.T.);
#8734 = EDGE_CURVE('',#8727,#8702,#8735,.T.);
#8735 = LINE('',#8736,#8737);
#8736 = CARTESIAN_POINT('',(7.3152E+03,0.,3.1242E+03));
#8737 = VECTOR('',#8738,1.);
#8738 = DIRECTION('',(-0.,1.,0.));
#8739 = ORIENTED_EDGE('',*,*,#8701,.F.);
#8740 = PLANE('',#8741);
#8741 = AXIS2_PLACEMENT_3D('',#8742,#8743,#8744);
#8742 = CARTESIAN_POINT('',(7.1628E+03,0.,3.1242E+03));
#8743 = DIRECTION('',(0.,0.,1.));
#8744 = DIRECTION('',(1.,0.,-0.));
#8745 = ADVANCED_FACE('',(#8746),#8757,.F.);
#8746 = FACE_BOUND('',#8747,.F.);
#8747 = EDGE_LOOP('',(#8748,#8749,#8750,#8751));
#8748 = ORIENTED_EDGE('',*,*,#8726,.F.);
#8749 = ORIENTED_EDGE('',*,*,#8640,.T.);
#8750 = ORIENTED_EDGE('',*,*,#8671,.T.);
#8751 = ORIENTED_EDGE('',*,*,#8752,.F.);
#8752 = EDGE_CURVE('',#8727,#8672,#8753,.T.);
#8753 = LINE('',#8754,#8755);
#8754 = CARTESIAN_POINT('',(7.3152E+03,0.,3.1242E+03));
#8755 = VECTOR('',#8756,1.);
#8756 = DIRECTION('',(0.,0.,1.));
#8757 = PLANE('',#8758);
#8758 = AXIS2_PLACEMENT_3D('',#8759,#8760,#8761);
#8759 = CARTESIAN_POINT('',(7.1628E+03,0.,3.1242E+03));
#8760 = DIRECTION('',(-0.,1.,0.));
#8761 = DIRECTION('',(0.,0.,1.));
#8762 = ADVANCED_FACE('',(#8763),#8769,.T.);
#8763 = FACE_BOUND('',#8764,.T.);
#8764 = EDGE_LOOP('',(#8765,#8766,#8767,#8768));
#8765 = ORIENTED_EDGE('',*,*,#8679,.F.);
#8766 = ORIENTED_EDGE('',*,*,#8752,.F.);
#8767 = ORIENTED_EDGE('',*,*,#8734,.T.);
#8768 = ORIENTED_EDGE('',*,*,#8711,.T.);
#8769 = PLANE('',#8770);
#8770 = AXIS2_PLACEMENT_3D('',#8771,#8772,#8773);
#8771 = CARTESIAN_POINT('',(7.3152E+03,0.,3.1242E+03));
#8772 = DIRECTION('',(1.,0.,-0.));
#8773 = DIRECTION('',(0.,0.,1.));
#8774 = MANIFOLD_SOLID_BREP('',#8775);
#8775 = CLOSED_SHELL('',(#8776,#8850,#8881,#8905,#8929,#8946,#8977,#9001
    ,#9025,#9042));
#8776 = ADVANCED_FACE('',(#8777,#8811),#8845,.F.);
#8777 = FACE_BOUND('',#8778,.F.);
#8778 = EDGE_LOOP('',(#8779,#8789,#8797,#8805));
#8779 = ORIENTED_EDGE('',*,*,#8780,.F.);
#8780 = EDGE_CURVE('',#8781,#8783,#8785,.T.);
#8781 = VERTEX_POINT('',#8782);
#8782 = CARTESIAN_POINT('',(7.1628E+03,2.1336E+03,4.8768E+03));
#8783 = VERTEX_POINT('',#8784);
#8784 = CARTESIAN_POINT('',(7.1628E+03,6.096E+03,4.8768E+03));
#8785 = LINE('',#8786,#8787);
#8786 = CARTESIAN_POINT('',(7.1628E+03,0.,4.8768E+03));
#8787 = VECTOR('',#8788,1.);
#8788 = DIRECTION('',(-0.,1.,0.));
#8789 = ORIENTED_EDGE('',*,*,#8790,.F.);
#8790 = EDGE_CURVE('',#8791,#8781,#8793,.T.);
#8791 = VERTEX_POINT('',#8792);
#8792 = CARTESIAN_POINT('',(7.1628E+03,2.1336E+03,3.1242E+03));
#8793 = LINE('',#8794,#8795);
#8794 = CARTESIAN_POINT('',(7.1628E+03,2.1336E+03,3.1242E+03));
#8795 = VECTOR('',#8796,1.);
#8796 = DIRECTION('',(0.,0.,1.));
#8797 = ORIENTED_EDGE('',*,*,#8798,.T.);
#8798 = EDGE_CURVE('',#8791,#8799,#8801,.T.);
#8799 = VERTEX_POINT('',#8800);
#8800 = CARTESIAN_POINT('',(7.1628E+03,6.096E+03,3.1242E+03));
#8801 = LINE('',#8802,#8803);
#8802 = CARTESIAN_POINT('',(7.1628E+03,0.,3.1242E+03));
#8803 = VECTOR('',#8804,1.);
#8804 = DIRECTION('',(-0.,1.,0.));
#8805 = ORIENTED_EDGE('',*,*,#8806,.T.);
#8806 = EDGE_CURVE('',#8799,#8783,#8807,.T.);
#8807 = LINE('',#8808,#8809);
#8808 = CARTESIAN_POINT('',(7.1628E+03,6.096E+03,3.1242E+03));
#8809 = VECTOR('',#8810,1.);
#8810 = DIRECTION('',(0.,0.,1.));
#8811 = FACE_BOUND('',#8812,.F.);
#8812 = EDGE_LOOP('',(#8813,#8823,#8831,#8839));
#8813 = ORIENTED_EDGE('',*,*,#8814,.T.);
#8814 = EDGE_CURVE('',#8815,#8817,#8819,.T.);
#8815 = VERTEX_POINT('',#8816);
#8816 = CARTESIAN_POINT('',(7.1628E+03,3.41376E+03,3.85572E+03));
#8817 = VERTEX_POINT('',#8818);
#8818 = CARTESIAN_POINT('',(7.1628E+03,2.80416E+03,3.85572E+03));
#8819 = LINE('',#8820,#8821);
#8820 = CARTESIAN_POINT('',(7.1628E+03,1.40208E+03,3.85572E+03));
#8821 = VECTOR('',#8822,1.);
#8822 = DIRECTION('',(0.,-1.,0.));
#8823 = ORIENTED_EDGE('',*,*,#8824,.T.);
#8824 = EDGE_CURVE('',#8817,#8825,#8827,.T.);
#8825 = VERTEX_POINT('',#8826);
#8826 = CARTESIAN_POINT('',(7.1628E+03,2.80416E+03,4.61772E+03));
#8827 = LINE('',#8828,#8829);
#8828 = CARTESIAN_POINT('',(7.1628E+03,2.80416E+03,3.48996E+03));
#8829 = VECTOR('',#8830,1.);
#8830 = DIRECTION('',(0.,0.,1.));
#8831 = ORIENTED_EDGE('',*,*,#8832,.F.);
#8832 = EDGE_CURVE('',#8833,#8825,#8835,.T.);
#8833 = VERTEX_POINT('',#8834);
#8834 = CARTESIAN_POINT('',(7.1628E+03,3.41376E+03,4.61772E+03));
#8835 = LINE('',#8836,#8837);
#8836 = CARTESIAN_POINT('',(7.1628E+03,1.40208E+03,4.61772E+03));
#8837 = VECTOR('',#8838,1.);
#8838 = DIRECTION('',(0.,-1.,0.));
#8839 = ORIENTED_EDGE('',*,*,#8840,.F.);
#8840 = EDGE_CURVE('',#8815,#8833,#8841,.T.);
#8841 = LINE('',#8842,#8843);
#8842 = CARTESIAN_POINT('',(7.1628E+03,3.41376E+03,3.48996E+03));
#8843 = VECTOR('',#8844,1.);
#8844 = DIRECTION('',(0.,0.,1.));
#8845 = PLANE('',#8846);
#8846 = AXIS2_PLACEMENT_3D('',#8847,#8848,#8849);
#8847 = CARTESIAN_POINT('',(7.1628E+03,0.,3.1242E+03));
#8848 = DIRECTION('',(1.,0.,-0.));
#8849 = DIRECTION('',(0.,0.,1.));
#8850 = ADVANCED_FACE('',(#8851),#8876,.T.);
#8851 = FACE_BOUND('',#8852,.T.);
#8852 = EDGE_LOOP('',(#8853,#8854,#8862,#8870));
#8853 = ORIENTED_EDGE('',*,*,#8780,.F.);
#8854 = ORIENTED_EDGE('',*,*,#8855,.F.);
#8855 = EDGE_CURVE('',#8856,#8781,#8858,.T.);
#8856 = VERTEX_POINT('',#8857);
#8857 = CARTESIAN_POINT('',(7.3152E+03,2.1336E+03,4.8768E+03));
#8858 = LINE('',#8859,#8860);
#8859 = CARTESIAN_POINT('',(7.15518E+03,2.1336E+03,4.8768E+03));
#8860 = VECTOR('',#8861,1.);
#8861 = DIRECTION('',(-1.,-0.,0.));
#8862 = ORIENTED_EDGE('',*,*,#8863,.T.);
#8863 = EDGE_CURVE('',#8856,#8864,#8866,.T.);
#8864 = VERTEX_POINT('',#8865);
#8865 = CARTESIAN_POINT('',(7.3152E+03,6.096E+03,4.8768E+03));
#8866 = LINE('',#8867,#8868);
#8867 = CARTESIAN_POINT('',(7.3152E+03,0.,4.8768E+03));
#8868 = VECTOR('',#8869,1.);
#8869 = DIRECTION('',(-0.,1.,0.));
#8870 = ORIENTED_EDGE('',*,*,#8871,.F.);
#8871 = EDGE_CURVE('',#8783,#8864,#8872,.T.);
#8872 = LINE('',#8873,#8874);
#8873 = CARTESIAN_POINT('',(7.1628E+03,6.096E+03,4.8768E+03));
#8874 = VECTOR('',#8875,1.);
#8875 = DIRECTION('',(1.,0.,-0.));
#8876 = PLANE('',#8877);
#8877 = AXIS2_PLACEMENT_3D('',#8878,#8879,#8880);
#8878 = CARTESIAN_POINT('',(7.1628E+03,0.,4.8768E+03));
#8879 = DIRECTION('',(0.,0.,1.));
#8880 = DIRECTION('',(1.,0.,-0.));
#8881 = ADVANCED_FACE('',(#8882),#8900,.F.);
#8882 = FACE_BOUND('',#8883,.F.);
#8883 = EDGE_LOOP('',(#8884,#8892,#8893,#8894));
#8884 = ORIENTED_EDGE('',*,*,#8885,.F.);
#8885 = EDGE_CURVE('',#8791,#8886,#8888,.T.);
#8886 = VERTEX_POINT('',#8887);
#8887 = CARTESIAN_POINT('',(7.3152E+03,2.1336E+03,3.1242E+03));
#8888 = LINE('',#8889,#8890);
#8889 = CARTESIAN_POINT('',(7.14756E+03,2.1336E+03,3.1242E+03));
#8890 = VECTOR('',#8891,1.);
#8891 = DIRECTION('',(1.,0.,-0.));
#8892 = ORIENTED_EDGE('',*,*,#8790,.T.);
#8893 = ORIENTED_EDGE('',*,*,#8855,.F.);
#8894 = ORIENTED_EDGE('',*,*,#8895,.F.);
#8895 = EDGE_CURVE('',#8886,#8856,#8896,.T.);
#8896 = LINE('',#8897,#8898);
#8897 = CARTESIAN_POINT('',(7.3152E+03,2.1336E+03,3.1242E+03));
#8898 = VECTOR('',#8899,1.);
#8899 = DIRECTION('',(0.,0.,1.));
#8900 = PLANE('',#8901);
#8901 = AXIS2_PLACEMENT_3D('',#8902,#8903,#8904);
#8902 = CARTESIAN_POINT('',(7.14756E+03,2.1336E+03,3.1242E+03));
#8903 = DIRECTION('',(-0.,1.,0.));
#8904 = DIRECTION('',(0.,0.,1.));
#8905 = ADVANCED_FACE('',(#8906),#8924,.T.);
#8906 = FACE_BOUND('',#8907,.T.);
#8907 = EDGE_LOOP('',(#8908,#8916,#8917,#8918));
#8908 = ORIENTED_EDGE('',*,*,#8909,.F.);
#8909 = EDGE_CURVE('',#8799,#8910,#8912,.T.);
#8910 = VERTEX_POINT('',#8911);
#8911 = CARTESIAN_POINT('',(7.3152E+03,6.096E+03,3.1242E+03));
#8912 = LINE('',#8913,#8914);
#8913 = CARTESIAN_POINT('',(7.1628E+03,6.096E+03,3.1242E+03));
#8914 = VECTOR('',#8915,1.);
#8915 = DIRECTION('',(1.,0.,-0.));
#8916 = ORIENTED_EDGE('',*,*,#8806,.T.);
#8917 = ORIENTED_EDGE('',*,*,#8871,.T.);
#8918 = ORIENTED_EDGE('',*,*,#8919,.F.);
#8919 = EDGE_CURVE('',#8910,#8864,#8920,.T.);
#8920 = LINE('',#8921,#8922);
#8921 = CARTESIAN_POINT('',(7.3152E+03,6.096E+03,3.1242E+03));
#8922 = VECTOR('',#8923,1.);
#8923 = DIRECTION('',(0.,0.,1.));
#8924 = PLANE('',#8925);
#8925 = AXIS2_PLACEMENT_3D('',#8926,#8927,#8928);
#8926 = CARTESIAN_POINT('',(7.1628E+03,6.096E+03,3.1242E+03));
#8927 = DIRECTION('',(-0.,1.,0.));
#8928 = DIRECTION('',(0.,0.,1.));
#8929 = ADVANCED_FACE('',(#8930),#8941,.F.);
#8930 = FACE_BOUND('',#8931,.F.);
#8931 = EDGE_LOOP('',(#8932,#8933,#8934,#8940));
#8932 = ORIENTED_EDGE('',*,*,#8798,.F.);
#8933 = ORIENTED_EDGE('',*,*,#8885,.T.);
#8934 = ORIENTED_EDGE('',*,*,#8935,.T.);
#8935 = EDGE_CURVE('',#8886,#8910,#8936,.T.);
#8936 = LINE('',#8937,#8938);
#8937 = CARTESIAN_POINT('',(7.3152E+03,0.,3.1242E+03));
#8938 = VECTOR('',#8939,1.);
#8939 = DIRECTION('',(-0.,1.,0.));
#8940 = ORIENTED_EDGE('',*,*,#8909,.F.);
#8941 = PLANE('',#8942);
#8942 = AXIS2_PLACEMENT_3D('',#8943,#8944,#8945);
#8943 = CARTESIAN_POINT('',(7.1628E+03,0.,3.1242E+03));
#8944 = DIRECTION('',(0.,0.,1.));
#8945 = DIRECTION('',(1.,0.,-0.));
#8946 = ADVANCED_FACE('',(#8947),#8972,.T.);
#8947 = FACE_BOUND('',#8948,.T.);
#8948 = EDGE_LOOP('',(#8949,#8957,#8958,#8966));
#8949 = ORIENTED_EDGE('',*,*,#8950,.F.);
#8950 = EDGE_CURVE('',#8815,#8951,#8953,.T.);
#8951 = VERTEX_POINT('',#8952);
#8952 = CARTESIAN_POINT('',(7.3152E+03,3.41376E+03,3.85572E+03));
#8953 = LINE('',#8954,#8955);
#8954 = CARTESIAN_POINT('',(7.14756E+03,3.41376E+03,3.85572E+03));
#8955 = VECTOR('',#8956,1.);
#8956 = DIRECTION('',(1.,0.,-0.));
#8957 = ORIENTED_EDGE('',*,*,#8814,.T.);
#8958 = ORIENTED_EDGE('',*,*,#8959,.T.);
#8959 = EDGE_CURVE('',#8817,#8960,#8962,.T.);
#8960 = VERTEX_POINT('',#8961);
#8961 = CARTESIAN_POINT('',(7.3152E+03,2.80416E+03,3.85572E+03));
#8962 = LINE('',#8963,#8964);
#8963 = CARTESIAN_POINT('',(7.14756E+03,2.80416E+03,3.85572E+03));
#8964 = VECTOR('',#8965,1.);
#8965 = DIRECTION('',(1.,0.,-0.));
#8966 = ORIENTED_EDGE('',*,*,#8967,.F.);
#8967 = EDGE_CURVE('',#8951,#8960,#8968,.T.);
#8968 = LINE('',#8969,#8970);
#8969 = CARTESIAN_POINT('',(7.3152E+03,1.40208E+03,3.85572E+03));
#8970 = VECTOR('',#8971,1.);
#8971 = DIRECTION('',(0.,-1.,0.));
#8972 = PLANE('',#8973);
#8973 = AXIS2_PLACEMENT_3D('',#8974,#8975,#8976);
#8974 = CARTESIAN_POINT('',(7.14756E+03,2.80416E+03,3.85572E+03));
#8975 = DIRECTION('',(0.,0.,1.));
#8976 = DIRECTION('',(1.,0.,-0.));
#8977 = ADVANCED_FACE('',(#8978),#8996,.F.);
#8978 = FACE_BOUND('',#8979,.F.);
#8979 = EDGE_LOOP('',(#8980,#8981,#8982,#8990));
#8980 = ORIENTED_EDGE('',*,*,#8950,.F.);
#8981 = ORIENTED_EDGE('',*,*,#8840,.T.);
#8982 = ORIENTED_EDGE('',*,*,#8983,.T.);
#8983 = EDGE_CURVE('',#8833,#8984,#8986,.T.);
#8984 = VERTEX_POINT('',#8985);
#8985 = CARTESIAN_POINT('',(7.3152E+03,3.41376E+03,4.61772E+03));
#8986 = LINE('',#8987,#8988);
#8987 = CARTESIAN_POINT('',(7.14756E+03,3.41376E+03,4.61772E+03));
#8988 = VECTOR('',#8989,1.);
#8989 = DIRECTION('',(1.,0.,-0.));
#8990 = ORIENTED_EDGE('',*,*,#8991,.F.);
#8991 = EDGE_CURVE('',#8951,#8984,#8992,.T.);
#8992 = LINE('',#8993,#8994);
#8993 = CARTESIAN_POINT('',(7.3152E+03,3.41376E+03,3.48996E+03));
#8994 = VECTOR('',#8995,1.);
#8995 = DIRECTION('',(0.,0.,1.));
#8996 = PLANE('',#8997);
#8997 = AXIS2_PLACEMENT_3D('',#8998,#8999,#9000);
#8998 = CARTESIAN_POINT('',(7.14756E+03,3.41376E+03,3.85572E+03));
#8999 = DIRECTION('',(-0.,1.,0.));
#9000 = DIRECTION('',(0.,0.,1.));
#9001 = ADVANCED_FACE('',(#9002),#9020,.F.);
#9002 = FACE_BOUND('',#9003,.F.);
#9003 = EDGE_LOOP('',(#9004,#9005,#9006,#9014));
#9004 = ORIENTED_EDGE('',*,*,#8983,.F.);
#9005 = ORIENTED_EDGE('',*,*,#8832,.T.);
#9006 = ORIENTED_EDGE('',*,*,#9007,.T.);
#9007 = EDGE_CURVE('',#8825,#9008,#9010,.T.);
#9008 = VERTEX_POINT('',#9009);
#9009 = CARTESIAN_POINT('',(7.3152E+03,2.80416E+03,4.61772E+03));
#9010 = LINE('',#9011,#9012);
#9011 = CARTESIAN_POINT('',(7.14756E+03,2.80416E+03,4.61772E+03));
#9012 = VECTOR('',#9013,1.);
#9013 = DIRECTION('',(1.,0.,-0.));
#9014 = ORIENTED_EDGE('',*,*,#9015,.F.);
#9015 = EDGE_CURVE('',#8984,#9008,#9016,.T.);
#9016 = LINE('',#9017,#9018);
#9017 = CARTESIAN_POINT('',(7.3152E+03,1.40208E+03,4.61772E+03));
#9018 = VECTOR('',#9019,1.);
#9019 = DIRECTION('',(0.,-1.,0.));
#9020 = PLANE('',#9021);
#9021 = AXIS2_PLACEMENT_3D('',#9022,#9023,#9024);
#9022 = CARTESIAN_POINT('',(7.14756E+03,2.80416E+03,4.61772E+03));
#9023 = DIRECTION('',(0.,0.,1.));
#9024 = DIRECTION('',(1.,0.,-0.));
#9025 = ADVANCED_FACE('',(#9026),#9037,.T.);
#9026 = FACE_BOUND('',#9027,.T.);
#9027 = EDGE_LOOP('',(#9028,#9029,#9030,#9031));
#9028 = ORIENTED_EDGE('',*,*,#8959,.F.);
#9029 = ORIENTED_EDGE('',*,*,#8824,.T.);
#9030 = ORIENTED_EDGE('',*,*,#9007,.T.);
#9031 = ORIENTED_EDGE('',*,*,#9032,.F.);
#9032 = EDGE_CURVE('',#8960,#9008,#9033,.T.);
#9033 = LINE('',#9034,#9035);
#9034 = CARTESIAN_POINT('',(7.3152E+03,2.80416E+03,3.48996E+03));
#9035 = VECTOR('',#9036,1.);
#9036 = DIRECTION('',(0.,0.,1.));
#9037 = PLANE('',#9038);
#9038 = AXIS2_PLACEMENT_3D('',#9039,#9040,#9041);
#9039 = CARTESIAN_POINT('',(7.14756E+03,2.80416E+03,3.85572E+03));
#9040 = DIRECTION('',(-0.,1.,0.));
#9041 = DIRECTION('',(0.,0.,1.));
#9042 = ADVANCED_FACE('',(#9043,#9049),#9055,.T.);
#9043 = FACE_BOUND('',#9044,.T.);
#9044 = EDGE_LOOP('',(#9045,#9046,#9047,#9048));
#9045 = ORIENTED_EDGE('',*,*,#8863,.F.);
#9046 = ORIENTED_EDGE('',*,*,#8895,.F.);
#9047 = ORIENTED_EDGE('',*,*,#8935,.T.);
#9048 = ORIENTED_EDGE('',*,*,#8919,.T.);
#9049 = FACE_BOUND('',#9050,.T.);
#9050 = EDGE_LOOP('',(#9051,#9052,#9053,#9054));
#9051 = ORIENTED_EDGE('',*,*,#8967,.T.);
#9052 = ORIENTED_EDGE('',*,*,#9032,.T.);
#9053 = ORIENTED_EDGE('',*,*,#9015,.F.);
#9054 = ORIENTED_EDGE('',*,*,#8991,.F.);
#9055 = PLANE('',#9056);
#9056 = AXIS2_PLACEMENT_3D('',#9057,#9058,#9059);
#9057 = CARTESIAN_POINT('',(7.3152E+03,0.,3.1242E+03));
#9058 = DIRECTION('',(1.,0.,-0.));
#9059 = DIRECTION('',(0.,0.,1.));
#9060 = ( GEOMETRIC_REPRESENTATION_CONTEXT(3) 
GLOBAL_UNCERTAINTY_ASSIGNED_CONTEXT((#9064)) 
GLOBAL_UNIT_ASSIGNED_CONTEXT((#9061,#9062,#9063)) REPRESENTATION_CONTEXT
('Context #1','3D Context with UNIT and UNCERTAINTY') );
#9061 = ( LENGTH_UNIT() NAMED_UNIT(*) SI_UNIT(.MILLI.,.METRE.) );
#9062 = ( NAMED_UNIT(*) PLANE_ANGLE_UNIT() SI_UNIT($,.RADIAN.) );
#9063 = ( NAMED_UNIT(*) SI_UNIT($,.STERADIAN.) SOLID_ANGLE_UNIT() );
#9064 = UNCERTAINTY_MEASURE_WITH_UNIT(LENGTH_MEASURE(1.E-07),#9061,
  'distance_accuracy_value','confusion accuracy');
#9065 = CONTEXT_DEPENDENT_SHAPE_REPRESENTATION(#9066,#9068);
#9066 = ( REPRESENTATION_RELATIONSHIP('','',#8623,#10) 
REPRESENTATION_RELATIONSHIP_WITH_TRANSFORMATION(#9067) 
SHAPE_REPRESENTATION_RELATIONSHIP() );
#9067 = ITEM_DEFINED_TRANSFORMATION('','',#11,#179);
#9068 = PRODUCT_DEFINITION_SHAPE('Placement','Placement of an item',
  #9069);
#9069 = NEXT_ASSEMBLY_USAGE_OCCURRENCE('42','L2 east exterior wall','',
  #5,#8618,$);
#9070 = PRODUCT_RELATED_PRODUCT_CATEGORY('part',$,(#8620));
#9071 = SHAPE_DEFINITION_REPRESENTATION(#9072,#9078);
#9072 = PRODUCT_DEFINITION_SHAPE('','',#9073);
#9073 = PRODUCT_DEFINITION('design','',#9074,#9077);
#9074 = PRODUCT_DEFINITION_FORMATION('','',#9075);
#9075 = PRODUCT('L2 north blank exterior wall',
  'L2 north blank exterior wall','',(#9076));
#9076 = PRODUCT_CONTEXT('',#2,'mechanical');
#9077 = PRODUCT_DEFINITION_CONTEXT('part definition',#2,'design');
#9078 = ADVANCED_BREP_SHAPE_REPRESENTATION('',(#11,#9079),#9229);
#9079 = MANIFOLD_SOLID_BREP('',#9080);
#9080 = CLOSED_SHELL('',(#9081,#9121,#9161,#9183,#9205,#9217));
#9081 = ADVANCED_FACE('',(#9082),#9116,.F.);
#9082 = FACE_BOUND('',#9083,.F.);
#9083 = EDGE_LOOP('',(#9084,#9094,#9102,#9110));
#9084 = ORIENTED_EDGE('',*,*,#9085,.F.);
#9085 = EDGE_CURVE('',#9086,#9088,#9090,.T.);
#9086 = VERTEX_POINT('',#9087);
#9087 = CARTESIAN_POINT('',(0.,5.9436E+03,3.1242E+03));
#9088 = VERTEX_POINT('',#9089);
#9089 = CARTESIAN_POINT('',(0.,5.9436E+03,4.8768E+03));
#9090 = LINE('',#9091,#9092);
#9091 = CARTESIAN_POINT('',(0.,5.9436E+03,3.1242E+03));
#9092 = VECTOR('',#9093,1.);
#9093 = DIRECTION('',(0.,0.,1.));
#9094 = ORIENTED_EDGE('',*,*,#9095,.T.);
#9095 = EDGE_CURVE('',#9086,#9096,#9098,.T.);
#9096 = VERTEX_POINT('',#9097);
#9097 = CARTESIAN_POINT('',(0.,6.096E+03,3.1242E+03));
#9098 = LINE('',#9099,#9100);
#9099 = CARTESIAN_POINT('',(0.,5.9436E+03,3.1242E+03));
#9100 = VECTOR('',#9101,1.);
#9101 = DIRECTION('',(-0.,1.,0.));
#9102 = ORIENTED_EDGE('',*,*,#9103,.T.);
#9103 = EDGE_CURVE('',#9096,#9104,#9106,.T.);
#9104 = VERTEX_POINT('',#9105);
#9105 = CARTESIAN_POINT('',(0.,6.096E+03,4.8768E+03));
#9106 = LINE('',#9107,#9108);
#9107 = CARTESIAN_POINT('',(0.,6.096E+03,3.1242E+03));
#9108 = VECTOR('',#9109,1.);
#9109 = DIRECTION('',(0.,0.,1.));
#9110 = ORIENTED_EDGE('',*,*,#9111,.F.);
#9111 = EDGE_CURVE('',#9088,#9104,#9112,.T.);
#9112 = LINE('',#9113,#9114);
#9113 = CARTESIAN_POINT('',(0.,5.9436E+03,4.8768E+03));
#9114 = VECTOR('',#9115,1.);
#9115 = DIRECTION('',(-0.,1.,0.));
#9116 = PLANE('',#9117);
#9117 = AXIS2_PLACEMENT_3D('',#9118,#9119,#9120);
#9118 = CARTESIAN_POINT('',(0.,5.9436E+03,3.1242E+03));
#9119 = DIRECTION('',(1.,0.,-0.));
#9120 = DIRECTION('',(0.,0.,1.));
#9121 = ADVANCED_FACE('',(#9122),#9156,.T.);
#9122 = FACE_BOUND('',#9123,.T.);
#9123 = EDGE_LOOP('',(#9124,#9134,#9142,#9150));
#9124 = ORIENTED_EDGE('',*,*,#9125,.F.);
#9125 = EDGE_CURVE('',#9126,#9128,#9130,.T.);
#9126 = VERTEX_POINT('',#9127);
#9127 = CARTESIAN_POINT('',(7.3152E+03,5.9436E+03,3.1242E+03));
#9128 = VERTEX_POINT('',#9129);
#9129 = CARTESIAN_POINT('',(7.3152E+03,5.9436E+03,4.8768E+03));
#9130 = LINE('',#9131,#9132);
#9131 = CARTESIAN_POINT('',(7.3152E+03,5.9436E+03,3.1242E+03));
#9132 = VECTOR('',#9133,1.);
#9133 = DIRECTION('',(0.,0.,1.));
#9134 = ORIENTED_EDGE('',*,*,#9135,.T.);
#9135 = EDGE_CURVE('',#9126,#9136,#9138,.T.);
#9136 = VERTEX_POINT('',#9137);
#9137 = CARTESIAN_POINT('',(7.3152E+03,6.096E+03,3.1242E+03));
#9138 = LINE('',#9139,#9140);
#9139 = CARTESIAN_POINT('',(7.3152E+03,5.9436E+03,3.1242E+03));
#9140 = VECTOR('',#9141,1.);
#9141 = DIRECTION('',(-0.,1.,0.));
#9142 = ORIENTED_EDGE('',*,*,#9143,.T.);
#9143 = EDGE_CURVE('',#9136,#9144,#9146,.T.);
#9144 = VERTEX_POINT('',#9145);
#9145 = CARTESIAN_POINT('',(7.3152E+03,6.096E+03,4.8768E+03));
#9146 = LINE('',#9147,#9148);
#9147 = CARTESIAN_POINT('',(7.3152E+03,6.096E+03,3.1242E+03));
#9148 = VECTOR('',#9149,1.);
#9149 = DIRECTION('',(0.,0.,1.));
#9150 = ORIENTED_EDGE('',*,*,#9151,.F.);
#9151 = EDGE_CURVE('',#9128,#9144,#9152,.T.);
#9152 = LINE('',#9153,#9154);
#9153 = CARTESIAN_POINT('',(7.3152E+03,5.9436E+03,4.8768E+03));
#9154 = VECTOR('',#9155,1.);
#9155 = DIRECTION('',(-0.,1.,0.));
#9156 = PLANE('',#9157);
#9157 = AXIS2_PLACEMENT_3D('',#9158,#9159,#9160);
#9158 = CARTESIAN_POINT('',(7.3152E+03,5.9436E+03,3.1242E+03));
#9159 = DIRECTION('',(1.,0.,-0.));
#9160 = DIRECTION('',(0.,0.,1.));
#9161 = ADVANCED_FACE('',(#9162),#9178,.F.);
#9162 = FACE_BOUND('',#9163,.F.);
#9163 = EDGE_LOOP('',(#9164,#9170,#9171,#9177));
#9164 = ORIENTED_EDGE('',*,*,#9165,.F.);
#9165 = EDGE_CURVE('',#9086,#9126,#9166,.T.);
#9166 = LINE('',#9167,#9168);
#9167 = CARTESIAN_POINT('',(0.,5.9436E+03,3.1242E+03));
#9168 = VECTOR('',#9169,1.);
#9169 = DIRECTION('',(1.,0.,-0.));
#9170 = ORIENTED_EDGE('',*,*,#9085,.T.);
#9171 = ORIENTED_EDGE('',*,*,#9172,.T.);
#9172 = EDGE_CURVE('',#9088,#9128,#9173,.T.);
#9173 = LINE('',#9174,#9175);
#9174 = CARTESIAN_POINT('',(0.,5.9436E+03,4.8768E+03));
#9175 = VECTOR('',#9176,1.);
#9176 = DIRECTION('',(1.,0.,-0.));
#9177 = ORIENTED_EDGE('',*,*,#9125,.F.);
#9178 = PLANE('',#9179);
#9179 = AXIS2_PLACEMENT_3D('',#9180,#9181,#9182);
#9180 = CARTESIAN_POINT('',(0.,5.9436E+03,3.1242E+03));
#9181 = DIRECTION('',(-0.,1.,0.));
#9182 = DIRECTION('',(0.,0.,1.));
#9183 = ADVANCED_FACE('',(#9184),#9200,.T.);
#9184 = FACE_BOUND('',#9185,.T.);
#9185 = EDGE_LOOP('',(#9186,#9192,#9193,#9199));
#9186 = ORIENTED_EDGE('',*,*,#9187,.F.);
#9187 = EDGE_CURVE('',#9096,#9136,#9188,.T.);
#9188 = LINE('',#9189,#9190);
#9189 = CARTESIAN_POINT('',(0.,6.096E+03,3.1242E+03));
#9190 = VECTOR('',#9191,1.);
#9191 = DIRECTION('',(1.,0.,-0.));
#9192 = ORIENTED_EDGE('',*,*,#9103,.T.);
#9193 = ORIENTED_EDGE('',*,*,#9194,.T.);
#9194 = EDGE_CURVE('',#9104,#9144,#9195,.T.);
#9195 = LINE('',#9196,#9197);
#9196 = CARTESIAN_POINT('',(0.,6.096E+03,4.8768E+03));
#9197 = VECTOR('',#9198,1.);
#9198 = DIRECTION('',(1.,0.,-0.));
#9199 = ORIENTED_EDGE('',*,*,#9143,.F.);
#9200 = PLANE('',#9201);
#9201 = AXIS2_PLACEMENT_3D('',#9202,#9203,#9204);
#9202 = CARTESIAN_POINT('',(0.,6.096E+03,3.1242E+03));
#9203 = DIRECTION('',(-0.,1.,0.));
#9204 = DIRECTION('',(0.,0.,1.));
#9205 = ADVANCED_FACE('',(#9206),#9212,.F.);
#9206 = FACE_BOUND('',#9207,.F.);
#9207 = EDGE_LOOP('',(#9208,#9209,#9210,#9211));
#9208 = ORIENTED_EDGE('',*,*,#9095,.F.);
#9209 = ORIENTED_EDGE('',*,*,#9165,.T.);
#9210 = ORIENTED_EDGE('',*,*,#9135,.T.);
#9211 = ORIENTED_EDGE('',*,*,#9187,.F.);
#9212 = PLANE('',#9213);
#9213 = AXIS2_PLACEMENT_3D('',#9214,#9215,#9216);
#9214 = CARTESIAN_POINT('',(0.,5.9436E+03,3.1242E+03));
#9215 = DIRECTION('',(0.,0.,1.));
#9216 = DIRECTION('',(1.,0.,-0.));
#9217 = ADVANCED_FACE('',(#9218),#9224,.T.);
#9218 = FACE_BOUND('',#9219,.T.);
#9219 = EDGE_LOOP('',(#9220,#9221,#9222,#9223));
#9220 = ORIENTED_EDGE('',*,*,#9111,.F.);
#9221 = ORIENTED_EDGE('',*,*,#9172,.T.);
#9222 = ORIENTED_EDGE('',*,*,#9151,.T.);
#9223 = ORIENTED_EDGE('',*,*,#9194,.F.);
#9224 = PLANE('',#9225);
#9225 = AXIS2_PLACEMENT_3D('',#9226,#9227,#9228);
#9226 = CARTESIAN_POINT('',(0.,5.9436E+03,4.8768E+03));
#9227 = DIRECTION('',(0.,0.,1.));
#9228 = DIRECTION('',(1.,0.,-0.));
#9229 = ( GEOMETRIC_REPRESENTATION_CONTEXT(3) 
GLOBAL_UNCERTAINTY_ASSIGNED_CONTEXT((#9233)) 
GLOBAL_UNIT_ASSIGNED_CONTEXT((#9230,#9231,#9232)) REPRESENTATION_CONTEXT
('Context #1','3D Context with UNIT and UNCERTAINTY') );
#9230 = ( LENGTH_UNIT() NAMED_UNIT(*) SI_UNIT(.MILLI.,.METRE.) );
#9231 = ( NAMED_UNIT(*) PLANE_ANGLE_UNIT() SI_UNIT($,.RADIAN.) );
#9232 = ( NAMED_UNIT(*) SI_UNIT($,.STERADIAN.) SOLID_ANGLE_UNIT() );
#9233 = UNCERTAINTY_MEASURE_WITH_UNIT(LENGTH_MEASURE(1.E-07),#9230,
  'distance_accuracy_value','confusion accuracy');
#9234 = CONTEXT_DEPENDENT_SHAPE_REPRESENTATION(#9235,#9237);
#9235 = ( REPRESENTATION_RELATIONSHIP('','',#9078,#10) 
REPRESENTATION_RELATIONSHIP_WITH_TRANSFORMATION(#9236) 
SHAPE_REPRESENTATION_RELATIONSHIP() );
#9236 = ITEM_DEFINED_TRANSFORMATION('','',#11,#183);
#9237 = PRODUCT_DEFINITION_SHAPE('Placement','Placement of an item',
  #9238);
#9238 = NEXT_ASSEMBLY_USAGE_OCCURRENCE('43',
  'L2 north blank exterior wall','',#5,#9073,$);
#9239 = PRODUCT_RELATED_PRODUCT_CATEGORY('part',$,(#9075));
#9240 = SHAPE_DEFINITION_REPRESENTATION(#9241,#9247);
#9241 = PRODUCT_DEFINITION_SHAPE('','',#9242);
#9242 = PRODUCT_DEFINITION('design','',#9243,#9246);
#9243 = PRODUCT_DEFINITION_FORMATION('','',#9244);
#9244 = PRODUCT('L2 shower','L2 shower','',(#9245));
#9245 = PRODUCT_CONTEXT('',#2,'mechanical');
#9246 = PRODUCT_DEFINITION_CONTEXT('part definition',#2,'design');
#9247 = ADVANCED_BREP_SHAPE_REPRESENTATION('',(#11,#9248),#9398);
#9248 = MANIFOLD_SOLID_BREP('',#9249);
#9249 = CLOSED_SHELL('',(#9250,#9290,#9330,#9352,#9374,#9386));
#9250 = ADVANCED_FACE('',(#9251),#9285,.F.);
#9251 = FACE_BOUND('',#9252,.F.);
#9252 = EDGE_LOOP('',(#9253,#9263,#9271,#9279));
#9253 = ORIENTED_EDGE('',*,*,#9254,.F.);
#9254 = EDGE_CURVE('',#9255,#9257,#9259,.T.);
#9255 = VERTEX_POINT('',#9256);
#9256 = CARTESIAN_POINT('',(213.36,3.16992E+03,3.1242E+03));
#9257 = VERTEX_POINT('',#9258);
#9258 = CARTESIAN_POINT('',(213.36,3.16992E+03,3.16992E+03));
#9259 = LINE('',#9260,#9261);
#9260 = CARTESIAN_POINT('',(213.36,3.16992E+03,3.1242E+03));
#9261 = VECTOR('',#9262,1.);
#9262 = DIRECTION('',(0.,0.,1.));
#9263 = ORIENTED_EDGE('',*,*,#9264,.T.);
#9264 = EDGE_CURVE('',#9255,#9265,#9267,.T.);
#9265 = VERTEX_POINT('',#9266);
#9266 = CARTESIAN_POINT('',(213.36,4.08432E+03,3.1242E+03));
#9267 = LINE('',#9268,#9269);
#9268 = CARTESIAN_POINT('',(213.36,3.16992E+03,3.1242E+03));
#9269 = VECTOR('',#9270,1.);
#9270 = DIRECTION('',(-0.,1.,0.));
#9271 = ORIENTED_EDGE('',*,*,#9272,.T.);
#9272 = EDGE_CURVE('',#9265,#9273,#9275,.T.);
#9273 = VERTEX_POINT('',#9274);
#9274 = CARTESIAN_POINT('',(213.36,4.08432E+03,3.16992E+03));
#9275 = LINE('',#9276,#9277);
#9276 = CARTESIAN_POINT('',(213.36,4.08432E+03,3.1242E+03));
#9277 = VECTOR('',#9278,1.);
#9278 = DIRECTION('',(0.,0.,1.));
#9279 = ORIENTED_EDGE('',*,*,#9280,.F.);
#9280 = EDGE_CURVE('',#9257,#9273,#9281,.T.);
#9281 = LINE('',#9282,#9283);
#9282 = CARTESIAN_POINT('',(213.36,3.16992E+03,3.16992E+03));
#9283 = VECTOR('',#9284,1.);
#9284 = DIRECTION('',(-0.,1.,0.));
#9285 = PLANE('',#9286);
#9286 = AXIS2_PLACEMENT_3D('',#9287,#9288,#9289);
#9287 = CARTESIAN_POINT('',(213.36,3.16992E+03,3.1242E+03));
#9288 = DIRECTION('',(1.,0.,-0.));
#9289 = DIRECTION('',(0.,0.,1.));
#9290 = ADVANCED_FACE('',(#9291),#9325,.T.);
#9291 = FACE_BOUND('',#9292,.T.);
#9292 = EDGE_LOOP('',(#9293,#9303,#9311,#9319));
#9293 = ORIENTED_EDGE('',*,*,#9294,.F.);
#9294 = EDGE_CURVE('',#9295,#9297,#9299,.T.);
#9295 = VERTEX_POINT('',#9296);
#9296 = CARTESIAN_POINT('',(1.12776E+03,3.16992E+03,3.1242E+03));
#9297 = VERTEX_POINT('',#9298);
#9298 = CARTESIAN_POINT('',(1.12776E+03,3.16992E+03,3.16992E+03));
#9299 = LINE('',#9300,#9301);
#9300 = CARTESIAN_POINT('',(1.12776E+03,3.16992E+03,3.1242E+03));
#9301 = VECTOR('',#9302,1.);
#9302 = DIRECTION('',(0.,0.,1.));
#9303 = ORIENTED_EDGE('',*,*,#9304,.T.);
#9304 = EDGE_CURVE('',#9295,#9305,#9307,.T.);
#9305 = VERTEX_POINT('',#9306);
#9306 = CARTESIAN_POINT('',(1.12776E+03,4.08432E+03,3.1242E+03));
#9307 = LINE('',#9308,#9309);
#9308 = CARTESIAN_POINT('',(1.12776E+03,3.16992E+03,3.1242E+03));
#9309 = VECTOR('',#9310,1.);
#9310 = DIRECTION('',(-0.,1.,0.));
#9311 = ORIENTED_EDGE('',*,*,#9312,.T.);
#9312 = EDGE_CURVE('',#9305,#9313,#9315,.T.);
#9313 = VERTEX_POINT('',#9314);
#9314 = CARTESIAN_POINT('',(1.12776E+03,4.08432E+03,3.16992E+03));
#9315 = LINE('',#9316,#9317);
#9316 = CARTESIAN_POINT('',(1.12776E+03,4.08432E+03,3.1242E+03));
#9317 = VECTOR('',#9318,1.);
#9318 = DIRECTION('',(0.,0.,1.));
#9319 = ORIENTED_EDGE('',*,*,#9320,.F.);
#9320 = EDGE_CURVE('',#9297,#9313,#9321,.T.);
#9321 = LINE('',#9322,#9323);
#9322 = CARTESIAN_POINT('',(1.12776E+03,3.16992E+03,3.16992E+03));
#9323 = VECTOR('',#9324,1.);
#9324 = DIRECTION('',(-0.,1.,0.));
#9325 = PLANE('',#9326);
#9326 = AXIS2_PLACEMENT_3D('',#9327,#9328,#9329);
#9327 = CARTESIAN_POINT('',(1.12776E+03,3.16992E+03,3.1242E+03));
#9328 = DIRECTION('',(1.,0.,-0.));
#9329 = DIRECTION('',(0.,0.,1.));
#9330 = ADVANCED_FACE('',(#9331),#9347,.F.);
#9331 = FACE_BOUND('',#9332,.F.);
#9332 = EDGE_LOOP('',(#9333,#9339,#9340,#9346));
#9333 = ORIENTED_EDGE('',*,*,#9334,.F.);
#9334 = EDGE_CURVE('',#9255,#9295,#9335,.T.);
#9335 = LINE('',#9336,#9337);
#9336 = CARTESIAN_POINT('',(213.36,3.16992E+03,3.1242E+03));
#9337 = VECTOR('',#9338,1.);
#9338 = DIRECTION('',(1.,0.,-0.));
#9339 = ORIENTED_EDGE('',*,*,#9254,.T.);
#9340 = ORIENTED_EDGE('',*,*,#9341,.T.);
#9341 = EDGE_CURVE('',#9257,#9297,#9342,.T.);
#9342 = LINE('',#9343,#9344);
#9343 = CARTESIAN_POINT('',(213.36,3.16992E+03,3.16992E+03));
#9344 = VECTOR('',#9345,1.);
#9345 = DIRECTION('',(1.,0.,-0.));
#9346 = ORIENTED_EDGE('',*,*,#9294,.F.);
#9347 = PLANE('',#9348);
#9348 = AXIS2_PLACEMENT_3D('',#9349,#9350,#9351);
#9349 = CARTESIAN_POINT('',(213.36,3.16992E+03,3.1242E+03));
#9350 = DIRECTION('',(-0.,1.,0.));
#9351 = DIRECTION('',(0.,0.,1.));
#9352 = ADVANCED_FACE('',(#9353),#9369,.T.);
#9353 = FACE_BOUND('',#9354,.T.);
#9354 = EDGE_LOOP('',(#9355,#9361,#9362,#9368));
#9355 = ORIENTED_EDGE('',*,*,#9356,.F.);
#9356 = EDGE_CURVE('',#9265,#9305,#9357,.T.);
#9357 = LINE('',#9358,#9359);
#9358 = CARTESIAN_POINT('',(213.36,4.08432E+03,3.1242E+03));
#9359 = VECTOR('',#9360,1.);
#9360 = DIRECTION('',(1.,0.,-0.));
#9361 = ORIENTED_EDGE('',*,*,#9272,.T.);
#9362 = ORIENTED_EDGE('',*,*,#9363,.T.);
#9363 = EDGE_CURVE('',#9273,#9313,#9364,.T.);
#9364 = LINE('',#9365,#9366);
#9365 = CARTESIAN_POINT('',(213.36,4.08432E+03,3.16992E+03));
#9366 = VECTOR('',#9367,1.);
#9367 = DIRECTION('',(1.,0.,-0.));
#9368 = ORIENTED_EDGE('',*,*,#9312,.F.);
#9369 = PLANE('',#9370);
#9370 = AXIS2_PLACEMENT_3D('',#9371,#9372,#9373);
#9371 = CARTESIAN_POINT('',(213.36,4.08432E+03,3.1242E+03));
#9372 = DIRECTION('',(-0.,1.,0.));
#9373 = DIRECTION('',(0.,0.,1.));
#9374 = ADVANCED_FACE('',(#9375),#9381,.F.);
#9375 = FACE_BOUND('',#9376,.F.);
#9376 = EDGE_LOOP('',(#9377,#9378,#9379,#9380));
#9377 = ORIENTED_EDGE('',*,*,#9264,.F.);
#9378 = ORIENTED_EDGE('',*,*,#9334,.T.);
#9379 = ORIENTED_EDGE('',*,*,#9304,.T.);
#9380 = ORIENTED_EDGE('',*,*,#9356,.F.);
#9381 = PLANE('',#9382);
#9382 = AXIS2_PLACEMENT_3D('',#9383,#9384,#9385);
#9383 = CARTESIAN_POINT('',(213.36,3.16992E+03,3.1242E+03));
#9384 = DIRECTION('',(0.,0.,1.));
#9385 = DIRECTION('',(1.,0.,-0.));
#9386 = ADVANCED_FACE('',(#9387),#9393,.T.);
#9387 = FACE_BOUND('',#9388,.T.);
#9388 = EDGE_LOOP('',(#9389,#9390,#9391,#9392));
#9389 = ORIENTED_EDGE('',*,*,#9280,.F.);
#9390 = ORIENTED_EDGE('',*,*,#9341,.T.);
#9391 = ORIENTED_EDGE('',*,*,#9320,.T.);
#9392 = ORIENTED_EDGE('',*,*,#9363,.F.);
#9393 = PLANE('',#9394);
#9394 = AXIS2_PLACEMENT_3D('',#9395,#9396,#9397);
#9395 = CARTESIAN_POINT('',(213.36,3.16992E+03,3.16992E+03));
#9396 = DIRECTION('',(0.,0.,1.));
#9397 = DIRECTION('',(1.,0.,-0.));
#9398 = ( GEOMETRIC_REPRESENTATION_CONTEXT(3) 
GLOBAL_UNCERTAINTY_ASSIGNED_CONTEXT((#9402)) 
GLOBAL_UNIT_ASSIGNED_CONTEXT((#9399,#9400,#9401)) REPRESENTATION_CONTEXT
('Context #1','3D Context with UNIT and UNCERTAINTY') );
#9399 = ( LENGTH_UNIT() NAMED_UNIT(*) SI_UNIT(.MILLI.,.METRE.) );
#9400 = ( NAMED_UNIT(*) PLANE_ANGLE_UNIT() SI_UNIT($,.RADIAN.) );
#9401 = ( NAMED_UNIT(*) SI_UNIT($,.STERADIAN.) SOLID_ANGLE_UNIT() );
#9402 = UNCERTAINTY_MEASURE_WITH_UNIT(LENGTH_MEASURE(1.E-07),#9399,
  'distance_accuracy_value','confusion accuracy');
#9403 = CONTEXT_DEPENDENT_SHAPE_REPRESENTATION(#9404,#9406);
#9404 = ( REPRESENTATION_RELATIONSHIP('','',#9247,#10) 
REPRESENTATION_RELATIONSHIP_WITH_TRANSFORMATION(#9405) 
SHAPE_REPRESENTATION_RELATIONSHIP() );
#9405 = ITEM_DEFINED_TRANSFORMATION('','',#11,#187);
#9406 = PRODUCT_DEFINITION_SHAPE('Placement','Placement of an item',
  #9407);
#9407 = NEXT_ASSEMBLY_USAGE_OCCURRENCE('44','L2 shower','',#5,#9242,$);
#9408 = PRODUCT_RELATED_PRODUCT_CATEGORY('part',$,(#9244));
#9409 = SHAPE_DEFINITION_REPRESENTATION(#9410,#9416);
#9410 = PRODUCT_DEFINITION_SHAPE('','',#9411);
#9411 = PRODUCT_DEFINITION('design','',#9412,#9415);
#9412 = PRODUCT_DEFINITION_FORMATION('','',#9413);
#9413 = PRODUCT('L2 south exterior wall','L2 south exterior wall','',(
    #9414));
#9414 = PRODUCT_CONTEXT('',#2,'mechanical');
#9415 = PRODUCT_DEFINITION_CONTEXT('part definition',#2,'design');
#9416 = ADVANCED_BREP_SHAPE_REPRESENTATION('',(#11,#9417),#9703);
#9417 = MANIFOLD_SOLID_BREP('',#9418);
#9418 = CLOSED_SHELL('',(#9419,#9459,#9524,#9548,#9606,#9623,#9635,#9657
    ,#9674,#9691));
#9419 = ADVANCED_FACE('',(#9420),#9454,.F.);
#9420 = FACE_BOUND('',#9421,.F.);
#9421 = EDGE_LOOP('',(#9422,#9432,#9440,#9448));
#9422 = ORIENTED_EDGE('',*,*,#9423,.F.);
#9423 = EDGE_CURVE('',#9424,#9426,#9428,.T.);
#9424 = VERTEX_POINT('',#9425);
#9425 = CARTESIAN_POINT('',(0.,0.,3.1242E+03));
#9426 = VERTEX_POINT('',#9427);
#9427 = CARTESIAN_POINT('',(0.,0.,4.8768E+03));
#9428 = LINE('',#9429,#9430);
#9429 = CARTESIAN_POINT('',(0.,0.,3.1242E+03));
#9430 = VECTOR('',#9431,1.);
#9431 = DIRECTION('',(0.,0.,1.));
#9432 = ORIENTED_EDGE('',*,*,#9433,.T.);
#9433 = EDGE_CURVE('',#9424,#9434,#9436,.T.);
#9434 = VERTEX_POINT('',#9435);
#9435 = CARTESIAN_POINT('',(0.,152.4,3.1242E+03));
#9436 = LINE('',#9437,#9438);
#9437 = CARTESIAN_POINT('',(0.,0.,3.1242E+03));
#9438 = VECTOR('',#9439,1.);
#9439 = DIRECTION('',(-0.,1.,0.));
#9440 = ORIENTED_EDGE('',*,*,#9441,.T.);
#9441 = EDGE_CURVE('',#9434,#9442,#9444,.T.);
#9442 = VERTEX_POINT('',#9443);
#9443 = CARTESIAN_POINT('',(0.,152.4,4.8768E+03));
#9444 = LINE('',#9445,#9446);
#9445 = CARTESIAN_POINT('',(0.,152.4,3.1242E+03));
#9446 = VECTOR('',#9447,1.);
#9447 = DIRECTION('',(0.,0.,1.));
#9448 = ORIENTED_EDGE('',*,*,#9449,.F.);
#9449 = EDGE_CURVE('',#9426,#9442,#9450,.T.);
#9450 = LINE('',#9451,#9452);
#9451 = CARTESIAN_POINT('',(0.,0.,4.8768E+03));
#9452 = VECTOR('',#9453,1.);
#9453 = DIRECTION('',(-0.,1.,0.));
#9454 = PLANE('',#9455);
#9455 = AXIS2_PLACEMENT_3D('',#9456,#9457,#9458);
#9456 = CARTESIAN_POINT('',(0.,0.,3.1242E+03));
#9457 = DIRECTION('',(1.,0.,-0.));
#9458 = DIRECTION('',(0.,0.,1.));
#9459 = ADVANCED_FACE('',(#9460,#9485),#9519,.F.);
#9460 = FACE_BOUND('',#9461,.F.);
#9461 = EDGE_LOOP('',(#9462,#9470,#9471,#9479));
#9462 = ORIENTED_EDGE('',*,*,#9463,.F.);
#9463 = EDGE_CURVE('',#9424,#9464,#9466,.T.);
#9464 = VERTEX_POINT('',#9465);
#9465 = CARTESIAN_POINT('',(7.3152E+03,0.,3.1242E+03));
#9466 = LINE('',#9467,#9468);
#9467 = CARTESIAN_POINT('',(0.,0.,3.1242E+03));
#9468 = VECTOR('',#9469,1.);
#9469 = DIRECTION('',(1.,0.,-0.));
#9470 = ORIENTED_EDGE('',*,*,#9423,.T.);
#9471 = ORIENTED_EDGE('',*,*,#9472,.T.);
#9472 = EDGE_CURVE('',#9426,#9473,#9475,.T.);
#9473 = VERTEX_POINT('',#9474);
#9474 = CARTESIAN_POINT('',(7.3152E+03,0.,4.8768E+03));
#9475 = LINE('',#9476,#9477);
#9476 = CARTESIAN_POINT('',(0.,0.,4.8768E+03));
#9477 = VECTOR('',#9478,1.);
#9478 = DIRECTION('',(1.,0.,-0.));
#9479 = ORIENTED_EDGE('',*,*,#9480,.F.);
#9480 = EDGE_CURVE('',#9464,#9473,#9481,.T.);
#9481 = LINE('',#9482,#9483);
#9482 = CARTESIAN_POINT('',(7.3152E+03,0.,3.1242E+03));
#9483 = VECTOR('',#9484,1.);
#9484 = DIRECTION('',(0.,0.,1.));
#9485 = FACE_BOUND('',#9486,.F.);
#9486 = EDGE_LOOP('',(#9487,#9497,#9505,#9513));
#9487 = ORIENTED_EDGE('',*,*,#9488,.F.);
#9488 = EDGE_CURVE('',#9489,#9491,#9493,.T.);
#9489 = VERTEX_POINT('',#9490);
#9490 = CARTESIAN_POINT('',(4.572E+03,0.,4.61772E+03));
#9491 = VERTEX_POINT('',#9492);
#9492 = CARTESIAN_POINT('',(5.334E+03,0.,4.61772E+03));
#9493 = LINE('',#9494,#9495);
#9494 = CARTESIAN_POINT('',(2.286E+03,0.,4.61772E+03));
#9495 = VECTOR('',#9496,1.);
#9496 = DIRECTION('',(1.,0.,-0.));
#9497 = ORIENTED_EDGE('',*,*,#9498,.T.);
#9498 = EDGE_CURVE('',#9489,#9499,#9501,.T.);
#9499 = VERTEX_POINT('',#9500);
#9500 = CARTESIAN_POINT('',(4.572E+03,0.,3.85572E+03));
#9501 = LINE('',#9502,#9503);
#9502 = CARTESIAN_POINT('',(4.572E+03,0.,3.48996E+03));
#9503 = VECTOR('',#9504,1.);
#9504 = DIRECTION('',(-0.,0.,-1.));
#9505 = ORIENTED_EDGE('',*,*,#9506,.T.);
#9506 = EDGE_CURVE('',#9499,#9507,#9509,.T.);
#9507 = VERTEX_POINT('',#9508);
#9508 = CARTESIAN_POINT('',(5.334E+03,0.,3.85572E+03));
#9509 = LINE('',#9510,#9511);
#9510 = CARTESIAN_POINT('',(2.286E+03,0.,3.85572E+03));
#9511 = VECTOR('',#9512,1.);
#9512 = DIRECTION('',(1.,0.,-0.));
#9513 = ORIENTED_EDGE('',*,*,#9514,.F.);
#9514 = EDGE_CURVE('',#9491,#9507,#9515,.T.);
#9515 = LINE('',#9516,#9517);
#9516 = CARTESIAN_POINT('',(5.334E+03,0.,3.48996E+03));
#9517 = VECTOR('',#9518,1.);
#9518 = DIRECTION('',(-0.,0.,-1.));
#9519 = PLANE('',#9520);
#9520 = AXIS2_PLACEMENT_3D('',#9521,#9522,#9523);
#9521 = CARTESIAN_POINT('',(0.,0.,3.1242E+03));
#9522 = DIRECTION('',(-0.,1.,0.));
#9523 = DIRECTION('',(0.,0.,1.));
#9524 = ADVANCED_FACE('',(#9525),#9543,.T.);
#9525 = FACE_BOUND('',#9526,.T.);
#9526 = EDGE_LOOP('',(#9527,#9528,#9529,#9537));
#9527 = ORIENTED_EDGE('',*,*,#9449,.F.);
#9528 = ORIENTED_EDGE('',*,*,#9472,.T.);
#9529 = ORIENTED_EDGE('',*,*,#9530,.T.);
#9530 = EDGE_CURVE('',#9473,#9531,#9533,.T.);
#9531 = VERTEX_POINT('',#9532);
#9532 = CARTESIAN_POINT('',(7.3152E+03,152.4,4.8768E+03));
#9533 = LINE('',#9534,#9535);
#9534 = CARTESIAN_POINT('',(7.3152E+03,0.,4.8768E+03));
#9535 = VECTOR('',#9536,1.);
#9536 = DIRECTION('',(-0.,1.,0.));
#9537 = ORIENTED_EDGE('',*,*,#9538,.F.);
#9538 = EDGE_CURVE('',#9442,#9531,#9539,.T.);
#9539 = LINE('',#9540,#9541);
#9540 = CARTESIAN_POINT('',(0.,152.4,4.8768E+03));
#9541 = VECTOR('',#9542,1.);
#9542 = DIRECTION('',(1.,0.,-0.));
#9543 = PLANE('',#9544);
#9544 = AXIS2_PLACEMENT_3D('',#9545,#9546,#9547);
#9545 = CARTESIAN_POINT('',(0.,0.,4.8768E+03));
#9546 = DIRECTION('',(0.,0.,1.));
#9547 = DIRECTION('',(1.,0.,-0.));
#9548 = ADVANCED_FACE('',(#9549,#9567),#9601,.T.);
#9549 = FACE_BOUND('',#9550,.T.);
#9550 = EDGE_LOOP('',(#9551,#9559,#9560,#9561));
#9551 = ORIENTED_EDGE('',*,*,#9552,.F.);
#9552 = EDGE_CURVE('',#9434,#9553,#9555,.T.);
#9553 = VERTEX_POINT('',#9554);
#9554 = CARTESIAN_POINT('',(7.3152E+03,152.4,3.1242E+03));
#9555 = LINE('',#9556,#9557);
#9556 = CARTESIAN_POINT('',(0.,152.4,3.1242E+03));
#9557 = VECTOR('',#9558,1.);
#9558 = DIRECTION('',(1.,0.,-0.));
#9559 = ORIENTED_EDGE('',*,*,#9441,.T.);
#9560 = ORIENTED_EDGE('',*,*,#9538,.T.);
#9561 = ORIENTED_EDGE('',*,*,#9562,.F.);
#9562 = EDGE_CURVE('',#9553,#9531,#9563,.T.);
#9563 = LINE('',#9564,#9565);
#9564 = CARTESIAN_POINT('',(7.3152E+03,152.4,3.1242E+03));
#9565 = VECTOR('',#9566,1.);
#9566 = DIRECTION('',(0.,0.,1.));
#9567 = FACE_BOUND('',#9568,.T.);
#9568 = EDGE_LOOP('',(#9569,#9579,#9587,#9595));
#9569 = ORIENTED_EDGE('',*,*,#9570,.F.);
#9570 = EDGE_CURVE('',#9571,#9573,#9575,.T.);
#9571 = VERTEX_POINT('',#9572);
#9572 = CARTESIAN_POINT('',(4.572E+03,152.4,4.61772E+03));
#9573 = VERTEX_POINT('',#9574);
#9574 = CARTESIAN_POINT('',(5.334E+03,152.4,4.61772E+03));
#9575 = LINE('',#9576,#9577);
#9576 = CARTESIAN_POINT('',(2.286E+03,152.4,4.61772E+03));
#9577 = VECTOR('',#9578,1.);
#9578 = DIRECTION('',(1.,0.,-0.));
#9579 = ORIENTED_EDGE('',*,*,#9580,.T.);
#9580 = EDGE_CURVE('',#9571,#9581,#9583,.T.);
#9581 = VERTEX_POINT('',#9582);
#9582 = CARTESIAN_POINT('',(4.572E+03,152.4,3.85572E+03));
#9583 = LINE('',#9584,#9585);
#9584 = CARTESIAN_POINT('',(4.572E+03,152.4,3.48996E+03));
#9585 = VECTOR('',#9586,1.);
#9586 = DIRECTION('',(-0.,0.,-1.));
#9587 = ORIENTED_EDGE('',*,*,#9588,.T.);
#9588 = EDGE_CURVE('',#9581,#9589,#9591,.T.);
#9589 = VERTEX_POINT('',#9590);
#9590 = CARTESIAN_POINT('',(5.334E+03,152.4,3.85572E+03));
#9591 = LINE('',#9592,#9593);
#9592 = CARTESIAN_POINT('',(2.286E+03,152.4,3.85572E+03));
#9593 = VECTOR('',#9594,1.);
#9594 = DIRECTION('',(1.,0.,-0.));
#9595 = ORIENTED_EDGE('',*,*,#9596,.F.);
#9596 = EDGE_CURVE('',#9573,#9589,#9597,.T.);
#9597 = LINE('',#9598,#9599);
#9598 = CARTESIAN_POINT('',(5.334E+03,152.4,3.48996E+03));
#9599 = VECTOR('',#9600,1.);
#9600 = DIRECTION('',(-0.,0.,-1.));
#9601 = PLANE('',#9602);
#9602 = AXIS2_PLACEMENT_3D('',#9603,#9604,#9605);
#9603 = CARTESIAN_POINT('',(0.,152.4,3.1242E+03));
#9604 = DIRECTION('',(-0.,1.,0.));
#9605 = DIRECTION('',(0.,0.,1.));
#9606 = ADVANCED_FACE('',(#9607),#9618,.F.);
#9607 = FACE_BOUND('',#9608,.F.);
#9608 = EDGE_LOOP('',(#9609,#9610,#9611,#9617));
#9609 = ORIENTED_EDGE('',*,*,#9433,.F.);
#9610 = ORIENTED_EDGE('',*,*,#9463,.T.);
#9611 = ORIENTED_EDGE('',*,*,#9612,.T.);
#9612 = EDGE_CURVE('',#9464,#9553,#9613,.T.);
#9613 = LINE('',#9614,#9615);
#9614 = CARTESIAN_POINT('',(7.3152E+03,0.,3.1242E+03));
#9615 = VECTOR('',#9616,1.);
#9616 = DIRECTION('',(-0.,1.,0.));
#9617 = ORIENTED_EDGE('',*,*,#9552,.F.);
#9618 = PLANE('',#9619);
#9619 = AXIS2_PLACEMENT_3D('',#9620,#9621,#9622);
#9620 = CARTESIAN_POINT('',(0.,0.,3.1242E+03));
#9621 = DIRECTION('',(0.,0.,1.));
#9622 = DIRECTION('',(1.,0.,-0.));
#9623 = ADVANCED_FACE('',(#9624),#9630,.T.);
#9624 = FACE_BOUND('',#9625,.T.);
#9625 = EDGE_LOOP('',(#9626,#9627,#9628,#9629));
#9626 = ORIENTED_EDGE('',*,*,#9480,.F.);
#9627 = ORIENTED_EDGE('',*,*,#9612,.T.);
#9628 = ORIENTED_EDGE('',*,*,#9562,.T.);
#9629 = ORIENTED_EDGE('',*,*,#9530,.F.);
#9630 = PLANE('',#9631);
#9631 = AXIS2_PLACEMENT_3D('',#9632,#9633,#9634);
#9632 = CARTESIAN_POINT('',(7.3152E+03,0.,3.1242E+03));
#9633 = DIRECTION('',(1.,0.,-0.));
#9634 = DIRECTION('',(0.,0.,1.));
#9635 = ADVANCED_FACE('',(#9636),#9652,.F.);
#9636 = FACE_BOUND('',#9637,.F.);
#9637 = EDGE_LOOP('',(#9638,#9644,#9645,#9651));
#9638 = ORIENTED_EDGE('',*,*,#9639,.F.);
#9639 = EDGE_CURVE('',#9489,#9571,#9640,.T.);
#9640 = LINE('',#9641,#9642);
#9641 = CARTESIAN_POINT('',(4.572E+03,-15.24,4.61772E+03));
#9642 = VECTOR('',#9643,1.);
#9643 = DIRECTION('',(-0.,1.,0.));
#9644 = ORIENTED_EDGE('',*,*,#9488,.T.);
#9645 = ORIENTED_EDGE('',*,*,#9646,.T.);
#9646 = EDGE_CURVE('',#9491,#9573,#9647,.T.);
#9647 = LINE('',#9648,#9649);
#9648 = CARTESIAN_POINT('',(5.334E+03,-15.24,4.61772E+03));
#9649 = VECTOR('',#9650,1.);
#9650 = DIRECTION('',(-0.,1.,0.));
#9651 = ORIENTED_EDGE('',*,*,#9570,.F.);
#9652 = PLANE('',#9653);
#9653 = AXIS2_PLACEMENT_3D('',#9654,#9655,#9656);
#9654 = CARTESIAN_POINT('',(4.572E+03,-15.24,4.61772E+03));
#9655 = DIRECTION('',(0.,0.,1.));
#9656 = DIRECTION('',(1.,0.,-0.));
#9657 = ADVANCED_FACE('',(#9658),#9669,.F.);
#9658 = FACE_BOUND('',#9659,.F.);
#9659 = EDGE_LOOP('',(#9660,#9661,#9662,#9668));
#9660 = ORIENTED_EDGE('',*,*,#9646,.F.);
#9661 = ORIENTED_EDGE('',*,*,#9514,.T.);
#9662 = ORIENTED_EDGE('',*,*,#9663,.T.);
#9663 = EDGE_CURVE('',#9507,#9589,#9664,.T.);
#9664 = LINE('',#9665,#9666);
#9665 = CARTESIAN_POINT('',(5.334E+03,-15.24,3.85572E+03));
#9666 = VECTOR('',#9667,1.);
#9667 = DIRECTION('',(-0.,1.,0.));
#9668 = ORIENTED_EDGE('',*,*,#9596,.F.);
#9669 = PLANE('',#9670);
#9670 = AXIS2_PLACEMENT_3D('',#9671,#9672,#9673);
#9671 = CARTESIAN_POINT('',(5.334E+03,-15.24,3.85572E+03));
#9672 = DIRECTION('',(1.,0.,-0.));
#9673 = DIRECTION('',(0.,0.,1.));
#9674 = ADVANCED_FACE('',(#9675),#9686,.T.);
#9675 = FACE_BOUND('',#9676,.T.);
#9676 = EDGE_LOOP('',(#9677,#9683,#9684,#9685));
#9677 = ORIENTED_EDGE('',*,*,#9678,.F.);
#9678 = EDGE_CURVE('',#9499,#9581,#9679,.T.);
#9679 = LINE('',#9680,#9681);
#9680 = CARTESIAN_POINT('',(4.572E+03,-15.24,3.85572E+03));
#9681 = VECTOR('',#9682,1.);
#9682 = DIRECTION('',(-0.,1.,0.));
#9683 = ORIENTED_EDGE('',*,*,#9506,.T.);
#9684 = ORIENTED_EDGE('',*,*,#9663,.T.);
#9685 = ORIENTED_EDGE('',*,*,#9588,.F.);
#9686 = PLANE('',#9687);
#9687 = AXIS2_PLACEMENT_3D('',#9688,#9689,#9690);
#9688 = CARTESIAN_POINT('',(4.572E+03,-15.24,3.85572E+03));
#9689 = DIRECTION('',(0.,0.,1.));
#9690 = DIRECTION('',(1.,0.,-0.));
#9691 = ADVANCED_FACE('',(#9692),#9698,.T.);
#9692 = FACE_BOUND('',#9693,.T.);
#9693 = EDGE_LOOP('',(#9694,#9695,#9696,#9697));
#9694 = ORIENTED_EDGE('',*,*,#9639,.F.);
#9695 = ORIENTED_EDGE('',*,*,#9498,.T.);
#9696 = ORIENTED_EDGE('',*,*,#9678,.T.);
#9697 = ORIENTED_EDGE('',*,*,#9580,.F.);
#9698 = PLANE('',#9699);
#9699 = AXIS2_PLACEMENT_3D('',#9700,#9701,#9702);
#9700 = CARTESIAN_POINT('',(4.572E+03,-15.24,3.85572E+03));
#9701 = DIRECTION('',(1.,0.,-0.));
#9702 = DIRECTION('',(0.,0.,1.));
#9703 = ( GEOMETRIC_REPRESENTATION_CONTEXT(3) 
GLOBAL_UNCERTAINTY_ASSIGNED_CONTEXT((#9707)) 
GLOBAL_UNIT_ASSIGNED_CONTEXT((#9704,#9705,#9706)) REPRESENTATION_CONTEXT
('Context #1','3D Context with UNIT and UNCERTAINTY') );
#9704 = ( LENGTH_UNIT() NAMED_UNIT(*) SI_UNIT(.MILLI.,.METRE.) );
#9705 = ( NAMED_UNIT(*) PLANE_ANGLE_UNIT() SI_UNIT($,.RADIAN.) );
#9706 = ( NAMED_UNIT(*) SI_UNIT($,.STERADIAN.) SOLID_ANGLE_UNIT() );
#9707 = UNCERTAINTY_MEASURE_WITH_UNIT(LENGTH_MEASURE(1.E-07),#9704,
  'distance_accuracy_value','confusion accuracy');
#9708 = CONTEXT_DEPENDENT_SHAPE_REPRESENTATION(#9709,#9711);
#9709 = ( REPRESENTATION_RELATIONSHIP('','',#9416,#10) 
REPRESENTATION_RELATIONSHIP_WITH_TRANSFORMATION(#9710) 
SHAPE_REPRESENTATION_RELATIONSHIP() );
#9710 = ITEM_DEFINED_TRANSFORMATION('','',#11,#191);
#9711 = PRODUCT_DEFINITION_SHAPE('Placement','Placement of an item',
  #9712);
#9712 = NEXT_ASSEMBLY_USAGE_OCCURRENCE('45','L2 south exterior wall','',
  #5,#9411,$);
#9713 = PRODUCT_RELATED_PRODUCT_CATEGORY('part',$,(#9413));
#9714 = SHAPE_DEFINITION_REPRESENTATION(#9715,#9721);
#9715 = PRODUCT_DEFINITION_SHAPE('','',#9716);
#9716 = PRODUCT_DEFINITION('design','',#9717,#9720);
#9717 = PRODUCT_DEFINITION_FORMATION('','',#9718);
#9718 = PRODUCT('L2 vanity','L2 vanity','',(#9719));
#9719 = PRODUCT_CONTEXT('',#2,'mechanical');
#9720 = PRODUCT_DEFINITION_CONTEXT('part definition',#2,'design');
#9721 = ADVANCED_BREP_SHAPE_REPRESENTATION('',(#11,#9722),#9872);
#9722 = MANIFOLD_SOLID_BREP('',#9723);
#9723 = CLOSED_SHELL('',(#9724,#9764,#9804,#9826,#9848,#9860));
#9724 = ADVANCED_FACE('',(#9725),#9759,.F.);
#9725 = FACE_BOUND('',#9726,.F.);
#9726 = EDGE_LOOP('',(#9727,#9737,#9745,#9753));
#9727 = ORIENTED_EDGE('',*,*,#9728,.F.);
#9728 = EDGE_CURVE('',#9729,#9731,#9733,.T.);
#9729 = VERTEX_POINT('',#9730);
#9730 = CARTESIAN_POINT('',(213.36,4.191E+03,3.1242E+03));
#9731 = VERTEX_POINT('',#9732);
#9732 = CARTESIAN_POINT('',(213.36,4.191E+03,3.97764E+03));
#9733 = LINE('',#9734,#9735);
#9734 = CARTESIAN_POINT('',(213.36,4.191E+03,3.1242E+03));
#9735 = VECTOR('',#9736,1.);
#9736 = DIRECTION('',(0.,0.,1.));
#9737 = ORIENTED_EDGE('',*,*,#9738,.T.);
#9738 = EDGE_CURVE('',#9729,#9739,#9741,.T.);
#9739 = VERTEX_POINT('',#9740);
#9740 = CARTESIAN_POINT('',(213.36,4.7244E+03,3.1242E+03));
#9741 = LINE('',#9742,#9743);
#9742 = CARTESIAN_POINT('',(213.36,4.191E+03,3.1242E+03));
#9743 = VECTOR('',#9744,1.);
#9744 = DIRECTION('',(-0.,1.,0.));
#9745 = ORIENTED_EDGE('',*,*,#9746,.T.);
#9746 = EDGE_CURVE('',#9739,#9747,#9749,.T.);
#9747 = VERTEX_POINT('',#9748);
#9748 = CARTESIAN_POINT('',(213.36,4.7244E+03,3.97764E+03));
#9749 = LINE('',#9750,#9751);
#9750 = CARTESIAN_POINT('',(213.36,4.7244E+03,3.1242E+03));
#9751 = VECTOR('',#9752,1.);
#9752 = DIRECTION('',(0.,0.,1.));
#9753 = ORIENTED_EDGE('',*,*,#9754,.F.);
#9754 = EDGE_CURVE('',#9731,#9747,#9755,.T.);
#9755 = LINE('',#9756,#9757);
#9756 = CARTESIAN_POINT('',(213.36,4.191E+03,3.97764E+03));
#9757 = VECTOR('',#9758,1.);
#9758 = DIRECTION('',(-0.,1.,0.));
#9759 = PLANE('',#9760);
#9760 = AXIS2_PLACEMENT_3D('',#9761,#9762,#9763);
#9761 = CARTESIAN_POINT('',(213.36,4.191E+03,3.1242E+03));
#9762 = DIRECTION('',(1.,0.,-0.));
#9763 = DIRECTION('',(0.,0.,1.));
#9764 = ADVANCED_FACE('',(#9765),#9799,.T.);
#9765 = FACE_BOUND('',#9766,.T.);
#9766 = EDGE_LOOP('',(#9767,#9777,#9785,#9793));
#9767 = ORIENTED_EDGE('',*,*,#9768,.F.);
#9768 = EDGE_CURVE('',#9769,#9771,#9773,.T.);
#9769 = VERTEX_POINT('',#9770);
#9770 = CARTESIAN_POINT('',(944.88,4.191E+03,3.1242E+03));
#9771 = VERTEX_POINT('',#9772);
#9772 = CARTESIAN_POINT('',(944.88,4.191E+03,3.97764E+03));
#9773 = LINE('',#9774,#9775);
#9774 = CARTESIAN_POINT('',(944.88,4.191E+03,3.1242E+03));
#9775 = VECTOR('',#9776,1.);
#9776 = DIRECTION('',(0.,0.,1.));
#9777 = ORIENTED_EDGE('',*,*,#9778,.T.);
#9778 = EDGE_CURVE('',#9769,#9779,#9781,.T.);
#9779 = VERTEX_POINT('',#9780);
#9780 = CARTESIAN_POINT('',(944.88,4.7244E+03,3.1242E+03));
#9781 = LINE('',#9782,#9783);
#9782 = CARTESIAN_POINT('',(944.88,4.191E+03,3.1242E+03));
#9783 = VECTOR('',#9784,1.);
#9784 = DIRECTION('',(-0.,1.,0.));
#9785 = ORIENTED_EDGE('',*,*,#9786,.T.);
#9786 = EDGE_CURVE('',#9779,#9787,#9789,.T.);
#9787 = VERTEX_POINT('',#9788);
#9788 = CARTESIAN_POINT('',(944.88,4.7244E+03,3.97764E+03));
#9789 = LINE('',#9790,#9791);
#9790 = CARTESIAN_POINT('',(944.88,4.7244E+03,3.1242E+03));
#9791 = VECTOR('',#9792,1.);
#9792 = DIRECTION('',(0.,0.,1.));
#9793 = ORIENTED_EDGE('',*,*,#9794,.F.);
#9794 = EDGE_CURVE('',#9771,#9787,#9795,.T.);
#9795 = LINE('',#9796,#9797);
#9796 = CARTESIAN_POINT('',(944.88,4.191E+03,3.97764E+03));
#9797 = VECTOR('',#9798,1.);
#9798 = DIRECTION('',(-0.,1.,0.));
#9799 = PLANE('',#9800);
#9800 = AXIS2_PLACEMENT_3D('',#9801,#9802,#9803);
#9801 = CARTESIAN_POINT('',(944.88,4.191E+03,3.1242E+03));
#9802 = DIRECTION('',(1.,0.,-0.));
#9803 = DIRECTION('',(0.,0.,1.));
#9804 = ADVANCED_FACE('',(#9805),#9821,.F.);
#9805 = FACE_BOUND('',#9806,.F.);
#9806 = EDGE_LOOP('',(#9807,#9813,#9814,#9820));
#9807 = ORIENTED_EDGE('',*,*,#9808,.F.);
#9808 = EDGE_CURVE('',#9729,#9769,#9809,.T.);
#9809 = LINE('',#9810,#9811);
#9810 = CARTESIAN_POINT('',(213.36,4.191E+03,3.1242E+03));
#9811 = VECTOR('',#9812,1.);
#9812 = DIRECTION('',(1.,0.,-0.));
#9813 = ORIENTED_EDGE('',*,*,#9728,.T.);
#9814 = ORIENTED_EDGE('',*,*,#9815,.T.);
#9815 = EDGE_CURVE('',#9731,#9771,#9816,.T.);
#9816 = LINE('',#9817,#9818);
#9817 = CARTESIAN_POINT('',(213.36,4.191E+03,3.97764E+03));
#9818 = VECTOR('',#9819,1.);
#9819 = DIRECTION('',(1.,0.,-0.));
#9820 = ORIENTED_EDGE('',*,*,#9768,.F.);
#9821 = PLANE('',#9822);
#9822 = AXIS2_PLACEMENT_3D('',#9823,#9824,#9825);
#9823 = CARTESIAN_POINT('',(213.36,4.191E+03,3.1242E+03));
#9824 = DIRECTION('',(-0.,1.,0.));
#9825 = DIRECTION('',(0.,0.,1.));
#9826 = ADVANCED_FACE('',(#9827),#9843,.T.);
#9827 = FACE_BOUND('',#9828,.T.);
#9828 = EDGE_LOOP('',(#9829,#9835,#9836,#9842));
#9829 = ORIENTED_EDGE('',*,*,#9830,.F.);
#9830 = EDGE_CURVE('',#9739,#9779,#9831,.T.);
#9831 = LINE('',#9832,#9833);
#9832 = CARTESIAN_POINT('',(213.36,4.7244E+03,3.1242E+03));
#9833 = VECTOR('',#9834,1.);
#9834 = DIRECTION('',(1.,0.,-0.));
#9835 = ORIENTED_EDGE('',*,*,#9746,.T.);
#9836 = ORIENTED_EDGE('',*,*,#9837,.T.);
#9837 = EDGE_CURVE('',#9747,#9787,#9838,.T.);
#9838 = LINE('',#9839,#9840);
#9839 = CARTESIAN_POINT('',(213.36,4.7244E+03,3.97764E+03));
#9840 = VECTOR('',#9841,1.);
#9841 = DIRECTION('',(1.,0.,-0.));
#9842 = ORIENTED_EDGE('',*,*,#9786,.F.);
#9843 = PLANE('',#9844);
#9844 = AXIS2_PLACEMENT_3D('',#9845,#9846,#9847);
#9845 = CARTESIAN_POINT('',(213.36,4.7244E+03,3.1242E+03));
#9846 = DIRECTION('',(-0.,1.,0.));
#9847 = DIRECTION('',(0.,0.,1.));
#9848 = ADVANCED_FACE('',(#9849),#9855,.F.);
#9849 = FACE_BOUND('',#9850,.F.);
#9850 = EDGE_LOOP('',(#9851,#9852,#9853,#9854));
#9851 = ORIENTED_EDGE('',*,*,#9738,.F.);
#9852 = ORIENTED_EDGE('',*,*,#9808,.T.);
#9853 = ORIENTED_EDGE('',*,*,#9778,.T.);
#9854 = ORIENTED_EDGE('',*,*,#9830,.F.);
#9855 = PLANE('',#9856);
#9856 = AXIS2_PLACEMENT_3D('',#9857,#9858,#9859);
#9857 = CARTESIAN_POINT('',(213.36,4.191E+03,3.1242E+03));
#9858 = DIRECTION('',(0.,0.,1.));
#9859 = DIRECTION('',(1.,0.,-0.));
#9860 = ADVANCED_FACE('',(#9861),#9867,.T.);
#9861 = FACE_BOUND('',#9862,.T.);
#9862 = EDGE_LOOP('',(#9863,#9864,#9865,#9866));
#9863 = ORIENTED_EDGE('',*,*,#9754,.F.);
#9864 = ORIENTED_EDGE('',*,*,#9815,.T.);
#9865 = ORIENTED_EDGE('',*,*,#9794,.T.);
#9866 = ORIENTED_EDGE('',*,*,#9837,.F.);
#9867 = PLANE('',#9868);
#9868 = AXIS2_PLACEMENT_3D('',#9869,#9870,#9871);
#9869 = CARTESIAN_POINT('',(213.36,4.191E+03,3.97764E+03));
#9870 = DIRECTION('',(0.,0.,1.));
#9871 = DIRECTION('',(1.,0.,-0.));
#9872 = ( GEOMETRIC_REPRESENTATION_CONTEXT(3) 
GLOBAL_UNCERTAINTY_ASSIGNED_CONTEXT((#9876)) 
GLOBAL_UNIT_ASSIGNED_CONTEXT((#9873,#9874,#9875)) REPRESENTATION_CONTEXT
('Context #1','3D Context with UNIT and UNCERTAINTY') );
#9873 = ( LENGTH_UNIT() NAMED_UNIT(*) SI_UNIT(.MILLI.,.METRE.) );
#9874 = ( NAMED_UNIT(*) PLANE_ANGLE_UNIT() SI_UNIT($,.RADIAN.) );
#9875 = ( NAMED_UNIT(*) SI_UNIT($,.STERADIAN.) SOLID_ANGLE_UNIT() );
#9876 = UNCERTAINTY_MEASURE_WITH_UNIT(LENGTH_MEASURE(1.E-07),#9873,
  'distance_accuracy_value','confusion accuracy');
#9877 = CONTEXT_DEPENDENT_SHAPE_REPRESENTATION(#9878,#9880);
#9878 = ( REPRESENTATION_RELATIONSHIP('','',#9721,#10) 
REPRESENTATION_RELATIONSHIP_WITH_TRANSFORMATION(#9879) 
SHAPE_REPRESENTATION_RELATIONSHIP() );
#9879 = ITEM_DEFINED_TRANSFORMATION('','',#11,#195);
#9880 = PRODUCT_DEFINITION_SHAPE('Placement','Placement of an item',
  #9881);
#9881 = NEXT_ASSEMBLY_USAGE_OCCURRENCE('46','L2 vanity','',#5,#9716,$);
#9882 = PRODUCT_RELATED_PRODUCT_CATEGORY('part',$,(#9718));
#9883 = SHAPE_DEFINITION_REPRESENTATION(#9884,#9890);
#9884 = PRODUCT_DEFINITION_SHAPE('','',#9885);
#9885 = PRODUCT_DEFINITION('design','',#9886,#9889);
#9886 = PRODUCT_DEFINITION_FORMATION('','',#9887);
#9887 = PRODUCT('L2 west exterior wall','L2 west exterior wall','',(
    #9888));
#9888 = PRODUCT_CONTEXT('',#2,'mechanical');
#9889 = PRODUCT_DEFINITION_CONTEXT('part definition',#2,'design');
#9890 = ADVANCED_BREP_SHAPE_REPRESENTATION('',(#11,#9891),#10313);
#9891 = MANIFOLD_SOLID_BREP('',#9892);
#9892 = CLOSED_SHELL('',(#9893,#10001,#10032,#10056,#10080,#10097,#10128
    ,#10152,#10176,#10193,#10224,#10248,#10272,#10289));
#9893 = ADVANCED_FACE('',(#9894,#9928,#9962),#9996,.F.);
#9894 = FACE_BOUND('',#9895,.F.);
#9895 = EDGE_LOOP('',(#9896,#9906,#9914,#9922));
#9896 = ORIENTED_EDGE('',*,*,#9897,.F.);
#9897 = EDGE_CURVE('',#9898,#9900,#9902,.T.);
#9898 = VERTEX_POINT('',#9899);
#9899 = CARTESIAN_POINT('',(0.,0.,3.1242E+03));
#9900 = VERTEX_POINT('',#9901);
#9901 = CARTESIAN_POINT('',(0.,0.,4.8768E+03));
#9902 = LINE('',#9903,#9904);
#9903 = CARTESIAN_POINT('',(0.,0.,3.1242E+03));
#9904 = VECTOR('',#9905,1.);
#9905 = DIRECTION('',(0.,0.,1.));
#9906 = ORIENTED_EDGE('',*,*,#9907,.T.);
#9907 = EDGE_CURVE('',#9898,#9908,#9910,.T.);
#9908 = VERTEX_POINT('',#9909);
#9909 = CARTESIAN_POINT('',(0.,6.096E+03,3.1242E+03));
#9910 = LINE('',#9911,#9912);
#9911 = CARTESIAN_POINT('',(0.,0.,3.1242E+03));
#9912 = VECTOR('',#9913,1.);
#9913 = DIRECTION('',(-0.,1.,0.));
#9914 = ORIENTED_EDGE('',*,*,#9915,.T.);
#9915 = EDGE_CURVE('',#9908,#9916,#9918,.T.);
#9916 = VERTEX_POINT('',#9917);
#9917 = CARTESIAN_POINT('',(0.,6.096E+03,4.8768E+03));
#9918 = LINE('',#9919,#9920);
#9919 = CARTESIAN_POINT('',(0.,6.096E+03,3.1242E+03));
#9920 = VECTOR('',#9921,1.);
#9921 = DIRECTION('',(0.,0.,1.));
#9922 = ORIENTED_EDGE('',*,*,#9923,.F.);
#9923 = EDGE_CURVE('',#9900,#9916,#9924,.T.);
#9924 = LINE('',#9925,#9926);
#9925 = CARTESIAN_POINT('',(0.,0.,4.8768E+03));
#9926 = VECTOR('',#9927,1.);
#9927 = DIRECTION('',(-0.,1.,0.));
#9928 = FACE_BOUND('',#9929,.F.);
#9929 = EDGE_LOOP('',(#9930,#9940,#9948,#9956));
#9930 = ORIENTED_EDGE('',*,*,#9931,.T.);
#9931 = EDGE_CURVE('',#9932,#9934,#9936,.T.);
#9932 = VERTEX_POINT('',#9933);
#9933 = CARTESIAN_POINT('',(0.,4.32816E+03,3.97764E+03));
#9934 = VERTEX_POINT('',#9935);
#9935 = CARTESIAN_POINT('',(0.,3.71856E+03,3.97764E+03));
#9936 = LINE('',#9937,#9938);
#9937 = CARTESIAN_POINT('',(0.,1.85928E+03,3.97764E+03));
#9938 = VECTOR('',#9939,1.);
#9939 = DIRECTION('',(0.,-1.,0.));
#9940 = ORIENTED_EDGE('',*,*,#9941,.T.);
#9941 = EDGE_CURVE('',#9934,#9942,#9944,.T.);
#9942 = VERTEX_POINT('',#9943);
#9943 = CARTESIAN_POINT('',(0.,3.71856E+03,4.73964E+03));
#9944 = LINE('',#9945,#9946);
#9945 = CARTESIAN_POINT('',(0.,3.71856E+03,3.55092E+03));
#9946 = VECTOR('',#9947,1.);
#9947 = DIRECTION('',(0.,0.,1.));
#9948 = ORIENTED_EDGE('',*,*,#9949,.F.);
#9949 = EDGE_CURVE('',#9950,#9942,#9952,.T.);
#9950 = VERTEX_POINT('',#9951);
#9951 = CARTESIAN_POINT('',(0.,4.32816E+03,4.73964E+03));
#9952 = LINE('',#9953,#9954);
#9953 = CARTESIAN_POINT('',(0.,1.85928E+03,4.73964E+03));
#9954 = VECTOR('',#9955,1.);
#9955 = DIRECTION('',(0.,-1.,0.));
#9956 = ORIENTED_EDGE('',*,*,#9957,.F.);
#9957 = EDGE_CURVE('',#9932,#9950,#9958,.T.);
#9958 = LINE('',#9959,#9960);
#9959 = CARTESIAN_POINT('',(0.,4.32816E+03,3.55092E+03));
#9960 = VECTOR('',#9961,1.);
#9961 = DIRECTION('',(0.,0.,1.));
#9962 = FACE_BOUND('',#9963,.F.);
#9963 = EDGE_LOOP('',(#9964,#9974,#9982,#9990));
#9964 = ORIENTED_EDGE('',*,*,#9965,.T.);
#9965 = EDGE_CURVE('',#9966,#9968,#9970,.T.);
#9966 = VERTEX_POINT('',#9967);
#9967 = CARTESIAN_POINT('',(0.,1.76784E+03,3.82524E+03));
#9968 = VERTEX_POINT('',#9969);
#9969 = CARTESIAN_POINT('',(0.,1.00584E+03,3.82524E+03));
#9970 = LINE('',#9971,#9972);
#9971 = CARTESIAN_POINT('',(0.,502.92,3.82524E+03));
#9972 = VECTOR('',#9973,1.);
#9973 = DIRECTION('',(0.,-1.,0.));
#9974 = ORIENTED_EDGE('',*,*,#9975,.T.);
#9975 = EDGE_CURVE('',#9968,#9976,#9978,.T.);
#9976 = VERTEX_POINT('',#9977);
#9977 = CARTESIAN_POINT('',(0.,1.00584E+03,4.8006E+03));
#9978 = LINE('',#9979,#9980);
#9979 = CARTESIAN_POINT('',(0.,1.00584E+03,3.47472E+03));
#9980 = VECTOR('',#9981,1.);
#9981 = DIRECTION('',(0.,0.,1.));
#9982 = ORIENTED_EDGE('',*,*,#9983,.F.);
#9983 = EDGE_CURVE('',#9984,#9976,#9986,.T.);
#9984 = VERTEX_POINT('',#9985);
#9985 = CARTESIAN_POINT('',(0.,1.76784E+03,4.8006E+03));
#9986 = LINE('',#9987,#9988);
#9987 = CARTESIAN_POINT('',(0.,502.92,4.8006E+03));
#9988 = VECTOR('',#9989,1.);
#9989 = DIRECTION('',(0.,-1.,0.));
#9990 = ORIENTED_EDGE('',*,*,#9991,.F.);
#9991 = EDGE_CURVE('',#9966,#9984,#9992,.T.);
#9992 = LINE('',#9993,#9994);
#9993 = CARTESIAN_POINT('',(0.,1.76784E+03,3.47472E+03));
#9994 = VECTOR('',#9995,1.);
#9995 = DIRECTION('',(0.,0.,1.));
#9996 = PLANE('',#9997);
#9997 = AXIS2_PLACEMENT_3D('',#9998,#9999,#10000);
#9998 = CARTESIAN_POINT('',(0.,0.,3.1242E+03));
#9999 = DIRECTION('',(1.,0.,-0.));
#10000 = DIRECTION('',(0.,0.,1.));
#10001 = ADVANCED_FACE('',(#10002),#10027,.F.);
#10002 = FACE_BOUND('',#10003,.F.);
#10003 = EDGE_LOOP('',(#10004,#10012,#10013,#10021));
#10004 = ORIENTED_EDGE('',*,*,#10005,.F.);
#10005 = EDGE_CURVE('',#9898,#10006,#10008,.T.);
#10006 = VERTEX_POINT('',#10007);
#10007 = CARTESIAN_POINT('',(152.4,0.,3.1242E+03));
#10008 = LINE('',#10009,#10010);
#10009 = CARTESIAN_POINT('',(0.,0.,3.1242E+03));
#10010 = VECTOR('',#10011,1.);
#10011 = DIRECTION('',(1.,0.,-0.));
#10012 = ORIENTED_EDGE('',*,*,#9897,.T.);
#10013 = ORIENTED_EDGE('',*,*,#10014,.T.);
#10014 = EDGE_CURVE('',#9900,#10015,#10017,.T.);
#10015 = VERTEX_POINT('',#10016);
#10016 = CARTESIAN_POINT('',(152.4,0.,4.8768E+03));
#10017 = LINE('',#10018,#10019);
#10018 = CARTESIAN_POINT('',(0.,0.,4.8768E+03));
#10019 = VECTOR('',#10020,1.);
#10020 = DIRECTION('',(1.,0.,-0.));
#10021 = ORIENTED_EDGE('',*,*,#10022,.F.);
#10022 = EDGE_CURVE('',#10006,#10015,#10023,.T.);
#10023 = LINE('',#10024,#10025);
#10024 = CARTESIAN_POINT('',(152.4,0.,3.1242E+03));
#10025 = VECTOR('',#10026,1.);
#10026 = DIRECTION('',(0.,0.,1.));
#10027 = PLANE('',#10028);
#10028 = AXIS2_PLACEMENT_3D('',#10029,#10030,#10031);
#10029 = CARTESIAN_POINT('',(0.,0.,3.1242E+03));
#10030 = DIRECTION('',(-0.,1.,0.));
#10031 = DIRECTION('',(0.,0.,1.));
#10032 = ADVANCED_FACE('',(#10033),#10051,.T.);
#10033 = FACE_BOUND('',#10034,.T.);
#10034 = EDGE_LOOP('',(#10035,#10036,#10037,#10045));
#10035 = ORIENTED_EDGE('',*,*,#9923,.F.);
#10036 = ORIENTED_EDGE('',*,*,#10014,.T.);
#10037 = ORIENTED_EDGE('',*,*,#10038,.T.);
#10038 = EDGE_CURVE('',#10015,#10039,#10041,.T.);
#10039 = VERTEX_POINT('',#10040);
#10040 = CARTESIAN_POINT('',(152.4,6.096E+03,4.8768E+03));
#10041 = LINE('',#10042,#10043);
#10042 = CARTESIAN_POINT('',(152.4,0.,4.8768E+03));
#10043 = VECTOR('',#10044,1.);
#10044 = DIRECTION('',(-0.,1.,0.));
#10045 = ORIENTED_EDGE('',*,*,#10046,.F.);
#10046 = EDGE_CURVE('',#9916,#10039,#10047,.T.);
#10047 = LINE('',#10048,#10049);
#10048 = CARTESIAN_POINT('',(0.,6.096E+03,4.8768E+03));
#10049 = VECTOR('',#10050,1.);
#10050 = DIRECTION('',(1.,0.,-0.));
#10051 = PLANE('',#10052);
#10052 = AXIS2_PLACEMENT_3D('',#10053,#10054,#10055);
#10053 = CARTESIAN_POINT('',(0.,0.,4.8768E+03));
#10054 = DIRECTION('',(0.,0.,1.));
#10055 = DIRECTION('',(1.,0.,-0.));
#10056 = ADVANCED_FACE('',(#10057),#10075,.F.);
#10057 = FACE_BOUND('',#10058,.F.);
#10058 = EDGE_LOOP('',(#10059,#10060,#10061,#10069));
#10059 = ORIENTED_EDGE('',*,*,#9907,.F.);
#10060 = ORIENTED_EDGE('',*,*,#10005,.T.);
#10061 = ORIENTED_EDGE('',*,*,#10062,.T.);
#10062 = EDGE_CURVE('',#10006,#10063,#10065,.T.);
#10063 = VERTEX_POINT('',#10064);
#10064 = CARTESIAN_POINT('',(152.4,6.096E+03,3.1242E+03));
#10065 = LINE('',#10066,#10067);
#10066 = CARTESIAN_POINT('',(152.4,0.,3.1242E+03));
#10067 = VECTOR('',#10068,1.);
#10068 = DIRECTION('',(-0.,1.,0.));
#10069 = ORIENTED_EDGE('',*,*,#10070,.F.);
#10070 = EDGE_CURVE('',#9908,#10063,#10071,.T.);
#10071 = LINE('',#10072,#10073);
#10072 = CARTESIAN_POINT('',(0.,6.096E+03,3.1242E+03));
#10073 = VECTOR('',#10074,1.);
#10074 = DIRECTION('',(1.,0.,-0.));
#10075 = PLANE('',#10076);
#10076 = AXIS2_PLACEMENT_3D('',#10077,#10078,#10079);
#10077 = CARTESIAN_POINT('',(0.,0.,3.1242E+03));
#10078 = DIRECTION('',(0.,0.,1.));
#10079 = DIRECTION('',(1.,0.,-0.));
#10080 = ADVANCED_FACE('',(#10081),#10092,.T.);
#10081 = FACE_BOUND('',#10082,.T.);
#10082 = EDGE_LOOP('',(#10083,#10084,#10085,#10086));
#10083 = ORIENTED_EDGE('',*,*,#10070,.F.);
#10084 = ORIENTED_EDGE('',*,*,#9915,.T.);
#10085 = ORIENTED_EDGE('',*,*,#10046,.T.);
#10086 = ORIENTED_EDGE('',*,*,#10087,.F.);
#10087 = EDGE_CURVE('',#10063,#10039,#10088,.T.);
#10088 = LINE('',#10089,#10090);
#10089 = CARTESIAN_POINT('',(152.4,6.096E+03,3.1242E+03));
#10090 = VECTOR('',#10091,1.);
#10091 = DIRECTION('',(0.,0.,1.));
#10092 = PLANE('',#10093);
#10093 = AXIS2_PLACEMENT_3D('',#10094,#10095,#10096);
#10094 = CARTESIAN_POINT('',(0.,6.096E+03,3.1242E+03));
#10095 = DIRECTION('',(-0.,1.,0.));
#10096 = DIRECTION('',(0.,0.,1.));
#10097 = ADVANCED_FACE('',(#10098),#10123,.T.);
#10098 = FACE_BOUND('',#10099,.T.);
#10099 = EDGE_LOOP('',(#10100,#10108,#10109,#10117));
#10100 = ORIENTED_EDGE('',*,*,#10101,.F.);
#10101 = EDGE_CURVE('',#9932,#10102,#10104,.T.);
#10102 = VERTEX_POINT('',#10103);
#10103 = CARTESIAN_POINT('',(152.4,4.32816E+03,3.97764E+03));
#10104 = LINE('',#10105,#10106);
#10105 = CARTESIAN_POINT('',(-15.24,4.32816E+03,3.97764E+03));
#10106 = VECTOR('',#10107,1.);
#10107 = DIRECTION('',(1.,0.,-0.));
#10108 = ORIENTED_EDGE('',*,*,#9931,.T.);
#10109 = ORIENTED_EDGE('',*,*,#10110,.T.);
#10110 = EDGE_CURVE('',#9934,#10111,#10113,.T.);
#10111 = VERTEX_POINT('',#10112);
#10112 = CARTESIAN_POINT('',(152.4,3.71856E+03,3.97764E+03));
#10113 = LINE('',#10114,#10115);
#10114 = CARTESIAN_POINT('',(-15.24,3.71856E+03,3.97764E+03));
#10115 = VECTOR('',#10116,1.);
#10116 = DIRECTION('',(1.,0.,-0.));
#10117 = ORIENTED_EDGE('',*,*,#10118,.F.);
#10118 = EDGE_CURVE('',#10102,#10111,#10119,.T.);
#10119 = LINE('',#10120,#10121);
#10120 = CARTESIAN_POINT('',(152.4,1.85928E+03,3.97764E+03));
#10121 = VECTOR('',#10122,1.);
#10122 = DIRECTION('',(0.,-1.,0.));
#10123 = PLANE('',#10124);
#10124 = AXIS2_PLACEMENT_3D('',#10125,#10126,#10127);
#10125 = CARTESIAN_POINT('',(-15.24,3.71856E+03,3.97764E+03));
#10126 = DIRECTION('',(0.,0.,1.));
#10127 = DIRECTION('',(1.,0.,-0.));
#10128 = ADVANCED_FACE('',(#10129),#10147,.F.);
#10129 = FACE_BOUND('',#10130,.F.);
#10130 = EDGE_LOOP('',(#10131,#10132,#10133,#10141));
#10131 = ORIENTED_EDGE('',*,*,#10101,.F.);
#10132 = ORIENTED_EDGE('',*,*,#9957,.T.);
#10133 = ORIENTED_EDGE('',*,*,#10134,.T.);
#10134 = EDGE_CURVE('',#9950,#10135,#10137,.T.);
#10135 = VERTEX_POINT('',#10136);
#10136 = CARTESIAN_POINT('',(152.4,4.32816E+03,4.73964E+03));
#10137 = LINE('',#10138,#10139);
#10138 = CARTESIAN_POINT('',(-15.24,4.32816E+03,4.73964E+03));
#10139 = VECTOR('',#10140,1.);
#10140 = DIRECTION('',(1.,0.,-0.));
#10141 = ORIENTED_EDGE('',*,*,#10142,.F.);
#10142 = EDGE_CURVE('',#10102,#10135,#10143,.T.);
#10143 = LINE('',#10144,#10145);
#10144 = CARTESIAN_POINT('',(152.4,4.32816E+03,3.55092E+03));
#10145 = VECTOR('',#10146,1.);
#10146 = DIRECTION('',(0.,0.,1.));
#10147 = PLANE('',#10148);
#10148 = AXIS2_PLACEMENT_3D('',#10149,#10150,#10151);
#10149 = CARTESIAN_POINT('',(-15.24,4.32816E+03,3.97764E+03));
#10150 = DIRECTION('',(-0.,1.,0.));
#10151 = DIRECTION('',(0.,0.,1.));
#10152 = ADVANCED_FACE('',(#10153),#10171,.F.);
#10153 = FACE_BOUND('',#10154,.F.);
#10154 = EDGE_LOOP('',(#10155,#10156,#10157,#10165));
#10155 = ORIENTED_EDGE('',*,*,#10134,.F.);
#10156 = ORIENTED_EDGE('',*,*,#9949,.T.);
#10157 = ORIENTED_EDGE('',*,*,#10158,.T.);
#10158 = EDGE_CURVE('',#9942,#10159,#10161,.T.);
#10159 = VERTEX_POINT('',#10160);
#10160 = CARTESIAN_POINT('',(152.4,3.71856E+03,4.73964E+03));
#10161 = LINE('',#10162,#10163);
#10162 = CARTESIAN_POINT('',(-15.24,3.71856E+03,4.73964E+03));
#10163 = VECTOR('',#10164,1.);
#10164 = DIRECTION('',(1.,0.,-0.));
#10165 = ORIENTED_EDGE('',*,*,#10166,.F.);
#10166 = EDGE_CURVE('',#10135,#10159,#10167,.T.);
#10167 = LINE('',#10168,#10169);
#10168 = CARTESIAN_POINT('',(152.4,1.85928E+03,4.73964E+03));
#10169 = VECTOR('',#10170,1.);
#10170 = DIRECTION('',(0.,-1.,0.));
#10171 = PLANE('',#10172);
#10172 = AXIS2_PLACEMENT_3D('',#10173,#10174,#10175);
#10173 = CARTESIAN_POINT('',(-15.24,3.71856E+03,4.73964E+03));
#10174 = DIRECTION('',(0.,0.,1.));
#10175 = DIRECTION('',(1.,0.,-0.));
#10176 = ADVANCED_FACE('',(#10177),#10188,.T.);
#10177 = FACE_BOUND('',#10178,.T.);
#10178 = EDGE_LOOP('',(#10179,#10180,#10181,#10182));
#10179 = ORIENTED_EDGE('',*,*,#10110,.F.);
#10180 = ORIENTED_EDGE('',*,*,#9941,.T.);
#10181 = ORIENTED_EDGE('',*,*,#10158,.T.);
#10182 = ORIENTED_EDGE('',*,*,#10183,.F.);
#10183 = EDGE_CURVE('',#10111,#10159,#10184,.T.);
#10184 = LINE('',#10185,#10186);
#10185 = CARTESIAN_POINT('',(152.4,3.71856E+03,3.55092E+03));
#10186 = VECTOR('',#10187,1.);
#10187 = DIRECTION('',(0.,0.,1.));
#10188 = PLANE('',#10189);
#10189 = AXIS2_PLACEMENT_3D('',#10190,#10191,#10192);
#10190 = CARTESIAN_POINT('',(-15.24,3.71856E+03,3.97764E+03));
#10191 = DIRECTION('',(-0.,1.,0.));
#10192 = DIRECTION('',(0.,0.,1.));
#10193 = ADVANCED_FACE('',(#10194),#10219,.T.);
#10194 = FACE_BOUND('',#10195,.T.);
#10195 = EDGE_LOOP('',(#10196,#10204,#10205,#10213));
#10196 = ORIENTED_EDGE('',*,*,#10197,.F.);
#10197 = EDGE_CURVE('',#9966,#10198,#10200,.T.);
#10198 = VERTEX_POINT('',#10199);
#10199 = CARTESIAN_POINT('',(152.4,1.76784E+03,3.82524E+03));
#10200 = LINE('',#10201,#10202);
#10201 = CARTESIAN_POINT('',(-15.24,1.76784E+03,3.82524E+03));
#10202 = VECTOR('',#10203,1.);
#10203 = DIRECTION('',(1.,0.,-0.));
#10204 = ORIENTED_EDGE('',*,*,#9965,.T.);
#10205 = ORIENTED_EDGE('',*,*,#10206,.T.);
#10206 = EDGE_CURVE('',#9968,#10207,#10209,.T.);
#10207 = VERTEX_POINT('',#10208);
#10208 = CARTESIAN_POINT('',(152.4,1.00584E+03,3.82524E+03));
#10209 = LINE('',#10210,#10211);
#10210 = CARTESIAN_POINT('',(-15.24,1.00584E+03,3.82524E+03));
#10211 = VECTOR('',#10212,1.);
#10212 = DIRECTION('',(1.,0.,-0.));
#10213 = ORIENTED_EDGE('',*,*,#10214,.F.);
#10214 = EDGE_CURVE('',#10198,#10207,#10215,.T.);
#10215 = LINE('',#10216,#10217);
#10216 = CARTESIAN_POINT('',(152.4,502.92,3.82524E+03));
#10217 = VECTOR('',#10218,1.);
#10218 = DIRECTION('',(0.,-1.,0.));
#10219 = PLANE('',#10220);
#10220 = AXIS2_PLACEMENT_3D('',#10221,#10222,#10223);
#10221 = CARTESIAN_POINT('',(-15.24,1.00584E+03,3.82524E+03));
#10222 = DIRECTION('',(0.,0.,1.));
#10223 = DIRECTION('',(1.,0.,-0.));
#10224 = ADVANCED_FACE('',(#10225),#10243,.F.);
#10225 = FACE_BOUND('',#10226,.F.);
#10226 = EDGE_LOOP('',(#10227,#10228,#10229,#10237));
#10227 = ORIENTED_EDGE('',*,*,#10197,.F.);
#10228 = ORIENTED_EDGE('',*,*,#9991,.T.);
#10229 = ORIENTED_EDGE('',*,*,#10230,.T.);
#10230 = EDGE_CURVE('',#9984,#10231,#10233,.T.);
#10231 = VERTEX_POINT('',#10232);
#10232 = CARTESIAN_POINT('',(152.4,1.76784E+03,4.8006E+03));
#10233 = LINE('',#10234,#10235);
#10234 = CARTESIAN_POINT('',(-15.24,1.76784E+03,4.8006E+03));
#10235 = VECTOR('',#10236,1.);
#10236 = DIRECTION('',(1.,0.,-0.));
#10237 = ORIENTED_EDGE('',*,*,#10238,.F.);
#10238 = EDGE_CURVE('',#10198,#10231,#10239,.T.);
#10239 = LINE('',#10240,#10241);
#10240 = CARTESIAN_POINT('',(152.4,1.76784E+03,3.47472E+03));
#10241 = VECTOR('',#10242,1.);
#10242 = DIRECTION('',(0.,0.,1.));
#10243 = PLANE('',#10244);
#10244 = AXIS2_PLACEMENT_3D('',#10245,#10246,#10247);
#10245 = CARTESIAN_POINT('',(-15.24,1.76784E+03,3.82524E+03));
#10246 = DIRECTION('',(-0.,1.,0.));
#10247 = DIRECTION('',(0.,0.,1.));
#10248 = ADVANCED_FACE('',(#10249),#10267,.T.);
#10249 = FACE_BOUND('',#10250,.T.);
#10250 = EDGE_LOOP('',(#10251,#10252,#10253,#10261));
#10251 = ORIENTED_EDGE('',*,*,#10206,.F.);
#10252 = ORIENTED_EDGE('',*,*,#9975,.T.);
#10253 = ORIENTED_EDGE('',*,*,#10254,.T.);
#10254 = EDGE_CURVE('',#9976,#10255,#10257,.T.);
#10255 = VERTEX_POINT('',#10256);
#10256 = CARTESIAN_POINT('',(152.4,1.00584E+03,4.8006E+03));
#10257 = LINE('',#10258,#10259);
#10258 = CARTESIAN_POINT('',(-15.24,1.00584E+03,4.8006E+03));
#10259 = VECTOR('',#10260,1.);
#10260 = DIRECTION('',(1.,0.,-0.));
#10261 = ORIENTED_EDGE('',*,*,#10262,.F.);
#10262 = EDGE_CURVE('',#10207,#10255,#10263,.T.);
#10263 = LINE('',#10264,#10265);
#10264 = CARTESIAN_POINT('',(152.4,1.00584E+03,3.47472E+03));
#10265 = VECTOR('',#10266,1.);
#10266 = DIRECTION('',(0.,0.,1.));
#10267 = PLANE('',#10268);
#10268 = AXIS2_PLACEMENT_3D('',#10269,#10270,#10271);
#10269 = CARTESIAN_POINT('',(-15.24,1.00584E+03,3.82524E+03));
#10270 = DIRECTION('',(-0.,1.,0.));
#10271 = DIRECTION('',(0.,0.,1.));
#10272 = ADVANCED_FACE('',(#10273),#10284,.F.);
#10273 = FACE_BOUND('',#10274,.F.);
#10274 = EDGE_LOOP('',(#10275,#10276,#10277,#10278));
#10275 = ORIENTED_EDGE('',*,*,#10230,.F.);
#10276 = ORIENTED_EDGE('',*,*,#9983,.T.);
#10277 = ORIENTED_EDGE('',*,*,#10254,.T.);
#10278 = ORIENTED_EDGE('',*,*,#10279,.F.);
#10279 = EDGE_CURVE('',#10231,#10255,#10280,.T.);
#10280 = LINE('',#10281,#10282);
#10281 = CARTESIAN_POINT('',(152.4,502.92,4.8006E+03));
#10282 = VECTOR('',#10283,1.);
#10283 = DIRECTION('',(0.,-1.,0.));
#10284 = PLANE('',#10285);
#10285 = AXIS2_PLACEMENT_3D('',#10286,#10287,#10288);
#10286 = CARTESIAN_POINT('',(-15.24,1.00584E+03,4.8006E+03));
#10287 = DIRECTION('',(0.,0.,1.));
#10288 = DIRECTION('',(1.,0.,-0.));
#10289 = ADVANCED_FACE('',(#10290,#10296,#10302),#10308,.T.);
#10290 = FACE_BOUND('',#10291,.T.);
#10291 = EDGE_LOOP('',(#10292,#10293,#10294,#10295));
#10292 = ORIENTED_EDGE('',*,*,#10022,.F.);
#10293 = ORIENTED_EDGE('',*,*,#10062,.T.);
#10294 = ORIENTED_EDGE('',*,*,#10087,.T.);
#10295 = ORIENTED_EDGE('',*,*,#10038,.F.);
#10296 = FACE_BOUND('',#10297,.T.);
#10297 = EDGE_LOOP('',(#10298,#10299,#10300,#10301));
#10298 = ORIENTED_EDGE('',*,*,#10118,.T.);
#10299 = ORIENTED_EDGE('',*,*,#10183,.T.);
#10300 = ORIENTED_EDGE('',*,*,#10166,.F.);
#10301 = ORIENTED_EDGE('',*,*,#10142,.F.);
#10302 = FACE_BOUND('',#10303,.T.);
#10303 = EDGE_LOOP('',(#10304,#10305,#10306,#10307));
#10304 = ORIENTED_EDGE('',*,*,#10214,.T.);
#10305 = ORIENTED_EDGE('',*,*,#10262,.T.);
#10306 = ORIENTED_EDGE('',*,*,#10279,.F.);
#10307 = ORIENTED_EDGE('',*,*,#10238,.F.);
#10308 = PLANE('',#10309);
#10309 = AXIS2_PLACEMENT_3D('',#10310,#10311,#10312);
#10310 = CARTESIAN_POINT('',(152.4,0.,3.1242E+03));
#10311 = DIRECTION('',(1.,0.,-0.));
#10312 = DIRECTION('',(0.,0.,1.));
#10313 = ( GEOMETRIC_REPRESENTATION_CONTEXT(3) 
GLOBAL_UNCERTAINTY_ASSIGNED_CONTEXT((#10317)) 
GLOBAL_UNIT_ASSIGNED_CONTEXT((#10314,#10315,#10316)) 
REPRESENTATION_CONTEXT('Context #1',
  '3D Context with UNIT and UNCERTAINTY') );
#10314 = ( LENGTH_UNIT() NAMED_UNIT(*) SI_UNIT(.MILLI.,.METRE.) );
#10315 = ( NAMED_UNIT(*) PLANE_ANGLE_UNIT() SI_UNIT($,.RADIAN.) );
#10316 = ( NAMED_UNIT(*) SI_UNIT($,.STERADIAN.) SOLID_ANGLE_UNIT() );
#10317 = UNCERTAINTY_MEASURE_WITH_UNIT(LENGTH_MEASURE(1.E-07),#10314,
  'distance_accuracy_value','confusion accuracy');
#10318 = CONTEXT_DEPENDENT_SHAPE_REPRESENTATION(#10319,#10321);
#10319 = ( REPRESENTATION_RELATIONSHIP('','',#9890,#10) 
REPRESENTATION_RELATIONSHIP_WITH_TRANSFORMATION(#10320) 
SHAPE_REPRESENTATION_RELATIONSHIP() );
#10320 = ITEM_DEFINED_TRANSFORMATION('','',#11,#199);
#10321 = PRODUCT_DEFINITION_SHAPE('Placement','Placement of an item',
  #10322);
#10322 = NEXT_ASSEMBLY_USAGE_OCCURRENCE('47','L2 west exterior wall','',
  #5,#9885,$);
#10323 = PRODUCT_RELATED_PRODUCT_CATEGORY('part',$,(#9887));
#10324 = SHAPE_DEFINITION_REPRESENTATION(#10325,#10331);
#10325 = PRODUCT_DEFINITION_SHAPE('','',#10326);
#10326 = PRODUCT_DEFINITION('design','',#10327,#10330);
#10327 = PRODUCT_DEFINITION_FORMATION('','',#10328);
#10328 = PRODUCT('Level 1 bathroom','Level 1 bathroom','',(#10329));
#10329 = PRODUCT_CONTEXT('',#2,'mechanical');
#10330 = PRODUCT_DEFINITION_CONTEXT('part definition',#2,'design');
#10331 = ADVANCED_BREP_SHAPE_REPRESENTATION('',(#11,#10332),#10482);
#10332 = MANIFOLD_SOLID_BREP('',#10333);
#10333 = CLOSED_SHELL('',(#10334,#10374,#10414,#10436,#10458,#10470));
#10334 = ADVANCED_FACE('',(#10335),#10369,.F.);
#10335 = FACE_BOUND('',#10336,.F.);
#10336 = EDGE_LOOP('',(#10337,#10347,#10355,#10363));
#10337 = ORIENTED_EDGE('',*,*,#10338,.F.);
#10338 = EDGE_CURVE('',#10339,#10341,#10343,.T.);
#10339 = VERTEX_POINT('',#10340);
#10340 = CARTESIAN_POINT('',(2.386584E+03,4.367784E+03,158.496));
#10341 = VERTEX_POINT('',#10342);
#10342 = CARTESIAN_POINT('',(2.386584E+03,4.367784E+03,170.688));
#10343 = LINE('',#10344,#10345);
#10344 = CARTESIAN_POINT('',(2.386584E+03,4.367784E+03,158.496));
#10345 = VECTOR('',#10346,1.);
#10346 = DIRECTION('',(0.,0.,1.));
#10347 = ORIENTED_EDGE('',*,*,#10348,.T.);
#10348 = EDGE_CURVE('',#10339,#10349,#10351,.T.);
#10349 = VERTEX_POINT('',#10350);
#10350 = CARTESIAN_POINT('',(2.386584E+03,5.92836E+03,158.496));
#10351 = LINE('',#10352,#10353);
#10352 = CARTESIAN_POINT('',(2.386584E+03,4.367784E+03,158.496));
#10353 = VECTOR('',#10354,1.);
#10354 = DIRECTION('',(-0.,1.,0.));
#10355 = ORIENTED_EDGE('',*,*,#10356,.T.);
#10356 = EDGE_CURVE('',#10349,#10357,#10359,.T.);
#10357 = VERTEX_POINT('',#10358);
#10358 = CARTESIAN_POINT('',(2.386584E+03,5.92836E+03,170.688));
#10359 = LINE('',#10360,#10361);
#10360 = CARTESIAN_POINT('',(2.386584E+03,5.92836E+03,158.496));
#10361 = VECTOR('',#10362,1.);
#10362 = DIRECTION('',(0.,0.,1.));
#10363 = ORIENTED_EDGE('',*,*,#10364,.F.);
#10364 = EDGE_CURVE('',#10341,#10357,#10365,.T.);
#10365 = LINE('',#10366,#10367);
#10366 = CARTESIAN_POINT('',(2.386584E+03,4.367784E+03,170.688));
#10367 = VECTOR('',#10368,1.);
#10368 = DIRECTION('',(-0.,1.,0.));
#10369 = PLANE('',#10370);
#10370 = AXIS2_PLACEMENT_3D('',#10371,#10372,#10373);
#10371 = CARTESIAN_POINT('',(2.386584E+03,4.367784E+03,158.496));
#10372 = DIRECTION('',(1.,0.,-0.));
#10373 = DIRECTION('',(0.,0.,1.));
#10374 = ADVANCED_FACE('',(#10375),#10409,.T.);
#10375 = FACE_BOUND('',#10376,.T.);
#10376 = EDGE_LOOP('',(#10377,#10387,#10395,#10403));
#10377 = ORIENTED_EDGE('',*,*,#10378,.F.);
#10378 = EDGE_CURVE('',#10379,#10381,#10383,.T.);
#10379 = VERTEX_POINT('',#10380);
#10380 = CARTESIAN_POINT('',(4.166616E+03,4.367784E+03,158.496));
#10381 = VERTEX_POINT('',#10382);
#10382 = CARTESIAN_POINT('',(4.166616E+03,4.367784E+03,170.688));
#10383 = LINE('',#10384,#10385);
#10384 = CARTESIAN_POINT('',(4.166616E+03,4.367784E+03,158.496));
#10385 = VECTOR('',#10386,1.);
#10386 = DIRECTION('',(0.,0.,1.));
#10387 = ORIENTED_EDGE('',*,*,#10388,.T.);
#10388 = EDGE_CURVE('',#10379,#10389,#10391,.T.);
#10389 = VERTEX_POINT('',#10390);
#10390 = CARTESIAN_POINT('',(4.166616E+03,5.92836E+03,158.496));
#10391 = LINE('',#10392,#10393);
#10392 = CARTESIAN_POINT('',(4.166616E+03,4.367784E+03,158.496));
#10393 = VECTOR('',#10394,1.);
#10394 = DIRECTION('',(-0.,1.,0.));
#10395 = ORIENTED_EDGE('',*,*,#10396,.T.);
#10396 = EDGE_CURVE('',#10389,#10397,#10399,.T.);
#10397 = VERTEX_POINT('',#10398);
#10398 = CARTESIAN_POINT('',(4.166616E+03,5.92836E+03,170.688));
#10399 = LINE('',#10400,#10401);
#10400 = CARTESIAN_POINT('',(4.166616E+03,5.92836E+03,158.496));
#10401 = VECTOR('',#10402,1.);
#10402 = DIRECTION('',(0.,0.,1.));
#10403 = ORIENTED_EDGE('',*,*,#10404,.F.);
#10404 = EDGE_CURVE('',#10381,#10397,#10405,.T.);
#10405 = LINE('',#10406,#10407);
#10406 = CARTESIAN_POINT('',(4.166616E+03,4.367784E+03,170.688));
#10407 = VECTOR('',#10408,1.);
#10408 = DIRECTION('',(-0.,1.,0.));
#10409 = PLANE('',#10410);
#10410 = AXIS2_PLACEMENT_3D('',#10411,#10412,#10413);
#10411 = CARTESIAN_POINT('',(4.166616E+03,4.367784E+03,158.496));
#10412 = DIRECTION('',(1.,0.,-0.));
#10413 = DIRECTION('',(0.,0.,1.));
#10414 = ADVANCED_FACE('',(#10415),#10431,.F.);
#10415 = FACE_BOUND('',#10416,.F.);
#10416 = EDGE_LOOP('',(#10417,#10423,#10424,#10430));
#10417 = ORIENTED_EDGE('',*,*,#10418,.F.);
#10418 = EDGE_CURVE('',#10339,#10379,#10419,.T.);
#10419 = LINE('',#10420,#10421);
#10420 = CARTESIAN_POINT('',(2.386584E+03,4.367784E+03,158.496));
#10421 = VECTOR('',#10422,1.);
#10422 = DIRECTION('',(1.,0.,-0.));
#10423 = ORIENTED_EDGE('',*,*,#10338,.T.);
#10424 = ORIENTED_EDGE('',*,*,#10425,.T.);
#10425 = EDGE_CURVE('',#10341,#10381,#10426,.T.);
#10426 = LINE('',#10427,#10428);
#10427 = CARTESIAN_POINT('',(2.386584E+03,4.367784E+03,170.688));
#10428 = VECTOR('',#10429,1.);
#10429 = DIRECTION('',(1.,0.,-0.));
#10430 = ORIENTED_EDGE('',*,*,#10378,.F.);
#10431 = PLANE('',#10432);
#10432 = AXIS2_PLACEMENT_3D('',#10433,#10434,#10435);
#10433 = CARTESIAN_POINT('',(2.386584E+03,4.367784E+03,158.496));
#10434 = DIRECTION('',(-0.,1.,0.));
#10435 = DIRECTION('',(0.,0.,1.));
#10436 = ADVANCED_FACE('',(#10437),#10453,.T.);
#10437 = FACE_BOUND('',#10438,.T.);
#10438 = EDGE_LOOP('',(#10439,#10445,#10446,#10452));
#10439 = ORIENTED_EDGE('',*,*,#10440,.F.);
#10440 = EDGE_CURVE('',#10349,#10389,#10441,.T.);
#10441 = LINE('',#10442,#10443);
#10442 = CARTESIAN_POINT('',(2.386584E+03,5.92836E+03,158.496));
#10443 = VECTOR('',#10444,1.);
#10444 = DIRECTION('',(1.,0.,-0.));
#10445 = ORIENTED_EDGE('',*,*,#10356,.T.);
#10446 = ORIENTED_EDGE('',*,*,#10447,.T.);
#10447 = EDGE_CURVE('',#10357,#10397,#10448,.T.);
#10448 = LINE('',#10449,#10450);
#10449 = CARTESIAN_POINT('',(2.386584E+03,5.92836E+03,170.688));
#10450 = VECTOR('',#10451,1.);
#10451 = DIRECTION('',(1.,0.,-0.));
#10452 = ORIENTED_EDGE('',*,*,#10396,.F.);
#10453 = PLANE('',#10454);
#10454 = AXIS2_PLACEMENT_3D('',#10455,#10456,#10457);
#10455 = CARTESIAN_POINT('',(2.386584E+03,5.92836E+03,158.496));
#10456 = DIRECTION('',(-0.,1.,0.));
#10457 = DIRECTION('',(0.,0.,1.));
#10458 = ADVANCED_FACE('',(#10459),#10465,.F.);
#10459 = FACE_BOUND('',#10460,.F.);
#10460 = EDGE_LOOP('',(#10461,#10462,#10463,#10464));
#10461 = ORIENTED_EDGE('',*,*,#10348,.F.);
#10462 = ORIENTED_EDGE('',*,*,#10418,.T.);
#10463 = ORIENTED_EDGE('',*,*,#10388,.T.);
#10464 = ORIENTED_EDGE('',*,*,#10440,.F.);
#10465 = PLANE('',#10466);
#10466 = AXIS2_PLACEMENT_3D('',#10467,#10468,#10469);
#10467 = CARTESIAN_POINT('',(2.386584E+03,4.367784E+03,158.496));
#10468 = DIRECTION('',(0.,0.,1.));
#10469 = DIRECTION('',(1.,0.,-0.));
#10470 = ADVANCED_FACE('',(#10471),#10477,.T.);
#10471 = FACE_BOUND('',#10472,.T.);
#10472 = EDGE_LOOP('',(#10473,#10474,#10475,#10476));
#10473 = ORIENTED_EDGE('',*,*,#10364,.F.);
#10474 = ORIENTED_EDGE('',*,*,#10425,.T.);
#10475 = ORIENTED_EDGE('',*,*,#10404,.T.);
#10476 = ORIENTED_EDGE('',*,*,#10447,.F.);
#10477 = PLANE('',#10478);
#10478 = AXIS2_PLACEMENT_3D('',#10479,#10480,#10481);
#10479 = CARTESIAN_POINT('',(2.386584E+03,4.367784E+03,170.688));
#10480 = DIRECTION('',(0.,0.,1.));
#10481 = DIRECTION('',(1.,0.,-0.));
#10482 = ( GEOMETRIC_REPRESENTATION_CONTEXT(3) 
GLOBAL_UNCERTAINTY_ASSIGNED_CONTEXT((#10486)) 
GLOBAL_UNIT_ASSIGNED_CONTEXT((#10483,#10484,#10485)) 
REPRESENTATION_CONTEXT('Context #1',
  '3D Context with UNIT and UNCERTAINTY') );
#10483 = ( LENGTH_UNIT() NAMED_UNIT(*) SI_UNIT(.MILLI.,.METRE.) );
#10484 = ( NAMED_UNIT(*) PLANE_ANGLE_UNIT() SI_UNIT($,.RADIAN.) );
#10485 = ( NAMED_UNIT(*) SI_UNIT($,.STERADIAN.) SOLID_ANGLE_UNIT() );
#10486 = UNCERTAINTY_MEASURE_WITH_UNIT(LENGTH_MEASURE(1.E-07),#10483,
  'distance_accuracy_value','confusion accuracy');
#10487 = CONTEXT_DEPENDENT_SHAPE_REPRESENTATION(#10488,#10490);
#10488 = ( REPRESENTATION_RELATIONSHIP('','',#10331,#10) 
REPRESENTATION_RELATIONSHIP_WITH_TRANSFORMATION(#10489) 
SHAPE_REPRESENTATION_RELATIONSHIP() );
#10489 = ITEM_DEFINED_TRANSFORMATION('','',#11,#203);
#10490 = PRODUCT_DEFINITION_SHAPE('Placement','Placement of an item',
  #10491);
#10491 = NEXT_ASSEMBLY_USAGE_OCCURRENCE('48','Level 1 bathroom','',#5,
  #10326,$);
#10492 = PRODUCT_RELATED_PRODUCT_CATEGORY('part',$,(#10328));
#10493 = SHAPE_DEFINITION_REPRESENTATION(#10494,#10500);
#10494 = PRODUCT_DEFINITION_SHAPE('','',#10495);
#10495 = PRODUCT_DEFINITION('design','',#10496,#10499);
#10496 = PRODUCT_DEFINITION_FORMATION('','',#10497);
#10497 = PRODUCT('Level 1 slab 20x24','Level 1 slab 20x24','',(#10498));
#10498 = PRODUCT_CONTEXT('',#2,'mechanical');
#10499 = PRODUCT_DEFINITION_CONTEXT('part definition',#2,'design');
#10500 = ADVANCED_BREP_SHAPE_REPRESENTATION('',(#11,#10501),#10651);
#10501 = MANIFOLD_SOLID_BREP('',#10502);
#10502 = CLOSED_SHELL('',(#10503,#10543,#10583,#10605,#10627,#10639));
#10503 = ADVANCED_FACE('',(#10504),#10538,.F.);
#10504 = FACE_BOUND('',#10505,.F.);
#10505 = EDGE_LOOP('',(#10506,#10516,#10524,#10532));
#10506 = ORIENTED_EDGE('',*,*,#10507,.F.);
#10507 = EDGE_CURVE('',#10508,#10510,#10512,.T.);
#10508 = VERTEX_POINT('',#10509);
#10509 = CARTESIAN_POINT('',(0.,0.,0.));
#10510 = VERTEX_POINT('',#10511);
#10511 = CARTESIAN_POINT('',(0.,0.,152.4));
#10512 = LINE('',#10513,#10514);
#10513 = CARTESIAN_POINT('',(0.,0.,0.));
#10514 = VECTOR('',#10515,1.);
#10515 = DIRECTION('',(0.,0.,1.));
#10516 = ORIENTED_EDGE('',*,*,#10517,.T.);
#10517 = EDGE_CURVE('',#10508,#10518,#10520,.T.);
#10518 = VERTEX_POINT('',#10519);
#10519 = CARTESIAN_POINT('',(0.,6.096E+03,0.));
#10520 = LINE('',#10521,#10522);
#10521 = CARTESIAN_POINT('',(0.,0.,0.));
#10522 = VECTOR('',#10523,1.);
#10523 = DIRECTION('',(-0.,1.,0.));
#10524 = ORIENTED_EDGE('',*,*,#10525,.T.);
#10525 = EDGE_CURVE('',#10518,#10526,#10528,.T.);
#10526 = VERTEX_POINT('',#10527);
#10527 = CARTESIAN_POINT('',(0.,6.096E+03,152.4));
#10528 = LINE('',#10529,#10530);
#10529 = CARTESIAN_POINT('',(0.,6.096E+03,0.));
#10530 = VECTOR('',#10531,1.);
#10531 = DIRECTION('',(0.,0.,1.));
#10532 = ORIENTED_EDGE('',*,*,#10533,.F.);
#10533 = EDGE_CURVE('',#10510,#10526,#10534,.T.);
#10534 = LINE('',#10535,#10536);
#10535 = CARTESIAN_POINT('',(0.,0.,152.4));
#10536 = VECTOR('',#10537,1.);
#10537 = DIRECTION('',(-0.,1.,0.));
#10538 = PLANE('',#10539);
#10539 = AXIS2_PLACEMENT_3D('',#10540,#10541,#10542);
#10540 = CARTESIAN_POINT('',(0.,0.,0.));
#10541 = DIRECTION('',(1.,0.,-0.));
#10542 = DIRECTION('',(0.,0.,1.));
#10543 = ADVANCED_FACE('',(#10544),#10578,.T.);
#10544 = FACE_BOUND('',#10545,.T.);
#10545 = EDGE_LOOP('',(#10546,#10556,#10564,#10572));
#10546 = ORIENTED_EDGE('',*,*,#10547,.F.);
#10547 = EDGE_CURVE('',#10548,#10550,#10552,.T.);
#10548 = VERTEX_POINT('',#10549);
#10549 = CARTESIAN_POINT('',(7.3152E+03,0.,0.));
#10550 = VERTEX_POINT('',#10551);
#10551 = CARTESIAN_POINT('',(7.3152E+03,0.,152.4));
#10552 = LINE('',#10553,#10554);
#10553 = CARTESIAN_POINT('',(7.3152E+03,0.,0.));
#10554 = VECTOR('',#10555,1.);
#10555 = DIRECTION('',(0.,0.,1.));
#10556 = ORIENTED_EDGE('',*,*,#10557,.T.);
#10557 = EDGE_CURVE('',#10548,#10558,#10560,.T.);
#10558 = VERTEX_POINT('',#10559);
#10559 = CARTESIAN_POINT('',(7.3152E+03,6.096E+03,0.));
#10560 = LINE('',#10561,#10562);
#10561 = CARTESIAN_POINT('',(7.3152E+03,0.,0.));
#10562 = VECTOR('',#10563,1.);
#10563 = DIRECTION('',(-0.,1.,0.));
#10564 = ORIENTED_EDGE('',*,*,#10565,.T.);
#10565 = EDGE_CURVE('',#10558,#10566,#10568,.T.);
#10566 = VERTEX_POINT('',#10567);
#10567 = CARTESIAN_POINT('',(7.3152E+03,6.096E+03,152.4));
#10568 = LINE('',#10569,#10570);
#10569 = CARTESIAN_POINT('',(7.3152E+03,6.096E+03,0.));
#10570 = VECTOR('',#10571,1.);
#10571 = DIRECTION('',(0.,0.,1.));
#10572 = ORIENTED_EDGE('',*,*,#10573,.F.);
#10573 = EDGE_CURVE('',#10550,#10566,#10574,.T.);
#10574 = LINE('',#10575,#10576);
#10575 = CARTESIAN_POINT('',(7.3152E+03,0.,152.4));
#10576 = VECTOR('',#10577,1.);
#10577 = DIRECTION('',(-0.,1.,0.));
#10578 = PLANE('',#10579);
#10579 = AXIS2_PLACEMENT_3D('',#10580,#10581,#10582);
#10580 = CARTESIAN_POINT('',(7.3152E+03,0.,0.));
#10581 = DIRECTION('',(1.,0.,-0.));
#10582 = DIRECTION('',(0.,0.,1.));
#10583 = ADVANCED_FACE('',(#10584),#10600,.F.);
#10584 = FACE_BOUND('',#10585,.F.);
#10585 = EDGE_LOOP('',(#10586,#10592,#10593,#10599));
#10586 = ORIENTED_EDGE('',*,*,#10587,.F.);
#10587 = EDGE_CURVE('',#10508,#10548,#10588,.T.);
#10588 = LINE('',#10589,#10590);
#10589 = CARTESIAN_POINT('',(0.,0.,0.));
#10590 = VECTOR('',#10591,1.);
#10591 = DIRECTION('',(1.,0.,-0.));
#10592 = ORIENTED_EDGE('',*,*,#10507,.T.);
#10593 = ORIENTED_EDGE('',*,*,#10594,.T.);
#10594 = EDGE_CURVE('',#10510,#10550,#10595,.T.);
#10595 = LINE('',#10596,#10597);
#10596 = CARTESIAN_POINT('',(0.,0.,152.4));
#10597 = VECTOR('',#10598,1.);
#10598 = DIRECTION('',(1.,0.,-0.));
#10599 = ORIENTED_EDGE('',*,*,#10547,.F.);
#10600 = PLANE('',#10601);
#10601 = AXIS2_PLACEMENT_3D('',#10602,#10603,#10604);
#10602 = CARTESIAN_POINT('',(0.,0.,0.));
#10603 = DIRECTION('',(-0.,1.,0.));
#10604 = DIRECTION('',(0.,0.,1.));
#10605 = ADVANCED_FACE('',(#10606),#10622,.T.);
#10606 = FACE_BOUND('',#10607,.T.);
#10607 = EDGE_LOOP('',(#10608,#10614,#10615,#10621));
#10608 = ORIENTED_EDGE('',*,*,#10609,.F.);
#10609 = EDGE_CURVE('',#10518,#10558,#10610,.T.);
#10610 = LINE('',#10611,#10612);
#10611 = CARTESIAN_POINT('',(0.,6.096E+03,0.));
#10612 = VECTOR('',#10613,1.);
#10613 = DIRECTION('',(1.,0.,-0.));
#10614 = ORIENTED_EDGE('',*,*,#10525,.T.);
#10615 = ORIENTED_EDGE('',*,*,#10616,.T.);
#10616 = EDGE_CURVE('',#10526,#10566,#10617,.T.);
#10617 = LINE('',#10618,#10619);
#10618 = CARTESIAN_POINT('',(0.,6.096E+03,152.4));
#10619 = VECTOR('',#10620,1.);
#10620 = DIRECTION('',(1.,0.,-0.));
#10621 = ORIENTED_EDGE('',*,*,#10565,.F.);
#10622 = PLANE('',#10623);
#10623 = AXIS2_PLACEMENT_3D('',#10624,#10625,#10626);
#10624 = CARTESIAN_POINT('',(0.,6.096E+03,0.));
#10625 = DIRECTION('',(-0.,1.,0.));
#10626 = DIRECTION('',(0.,0.,1.));
#10627 = ADVANCED_FACE('',(#10628),#10634,.F.);
#10628 = FACE_BOUND('',#10629,.F.);
#10629 = EDGE_LOOP('',(#10630,#10631,#10632,#10633));
#10630 = ORIENTED_EDGE('',*,*,#10517,.F.);
#10631 = ORIENTED_EDGE('',*,*,#10587,.T.);
#10632 = ORIENTED_EDGE('',*,*,#10557,.T.);
#10633 = ORIENTED_EDGE('',*,*,#10609,.F.);
#10634 = PLANE('',#10635);
#10635 = AXIS2_PLACEMENT_3D('',#10636,#10637,#10638);
#10636 = CARTESIAN_POINT('',(0.,0.,0.));
#10637 = DIRECTION('',(0.,0.,1.));
#10638 = DIRECTION('',(1.,0.,-0.));
#10639 = ADVANCED_FACE('',(#10640),#10646,.T.);
#10640 = FACE_BOUND('',#10641,.T.);
#10641 = EDGE_LOOP('',(#10642,#10643,#10644,#10645));
#10642 = ORIENTED_EDGE('',*,*,#10533,.F.);
#10643 = ORIENTED_EDGE('',*,*,#10594,.T.);
#10644 = ORIENTED_EDGE('',*,*,#10573,.T.);
#10645 = ORIENTED_EDGE('',*,*,#10616,.F.);
#10646 = PLANE('',#10647);
#10647 = AXIS2_PLACEMENT_3D('',#10648,#10649,#10650);
#10648 = CARTESIAN_POINT('',(0.,0.,152.4));
#10649 = DIRECTION('',(0.,0.,1.));
#10650 = DIRECTION('',(1.,0.,-0.));
#10651 = ( GEOMETRIC_REPRESENTATION_CONTEXT(3) 
GLOBAL_UNCERTAINTY_ASSIGNED_CONTEXT((#10655)) 
GLOBAL_UNIT_ASSIGNED_CONTEXT((#10652,#10653,#10654)) 
REPRESENTATION_CONTEXT('Context #1',
  '3D Context with UNIT and UNCERTAINTY') );
#10652 = ( LENGTH_UNIT() NAMED_UNIT(*) SI_UNIT(.MILLI.,.METRE.) );
#10653 = ( NAMED_UNIT(*) PLANE_ANGLE_UNIT() SI_UNIT($,.RADIAN.) );
#10654 = ( NAMED_UNIT(*) SI_UNIT($,.STERADIAN.) SOLID_ANGLE_UNIT() );
#10655 = UNCERTAINTY_MEASURE_WITH_UNIT(LENGTH_MEASURE(1.E-07),#10652,
  'distance_accuracy_value','confusion accuracy');
#10656 = CONTEXT_DEPENDENT_SHAPE_REPRESENTATION(#10657,#10659);
#10657 = ( REPRESENTATION_RELATIONSHIP('','',#10500,#10) 
REPRESENTATION_RELATIONSHIP_WITH_TRANSFORMATION(#10658) 
SHAPE_REPRESENTATION_RELATIONSHIP() );
#10658 = ITEM_DEFINED_TRANSFORMATION('','',#11,#207);
#10659 = PRODUCT_DEFINITION_SHAPE('Placement','Placement of an item',
  #10660);
#10660 = NEXT_ASSEMBLY_USAGE_OCCURRENCE('49','Level 1 slab 20x24','',#5,
  #10495,$);
#10661 = PRODUCT_RELATED_PRODUCT_CATEGORY('part',$,(#10497));
#10662 = SHAPE_DEFINITION_REPRESENTATION(#10663,#10669);
#10663 = PRODUCT_DEFINITION_SHAPE('','',#10664);
#10664 = PRODUCT_DEFINITION('design','',#10665,#10668);
#10665 = PRODUCT_DEFINITION_FORMATION('','',#10666);
#10666 = PRODUCT('Level 2 floor assembly 20x24',
  'Level 2 floor assembly 20x24','',(#10667));
#10667 = PRODUCT_CONTEXT('',#2,'mechanical');
#10668 = PRODUCT_DEFINITION_CONTEXT('part definition',#2,'design');
#10669 = ADVANCED_BREP_SHAPE_REPRESENTATION('',(#11,#10670),#10820);
#10670 = MANIFOLD_SOLID_BREP('',#10671);
#10671 = CLOSED_SHELL('',(#10672,#10712,#10752,#10774,#10796,#10808));
#10672 = ADVANCED_FACE('',(#10673),#10707,.F.);
#10673 = FACE_BOUND('',#10674,.F.);
#10674 = EDGE_LOOP('',(#10675,#10685,#10693,#10701));
#10675 = ORIENTED_EDGE('',*,*,#10676,.F.);
#10676 = EDGE_CURVE('',#10677,#10679,#10681,.T.);
#10677 = VERTEX_POINT('',#10678);
#10678 = CARTESIAN_POINT('',(0.,0.,2.8956E+03));
#10679 = VERTEX_POINT('',#10680);
#10680 = CARTESIAN_POINT('',(0.,0.,3.1242E+03));
#10681 = LINE('',#10682,#10683);
#10682 = CARTESIAN_POINT('',(0.,0.,2.8956E+03));
#10683 = VECTOR('',#10684,1.);
#10684 = DIRECTION('',(0.,0.,1.));
#10685 = ORIENTED_EDGE('',*,*,#10686,.T.);
#10686 = EDGE_CURVE('',#10677,#10687,#10689,.T.);
#10687 = VERTEX_POINT('',#10688);
#10688 = CARTESIAN_POINT('',(0.,6.096E+03,2.8956E+03));
#10689 = LINE('',#10690,#10691);
#10690 = CARTESIAN_POINT('',(0.,0.,2.8956E+03));
#10691 = VECTOR('',#10692,1.);
#10692 = DIRECTION('',(-0.,1.,0.));
#10693 = ORIENTED_EDGE('',*,*,#10694,.T.);
#10694 = EDGE_CURVE('',#10687,#10695,#10697,.T.);
#10695 = VERTEX_POINT('',#10696);
#10696 = CARTESIAN_POINT('',(0.,6.096E+03,3.1242E+03));
#10697 = LINE('',#10698,#10699);
#10698 = CARTESIAN_POINT('',(0.,6.096E+03,2.8956E+03));
#10699 = VECTOR('',#10700,1.);
#10700 = DIRECTION('',(0.,0.,1.));
#10701 = ORIENTED_EDGE('',*,*,#10702,.F.);
#10702 = EDGE_CURVE('',#10679,#10695,#10703,.T.);
#10703 = LINE('',#10704,#10705);
#10704 = CARTESIAN_POINT('',(0.,0.,3.1242E+03));
#10705 = VECTOR('',#10706,1.);
#10706 = DIRECTION('',(-0.,1.,0.));
#10707 = PLANE('',#10708);
#10708 = AXIS2_PLACEMENT_3D('',#10709,#10710,#10711);
#10709 = CARTESIAN_POINT('',(0.,0.,2.8956E+03));
#10710 = DIRECTION('',(1.,0.,-0.));
#10711 = DIRECTION('',(0.,0.,1.));
#10712 = ADVANCED_FACE('',(#10713),#10747,.T.);
#10713 = FACE_BOUND('',#10714,.T.);
#10714 = EDGE_LOOP('',(#10715,#10725,#10733,#10741));
#10715 = ORIENTED_EDGE('',*,*,#10716,.F.);
#10716 = EDGE_CURVE('',#10717,#10719,#10721,.T.);
#10717 = VERTEX_POINT('',#10718);
#10718 = CARTESIAN_POINT('',(7.3152E+03,0.,2.8956E+03));
#10719 = VERTEX_POINT('',#10720);
#10720 = CARTESIAN_POINT('',(7.3152E+03,0.,3.1242E+03));
#10721 = LINE('',#10722,#10723);
#10722 = CARTESIAN_POINT('',(7.3152E+03,0.,2.8956E+03));
#10723 = VECTOR('',#10724,1.);
#10724 = DIRECTION('',(0.,0.,1.));
#10725 = ORIENTED_EDGE('',*,*,#10726,.T.);
#10726 = EDGE_CURVE('',#10717,#10727,#10729,.T.);
#10727 = VERTEX_POINT('',#10728);
#10728 = CARTESIAN_POINT('',(7.3152E+03,6.096E+03,2.8956E+03));
#10729 = LINE('',#10730,#10731);
#10730 = CARTESIAN_POINT('',(7.3152E+03,0.,2.8956E+03));
#10731 = VECTOR('',#10732,1.);
#10732 = DIRECTION('',(-0.,1.,0.));
#10733 = ORIENTED_EDGE('',*,*,#10734,.T.);
#10734 = EDGE_CURVE('',#10727,#10735,#10737,.T.);
#10735 = VERTEX_POINT('',#10736);
#10736 = CARTESIAN_POINT('',(7.3152E+03,6.096E+03,3.1242E+03));
#10737 = LINE('',#10738,#10739);
#10738 = CARTESIAN_POINT('',(7.3152E+03,6.096E+03,2.8956E+03));
#10739 = VECTOR('',#10740,1.);
#10740 = DIRECTION('',(0.,0.,1.));
#10741 = ORIENTED_EDGE('',*,*,#10742,.F.);
#10742 = EDGE_CURVE('',#10719,#10735,#10743,.T.);
#10743 = LINE('',#10744,#10745);
#10744 = CARTESIAN_POINT('',(7.3152E+03,0.,3.1242E+03));
#10745 = VECTOR('',#10746,1.);
#10746 = DIRECTION('',(-0.,1.,0.));
#10747 = PLANE('',#10748);
#10748 = AXIS2_PLACEMENT_3D('',#10749,#10750,#10751);
#10749 = CARTESIAN_POINT('',(7.3152E+03,0.,2.8956E+03));
#10750 = DIRECTION('',(1.,0.,-0.));
#10751 = DIRECTION('',(0.,0.,1.));
#10752 = ADVANCED_FACE('',(#10753),#10769,.F.);
#10753 = FACE_BOUND('',#10754,.F.);
#10754 = EDGE_LOOP('',(#10755,#10761,#10762,#10768));
#10755 = ORIENTED_EDGE('',*,*,#10756,.F.);
#10756 = EDGE_CURVE('',#10677,#10717,#10757,.T.);
#10757 = LINE('',#10758,#10759);
#10758 = CARTESIAN_POINT('',(0.,0.,2.8956E+03));
#10759 = VECTOR('',#10760,1.);
#10760 = DIRECTION('',(1.,0.,-0.));
#10761 = ORIENTED_EDGE('',*,*,#10676,.T.);
#10762 = ORIENTED_EDGE('',*,*,#10763,.T.);
#10763 = EDGE_CURVE('',#10679,#10719,#10764,.T.);
#10764 = LINE('',#10765,#10766);
#10765 = CARTESIAN_POINT('',(0.,0.,3.1242E+03));
#10766 = VECTOR('',#10767,1.);
#10767 = DIRECTION('',(1.,0.,-0.));
#10768 = ORIENTED_EDGE('',*,*,#10716,.F.);
#10769 = PLANE('',#10770);
#10770 = AXIS2_PLACEMENT_3D('',#10771,#10772,#10773);
#10771 = CARTESIAN_POINT('',(0.,0.,2.8956E+03));
#10772 = DIRECTION('',(-0.,1.,0.));
#10773 = DIRECTION('',(0.,0.,1.));
#10774 = ADVANCED_FACE('',(#10775),#10791,.T.);
#10775 = FACE_BOUND('',#10776,.T.);
#10776 = EDGE_LOOP('',(#10777,#10783,#10784,#10790));
#10777 = ORIENTED_EDGE('',*,*,#10778,.F.);
#10778 = EDGE_CURVE('',#10687,#10727,#10779,.T.);
#10779 = LINE('',#10780,#10781);
#10780 = CARTESIAN_POINT('',(0.,6.096E+03,2.8956E+03));
#10781 = VECTOR('',#10782,1.);
#10782 = DIRECTION('',(1.,0.,-0.));
#10783 = ORIENTED_EDGE('',*,*,#10694,.T.);
#10784 = ORIENTED_EDGE('',*,*,#10785,.T.);
#10785 = EDGE_CURVE('',#10695,#10735,#10786,.T.);
#10786 = LINE('',#10787,#10788);
#10787 = CARTESIAN_POINT('',(0.,6.096E+03,3.1242E+03));
#10788 = VECTOR('',#10789,1.);
#10789 = DIRECTION('',(1.,0.,-0.));
#10790 = ORIENTED_EDGE('',*,*,#10734,.F.);
#10791 = PLANE('',#10792);
#10792 = AXIS2_PLACEMENT_3D('',#10793,#10794,#10795);
#10793 = CARTESIAN_POINT('',(0.,6.096E+03,2.8956E+03));
#10794 = DIRECTION('',(-0.,1.,0.));
#10795 = DIRECTION('',(0.,0.,1.));
#10796 = ADVANCED_FACE('',(#10797),#10803,.F.);
#10797 = FACE_BOUND('',#10798,.F.);
#10798 = EDGE_LOOP('',(#10799,#10800,#10801,#10802));
#10799 = ORIENTED_EDGE('',*,*,#10686,.F.);
#10800 = ORIENTED_EDGE('',*,*,#10756,.T.);
#10801 = ORIENTED_EDGE('',*,*,#10726,.T.);
#10802 = ORIENTED_EDGE('',*,*,#10778,.F.);
#10803 = PLANE('',#10804);
#10804 = AXIS2_PLACEMENT_3D('',#10805,#10806,#10807);
#10805 = CARTESIAN_POINT('',(0.,0.,2.8956E+03));
#10806 = DIRECTION('',(0.,0.,1.));
#10807 = DIRECTION('',(1.,0.,-0.));
#10808 = ADVANCED_FACE('',(#10809),#10815,.T.);
#10809 = FACE_BOUND('',#10810,.T.);
#10810 = EDGE_LOOP('',(#10811,#10812,#10813,#10814));
#10811 = ORIENTED_EDGE('',*,*,#10702,.F.);
#10812 = ORIENTED_EDGE('',*,*,#10763,.T.);
#10813 = ORIENTED_EDGE('',*,*,#10742,.T.);
#10814 = ORIENTED_EDGE('',*,*,#10785,.F.);
#10815 = PLANE('',#10816);
#10816 = AXIS2_PLACEMENT_3D('',#10817,#10818,#10819);
#10817 = CARTESIAN_POINT('',(0.,0.,3.1242E+03));
#10818 = DIRECTION('',(0.,0.,1.));
#10819 = DIRECTION('',(1.,0.,-0.));
#10820 = ( GEOMETRIC_REPRESENTATION_CONTEXT(3) 
GLOBAL_UNCERTAINTY_ASSIGNED_CONTEXT((#10824)) 
GLOBAL_UNIT_ASSIGNED_CONTEXT((#10821,#10822,#10823)) 
REPRESENTATION_CONTEXT('Context #1',
  '3D Context with UNIT and UNCERTAINTY') );
#10821 = ( LENGTH_UNIT() NAMED_UNIT(*) SI_UNIT(.MILLI.,.METRE.) );
#10822 = ( NAMED_UNIT(*) PLANE_ANGLE_UNIT() SI_UNIT($,.RADIAN.) );
#10823 = ( NAMED_UNIT(*) SI_UNIT($,.STERADIAN.) SOLID_ANGLE_UNIT() );
#10824 = UNCERTAINTY_MEASURE_WITH_UNIT(LENGTH_MEASURE(1.E-07),#10821,
  'distance_accuracy_value','confusion accuracy');
#10825 = CONTEXT_DEPENDENT_SHAPE_REPRESENTATION(#10826,#10828);
#10826 = ( REPRESENTATION_RELATIONSHIP('','',#10669,#10) 
REPRESENTATION_RELATIONSHIP_WITH_TRANSFORMATION(#10827) 
SHAPE_REPRESENTATION_RELATIONSHIP() );
#10827 = ITEM_DEFINED_TRANSFORMATION('','',#11,#211);
#10828 = PRODUCT_DEFINITION_SHAPE('Placement','Placement of an item',
  #10829);
#10829 = NEXT_ASSEMBLY_USAGE_OCCURRENCE('50',
  'Level 2 floor assembly 20x24','',#5,#10664,$);
#10830 = PRODUCT_RELATED_PRODUCT_CATEGORY('part',$,(#10666));
#10831 = SHAPE_DEFINITION_REPRESENTATION(#10832,#10838);
#10832 = PRODUCT_DEFINITION_SHAPE('','',#10833);
#10833 = PRODUCT_DEFINITION('design','',#10834,#10837);
#10834 = PRODUCT_DEFINITION_FORMATION('','',#10835);
#10835 = PRODUCT('Low TV wall','Low TV wall','',(#10836));
#10836 = PRODUCT_CONTEXT('',#2,'mechanical');
#10837 = PRODUCT_DEFINITION_CONTEXT('part definition',#2,'design');
#10838 = ADVANCED_BREP_SHAPE_REPRESENTATION('',(#11,#10839),#10989);
#10839 = MANIFOLD_SOLID_BREP('',#10840);
#10840 = CLOSED_SHELL('',(#10841,#10881,#10921,#10943,#10965,#10977));
#10841 = ADVANCED_FACE('',(#10842),#10876,.F.);
#10842 = FACE_BOUND('',#10843,.F.);
#10843 = EDGE_LOOP('',(#10844,#10854,#10862,#10870));
#10844 = ORIENTED_EDGE('',*,*,#10845,.F.);
#10845 = EDGE_CURVE('',#10846,#10848,#10850,.T.);
#10846 = VERTEX_POINT('',#10847);
#10847 = CARTESIAN_POINT('',(3.6576E+03,2.24028E+03,3.1242E+03));
#10848 = VERTEX_POINT('',#10849);
#10849 = CARTESIAN_POINT('',(3.6576E+03,2.24028E+03,4.3434E+03));
#10850 = LINE('',#10851,#10852);
#10851 = CARTESIAN_POINT('',(3.6576E+03,2.24028E+03,3.1242E+03));
#10852 = VECTOR('',#10853,1.);
#10853 = DIRECTION('',(0.,0.,1.));
#10854 = ORIENTED_EDGE('',*,*,#10855,.T.);
#10855 = EDGE_CURVE('',#10846,#10856,#10858,.T.);
#10856 = VERTEX_POINT('',#10857);
#10857 = CARTESIAN_POINT('',(3.6576E+03,2.34696E+03,3.1242E+03));
#10858 = LINE('',#10859,#10860);
#10859 = CARTESIAN_POINT('',(3.6576E+03,2.24028E+03,3.1242E+03));
#10860 = VECTOR('',#10861,1.);
#10861 = DIRECTION('',(-0.,1.,0.));
#10862 = ORIENTED_EDGE('',*,*,#10863,.T.);
#10863 = EDGE_CURVE('',#10856,#10864,#10866,.T.);
#10864 = VERTEX_POINT('',#10865);
#10865 = CARTESIAN_POINT('',(3.6576E+03,2.34696E+03,4.3434E+03));
#10866 = LINE('',#10867,#10868);
#10867 = CARTESIAN_POINT('',(3.6576E+03,2.34696E+03,3.1242E+03));
#10868 = VECTOR('',#10869,1.);
#10869 = DIRECTION('',(0.,0.,1.));
#10870 = ORIENTED_EDGE('',*,*,#10871,.F.);
#10871 = EDGE_CURVE('',#10848,#10864,#10872,.T.);
#10872 = LINE('',#10873,#10874);
#10873 = CARTESIAN_POINT('',(3.6576E+03,2.24028E+03,4.3434E+03));
#10874 = VECTOR('',#10875,1.);
#10875 = DIRECTION('',(-0.,1.,0.));
#10876 = PLANE('',#10877);
#10877 = AXIS2_PLACEMENT_3D('',#10878,#10879,#10880);
#10878 = CARTESIAN_POINT('',(3.6576E+03,2.24028E+03,3.1242E+03));
#10879 = DIRECTION('',(1.,0.,-0.));
#10880 = DIRECTION('',(0.,0.,1.));
#10881 = ADVANCED_FACE('',(#10882),#10916,.T.);
#10882 = FACE_BOUND('',#10883,.T.);
#10883 = EDGE_LOOP('',(#10884,#10894,#10902,#10910));
#10884 = ORIENTED_EDGE('',*,*,#10885,.F.);
#10885 = EDGE_CURVE('',#10886,#10888,#10890,.T.);
#10886 = VERTEX_POINT('',#10887);
#10887 = CARTESIAN_POINT('',(5.6388E+03,2.24028E+03,3.1242E+03));
#10888 = VERTEX_POINT('',#10889);
#10889 = CARTESIAN_POINT('',(5.6388E+03,2.24028E+03,4.3434E+03));
#10890 = LINE('',#10891,#10892);
#10891 = CARTESIAN_POINT('',(5.6388E+03,2.24028E+03,3.1242E+03));
#10892 = VECTOR('',#10893,1.);
#10893 = DIRECTION('',(0.,0.,1.));
#10894 = ORIENTED_EDGE('',*,*,#10895,.T.);
#10895 = EDGE_CURVE('',#10886,#10896,#10898,.T.);
#10896 = VERTEX_POINT('',#10897);
#10897 = CARTESIAN_POINT('',(5.6388E+03,2.34696E+03,3.1242E+03));
#10898 = LINE('',#10899,#10900);
#10899 = CARTESIAN_POINT('',(5.6388E+03,2.24028E+03,3.1242E+03));
#10900 = VECTOR('',#10901,1.);
#10901 = DIRECTION('',(-0.,1.,0.));
#10902 = ORIENTED_EDGE('',*,*,#10903,.T.);
#10903 = EDGE_CURVE('',#10896,#10904,#10906,.T.);
#10904 = VERTEX_POINT('',#10905);
#10905 = CARTESIAN_POINT('',(5.6388E+03,2.34696E+03,4.3434E+03));
#10906 = LINE('',#10907,#10908);
#10907 = CARTESIAN_POINT('',(5.6388E+03,2.34696E+03,3.1242E+03));
#10908 = VECTOR('',#10909,1.);
#10909 = DIRECTION('',(0.,0.,1.));
#10910 = ORIENTED_EDGE('',*,*,#10911,.F.);
#10911 = EDGE_CURVE('',#10888,#10904,#10912,.T.);
#10912 = LINE('',#10913,#10914);
#10913 = CARTESIAN_POINT('',(5.6388E+03,2.24028E+03,4.3434E+03));
#10914 = VECTOR('',#10915,1.);
#10915 = DIRECTION('',(-0.,1.,0.));
#10916 = PLANE('',#10917);
#10917 = AXIS2_PLACEMENT_3D('',#10918,#10919,#10920);
#10918 = CARTESIAN_POINT('',(5.6388E+03,2.24028E+03,3.1242E+03));
#10919 = DIRECTION('',(1.,0.,-0.));
#10920 = DIRECTION('',(0.,0.,1.));
#10921 = ADVANCED_FACE('',(#10922),#10938,.F.);
#10922 = FACE_BOUND('',#10923,.F.);
#10923 = EDGE_LOOP('',(#10924,#10930,#10931,#10937));
#10924 = ORIENTED_EDGE('',*,*,#10925,.F.);
#10925 = EDGE_CURVE('',#10846,#10886,#10926,.T.);
#10926 = LINE('',#10927,#10928);
#10927 = CARTESIAN_POINT('',(3.6576E+03,2.24028E+03,3.1242E+03));
#10928 = VECTOR('',#10929,1.);
#10929 = DIRECTION('',(1.,0.,-0.));
#10930 = ORIENTED_EDGE('',*,*,#10845,.T.);
#10931 = ORIENTED_EDGE('',*,*,#10932,.T.);
#10932 = EDGE_CURVE('',#10848,#10888,#10933,.T.);
#10933 = LINE('',#10934,#10935);
#10934 = CARTESIAN_POINT('',(3.6576E+03,2.24028E+03,4.3434E+03));
#10935 = VECTOR('',#10936,1.);
#10936 = DIRECTION('',(1.,0.,-0.));
#10937 = ORIENTED_EDGE('',*,*,#10885,.F.);
#10938 = PLANE('',#10939);
#10939 = AXIS2_PLACEMENT_3D('',#10940,#10941,#10942);
#10940 = CARTESIAN_POINT('',(3.6576E+03,2.24028E+03,3.1242E+03));
#10941 = DIRECTION('',(-0.,1.,0.));
#10942 = DIRECTION('',(0.,0.,1.));
#10943 = ADVANCED_FACE('',(#10944),#10960,.T.);
#10944 = FACE_BOUND('',#10945,.T.);
#10945 = EDGE_LOOP('',(#10946,#10952,#10953,#10959));
#10946 = ORIENTED_EDGE('',*,*,#10947,.F.);
#10947 = EDGE_CURVE('',#10856,#10896,#10948,.T.);
#10948 = LINE('',#10949,#10950);
#10949 = CARTESIAN_POINT('',(3.6576E+03,2.34696E+03,3.1242E+03));
#10950 = VECTOR('',#10951,1.);
#10951 = DIRECTION('',(1.,0.,-0.));
#10952 = ORIENTED_EDGE('',*,*,#10863,.T.);
#10953 = ORIENTED_EDGE('',*,*,#10954,.T.);
#10954 = EDGE_CURVE('',#10864,#10904,#10955,.T.);
#10955 = LINE('',#10956,#10957);
#10956 = CARTESIAN_POINT('',(3.6576E+03,2.34696E+03,4.3434E+03));
#10957 = VECTOR('',#10958,1.);
#10958 = DIRECTION('',(1.,0.,-0.));
#10959 = ORIENTED_EDGE('',*,*,#10903,.F.);
#10960 = PLANE('',#10961);
#10961 = AXIS2_PLACEMENT_3D('',#10962,#10963,#10964);
#10962 = CARTESIAN_POINT('',(3.6576E+03,2.34696E+03,3.1242E+03));
#10963 = DIRECTION('',(-0.,1.,0.));
#10964 = DIRECTION('',(0.,0.,1.));
#10965 = ADVANCED_FACE('',(#10966),#10972,.F.);
#10966 = FACE_BOUND('',#10967,.F.);
#10967 = EDGE_LOOP('',(#10968,#10969,#10970,#10971));
#10968 = ORIENTED_EDGE('',*,*,#10855,.F.);
#10969 = ORIENTED_EDGE('',*,*,#10925,.T.);
#10970 = ORIENTED_EDGE('',*,*,#10895,.T.);
#10971 = ORIENTED_EDGE('',*,*,#10947,.F.);
#10972 = PLANE('',#10973);
#10973 = AXIS2_PLACEMENT_3D('',#10974,#10975,#10976);
#10974 = CARTESIAN_POINT('',(3.6576E+03,2.24028E+03,3.1242E+03));
#10975 = DIRECTION('',(0.,0.,1.));
#10976 = DIRECTION('',(1.,0.,-0.));
#10977 = ADVANCED_FACE('',(#10978),#10984,.T.);
#10978 = FACE_BOUND('',#10979,.T.);
#10979 = EDGE_LOOP('',(#10980,#10981,#10982,#10983));
#10980 = ORIENTED_EDGE('',*,*,#10871,.F.);
#10981 = ORIENTED_EDGE('',*,*,#10932,.T.);
#10982 = ORIENTED_EDGE('',*,*,#10911,.T.);
#10983 = ORIENTED_EDGE('',*,*,#10954,.F.);
#10984 = PLANE('',#10985);
#10985 = AXIS2_PLACEMENT_3D('',#10986,#10987,#10988);
#10986 = CARTESIAN_POINT('',(3.6576E+03,2.24028E+03,4.3434E+03));
#10987 = DIRECTION('',(0.,0.,1.));
#10988 = DIRECTION('',(1.,0.,-0.));
#10989 = ( GEOMETRIC_REPRESENTATION_CONTEXT(3) 
GLOBAL_UNCERTAINTY_ASSIGNED_CONTEXT((#10993)) 
GLOBAL_UNIT_ASSIGNED_CONTEXT((#10990,#10991,#10992)) 
REPRESENTATION_CONTEXT('Context #1',
  '3D Context with UNIT and UNCERTAINTY') );
#10990 = ( LENGTH_UNIT() NAMED_UNIT(*) SI_UNIT(.MILLI.,.METRE.) );
#10991 = ( NAMED_UNIT(*) PLANE_ANGLE_UNIT() SI_UNIT($,.RADIAN.) );
#10992 = ( NAMED_UNIT(*) SI_UNIT($,.STERADIAN.) SOLID_ANGLE_UNIT() );
#10993 = UNCERTAINTY_MEASURE_WITH_UNIT(LENGTH_MEASURE(1.E-07),#10990,
  'distance_accuracy_value','confusion accuracy');
#10994 = CONTEXT_DEPENDENT_SHAPE_REPRESENTATION(#10995,#10997);
#10995 = ( REPRESENTATION_RELATIONSHIP('','',#10838,#10) 
REPRESENTATION_RELATIONSHIP_WITH_TRANSFORMATION(#10996) 
SHAPE_REPRESENTATION_RELATIONSHIP() );
#10996 = ITEM_DEFINED_TRANSFORMATION('','',#11,#215);
#10997 = PRODUCT_DEFINITION_SHAPE('Placement','Placement of an item',
  #10998);
#10998 = NEXT_ASSEMBLY_USAGE_OCCURRENCE('51','Low TV wall','',#5,#10833,
  $);
#10999 = PRODUCT_RELATED_PRODUCT_CATEGORY('part',$,(#10835));
#11000 = SHAPE_DEFINITION_REPRESENTATION(#11001,#11007);
#11001 = PRODUCT_DEFINITION_SHAPE('','',#11002);
#11002 = PRODUCT_DEFINITION('design','',#11003,#11006);
#11003 = PRODUCT_DEFINITION_FORMATION('','',#11004);
#11004 = PRODUCT('Low eave linen storage','Low eave linen storage','',(
    #11005));
#11005 = PRODUCT_CONTEXT('',#2,'mechanical');
#11006 = PRODUCT_DEFINITION_CONTEXT('part definition',#2,'design');
#11007 = ADVANCED_BREP_SHAPE_REPRESENTATION('',(#11,#11008),#11158);
#11008 = MANIFOLD_SOLID_BREP('',#11009);
#11009 = CLOSED_SHELL('',(#11010,#11050,#11090,#11112,#11134,#11146));
#11010 = ADVANCED_FACE('',(#11011),#11045,.F.);
#11011 = FACE_BOUND('',#11012,.F.);
#11012 = EDGE_LOOP('',(#11013,#11023,#11031,#11039));
#11013 = ORIENTED_EDGE('',*,*,#11014,.F.);
#11014 = EDGE_CURVE('',#11015,#11017,#11019,.T.);
#11015 = VERTEX_POINT('',#11016);
#11016 = CARTESIAN_POINT('',(167.64,5.038344E+03,3.130296E+03));
#11017 = VERTEX_POINT('',#11018);
#11018 = CARTESIAN_POINT('',(167.64,5.038344E+03,3.142488E+03));
#11019 = LINE('',#11020,#11021);
#11020 = CARTESIAN_POINT('',(167.64,5.038344E+03,3.130296E+03));
#11021 = VECTOR('',#11022,1.);
#11022 = DIRECTION('',(0.,0.,1.));
#11023 = ORIENTED_EDGE('',*,*,#11024,.T.);
#11024 = EDGE_CURVE('',#11015,#11025,#11027,.T.);
#11025 = VERTEX_POINT('',#11026);
#11026 = CARTESIAN_POINT('',(167.64,5.92836E+03,3.130296E+03));
#11027 = LINE('',#11028,#11029);
#11028 = CARTESIAN_POINT('',(167.64,5.038344E+03,3.130296E+03));
#11029 = VECTOR('',#11030,1.);
#11030 = DIRECTION('',(-0.,1.,0.));
#11031 = ORIENTED_EDGE('',*,*,#11032,.T.);
#11032 = EDGE_CURVE('',#11025,#11033,#11035,.T.);
#11033 = VERTEX_POINT('',#11034);
#11034 = CARTESIAN_POINT('',(167.64,5.92836E+03,3.142488E+03));
#11035 = LINE('',#11036,#11037);
#11036 = CARTESIAN_POINT('',(167.64,5.92836E+03,3.130296E+03));
#11037 = VECTOR('',#11038,1.);
#11038 = DIRECTION('',(0.,0.,1.));
#11039 = ORIENTED_EDGE('',*,*,#11040,.F.);
#11040 = EDGE_CURVE('',#11017,#11033,#11041,.T.);
#11041 = LINE('',#11042,#11043);
#11042 = CARTESIAN_POINT('',(167.64,5.038344E+03,3.142488E+03));
#11043 = VECTOR('',#11044,1.);
#11044 = DIRECTION('',(-0.,1.,0.));
#11045 = PLANE('',#11046);
#11046 = AXIS2_PLACEMENT_3D('',#11047,#11048,#11049);
#11047 = CARTESIAN_POINT('',(167.64,5.038344E+03,3.130296E+03));
#11048 = DIRECTION('',(1.,0.,-0.));
#11049 = DIRECTION('',(0.,0.,1.));
#11050 = ADVANCED_FACE('',(#11051),#11085,.T.);
#11051 = FACE_BOUND('',#11052,.T.);
#11052 = EDGE_LOOP('',(#11053,#11063,#11071,#11079));
#11053 = ORIENTED_EDGE('',*,*,#11054,.F.);
#11054 = EDGE_CURVE('',#11055,#11057,#11059,.T.);
#11055 = VERTEX_POINT('',#11056);
#11056 = CARTESIAN_POINT('',(2.08788E+03,5.038344E+03,3.130296E+03));
#11057 = VERTEX_POINT('',#11058);
#11058 = CARTESIAN_POINT('',(2.08788E+03,5.038344E+03,3.142488E+03));
#11059 = LINE('',#11060,#11061);
#11060 = CARTESIAN_POINT('',(2.08788E+03,5.038344E+03,3.130296E+03));
#11061 = VECTOR('',#11062,1.);
#11062 = DIRECTION('',(0.,0.,1.));
#11063 = ORIENTED_EDGE('',*,*,#11064,.T.);
#11064 = EDGE_CURVE('',#11055,#11065,#11067,.T.);
#11065 = VERTEX_POINT('',#11066);
#11066 = CARTESIAN_POINT('',(2.08788E+03,5.92836E+03,3.130296E+03));
#11067 = LINE('',#11068,#11069);
#11068 = CARTESIAN_POINT('',(2.08788E+03,5.038344E+03,3.130296E+03));
#11069 = VECTOR('',#11070,1.);
#11070 = DIRECTION('',(-0.,1.,0.));
#11071 = ORIENTED_EDGE('',*,*,#11072,.T.);
#11072 = EDGE_CURVE('',#11065,#11073,#11075,.T.);
#11073 = VERTEX_POINT('',#11074);
#11074 = CARTESIAN_POINT('',(2.08788E+03,5.92836E+03,3.142488E+03));
#11075 = LINE('',#11076,#11077);
#11076 = CARTESIAN_POINT('',(2.08788E+03,5.92836E+03,3.130296E+03));
#11077 = VECTOR('',#11078,1.);
#11078 = DIRECTION('',(0.,0.,1.));
#11079 = ORIENTED_EDGE('',*,*,#11080,.F.);
#11080 = EDGE_CURVE('',#11057,#11073,#11081,.T.);
#11081 = LINE('',#11082,#11083);
#11082 = CARTESIAN_POINT('',(2.08788E+03,5.038344E+03,3.142488E+03));
#11083 = VECTOR('',#11084,1.);
#11084 = DIRECTION('',(-0.,1.,0.));
#11085 = PLANE('',#11086);
#11086 = AXIS2_PLACEMENT_3D('',#11087,#11088,#11089);
#11087 = CARTESIAN_POINT('',(2.08788E+03,5.038344E+03,3.130296E+03));
#11088 = DIRECTION('',(1.,0.,-0.));
#11089 = DIRECTION('',(0.,0.,1.));
#11090 = ADVANCED_FACE('',(#11091),#11107,.F.);
#11091 = FACE_BOUND('',#11092,.F.);
#11092 = EDGE_LOOP('',(#11093,#11099,#11100,#11106));
#11093 = ORIENTED_EDGE('',*,*,#11094,.F.);
#11094 = EDGE_CURVE('',#11015,#11055,#11095,.T.);
#11095 = LINE('',#11096,#11097);
#11096 = CARTESIAN_POINT('',(167.64,5.038344E+03,3.130296E+03));
#11097 = VECTOR('',#11098,1.);
#11098 = DIRECTION('',(1.,0.,-0.));
#11099 = ORIENTED_EDGE('',*,*,#11014,.T.);
#11100 = ORIENTED_EDGE('',*,*,#11101,.T.);
#11101 = EDGE_CURVE('',#11017,#11057,#11102,.T.);
#11102 = LINE('',#11103,#11104);
#11103 = CARTESIAN_POINT('',(167.64,5.038344E+03,3.142488E+03));
#11104 = VECTOR('',#11105,1.);
#11105 = DIRECTION('',(1.,0.,-0.));
#11106 = ORIENTED_EDGE('',*,*,#11054,.F.);
#11107 = PLANE('',#11108);
#11108 = AXIS2_PLACEMENT_3D('',#11109,#11110,#11111);
#11109 = CARTESIAN_POINT('',(167.64,5.038344E+03,3.130296E+03));
#11110 = DIRECTION('',(-0.,1.,0.));
#11111 = DIRECTION('',(0.,0.,1.));
#11112 = ADVANCED_FACE('',(#11113),#11129,.T.);
#11113 = FACE_BOUND('',#11114,.T.);
#11114 = EDGE_LOOP('',(#11115,#11121,#11122,#11128));
#11115 = ORIENTED_EDGE('',*,*,#11116,.F.);
#11116 = EDGE_CURVE('',#11025,#11065,#11117,.T.);
#11117 = LINE('',#11118,#11119);
#11118 = CARTESIAN_POINT('',(167.64,5.92836E+03,3.130296E+03));
#11119 = VECTOR('',#11120,1.);
#11120 = DIRECTION('',(1.,0.,-0.));
#11121 = ORIENTED_EDGE('',*,*,#11032,.T.);
#11122 = ORIENTED_EDGE('',*,*,#11123,.T.);
#11123 = EDGE_CURVE('',#11033,#11073,#11124,.T.);
#11124 = LINE('',#11125,#11126);
#11125 = CARTESIAN_POINT('',(167.64,5.92836E+03,3.142488E+03));
#11126 = VECTOR('',#11127,1.);
#11127 = DIRECTION('',(1.,0.,-0.));
#11128 = ORIENTED_EDGE('',*,*,#11072,.F.);
#11129 = PLANE('',#11130);
#11130 = AXIS2_PLACEMENT_3D('',#11131,#11132,#11133);
#11131 = CARTESIAN_POINT('',(167.64,5.92836E+03,3.130296E+03));
#11132 = DIRECTION('',(-0.,1.,0.));
#11133 = DIRECTION('',(0.,0.,1.));
#11134 = ADVANCED_FACE('',(#11135),#11141,.F.);
#11135 = FACE_BOUND('',#11136,.F.);
#11136 = EDGE_LOOP('',(#11137,#11138,#11139,#11140));
#11137 = ORIENTED_EDGE('',*,*,#11024,.F.);
#11138 = ORIENTED_EDGE('',*,*,#11094,.T.);
#11139 = ORIENTED_EDGE('',*,*,#11064,.T.);
#11140 = ORIENTED_EDGE('',*,*,#11116,.F.);
#11141 = PLANE('',#11142);
#11142 = AXIS2_PLACEMENT_3D('',#11143,#11144,#11145);
#11143 = CARTESIAN_POINT('',(167.64,5.038344E+03,3.130296E+03));
#11144 = DIRECTION('',(0.,0.,1.));
#11145 = DIRECTION('',(1.,0.,-0.));
#11146 = ADVANCED_FACE('',(#11147),#11153,.T.);
#11147 = FACE_BOUND('',#11148,.T.);
#11148 = EDGE_LOOP('',(#11149,#11150,#11151,#11152));
#11149 = ORIENTED_EDGE('',*,*,#11040,.F.);
#11150 = ORIENTED_EDGE('',*,*,#11101,.T.);
#11151 = ORIENTED_EDGE('',*,*,#11080,.T.);
#11152 = ORIENTED_EDGE('',*,*,#11123,.F.);
#11153 = PLANE('',#11154);
#11154 = AXIS2_PLACEMENT_3D('',#11155,#11156,#11157);
#11155 = CARTESIAN_POINT('',(167.64,5.038344E+03,3.142488E+03));
#11156 = DIRECTION('',(0.,0.,1.));
#11157 = DIRECTION('',(1.,0.,-0.));
#11158 = ( GEOMETRIC_REPRESENTATION_CONTEXT(3) 
GLOBAL_UNCERTAINTY_ASSIGNED_CONTEXT((#11162)) 
GLOBAL_UNIT_ASSIGNED_CONTEXT((#11159,#11160,#11161)) 
REPRESENTATION_CONTEXT('Context #1',
  '3D Context with UNIT and UNCERTAINTY') );
#11159 = ( LENGTH_UNIT() NAMED_UNIT(*) SI_UNIT(.MILLI.,.METRE.) );
#11160 = ( NAMED_UNIT(*) PLANE_ANGLE_UNIT() SI_UNIT($,.RADIAN.) );
#11161 = ( NAMED_UNIT(*) SI_UNIT($,.STERADIAN.) SOLID_ANGLE_UNIT() );
#11162 = UNCERTAINTY_MEASURE_WITH_UNIT(LENGTH_MEASURE(1.E-07),#11159,
  'distance_accuracy_value','confusion accuracy');
#11163 = CONTEXT_DEPENDENT_SHAPE_REPRESENTATION(#11164,#11166);
#11164 = ( REPRESENTATION_RELATIONSHIP('','',#11007,#10) 
REPRESENTATION_RELATIONSHIP_WITH_TRANSFORMATION(#11165) 
SHAPE_REPRESENTATION_RELATIONSHIP() );
#11165 = ITEM_DEFINED_TRANSFORMATION('','',#11,#219);
#11166 = PRODUCT_DEFINITION_SHAPE('Placement','Placement of an item',
  #11167);
#11167 = NEXT_ASSEMBLY_USAGE_OCCURRENCE('52','Low eave linen storage',''
  ,#5,#11002,$);
#11168 = PRODUCT_RELATED_PRODUCT_CATEGORY('part',$,(#11004));
#11169 = SHAPE_DEFINITION_REPRESENTATION(#11170,#11176);
#11170 = PRODUCT_DEFINITION_SHAPE('','',#11171);
#11171 = PRODUCT_DEFINITION('design','',#11172,#11175);
#11172 = PRODUCT_DEFINITION_FORMATION('','',#11173);
#11173 = PRODUCT('North roof plane','North roof plane','',(#11174));
#11174 = PRODUCT_CONTEXT('',#2,'mechanical');
#11175 = PRODUCT_DEFINITION_CONTEXT('part definition',#2,'design');
#11176 = ADVANCED_BREP_SHAPE_REPRESENTATION('',(#11,#11177),#11327);
#11177 = MANIFOLD_SOLID_BREP('',#11178);
#11178 = CLOSED_SHELL('',(#11179,#11219,#11250,#11281,#11303,#11315));
#11179 = ADVANCED_FACE('',(#11180),#11214,.T.);
#11180 = FACE_BOUND('',#11181,.T.);
#11181 = EDGE_LOOP('',(#11182,#11192,#11200,#11208));
#11182 = ORIENTED_EDGE('',*,*,#11183,.T.);
#11183 = EDGE_CURVE('',#11184,#11186,#11188,.T.);
#11184 = VERTEX_POINT('',#11185);
#11185 = CARTESIAN_POINT('',(0.,3.048E+03,6.096E+03));
#11186 = VERTEX_POINT('',#11187);
#11187 = CARTESIAN_POINT('',(7.3152E+03,3.048E+03,6.096E+03));
#11188 = LINE('',#11189,#11190);
#11189 = CARTESIAN_POINT('',(0.,3.048E+03,6.096E+03));
#11190 = VECTOR('',#11191,1.);
#11191 = DIRECTION('',(1.,0.,0.));
#11192 = ORIENTED_EDGE('',*,*,#11193,.T.);
#11193 = EDGE_CURVE('',#11186,#11194,#11196,.T.);
#11194 = VERTEX_POINT('',#11195);
#11195 = CARTESIAN_POINT('',(7.3152E+03,6.096E+03,4.8768E+03));
#11196 = LINE('',#11197,#11198);
#11197 = CARTESIAN_POINT('',(7.3152E+03,3.048E+03,6.096E+03));
#11198 = VECTOR('',#11199,1.);
#11199 = DIRECTION('',(0.,0.928476690885,-0.371390676354));
#11200 = ORIENTED_EDGE('',*,*,#11201,.F.);
#11201 = EDGE_CURVE('',#11202,#11194,#11204,.T.);
#11202 = VERTEX_POINT('',#11203);
#11203 = CARTESIAN_POINT('',(0.,6.096E+03,4.8768E+03));
#11204 = LINE('',#11205,#11206);
#11205 = CARTESIAN_POINT('',(0.,6.096E+03,4.8768E+03));
#11206 = VECTOR('',#11207,1.);
#11207 = DIRECTION('',(1.,0.,0.));
#11208 = ORIENTED_EDGE('',*,*,#11209,.F.);
#11209 = EDGE_CURVE('',#11184,#11202,#11210,.T.);
#11210 = LINE('',#11211,#11212);
#11211 = CARTESIAN_POINT('',(0.,3.048E+03,6.096E+03));
#11212 = VECTOR('',#11213,1.);
#11213 = DIRECTION('',(0.,0.928476690885,-0.371390676354));
#11214 = PLANE('',#11215);
#11215 = AXIS2_PLACEMENT_3D('',#11216,#11217,#11218);
#11216 = CARTESIAN_POINT('',(0.,3.048E+03,6.096E+03));
#11217 = DIRECTION('',(-0.,0.371390676354,0.928476690885));
#11218 = DIRECTION('',(0.,0.928476690885,-0.371390676354));
#11219 = ADVANCED_FACE('',(#11220),#11245,.T.);
#11220 = FACE_BOUND('',#11221,.T.);
#11221 = EDGE_LOOP('',(#11222,#11223,#11231,#11239));
#11222 = ORIENTED_EDGE('',*,*,#11201,.T.);
#11223 = ORIENTED_EDGE('',*,*,#11224,.T.);
#11224 = EDGE_CURVE('',#11194,#11225,#11227,.T.);
#11225 = VERTEX_POINT('',#11226);
#11226 = CARTESIAN_POINT('',(7.3152E+03,6.096E+03,4.77012E+03));
#11227 = LINE('',#11228,#11229);
#11228 = CARTESIAN_POINT('',(7.3152E+03,6.096E+03,4.8768E+03));
#11229 = VECTOR('',#11230,1.);
#11230 = DIRECTION('',(0.,0.,-1.));
#11231 = ORIENTED_EDGE('',*,*,#11232,.F.);
#11232 = EDGE_CURVE('',#11233,#11225,#11235,.T.);
#11233 = VERTEX_POINT('',#11234);
#11234 = CARTESIAN_POINT('',(0.,6.096E+03,4.77012E+03));
#11235 = LINE('',#11236,#11237);
#11236 = CARTESIAN_POINT('',(0.,6.096E+03,4.77012E+03));
#11237 = VECTOR('',#11238,1.);
#11238 = DIRECTION('',(1.,0.,0.));
#11239 = ORIENTED_EDGE('',*,*,#11240,.F.);
#11240 = EDGE_CURVE('',#11202,#11233,#11241,.T.);
#11241 = LINE('',#11242,#11243);
#11242 = CARTESIAN_POINT('',(0.,6.096E+03,4.8768E+03));
#11243 = VECTOR('',#11244,1.);
#11244 = DIRECTION('',(0.,0.,-1.));
#11245 = PLANE('',#11246);
#11246 = AXIS2_PLACEMENT_3D('',#11247,#11248,#11249);
#11247 = CARTESIAN_POINT('',(0.,6.096E+03,4.8768E+03));
#11248 = DIRECTION('',(-0.,1.,0.));
#11249 = DIRECTION('',(0.,0.,-1.));
#11250 = ADVANCED_FACE('',(#11251),#11276,.T.);
#11251 = FACE_BOUND('',#11252,.T.);
#11252 = EDGE_LOOP('',(#11253,#11254,#11262,#11270));
#11253 = ORIENTED_EDGE('',*,*,#11232,.T.);
#11254 = ORIENTED_EDGE('',*,*,#11255,.T.);
#11255 = EDGE_CURVE('',#11225,#11256,#11258,.T.);
#11256 = VERTEX_POINT('',#11257);
#11257 = CARTESIAN_POINT('',(7.3152E+03,3.048E+03,5.98932E+03));
#11258 = LINE('',#11259,#11260);
#11259 = CARTESIAN_POINT('',(7.3152E+03,6.096E+03,4.77012E+03));
#11260 = VECTOR('',#11261,1.);
#11261 = DIRECTION('',(0.,-0.928476690885,0.371390676354));
#11262 = ORIENTED_EDGE('',*,*,#11263,.F.);
#11263 = EDGE_CURVE('',#11264,#11256,#11266,.T.);
#11264 = VERTEX_POINT('',#11265);
#11265 = CARTESIAN_POINT('',(0.,3.048E+03,5.98932E+03));
#11266 = LINE('',#11267,#11268);
#11267 = CARTESIAN_POINT('',(0.,3.048E+03,5.98932E+03));
#11268 = VECTOR('',#11269,1.);
#11269 = DIRECTION('',(1.,0.,0.));
#11270 = ORIENTED_EDGE('',*,*,#11271,.F.);
#11271 = EDGE_CURVE('',#11233,#11264,#11272,.T.);
#11272 = LINE('',#11273,#11274);
#11273 = CARTESIAN_POINT('',(0.,6.096E+03,4.77012E+03));
#11274 = VECTOR('',#11275,1.);
#11275 = DIRECTION('',(0.,-0.928476690885,0.371390676354));
#11276 = PLANE('',#11277);
#11277 = AXIS2_PLACEMENT_3D('',#11278,#11279,#11280);
#11278 = CARTESIAN_POINT('',(0.,6.096E+03,4.77012E+03));
#11279 = DIRECTION('',(0.,-0.371390676354,-0.928476690885));
#11280 = DIRECTION('',(0.,-0.928476690885,0.371390676354));
#11281 = ADVANCED_FACE('',(#11282),#11298,.T.);
#11282 = FACE_BOUND('',#11283,.T.);
#11283 = EDGE_LOOP('',(#11284,#11285,#11291,#11292));
#11284 = ORIENTED_EDGE('',*,*,#11263,.T.);
#11285 = ORIENTED_EDGE('',*,*,#11286,.T.);
#11286 = EDGE_CURVE('',#11256,#11186,#11287,.T.);
#11287 = LINE('',#11288,#11289);
#11288 = CARTESIAN_POINT('',(7.3152E+03,3.048E+03,5.98932E+03));
#11289 = VECTOR('',#11290,1.);
#11290 = DIRECTION('',(0.,0.,1.));
#11291 = ORIENTED_EDGE('',*,*,#11183,.F.);
#11292 = ORIENTED_EDGE('',*,*,#11293,.F.);
#11293 = EDGE_CURVE('',#11264,#11184,#11294,.T.);
#11294 = LINE('',#11295,#11296);
#11295 = CARTESIAN_POINT('',(0.,3.048E+03,5.98932E+03));
#11296 = VECTOR('',#11297,1.);
#11297 = DIRECTION('',(0.,0.,1.));
#11298 = PLANE('',#11299);
#11299 = AXIS2_PLACEMENT_3D('',#11300,#11301,#11302);
#11300 = CARTESIAN_POINT('',(0.,3.048E+03,5.98932E+03));
#11301 = DIRECTION('',(0.,-1.,0.));
#11302 = DIRECTION('',(0.,0.,1.));
#11303 = ADVANCED_FACE('',(#11304),#11310,.T.);
#11304 = FACE_BOUND('',#11305,.T.);
#11305 = EDGE_LOOP('',(#11306,#11307,#11308,#11309));
#11306 = ORIENTED_EDGE('',*,*,#11209,.T.);
#11307 = ORIENTED_EDGE('',*,*,#11240,.T.);
#11308 = ORIENTED_EDGE('',*,*,#11271,.T.);
#11309 = ORIENTED_EDGE('',*,*,#11293,.T.);
#11310 = PLANE('',#11311);
#11311 = AXIS2_PLACEMENT_3D('',#11312,#11313,#11314);
#11312 = CARTESIAN_POINT('',(0.,4.572E+03,5.43306E+03));
#11313 = DIRECTION('',(-1.,-0.,-0.));
#11314 = DIRECTION('',(0.,0.,-1.));
#11315 = ADVANCED_FACE('',(#11316),#11322,.F.);
#11316 = FACE_BOUND('',#11317,.F.);
#11317 = EDGE_LOOP('',(#11318,#11319,#11320,#11321));
#11318 = ORIENTED_EDGE('',*,*,#11193,.T.);
#11319 = ORIENTED_EDGE('',*,*,#11224,.T.);
#11320 = ORIENTED_EDGE('',*,*,#11255,.T.);
#11321 = ORIENTED_EDGE('',*,*,#11286,.T.);
#11322 = PLANE('',#11323);
#11323 = AXIS2_PLACEMENT_3D('',#11324,#11325,#11326);
#11324 = CARTESIAN_POINT('',(7.3152E+03,4.572E+03,5.43306E+03));
#11325 = DIRECTION('',(-1.,-0.,-0.));
#11326 = DIRECTION('',(0.,0.,-1.));
#11327 = ( GEOMETRIC_REPRESENTATION_CONTEXT(3) 
GLOBAL_UNCERTAINTY_ASSIGNED_CONTEXT((#11331)) 
GLOBAL_UNIT_ASSIGNED_CONTEXT((#11328,#11329,#11330)) 
REPRESENTATION_CONTEXT('Context #1',
  '3D Context with UNIT and UNCERTAINTY') );
#11328 = ( LENGTH_UNIT() NAMED_UNIT(*) SI_UNIT(.MILLI.,.METRE.) );
#11329 = ( NAMED_UNIT(*) PLANE_ANGLE_UNIT() SI_UNIT($,.RADIAN.) );
#11330 = ( NAMED_UNIT(*) SI_UNIT($,.STERADIAN.) SOLID_ANGLE_UNIT() );
#11331 = UNCERTAINTY_MEASURE_WITH_UNIT(LENGTH_MEASURE(1.E-07),#11328,
  'distance_accuracy_value','confusion accuracy');
#11332 = CONTEXT_DEPENDENT_SHAPE_REPRESENTATION(#11333,#11335);
#11333 = ( REPRESENTATION_RELATIONSHIP('','',#11176,#10) 
REPRESENTATION_RELATIONSHIP_WITH_TRANSFORMATION(#11334) 
SHAPE_REPRESENTATION_RELATIONSHIP() );
#11334 = ITEM_DEFINED_TRANSFORMATION('','',#11,#223);
#11335 = PRODUCT_DEFINITION_SHAPE('Placement','Placement of an item',
  #11336);
#11336 = NEXT_ASSEMBLY_USAGE_OCCURRENCE('53','North roof plane','',#5,
  #11171,$);
#11337 = PRODUCT_RELATED_PRODUCT_CATEGORY('part',$,(#11173));
#11338 = SHAPE_DEFINITION_REPRESENTATION(#11339,#11345);
#11339 = PRODUCT_DEFINITION_SHAPE('','',#11340);
#11340 = PRODUCT_DEFINITION('design','',#11341,#11344);
#11341 = PRODUCT_DEFINITION_FORMATION('','',#11342);
#11342 = PRODUCT('Office','Office','',(#11343));
#11343 = PRODUCT_CONTEXT('',#2,'mechanical');
#11344 = PRODUCT_DEFINITION_CONTEXT('part definition',#2,'design');
#11345 = ADVANCED_BREP_SHAPE_REPRESENTATION('',(#11,#11346),#11496);
#11346 = MANIFOLD_SOLID_BREP('',#11347);
#11347 = CLOSED_SHELL('',(#11348,#11388,#11428,#11450,#11472,#11484));
#11348 = ADVANCED_FACE('',(#11349),#11383,.F.);
#11349 = FACE_BOUND('',#11350,.F.);
#11350 = EDGE_LOOP('',(#11351,#11361,#11369,#11377));
#11351 = ORIENTED_EDGE('',*,*,#11352,.F.);
#11352 = EDGE_CURVE('',#11353,#11355,#11357,.T.);
#11353 = VERTEX_POINT('',#11354);
#11354 = CARTESIAN_POINT('',(4.367784E+03,4.367784E+03,158.496));
#11355 = VERTEX_POINT('',#11356);
#11356 = CARTESIAN_POINT('',(4.367784E+03,4.367784E+03,170.688));
#11357 = LINE('',#11358,#11359);
#11358 = CARTESIAN_POINT('',(4.367784E+03,4.367784E+03,158.496));
#11359 = VECTOR('',#11360,1.);
#11360 = DIRECTION('',(0.,0.,1.));
#11361 = ORIENTED_EDGE('',*,*,#11362,.T.);
#11362 = EDGE_CURVE('',#11353,#11363,#11365,.T.);
#11363 = VERTEX_POINT('',#11364);
#11364 = CARTESIAN_POINT('',(4.367784E+03,5.92836E+03,158.496));
#11365 = LINE('',#11366,#11367);
#11366 = CARTESIAN_POINT('',(4.367784E+03,4.367784E+03,158.496));
#11367 = VECTOR('',#11368,1.);
#11368 = DIRECTION('',(-0.,1.,0.));
#11369 = ORIENTED_EDGE('',*,*,#11370,.T.);
#11370 = EDGE_CURVE('',#11363,#11371,#11373,.T.);
#11371 = VERTEX_POINT('',#11372);
#11372 = CARTESIAN_POINT('',(4.367784E+03,5.92836E+03,170.688));
#11373 = LINE('',#11374,#11375);
#11374 = CARTESIAN_POINT('',(4.367784E+03,5.92836E+03,158.496));
#11375 = VECTOR('',#11376,1.);
#11376 = DIRECTION('',(0.,0.,1.));
#11377 = ORIENTED_EDGE('',*,*,#11378,.F.);
#11378 = EDGE_CURVE('',#11355,#11371,#11379,.T.);
#11379 = LINE('',#11380,#11381);
#11380 = CARTESIAN_POINT('',(4.367784E+03,4.367784E+03,170.688));
#11381 = VECTOR('',#11382,1.);
#11382 = DIRECTION('',(-0.,1.,0.));
#11383 = PLANE('',#11384);
#11384 = AXIS2_PLACEMENT_3D('',#11385,#11386,#11387);
#11385 = CARTESIAN_POINT('',(4.367784E+03,4.367784E+03,158.496));
#11386 = DIRECTION('',(1.,0.,-0.));
#11387 = DIRECTION('',(0.,0.,1.));
#11388 = ADVANCED_FACE('',(#11389),#11423,.T.);
#11389 = FACE_BOUND('',#11390,.T.);
#11390 = EDGE_LOOP('',(#11391,#11401,#11409,#11417));
#11391 = ORIENTED_EDGE('',*,*,#11392,.F.);
#11392 = EDGE_CURVE('',#11393,#11395,#11397,.T.);
#11393 = VERTEX_POINT('',#11394);
#11394 = CARTESIAN_POINT('',(7.14756E+03,4.367784E+03,158.496));
#11395 = VERTEX_POINT('',#11396);
#11396 = CARTESIAN_POINT('',(7.14756E+03,4.367784E+03,170.688));
#11397 = LINE('',#11398,#11399);
#11398 = CARTESIAN_POINT('',(7.14756E+03,4.367784E+03,158.496));
#11399 = VECTOR('',#11400,1.);
#11400 = DIRECTION('',(0.,0.,1.));
#11401 = ORIENTED_EDGE('',*,*,#11402,.T.);
#11402 = EDGE_CURVE('',#11393,#11403,#11405,.T.);
#11403 = VERTEX_POINT('',#11404);
#11404 = CARTESIAN_POINT('',(7.14756E+03,5.92836E+03,158.496));
#11405 = LINE('',#11406,#11407);
#11406 = CARTESIAN_POINT('',(7.14756E+03,4.367784E+03,158.496));
#11407 = VECTOR('',#11408,1.);
#11408 = DIRECTION('',(-0.,1.,0.));
#11409 = ORIENTED_EDGE('',*,*,#11410,.T.);
#11410 = EDGE_CURVE('',#11403,#11411,#11413,.T.);
#11411 = VERTEX_POINT('',#11412);
#11412 = CARTESIAN_POINT('',(7.14756E+03,5.92836E+03,170.688));
#11413 = LINE('',#11414,#11415);
#11414 = CARTESIAN_POINT('',(7.14756E+03,5.92836E+03,158.496));
#11415 = VECTOR('',#11416,1.);
#11416 = DIRECTION('',(0.,0.,1.));
#11417 = ORIENTED_EDGE('',*,*,#11418,.F.);
#11418 = EDGE_CURVE('',#11395,#11411,#11419,.T.);
#11419 = LINE('',#11420,#11421);
#11420 = CARTESIAN_POINT('',(7.14756E+03,4.367784E+03,170.688));
#11421 = VECTOR('',#11422,1.);
#11422 = DIRECTION('',(-0.,1.,0.));
#11423 = PLANE('',#11424);
#11424 = AXIS2_PLACEMENT_3D('',#11425,#11426,#11427);
#11425 = CARTESIAN_POINT('',(7.14756E+03,4.367784E+03,158.496));
#11426 = DIRECTION('',(1.,0.,-0.));
#11427 = DIRECTION('',(0.,0.,1.));
#11428 = ADVANCED_FACE('',(#11429),#11445,.F.);
#11429 = FACE_BOUND('',#11430,.F.);
#11430 = EDGE_LOOP('',(#11431,#11437,#11438,#11444));
#11431 = ORIENTED_EDGE('',*,*,#11432,.F.);
#11432 = EDGE_CURVE('',#11353,#11393,#11433,.T.);
#11433 = LINE('',#11434,#11435);
#11434 = CARTESIAN_POINT('',(4.367784E+03,4.367784E+03,158.496));
#11435 = VECTOR('',#11436,1.);
#11436 = DIRECTION('',(1.,0.,-0.));
#11437 = ORIENTED_EDGE('',*,*,#11352,.T.);
#11438 = ORIENTED_EDGE('',*,*,#11439,.T.);
#11439 = EDGE_CURVE('',#11355,#11395,#11440,.T.);
#11440 = LINE('',#11441,#11442);
#11441 = CARTESIAN_POINT('',(4.367784E+03,4.367784E+03,170.688));
#11442 = VECTOR('',#11443,1.);
#11443 = DIRECTION('',(1.,0.,-0.));
#11444 = ORIENTED_EDGE('',*,*,#11392,.F.);
#11445 = PLANE('',#11446);
#11446 = AXIS2_PLACEMENT_3D('',#11447,#11448,#11449);
#11447 = CARTESIAN_POINT('',(4.367784E+03,4.367784E+03,158.496));
#11448 = DIRECTION('',(-0.,1.,0.));
#11449 = DIRECTION('',(0.,0.,1.));
#11450 = ADVANCED_FACE('',(#11451),#11467,.T.);
#11451 = FACE_BOUND('',#11452,.T.);
#11452 = EDGE_LOOP('',(#11453,#11459,#11460,#11466));
#11453 = ORIENTED_EDGE('',*,*,#11454,.F.);
#11454 = EDGE_CURVE('',#11363,#11403,#11455,.T.);
#11455 = LINE('',#11456,#11457);
#11456 = CARTESIAN_POINT('',(4.367784E+03,5.92836E+03,158.496));
#11457 = VECTOR('',#11458,1.);
#11458 = DIRECTION('',(1.,0.,-0.));
#11459 = ORIENTED_EDGE('',*,*,#11370,.T.);
#11460 = ORIENTED_EDGE('',*,*,#11461,.T.);
#11461 = EDGE_CURVE('',#11371,#11411,#11462,.T.);
#11462 = LINE('',#11463,#11464);
#11463 = CARTESIAN_POINT('',(4.367784E+03,5.92836E+03,170.688));
#11464 = VECTOR('',#11465,1.);
#11465 = DIRECTION('',(1.,0.,-0.));
#11466 = ORIENTED_EDGE('',*,*,#11410,.F.);
#11467 = PLANE('',#11468);
#11468 = AXIS2_PLACEMENT_3D('',#11469,#11470,#11471);
#11469 = CARTESIAN_POINT('',(4.367784E+03,5.92836E+03,158.496));
#11470 = DIRECTION('',(-0.,1.,0.));
#11471 = DIRECTION('',(0.,0.,1.));
#11472 = ADVANCED_FACE('',(#11473),#11479,.F.);
#11473 = FACE_BOUND('',#11474,.F.);
#11474 = EDGE_LOOP('',(#11475,#11476,#11477,#11478));
#11475 = ORIENTED_EDGE('',*,*,#11362,.F.);
#11476 = ORIENTED_EDGE('',*,*,#11432,.T.);
#11477 = ORIENTED_EDGE('',*,*,#11402,.T.);
#11478 = ORIENTED_EDGE('',*,*,#11454,.F.);
#11479 = PLANE('',#11480);
#11480 = AXIS2_PLACEMENT_3D('',#11481,#11482,#11483);
#11481 = CARTESIAN_POINT('',(4.367784E+03,4.367784E+03,158.496));
#11482 = DIRECTION('',(0.,0.,1.));
#11483 = DIRECTION('',(1.,0.,-0.));
#11484 = ADVANCED_FACE('',(#11485),#11491,.T.);
#11485 = FACE_BOUND('',#11486,.T.);
#11486 = EDGE_LOOP('',(#11487,#11488,#11489,#11490));
#11487 = ORIENTED_EDGE('',*,*,#11378,.F.);
#11488 = ORIENTED_EDGE('',*,*,#11439,.T.);
#11489 = ORIENTED_EDGE('',*,*,#11418,.T.);
#11490 = ORIENTED_EDGE('',*,*,#11461,.F.);
#11491 = PLANE('',#11492);
#11492 = AXIS2_PLACEMENT_3D('',#11493,#11494,#11495);
#11493 = CARTESIAN_POINT('',(4.367784E+03,4.367784E+03,170.688));
#11494 = DIRECTION('',(0.,0.,1.));
#11495 = DIRECTION('',(1.,0.,-0.));
#11496 = ( GEOMETRIC_REPRESENTATION_CONTEXT(3) 
GLOBAL_UNCERTAINTY_ASSIGNED_CONTEXT((#11500)) 
GLOBAL_UNIT_ASSIGNED_CONTEXT((#11497,#11498,#11499)) 
REPRESENTATION_CONTEXT('Context #1',
  '3D Context with UNIT and UNCERTAINTY') );
#11497 = ( LENGTH_UNIT() NAMED_UNIT(*) SI_UNIT(.MILLI.,.METRE.) );
#11498 = ( NAMED_UNIT(*) PLANE_ANGLE_UNIT() SI_UNIT($,.RADIAN.) );
#11499 = ( NAMED_UNIT(*) SI_UNIT($,.STERADIAN.) SOLID_ANGLE_UNIT() );
#11500 = UNCERTAINTY_MEASURE_WITH_UNIT(LENGTH_MEASURE(1.E-07),#11497,
  'distance_accuracy_value','confusion accuracy');
#11501 = CONTEXT_DEPENDENT_SHAPE_REPRESENTATION(#11502,#11504);
#11502 = ( REPRESENTATION_RELATIONSHIP('','',#11345,#10) 
REPRESENTATION_RELATIONSHIP_WITH_TRANSFORMATION(#11503) 
SHAPE_REPRESENTATION_RELATIONSHIP() );
#11503 = ITEM_DEFINED_TRANSFORMATION('','',#11,#227);
#11504 = PRODUCT_DEFINITION_SHAPE('Placement','Placement of an item',
  #11505);
#11505 = NEXT_ASSEMBLY_USAGE_OCCURRENCE('54','Office','',#5,#11340,$);
#11506 = PRODUCT_RELATED_PRODUCT_CATEGORY('part',$,(#11342));
#11507 = SHAPE_DEFINITION_REPRESENTATION(#11508,#11514);
#11508 = PRODUCT_DEFINITION_SHAPE('','',#11509);
#11509 = PRODUCT_DEFINITION('design','',#11510,#11513);
#11510 = PRODUCT_DEFINITION_FORMATION('','',#11511);
#11511 = PRODUCT('Office desk','Office desk','',(#11512));
#11512 = PRODUCT_CONTEXT('',#2,'mechanical');
#11513 = PRODUCT_DEFINITION_CONTEXT('part definition',#2,'design');
#11514 = ADVANCED_BREP_SHAPE_REPRESENTATION('',(#11,#11515),#11665);
#11515 = MANIFOLD_SOLID_BREP('',#11516);
#11516 = CLOSED_SHELL('',(#11517,#11557,#11597,#11619,#11641,#11653));
#11517 = ADVANCED_FACE('',(#11518),#11552,.F.);
#11518 = FACE_BOUND('',#11519,.F.);
#11519 = EDGE_LOOP('',(#11520,#11530,#11538,#11546));
#11520 = ORIENTED_EDGE('',*,*,#11521,.F.);
#11521 = EDGE_CURVE('',#11522,#11524,#11526,.T.);
#11522 = VERTEX_POINT('',#11523);
#11523 = CARTESIAN_POINT('',(4.572E+03,5.24256E+03,152.4));
#11524 = VERTEX_POINT('',#11525);
#11525 = CARTESIAN_POINT('',(4.572E+03,5.24256E+03,914.4));
#11526 = LINE('',#11527,#11528);
#11527 = CARTESIAN_POINT('',(4.572E+03,5.24256E+03,152.4));
#11528 = VECTOR('',#11529,1.);
#11529 = DIRECTION('',(0.,0.,1.));
#11530 = ORIENTED_EDGE('',*,*,#11531,.T.);
#11531 = EDGE_CURVE('',#11522,#11532,#11534,.T.);
#11532 = VERTEX_POINT('',#11533);
#11533 = CARTESIAN_POINT('',(4.572E+03,5.73024E+03,152.4));
#11534 = LINE('',#11535,#11536);
#11535 = CARTESIAN_POINT('',(4.572E+03,5.24256E+03,152.4));
#11536 = VECTOR('',#11537,1.);
#11537 = DIRECTION('',(-0.,1.,0.));
#11538 = ORIENTED_EDGE('',*,*,#11539,.T.);
#11539 = EDGE_CURVE('',#11532,#11540,#11542,.T.);
#11540 = VERTEX_POINT('',#11541);
#11541 = CARTESIAN_POINT('',(4.572E+03,5.73024E+03,914.4));
#11542 = LINE('',#11543,#11544);
#11543 = CARTESIAN_POINT('',(4.572E+03,5.73024E+03,152.4));
#11544 = VECTOR('',#11545,1.);
#11545 = DIRECTION('',(0.,0.,1.));
#11546 = ORIENTED_EDGE('',*,*,#11547,.F.);
#11547 = EDGE_CURVE('',#11524,#11540,#11548,.T.);
#11548 = LINE('',#11549,#11550);
#11549 = CARTESIAN_POINT('',(4.572E+03,5.24256E+03,914.4));
#11550 = VECTOR('',#11551,1.);
#11551 = DIRECTION('',(-0.,1.,0.));
#11552 = PLANE('',#11553);
#11553 = AXIS2_PLACEMENT_3D('',#11554,#11555,#11556);
#11554 = CARTESIAN_POINT('',(4.572E+03,5.24256E+03,152.4));
#11555 = DIRECTION('',(1.,0.,-0.));
#11556 = DIRECTION('',(0.,0.,1.));
#11557 = ADVANCED_FACE('',(#11558),#11592,.T.);
#11558 = FACE_BOUND('',#11559,.T.);
#11559 = EDGE_LOOP('',(#11560,#11570,#11578,#11586));
#11560 = ORIENTED_EDGE('',*,*,#11561,.F.);
#11561 = EDGE_CURVE('',#11562,#11564,#11566,.T.);
#11562 = VERTEX_POINT('',#11563);
#11563 = CARTESIAN_POINT('',(6.27888E+03,5.24256E+03,152.4));
#11564 = VERTEX_POINT('',#11565);
#11565 = CARTESIAN_POINT('',(6.27888E+03,5.24256E+03,914.4));
#11566 = LINE('',#11567,#11568);
#11567 = CARTESIAN_POINT('',(6.27888E+03,5.24256E+03,152.4));
#11568 = VECTOR('',#11569,1.);
#11569 = DIRECTION('',(0.,0.,1.));
#11570 = ORIENTED_EDGE('',*,*,#11571,.T.);
#11571 = EDGE_CURVE('',#11562,#11572,#11574,.T.);
#11572 = VERTEX_POINT('',#11573);
#11573 = CARTESIAN_POINT('',(6.27888E+03,5.73024E+03,152.4));
#11574 = LINE('',#11575,#11576);
#11575 = CARTESIAN_POINT('',(6.27888E+03,5.24256E+03,152.4));
#11576 = VECTOR('',#11577,1.);
#11577 = DIRECTION('',(-0.,1.,0.));
#11578 = ORIENTED_EDGE('',*,*,#11579,.T.);
#11579 = EDGE_CURVE('',#11572,#11580,#11582,.T.);
#11580 = VERTEX_POINT('',#11581);
#11581 = CARTESIAN_POINT('',(6.27888E+03,5.73024E+03,914.4));
#11582 = LINE('',#11583,#11584);
#11583 = CARTESIAN_POINT('',(6.27888E+03,5.73024E+03,152.4));
#11584 = VECTOR('',#11585,1.);
#11585 = DIRECTION('',(0.,0.,1.));
#11586 = ORIENTED_EDGE('',*,*,#11587,.F.);
#11587 = EDGE_CURVE('',#11564,#11580,#11588,.T.);
#11588 = LINE('',#11589,#11590);
#11589 = CARTESIAN_POINT('',(6.27888E+03,5.24256E+03,914.4));
#11590 = VECTOR('',#11591,1.);
#11591 = DIRECTION('',(-0.,1.,0.));
#11592 = PLANE('',#11593);
#11593 = AXIS2_PLACEMENT_3D('',#11594,#11595,#11596);
#11594 = CARTESIAN_POINT('',(6.27888E+03,5.24256E+03,152.4));
#11595 = DIRECTION('',(1.,0.,-0.));
#11596 = DIRECTION('',(0.,0.,1.));
#11597 = ADVANCED_FACE('',(#11598),#11614,.F.);
#11598 = FACE_BOUND('',#11599,.F.);
#11599 = EDGE_LOOP('',(#11600,#11606,#11607,#11613));
#11600 = ORIENTED_EDGE('',*,*,#11601,.F.);
#11601 = EDGE_CURVE('',#11522,#11562,#11602,.T.);
#11602 = LINE('',#11603,#11604);
#11603 = CARTESIAN_POINT('',(4.572E+03,5.24256E+03,152.4));
#11604 = VECTOR('',#11605,1.);
#11605 = DIRECTION('',(1.,0.,-0.));
#11606 = ORIENTED_EDGE('',*,*,#11521,.T.);
#11607 = ORIENTED_EDGE('',*,*,#11608,.T.);
#11608 = EDGE_CURVE('',#11524,#11564,#11609,.T.);
#11609 = LINE('',#11610,#11611);
#11610 = CARTESIAN_POINT('',(4.572E+03,5.24256E+03,914.4));
#11611 = VECTOR('',#11612,1.);
#11612 = DIRECTION('',(1.,0.,-0.));
#11613 = ORIENTED_EDGE('',*,*,#11561,.F.);
#11614 = PLANE('',#11615);
#11615 = AXIS2_PLACEMENT_3D('',#11616,#11617,#11618);
#11616 = CARTESIAN_POINT('',(4.572E+03,5.24256E+03,152.4));
#11617 = DIRECTION('',(-0.,1.,0.));
#11618 = DIRECTION('',(0.,0.,1.));
#11619 = ADVANCED_FACE('',(#11620),#11636,.T.);
#11620 = FACE_BOUND('',#11621,.T.);
#11621 = EDGE_LOOP('',(#11622,#11628,#11629,#11635));
#11622 = ORIENTED_EDGE('',*,*,#11623,.F.);
#11623 = EDGE_CURVE('',#11532,#11572,#11624,.T.);
#11624 = LINE('',#11625,#11626);
#11625 = CARTESIAN_POINT('',(4.572E+03,5.73024E+03,152.4));
#11626 = VECTOR('',#11627,1.);
#11627 = DIRECTION('',(1.,0.,-0.));
#11628 = ORIENTED_EDGE('',*,*,#11539,.T.);
#11629 = ORIENTED_EDGE('',*,*,#11630,.T.);
#11630 = EDGE_CURVE('',#11540,#11580,#11631,.T.);
#11631 = LINE('',#11632,#11633);
#11632 = CARTESIAN_POINT('',(4.572E+03,5.73024E+03,914.4));
#11633 = VECTOR('',#11634,1.);
#11634 = DIRECTION('',(1.,0.,-0.));
#11635 = ORIENTED_EDGE('',*,*,#11579,.F.);
#11636 = PLANE('',#11637);
#11637 = AXIS2_PLACEMENT_3D('',#11638,#11639,#11640);
#11638 = CARTESIAN_POINT('',(4.572E+03,5.73024E+03,152.4));
#11639 = DIRECTION('',(-0.,1.,0.));
#11640 = DIRECTION('',(0.,0.,1.));
#11641 = ADVANCED_FACE('',(#11642),#11648,.F.);
#11642 = FACE_BOUND('',#11643,.F.);
#11643 = EDGE_LOOP('',(#11644,#11645,#11646,#11647));
#11644 = ORIENTED_EDGE('',*,*,#11531,.F.);
#11645 = ORIENTED_EDGE('',*,*,#11601,.T.);
#11646 = ORIENTED_EDGE('',*,*,#11571,.T.);
#11647 = ORIENTED_EDGE('',*,*,#11623,.F.);
#11648 = PLANE('',#11649);
#11649 = AXIS2_PLACEMENT_3D('',#11650,#11651,#11652);
#11650 = CARTESIAN_POINT('',(4.572E+03,5.24256E+03,152.4));
#11651 = DIRECTION('',(0.,0.,1.));
#11652 = DIRECTION('',(1.,0.,-0.));
#11653 = ADVANCED_FACE('',(#11654),#11660,.T.);
#11654 = FACE_BOUND('',#11655,.T.);
#11655 = EDGE_LOOP('',(#11656,#11657,#11658,#11659));
#11656 = ORIENTED_EDGE('',*,*,#11547,.F.);
#11657 = ORIENTED_EDGE('',*,*,#11608,.T.);
#11658 = ORIENTED_EDGE('',*,*,#11587,.T.);
#11659 = ORIENTED_EDGE('',*,*,#11630,.F.);
#11660 = PLANE('',#11661);
#11661 = AXIS2_PLACEMENT_3D('',#11662,#11663,#11664);
#11662 = CARTESIAN_POINT('',(4.572E+03,5.24256E+03,914.4));
#11663 = DIRECTION('',(0.,0.,1.));
#11664 = DIRECTION('',(1.,0.,-0.));
#11665 = ( GEOMETRIC_REPRESENTATION_CONTEXT(3) 
GLOBAL_UNCERTAINTY_ASSIGNED_CONTEXT((#11669)) 
GLOBAL_UNIT_ASSIGNED_CONTEXT((#11666,#11667,#11668)) 
REPRESENTATION_CONTEXT('Context #1',
  '3D Context with UNIT and UNCERTAINTY') );
#11666 = ( LENGTH_UNIT() NAMED_UNIT(*) SI_UNIT(.MILLI.,.METRE.) );
#11667 = ( NAMED_UNIT(*) PLANE_ANGLE_UNIT() SI_UNIT($,.RADIAN.) );
#11668 = ( NAMED_UNIT(*) SI_UNIT($,.STERADIAN.) SOLID_ANGLE_UNIT() );
#11669 = UNCERTAINTY_MEASURE_WITH_UNIT(LENGTH_MEASURE(1.E-07),#11666,
  'distance_accuracy_value','confusion accuracy');
#11670 = CONTEXT_DEPENDENT_SHAPE_REPRESENTATION(#11671,#11673);
#11671 = ( REPRESENTATION_RELATIONSHIP('','',#11514,#10) 
REPRESENTATION_RELATIONSHIP_WITH_TRANSFORMATION(#11672) 
SHAPE_REPRESENTATION_RELATIONSHIP() );
#11672 = ITEM_DEFINED_TRANSFORMATION('','',#11,#231);
#11673 = PRODUCT_DEFINITION_SHAPE('Placement','Placement of an item',
  #11674);
#11674 = NEXT_ASSEMBLY_USAGE_OCCURRENCE('55','Office desk','',#5,#11509,
  $);
#11675 = PRODUCT_RELATED_PRODUCT_CATEGORY('part',$,(#11511));
#11676 = SHAPE_DEFINITION_REPRESENTATION(#11677,#11683);
#11677 = PRODUCT_DEFINITION_SHAPE('','',#11678);
#11678 = PRODUCT_DEFINITION('design','',#11679,#11682);
#11679 = PRODUCT_DEFINITION_FORMATION('','',#11680);
#11680 = PRODUCT('Office east door','Office east door','',(#11681));
#11681 = PRODUCT_CONTEXT('',#2,'mechanical');
#11682 = PRODUCT_DEFINITION_CONTEXT('part definition',#2,'design');
#11683 = ADVANCED_BREP_SHAPE_REPRESENTATION('',(#11,#11684),#11834);
#11684 = MANIFOLD_SOLID_BREP('',#11685);
#11685 = CLOSED_SHELL('',(#11686,#11726,#11766,#11788,#11810,#11822));
#11686 = ADVANCED_FACE('',(#11687),#11721,.F.);
#11687 = FACE_BOUND('',#11688,.F.);
#11688 = EDGE_LOOP('',(#11689,#11699,#11707,#11715));
#11689 = ORIENTED_EDGE('',*,*,#11690,.F.);
#11690 = EDGE_CURVE('',#11691,#11693,#11695,.T.);
#11691 = VERTEX_POINT('',#11692);
#11692 = CARTESIAN_POINT('',(7.21995E+03,4.81584E+03,152.4));
#11693 = VERTEX_POINT('',#11694);
#11694 = CARTESIAN_POINT('',(7.21995E+03,4.81584E+03,2.22504E+03));
#11695 = LINE('',#11696,#11697);
#11696 = CARTESIAN_POINT('',(7.21995E+03,4.81584E+03,152.4));
#11697 = VECTOR('',#11698,1.);
#11698 = DIRECTION('',(0.,0.,1.));
#11699 = ORIENTED_EDGE('',*,*,#11700,.T.);
#11700 = EDGE_CURVE('',#11691,#11701,#11703,.T.);
#11701 = VERTEX_POINT('',#11702);
#11702 = CARTESIAN_POINT('',(7.21995E+03,5.57784E+03,152.4));
#11703 = LINE('',#11704,#11705);
#11704 = CARTESIAN_POINT('',(7.21995E+03,4.81584E+03,152.4));
#11705 = VECTOR('',#11706,1.);
#11706 = DIRECTION('',(-0.,1.,0.));
#11707 = ORIENTED_EDGE('',*,*,#11708,.T.);
#11708 = EDGE_CURVE('',#11701,#11709,#11711,.T.);
#11709 = VERTEX_POINT('',#11710);
#11710 = CARTESIAN_POINT('',(7.21995E+03,5.57784E+03,2.22504E+03));
#11711 = LINE('',#11712,#11713);
#11712 = CARTESIAN_POINT('',(7.21995E+03,5.57784E+03,152.4));
#11713 = VECTOR('',#11714,1.);
#11714 = DIRECTION('',(0.,0.,1.));
#11715 = ORIENTED_EDGE('',*,*,#11716,.F.);
#11716 = EDGE_CURVE('',#11693,#11709,#11717,.T.);
#11717 = LINE('',#11718,#11719);
#11718 = CARTESIAN_POINT('',(7.21995E+03,4.81584E+03,2.22504E+03));
#11719 = VECTOR('',#11720,1.);
#11720 = DIRECTION('',(-0.,1.,0.));
#11721 = PLANE('',#11722);
#11722 = AXIS2_PLACEMENT_3D('',#11723,#11724,#11725);
#11723 = CARTESIAN_POINT('',(7.21995E+03,4.81584E+03,152.4));
#11724 = DIRECTION('',(1.,0.,-0.));
#11725 = DIRECTION('',(0.,0.,1.));
#11726 = ADVANCED_FACE('',(#11727),#11761,.T.);
#11727 = FACE_BOUND('',#11728,.T.);
#11728 = EDGE_LOOP('',(#11729,#11739,#11747,#11755));
#11729 = ORIENTED_EDGE('',*,*,#11730,.F.);
#11730 = EDGE_CURVE('',#11731,#11733,#11735,.T.);
#11731 = VERTEX_POINT('',#11732);
#11732 = CARTESIAN_POINT('',(7.25805E+03,4.81584E+03,152.4));
#11733 = VERTEX_POINT('',#11734);
#11734 = CARTESIAN_POINT('',(7.25805E+03,4.81584E+03,2.22504E+03));
#11735 = LINE('',#11736,#11737);
#11736 = CARTESIAN_POINT('',(7.25805E+03,4.81584E+03,152.4));
#11737 = VECTOR('',#11738,1.);
#11738 = DIRECTION('',(0.,0.,1.));
#11739 = ORIENTED_EDGE('',*,*,#11740,.T.);
#11740 = EDGE_CURVE('',#11731,#11741,#11743,.T.);
#11741 = VERTEX_POINT('',#11742);
#11742 = CARTESIAN_POINT('',(7.25805E+03,5.57784E+03,152.4));
#11743 = LINE('',#11744,#11745);
#11744 = CARTESIAN_POINT('',(7.25805E+03,4.81584E+03,152.4));
#11745 = VECTOR('',#11746,1.);
#11746 = DIRECTION('',(-0.,1.,0.));
#11747 = ORIENTED_EDGE('',*,*,#11748,.T.);
#11748 = EDGE_CURVE('',#11741,#11749,#11751,.T.);
#11749 = VERTEX_POINT('',#11750);
#11750 = CARTESIAN_POINT('',(7.25805E+03,5.57784E+03,2.22504E+03));
#11751 = LINE('',#11752,#11753);
#11752 = CARTESIAN_POINT('',(7.25805E+03,5.57784E+03,152.4));
#11753 = VECTOR('',#11754,1.);
#11754 = DIRECTION('',(0.,0.,1.));
#11755 = ORIENTED_EDGE('',*,*,#11756,.F.);
#11756 = EDGE_CURVE('',#11733,#11749,#11757,.T.);
#11757 = LINE('',#11758,#11759);
#11758 = CARTESIAN_POINT('',(7.25805E+03,4.81584E+03,2.22504E+03));
#11759 = VECTOR('',#11760,1.);
#11760 = DIRECTION('',(-0.,1.,0.));
#11761 = PLANE('',#11762);
#11762 = AXIS2_PLACEMENT_3D('',#11763,#11764,#11765);
#11763 = CARTESIAN_POINT('',(7.25805E+03,4.81584E+03,152.4));
#11764 = DIRECTION('',(1.,0.,-0.));
#11765 = DIRECTION('',(0.,0.,1.));
#11766 = ADVANCED_FACE('',(#11767),#11783,.F.);
#11767 = FACE_BOUND('',#11768,.F.);
#11768 = EDGE_LOOP('',(#11769,#11775,#11776,#11782));
#11769 = ORIENTED_EDGE('',*,*,#11770,.F.);
#11770 = EDGE_CURVE('',#11691,#11731,#11771,.T.);
#11771 = LINE('',#11772,#11773);
#11772 = CARTESIAN_POINT('',(7.21995E+03,4.81584E+03,152.4));
#11773 = VECTOR('',#11774,1.);
#11774 = DIRECTION('',(1.,0.,-0.));
#11775 = ORIENTED_EDGE('',*,*,#11690,.T.);
#11776 = ORIENTED_EDGE('',*,*,#11777,.T.);
#11777 = EDGE_CURVE('',#11693,#11733,#11778,.T.);
#11778 = LINE('',#11779,#11780);
#11779 = CARTESIAN_POINT('',(7.21995E+03,4.81584E+03,2.22504E+03));
#11780 = VECTOR('',#11781,1.);
#11781 = DIRECTION('',(1.,0.,-0.));
#11782 = ORIENTED_EDGE('',*,*,#11730,.F.);
#11783 = PLANE('',#11784);
#11784 = AXIS2_PLACEMENT_3D('',#11785,#11786,#11787);
#11785 = CARTESIAN_POINT('',(7.21995E+03,4.81584E+03,152.4));
#11786 = DIRECTION('',(-0.,1.,0.));
#11787 = DIRECTION('',(0.,0.,1.));
#11788 = ADVANCED_FACE('',(#11789),#11805,.T.);
#11789 = FACE_BOUND('',#11790,.T.);
#11790 = EDGE_LOOP('',(#11791,#11797,#11798,#11804));
#11791 = ORIENTED_EDGE('',*,*,#11792,.F.);
#11792 = EDGE_CURVE('',#11701,#11741,#11793,.T.);
#11793 = LINE('',#11794,#11795);
#11794 = CARTESIAN_POINT('',(7.21995E+03,5.57784E+03,152.4));
#11795 = VECTOR('',#11796,1.);
#11796 = DIRECTION('',(1.,0.,-0.));
#11797 = ORIENTED_EDGE('',*,*,#11708,.T.);
#11798 = ORIENTED_EDGE('',*,*,#11799,.T.);
#11799 = EDGE_CURVE('',#11709,#11749,#11800,.T.);
#11800 = LINE('',#11801,#11802);
#11801 = CARTESIAN_POINT('',(7.21995E+03,5.57784E+03,2.22504E+03));
#11802 = VECTOR('',#11803,1.);
#11803 = DIRECTION('',(1.,0.,-0.));
#11804 = ORIENTED_EDGE('',*,*,#11748,.F.);
#11805 = PLANE('',#11806);
#11806 = AXIS2_PLACEMENT_3D('',#11807,#11808,#11809);
#11807 = CARTESIAN_POINT('',(7.21995E+03,5.57784E+03,152.4));
#11808 = DIRECTION('',(-0.,1.,0.));
#11809 = DIRECTION('',(0.,0.,1.));
#11810 = ADVANCED_FACE('',(#11811),#11817,.F.);
#11811 = FACE_BOUND('',#11812,.F.);
#11812 = EDGE_LOOP('',(#11813,#11814,#11815,#11816));
#11813 = ORIENTED_EDGE('',*,*,#11700,.F.);
#11814 = ORIENTED_EDGE('',*,*,#11770,.T.);
#11815 = ORIENTED_EDGE('',*,*,#11740,.T.);
#11816 = ORIENTED_EDGE('',*,*,#11792,.F.);
#11817 = PLANE('',#11818);
#11818 = AXIS2_PLACEMENT_3D('',#11819,#11820,#11821);
#11819 = CARTESIAN_POINT('',(7.21995E+03,4.81584E+03,152.4));
#11820 = DIRECTION('',(0.,0.,1.));
#11821 = DIRECTION('',(1.,0.,-0.));
#11822 = ADVANCED_FACE('',(#11823),#11829,.T.);
#11823 = FACE_BOUND('',#11824,.T.);
#11824 = EDGE_LOOP('',(#11825,#11826,#11827,#11828));
#11825 = ORIENTED_EDGE('',*,*,#11716,.F.);
#11826 = ORIENTED_EDGE('',*,*,#11777,.T.);
#11827 = ORIENTED_EDGE('',*,*,#11756,.T.);
#11828 = ORIENTED_EDGE('',*,*,#11799,.F.);
#11829 = PLANE('',#11830);
#11830 = AXIS2_PLACEMENT_3D('',#11831,#11832,#11833);
#11831 = CARTESIAN_POINT('',(7.21995E+03,4.81584E+03,2.22504E+03));
#11832 = DIRECTION('',(0.,0.,1.));
#11833 = DIRECTION('',(1.,0.,-0.));
#11834 = ( GEOMETRIC_REPRESENTATION_CONTEXT(3) 
GLOBAL_UNCERTAINTY_ASSIGNED_CONTEXT((#11838)) 
GLOBAL_UNIT_ASSIGNED_CONTEXT((#11835,#11836,#11837)) 
REPRESENTATION_CONTEXT('Context #1',
  '3D Context with UNIT and UNCERTAINTY') );
#11835 = ( LENGTH_UNIT() NAMED_UNIT(*) SI_UNIT(.MILLI.,.METRE.) );
#11836 = ( NAMED_UNIT(*) PLANE_ANGLE_UNIT() SI_UNIT($,.RADIAN.) );
#11837 = ( NAMED_UNIT(*) SI_UNIT($,.STERADIAN.) SOLID_ANGLE_UNIT() );
#11838 = UNCERTAINTY_MEASURE_WITH_UNIT(LENGTH_MEASURE(1.E-07),#11835,
  'distance_accuracy_value','confusion accuracy');
#11839 = CONTEXT_DEPENDENT_SHAPE_REPRESENTATION(#11840,#11842);
#11840 = ( REPRESENTATION_RELATIONSHIP('','',#11683,#10) 
REPRESENTATION_RELATIONSHIP_WITH_TRANSFORMATION(#11841) 
SHAPE_REPRESENTATION_RELATIONSHIP() );
#11841 = ITEM_DEFINED_TRANSFORMATION('','',#11,#235);
#11842 = PRODUCT_DEFINITION_SHAPE('Placement','Placement of an item',
  #11843);
#11843 = NEXT_ASSEMBLY_USAGE_OCCURRENCE('56','Office east door','',#5,
  #11678,$);
#11844 = PRODUCT_RELATED_PRODUCT_CATEGORY('part',$,(#11680));
#11845 = SHAPE_DEFINITION_REPRESENTATION(#11846,#11852);
#11846 = PRODUCT_DEFINITION_SHAPE('','',#11847);
#11847 = PRODUCT_DEFINITION('design','',#11848,#11851);
#11848 = PRODUCT_DEFINITION_FORMATION('','',#11849);
#11849 = PRODUCT('Open living and dining','Open living and dining','',(
    #11850));
#11850 = PRODUCT_CONTEXT('',#2,'mechanical');
#11851 = PRODUCT_DEFINITION_CONTEXT('part definition',#2,'design');
#11852 = ADVANCED_BREP_SHAPE_REPRESENTATION('',(#11,#11853),#12003);
#11853 = MANIFOLD_SOLID_BREP('',#11854);
#11854 = CLOSED_SHELL('',(#11855,#11895,#11935,#11957,#11979,#11991));
#11855 = ADVANCED_FACE('',(#11856),#11890,.F.);
#11856 = FACE_BOUND('',#11857,.F.);
#11857 = EDGE_LOOP('',(#11858,#11868,#11876,#11884));
#11858 = ORIENTED_EDGE('',*,*,#11859,.F.);
#11859 = EDGE_CURVE('',#11860,#11862,#11864,.T.);
#11860 = VERTEX_POINT('',#11861);
#11861 = CARTESIAN_POINT('',(3.21564E+03,167.64,3.130296E+03));
#11862 = VERTEX_POINT('',#11863);
#11863 = CARTESIAN_POINT('',(3.21564E+03,167.64,3.142488E+03));
#11864 = LINE('',#11865,#11866);
#11865 = CARTESIAN_POINT('',(3.21564E+03,167.64,3.130296E+03));
#11866 = VECTOR('',#11867,1.);
#11867 = DIRECTION('',(0.,0.,1.));
#11868 = ORIENTED_EDGE('',*,*,#11869,.T.);
#11869 = EDGE_CURVE('',#11860,#11870,#11872,.T.);
#11870 = VERTEX_POINT('',#11871);
#11871 = CARTESIAN_POINT('',(3.21564E+03,2.63652E+03,3.130296E+03));
#11872 = LINE('',#11873,#11874);
#11873 = CARTESIAN_POINT('',(3.21564E+03,167.64,3.130296E+03));
#11874 = VECTOR('',#11875,1.);
#11875 = DIRECTION('',(-0.,1.,0.));
#11876 = ORIENTED_EDGE('',*,*,#11877,.T.);
#11877 = EDGE_CURVE('',#11870,#11878,#11880,.T.);
#11878 = VERTEX_POINT('',#11879);
#11879 = CARTESIAN_POINT('',(3.21564E+03,2.63652E+03,3.142488E+03));
#11880 = LINE('',#11881,#11882);
#11881 = CARTESIAN_POINT('',(3.21564E+03,2.63652E+03,3.130296E+03));
#11882 = VECTOR('',#11883,1.);
#11883 = DIRECTION('',(0.,0.,1.));
#11884 = ORIENTED_EDGE('',*,*,#11885,.F.);
#11885 = EDGE_CURVE('',#11862,#11878,#11886,.T.);
#11886 = LINE('',#11887,#11888);
#11887 = CARTESIAN_POINT('',(3.21564E+03,167.64,3.142488E+03));
#11888 = VECTOR('',#11889,1.);
#11889 = DIRECTION('',(-0.,1.,0.));
#11890 = PLANE('',#11891);
#11891 = AXIS2_PLACEMENT_3D('',#11892,#11893,#11894);
#11892 = CARTESIAN_POINT('',(3.21564E+03,167.64,3.130296E+03));
#11893 = DIRECTION('',(1.,0.,-0.));
#11894 = DIRECTION('',(0.,0.,1.));
#11895 = ADVANCED_FACE('',(#11896),#11930,.T.);
#11896 = FACE_BOUND('',#11897,.T.);
#11897 = EDGE_LOOP('',(#11898,#11908,#11916,#11924));
#11898 = ORIENTED_EDGE('',*,*,#11899,.F.);
#11899 = EDGE_CURVE('',#11900,#11902,#11904,.T.);
#11900 = VERTEX_POINT('',#11901);
#11901 = CARTESIAN_POINT('',(7.14756E+03,167.64,3.130296E+03));
#11902 = VERTEX_POINT('',#11903);
#11903 = CARTESIAN_POINT('',(7.14756E+03,167.64,3.142488E+03));
#11904 = LINE('',#11905,#11906);
#11905 = CARTESIAN_POINT('',(7.14756E+03,167.64,3.130296E+03));
#11906 = VECTOR('',#11907,1.);
#11907 = DIRECTION('',(0.,0.,1.));
#11908 = ORIENTED_EDGE('',*,*,#11909,.T.);
#11909 = EDGE_CURVE('',#11900,#11910,#11912,.T.);
#11910 = VERTEX_POINT('',#11911);
#11911 = CARTESIAN_POINT('',(7.14756E+03,2.63652E+03,3.130296E+03));
#11912 = LINE('',#11913,#11914);
#11913 = CARTESIAN_POINT('',(7.14756E+03,167.64,3.130296E+03));
#11914 = VECTOR('',#11915,1.);
#11915 = DIRECTION('',(-0.,1.,0.));
#11916 = ORIENTED_EDGE('',*,*,#11917,.T.);
#11917 = EDGE_CURVE('',#11910,#11918,#11920,.T.);
#11918 = VERTEX_POINT('',#11919);
#11919 = CARTESIAN_POINT('',(7.14756E+03,2.63652E+03,3.142488E+03));
#11920 = LINE('',#11921,#11922);
#11921 = CARTESIAN_POINT('',(7.14756E+03,2.63652E+03,3.130296E+03));
#11922 = VECTOR('',#11923,1.);
#11923 = DIRECTION('',(0.,0.,1.));
#11924 = ORIENTED_EDGE('',*,*,#11925,.F.);
#11925 = EDGE_CURVE('',#11902,#11918,#11926,.T.);
#11926 = LINE('',#11927,#11928);
#11927 = CARTESIAN_POINT('',(7.14756E+03,167.64,3.142488E+03));
#11928 = VECTOR('',#11929,1.);
#11929 = DIRECTION('',(-0.,1.,0.));
#11930 = PLANE('',#11931);
#11931 = AXIS2_PLACEMENT_3D('',#11932,#11933,#11934);
#11932 = CARTESIAN_POINT('',(7.14756E+03,167.64,3.130296E+03));
#11933 = DIRECTION('',(1.,0.,-0.));
#11934 = DIRECTION('',(0.,0.,1.));
#11935 = ADVANCED_FACE('',(#11936),#11952,.F.);
#11936 = FACE_BOUND('',#11937,.F.);
#11937 = EDGE_LOOP('',(#11938,#11944,#11945,#11951));
#11938 = ORIENTED_EDGE('',*,*,#11939,.F.);
#11939 = EDGE_CURVE('',#11860,#11900,#11940,.T.);
#11940 = LINE('',#11941,#11942);
#11941 = CARTESIAN_POINT('',(3.21564E+03,167.64,3.130296E+03));
#11942 = VECTOR('',#11943,1.);
#11943 = DIRECTION('',(1.,0.,-0.));
#11944 = ORIENTED_EDGE('',*,*,#11859,.T.);
#11945 = ORIENTED_EDGE('',*,*,#11946,.T.);
#11946 = EDGE_CURVE('',#11862,#11902,#11947,.T.);
#11947 = LINE('',#11948,#11949);
#11948 = CARTESIAN_POINT('',(3.21564E+03,167.64,3.142488E+03));
#11949 = VECTOR('',#11950,1.);
#11950 = DIRECTION('',(1.,0.,-0.));
#11951 = ORIENTED_EDGE('',*,*,#11899,.F.);
#11952 = PLANE('',#11953);
#11953 = AXIS2_PLACEMENT_3D('',#11954,#11955,#11956);
#11954 = CARTESIAN_POINT('',(3.21564E+03,167.64,3.130296E+03));
#11955 = DIRECTION('',(-0.,1.,0.));
#11956 = DIRECTION('',(0.,0.,1.));
#11957 = ADVANCED_FACE('',(#11958),#11974,.T.);
#11958 = FACE_BOUND('',#11959,.T.);
#11959 = EDGE_LOOP('',(#11960,#11966,#11967,#11973));
#11960 = ORIENTED_EDGE('',*,*,#11961,.F.);
#11961 = EDGE_CURVE('',#11870,#11910,#11962,.T.);
#11962 = LINE('',#11963,#11964);
#11963 = CARTESIAN_POINT('',(3.21564E+03,2.63652E+03,3.130296E+03));
#11964 = VECTOR('',#11965,1.);
#11965 = DIRECTION('',(1.,0.,-0.));
#11966 = ORIENTED_EDGE('',*,*,#11877,.T.);
#11967 = ORIENTED_EDGE('',*,*,#11968,.T.);
#11968 = EDGE_CURVE('',#11878,#11918,#11969,.T.);
#11969 = LINE('',#11970,#11971);
#11970 = CARTESIAN_POINT('',(3.21564E+03,2.63652E+03,3.142488E+03));
#11971 = VECTOR('',#11972,1.);
#11972 = DIRECTION('',(1.,0.,-0.));
#11973 = ORIENTED_EDGE('',*,*,#11917,.F.);
#11974 = PLANE('',#11975);
#11975 = AXIS2_PLACEMENT_3D('',#11976,#11977,#11978);
#11976 = CARTESIAN_POINT('',(3.21564E+03,2.63652E+03,3.130296E+03));
#11977 = DIRECTION('',(-0.,1.,0.));
#11978 = DIRECTION('',(0.,0.,1.));
#11979 = ADVANCED_FACE('',(#11980),#11986,.F.);
#11980 = FACE_BOUND('',#11981,.F.);
#11981 = EDGE_LOOP('',(#11982,#11983,#11984,#11985));
#11982 = ORIENTED_EDGE('',*,*,#11869,.F.);
#11983 = ORIENTED_EDGE('',*,*,#11939,.T.);
#11984 = ORIENTED_EDGE('',*,*,#11909,.T.);
#11985 = ORIENTED_EDGE('',*,*,#11961,.F.);
#11986 = PLANE('',#11987);
#11987 = AXIS2_PLACEMENT_3D('',#11988,#11989,#11990);
#11988 = CARTESIAN_POINT('',(3.21564E+03,167.64,3.130296E+03));
#11989 = DIRECTION('',(0.,0.,1.));
#11990 = DIRECTION('',(1.,0.,-0.));
#11991 = ADVANCED_FACE('',(#11992),#11998,.T.);
#11992 = FACE_BOUND('',#11993,.T.);
#11993 = EDGE_LOOP('',(#11994,#11995,#11996,#11997));
#11994 = ORIENTED_EDGE('',*,*,#11885,.F.);
#11995 = ORIENTED_EDGE('',*,*,#11946,.T.);
#11996 = ORIENTED_EDGE('',*,*,#11925,.T.);
#11997 = ORIENTED_EDGE('',*,*,#11968,.F.);
#11998 = PLANE('',#11999);
#11999 = AXIS2_PLACEMENT_3D('',#12000,#12001,#12002);
#12000 = CARTESIAN_POINT('',(3.21564E+03,167.64,3.142488E+03));
#12001 = DIRECTION('',(0.,0.,1.));
#12002 = DIRECTION('',(1.,0.,-0.));
#12003 = ( GEOMETRIC_REPRESENTATION_CONTEXT(3) 
GLOBAL_UNCERTAINTY_ASSIGNED_CONTEXT((#12007)) 
GLOBAL_UNIT_ASSIGNED_CONTEXT((#12004,#12005,#12006)) 
REPRESENTATION_CONTEXT('Context #1',
  '3D Context with UNIT and UNCERTAINTY') );
#12004 = ( LENGTH_UNIT() NAMED_UNIT(*) SI_UNIT(.MILLI.,.METRE.) );
#12005 = ( NAMED_UNIT(*) PLANE_ANGLE_UNIT() SI_UNIT($,.RADIAN.) );
#12006 = ( NAMED_UNIT(*) SI_UNIT($,.STERADIAN.) SOLID_ANGLE_UNIT() );
#12007 = UNCERTAINTY_MEASURE_WITH_UNIT(LENGTH_MEASURE(1.E-07),#12004,
  'distance_accuracy_value','confusion accuracy');
#12008 = CONTEXT_DEPENDENT_SHAPE_REPRESENTATION(#12009,#12011);
#12009 = ( REPRESENTATION_RELATIONSHIP('','',#11852,#10) 
REPRESENTATION_RELATIONSHIP_WITH_TRANSFORMATION(#12010) 
SHAPE_REPRESENTATION_RELATIONSHIP() );
#12010 = ITEM_DEFINED_TRANSFORMATION('','',#11,#239);
#12011 = PRODUCT_DEFINITION_SHAPE('Placement','Placement of an item',
  #12012);
#12012 = NEXT_ASSEMBLY_USAGE_OCCURRENCE('57','Open living and dining',''
  ,#5,#11847,$);
#12013 = PRODUCT_RELATED_PRODUCT_CATEGORY('part',$,(#11849));
#12014 = SHAPE_DEFINITION_REPRESENTATION(#12015,#12021);
#12015 = PRODUCT_DEFINITION_SHAPE('','',#12016);
#12016 = PRODUCT_DEFINITION('design','',#12017,#12020);
#12017 = PRODUCT_DEFINITION_FORMATION('','',#12018);
#12018 = PRODUCT('Pantry','Pantry','',(#12019));
#12019 = PRODUCT_CONTEXT('',#2,'mechanical');
#12020 = PRODUCT_DEFINITION_CONTEXT('part definition',#2,'design');
#12021 = ADVANCED_BREP_SHAPE_REPRESENTATION('',(#11,#12022),#12172);
#12022 = MANIFOLD_SOLID_BREP('',#12023);
#12023 = CLOSED_SHELL('',(#12024,#12064,#12104,#12126,#12148,#12160));
#12024 = ADVANCED_FACE('',(#12025),#12059,.F.);
#12025 = FACE_BOUND('',#12026,.F.);
#12026 = EDGE_LOOP('',(#12027,#12037,#12045,#12053));
#12027 = ORIENTED_EDGE('',*,*,#12028,.F.);
#12028 = EDGE_CURVE('',#12029,#12031,#12033,.T.);
#12029 = VERTEX_POINT('',#12030);
#12030 = CARTESIAN_POINT('',(6.53796E+03,2.7432E+03,3.1242E+03));
#12031 = VERTEX_POINT('',#12032);
#12032 = CARTESIAN_POINT('',(6.53796E+03,2.7432E+03,5.1054E+03));
#12033 = LINE('',#12034,#12035);
#12034 = CARTESIAN_POINT('',(6.53796E+03,2.7432E+03,3.1242E+03));
#12035 = VECTOR('',#12036,1.);
#12036 = DIRECTION('',(0.,0.,1.));
#12037 = ORIENTED_EDGE('',*,*,#12038,.T.);
#12038 = EDGE_CURVE('',#12029,#12039,#12041,.T.);
#12039 = VERTEX_POINT('',#12040);
#12040 = CARTESIAN_POINT('',(6.53796E+03,3.47472E+03,3.1242E+03));
#12041 = LINE('',#12042,#12043);
#12042 = CARTESIAN_POINT('',(6.53796E+03,2.7432E+03,3.1242E+03));
#12043 = VECTOR('',#12044,1.);
#12044 = DIRECTION('',(-0.,1.,0.));
#12045 = ORIENTED_EDGE('',*,*,#12046,.T.);
#12046 = EDGE_CURVE('',#12039,#12047,#12049,.T.);
#12047 = VERTEX_POINT('',#12048);
#12048 = CARTESIAN_POINT('',(6.53796E+03,3.47472E+03,5.1054E+03));
#12049 = LINE('',#12050,#12051);
#12050 = CARTESIAN_POINT('',(6.53796E+03,3.47472E+03,3.1242E+03));
#12051 = VECTOR('',#12052,1.);
#12052 = DIRECTION('',(0.,0.,1.));
#12053 = ORIENTED_EDGE('',*,*,#12054,.F.);
#12054 = EDGE_CURVE('',#12031,#12047,#12055,.T.);
#12055 = LINE('',#12056,#12057);
#12056 = CARTESIAN_POINT('',(6.53796E+03,2.7432E+03,5.1054E+03));
#12057 = VECTOR('',#12058,1.);
#12058 = DIRECTION('',(-0.,1.,0.));
#12059 = PLANE('',#12060);
#12060 = AXIS2_PLACEMENT_3D('',#12061,#12062,#12063);
#12061 = CARTESIAN_POINT('',(6.53796E+03,2.7432E+03,3.1242E+03));
#12062 = DIRECTION('',(1.,0.,-0.));
#12063 = DIRECTION('',(0.,0.,1.));
#12064 = ADVANCED_FACE('',(#12065),#12099,.T.);
#12065 = FACE_BOUND('',#12066,.T.);
#12066 = EDGE_LOOP('',(#12067,#12077,#12085,#12093));
#12067 = ORIENTED_EDGE('',*,*,#12068,.F.);
#12068 = EDGE_CURVE('',#12069,#12071,#12073,.T.);
#12069 = VERTEX_POINT('',#12070);
#12070 = CARTESIAN_POINT('',(7.05612E+03,2.7432E+03,3.1242E+03));
#12071 = VERTEX_POINT('',#12072);
#12072 = CARTESIAN_POINT('',(7.05612E+03,2.7432E+03,5.1054E+03));
#12073 = LINE('',#12074,#12075);
#12074 = CARTESIAN_POINT('',(7.05612E+03,2.7432E+03,3.1242E+03));
#12075 = VECTOR('',#12076,1.);
#12076 = DIRECTION('',(0.,0.,1.));
#12077 = ORIENTED_EDGE('',*,*,#12078,.T.);
#12078 = EDGE_CURVE('',#12069,#12079,#12081,.T.);
#12079 = VERTEX_POINT('',#12080);
#12080 = CARTESIAN_POINT('',(7.05612E+03,3.47472E+03,3.1242E+03));
#12081 = LINE('',#12082,#12083);
#12082 = CARTESIAN_POINT('',(7.05612E+03,2.7432E+03,3.1242E+03));
#12083 = VECTOR('',#12084,1.);
#12084 = DIRECTION('',(-0.,1.,0.));
#12085 = ORIENTED_EDGE('',*,*,#12086,.T.);
#12086 = EDGE_CURVE('',#12079,#12087,#12089,.T.);
#12087 = VERTEX_POINT('',#12088);
#12088 = CARTESIAN_POINT('',(7.05612E+03,3.47472E+03,5.1054E+03));
#12089 = LINE('',#12090,#12091);
#12090 = CARTESIAN_POINT('',(7.05612E+03,3.47472E+03,3.1242E+03));
#12091 = VECTOR('',#12092,1.);
#12092 = DIRECTION('',(0.,0.,1.));
#12093 = ORIENTED_EDGE('',*,*,#12094,.F.);
#12094 = EDGE_CURVE('',#12071,#12087,#12095,.T.);
#12095 = LINE('',#12096,#12097);
#12096 = CARTESIAN_POINT('',(7.05612E+03,2.7432E+03,5.1054E+03));
#12097 = VECTOR('',#12098,1.);
#12098 = DIRECTION('',(-0.,1.,0.));
#12099 = PLANE('',#12100);
#12100 = AXIS2_PLACEMENT_3D('',#12101,#12102,#12103);
#12101 = CARTESIAN_POINT('',(7.05612E+03,2.7432E+03,3.1242E+03));
#12102 = DIRECTION('',(1.,0.,-0.));
#12103 = DIRECTION('',(0.,0.,1.));
#12104 = ADVANCED_FACE('',(#12105),#12121,.F.);
#12105 = FACE_BOUND('',#12106,.F.);
#12106 = EDGE_LOOP('',(#12107,#12113,#12114,#12120));
#12107 = ORIENTED_EDGE('',*,*,#12108,.F.);
#12108 = EDGE_CURVE('',#12029,#12069,#12109,.T.);
#12109 = LINE('',#12110,#12111);
#12110 = CARTESIAN_POINT('',(6.53796E+03,2.7432E+03,3.1242E+03));
#12111 = VECTOR('',#12112,1.);
#12112 = DIRECTION('',(1.,0.,-0.));
#12113 = ORIENTED_EDGE('',*,*,#12028,.T.);
#12114 = ORIENTED_EDGE('',*,*,#12115,.T.);
#12115 = EDGE_CURVE('',#12031,#12071,#12116,.T.);
#12116 = LINE('',#12117,#12118);
#12117 = CARTESIAN_POINT('',(6.53796E+03,2.7432E+03,5.1054E+03));
#12118 = VECTOR('',#12119,1.);
#12119 = DIRECTION('',(1.,0.,-0.));
#12120 = ORIENTED_EDGE('',*,*,#12068,.F.);
#12121 = PLANE('',#12122);
#12122 = AXIS2_PLACEMENT_3D('',#12123,#12124,#12125);
#12123 = CARTESIAN_POINT('',(6.53796E+03,2.7432E+03,3.1242E+03));
#12124 = DIRECTION('',(-0.,1.,0.));
#12125 = DIRECTION('',(0.,0.,1.));
#12126 = ADVANCED_FACE('',(#12127),#12143,.T.);
#12127 = FACE_BOUND('',#12128,.T.);
#12128 = EDGE_LOOP('',(#12129,#12135,#12136,#12142));
#12129 = ORIENTED_EDGE('',*,*,#12130,.F.);
#12130 = EDGE_CURVE('',#12039,#12079,#12131,.T.);
#12131 = LINE('',#12132,#12133);
#12132 = CARTESIAN_POINT('',(6.53796E+03,3.47472E+03,3.1242E+03));
#12133 = VECTOR('',#12134,1.);
#12134 = DIRECTION('',(1.,0.,-0.));
#12135 = ORIENTED_EDGE('',*,*,#12046,.T.);
#12136 = ORIENTED_EDGE('',*,*,#12137,.T.);
#12137 = EDGE_CURVE('',#12047,#12087,#12138,.T.);
#12138 = LINE('',#12139,#12140);
#12139 = CARTESIAN_POINT('',(6.53796E+03,3.47472E+03,5.1054E+03));
#12140 = VECTOR('',#12141,1.);
#12141 = DIRECTION('',(1.,0.,-0.));
#12142 = ORIENTED_EDGE('',*,*,#12086,.F.);
#12143 = PLANE('',#12144);
#12144 = AXIS2_PLACEMENT_3D('',#12145,#12146,#12147);
#12145 = CARTESIAN_POINT('',(6.53796E+03,3.47472E+03,3.1242E+03));
#12146 = DIRECTION('',(-0.,1.,0.));
#12147 = DIRECTION('',(0.,0.,1.));
#12148 = ADVANCED_FACE('',(#12149),#12155,.F.);
#12149 = FACE_BOUND('',#12150,.F.);
#12150 = EDGE_LOOP('',(#12151,#12152,#12153,#12154));
#12151 = ORIENTED_EDGE('',*,*,#12038,.F.);
#12152 = ORIENTED_EDGE('',*,*,#12108,.T.);
#12153 = ORIENTED_EDGE('',*,*,#12078,.T.);
#12154 = ORIENTED_EDGE('',*,*,#12130,.F.);
#12155 = PLANE('',#12156);
#12156 = AXIS2_PLACEMENT_3D('',#12157,#12158,#12159);
#12157 = CARTESIAN_POINT('',(6.53796E+03,2.7432E+03,3.1242E+03));
#12158 = DIRECTION('',(0.,0.,1.));
#12159 = DIRECTION('',(1.,0.,-0.));
#12160 = ADVANCED_FACE('',(#12161),#12167,.T.);
#12161 = FACE_BOUND('',#12162,.T.);
#12162 = EDGE_LOOP('',(#12163,#12164,#12165,#12166));
#12163 = ORIENTED_EDGE('',*,*,#12054,.F.);
#12164 = ORIENTED_EDGE('',*,*,#12115,.T.);
#12165 = ORIENTED_EDGE('',*,*,#12094,.T.);
#12166 = ORIENTED_EDGE('',*,*,#12137,.F.);
#12167 = PLANE('',#12168);
#12168 = AXIS2_PLACEMENT_3D('',#12169,#12170,#12171);
#12169 = CARTESIAN_POINT('',(6.53796E+03,2.7432E+03,5.1054E+03));
#12170 = DIRECTION('',(0.,0.,1.));
#12171 = DIRECTION('',(1.,0.,-0.));
#12172 = ( GEOMETRIC_REPRESENTATION_CONTEXT(3) 
GLOBAL_UNCERTAINTY_ASSIGNED_CONTEXT((#12176)) 
GLOBAL_UNIT_ASSIGNED_CONTEXT((#12173,#12174,#12175)) 
REPRESENTATION_CONTEXT('Context #1',
  '3D Context with UNIT and UNCERTAINTY') );
#12173 = ( LENGTH_UNIT() NAMED_UNIT(*) SI_UNIT(.MILLI.,.METRE.) );
#12174 = ( NAMED_UNIT(*) PLANE_ANGLE_UNIT() SI_UNIT($,.RADIAN.) );
#12175 = ( NAMED_UNIT(*) SI_UNIT($,.STERADIAN.) SOLID_ANGLE_UNIT() );
#12176 = UNCERTAINTY_MEASURE_WITH_UNIT(LENGTH_MEASURE(1.E-07),#12173,
  'distance_accuracy_value','confusion accuracy');
#12177 = CONTEXT_DEPENDENT_SHAPE_REPRESENTATION(#12178,#12180);
#12178 = ( REPRESENTATION_RELATIONSHIP('','',#12021,#10) 
REPRESENTATION_RELATIONSHIP_WITH_TRANSFORMATION(#12179) 
SHAPE_REPRESENTATION_RELATIONSHIP() );
#12179 = ITEM_DEFINED_TRANSFORMATION('','',#11,#243);
#12180 = PRODUCT_DEFINITION_SHAPE('Placement','Placement of an item',
  #12181);
#12181 = NEXT_ASSEMBLY_USAGE_OCCURRENCE('58','Pantry','',#5,#12016,$);
#12182 = PRODUCT_RELATED_PRODUCT_CATEGORY('part',$,(#12018));
#12183 = SHAPE_DEFINITION_REPRESENTATION(#12184,#12190);
#12184 = PRODUCT_DEFINITION_SHAPE('','',#12185);
#12185 = PRODUCT_DEFINITION('design','',#12186,#12189);
#12186 = PRODUCT_DEFINITION_FORMATION('','',#12187);
#12187 = PRODUCT('Refrigerator','Refrigerator','',(#12188));
#12188 = PRODUCT_CONTEXT('',#2,'mechanical');
#12189 = PRODUCT_DEFINITION_CONTEXT('part definition',#2,'design');
#12190 = ADVANCED_BREP_SHAPE_REPRESENTATION('',(#11,#12191),#12341);
#12191 = MANIFOLD_SOLID_BREP('',#12192);
#12192 = CLOSED_SHELL('',(#12193,#12233,#12273,#12295,#12317,#12329));
#12193 = ADVANCED_FACE('',(#12194),#12228,.F.);
#12194 = FACE_BOUND('',#12195,.F.);
#12195 = EDGE_LOOP('',(#12196,#12206,#12214,#12222));
#12196 = ORIENTED_EDGE('',*,*,#12197,.F.);
#12197 = EDGE_CURVE('',#12198,#12200,#12202,.T.);
#12198 = VERTEX_POINT('',#12199);
#12199 = CARTESIAN_POINT('',(6.37032E+03,3.71856E+03,3.1242E+03));
#12200 = VERTEX_POINT('',#12201);
#12201 = CARTESIAN_POINT('',(6.37032E+03,3.71856E+03,5.1054E+03));
#12202 = LINE('',#12203,#12204);
#12203 = CARTESIAN_POINT('',(6.37032E+03,3.71856E+03,3.1242E+03));
#12204 = VECTOR('',#12205,1.);
#12205 = DIRECTION('',(0.,0.,1.));
#12206 = ORIENTED_EDGE('',*,*,#12207,.T.);
#12207 = EDGE_CURVE('',#12198,#12208,#12210,.T.);
#12208 = VERTEX_POINT('',#12209);
#12209 = CARTESIAN_POINT('',(6.37032E+03,4.51104E+03,3.1242E+03));
#12210 = LINE('',#12211,#12212);
#12211 = CARTESIAN_POINT('',(6.37032E+03,3.71856E+03,3.1242E+03));
#12212 = VECTOR('',#12213,1.);
#12213 = DIRECTION('',(-0.,1.,0.));
#12214 = ORIENTED_EDGE('',*,*,#12215,.T.);
#12215 = EDGE_CURVE('',#12208,#12216,#12218,.T.);
#12216 = VERTEX_POINT('',#12217);
#12217 = CARTESIAN_POINT('',(6.37032E+03,4.51104E+03,5.1054E+03));
#12218 = LINE('',#12219,#12220);
#12219 = CARTESIAN_POINT('',(6.37032E+03,4.51104E+03,3.1242E+03));
#12220 = VECTOR('',#12221,1.);
#12221 = DIRECTION('',(0.,0.,1.));
#12222 = ORIENTED_EDGE('',*,*,#12223,.F.);
#12223 = EDGE_CURVE('',#12200,#12216,#12224,.T.);
#12224 = LINE('',#12225,#12226);
#12225 = CARTESIAN_POINT('',(6.37032E+03,3.71856E+03,5.1054E+03));
#12226 = VECTOR('',#12227,1.);
#12227 = DIRECTION('',(-0.,1.,0.));
#12228 = PLANE('',#12229);
#12229 = AXIS2_PLACEMENT_3D('',#12230,#12231,#12232);
#12230 = CARTESIAN_POINT('',(6.37032E+03,3.71856E+03,3.1242E+03));
#12231 = DIRECTION('',(1.,0.,-0.));
#12232 = DIRECTION('',(0.,0.,1.));
#12233 = ADVANCED_FACE('',(#12234),#12268,.T.);
#12234 = FACE_BOUND('',#12235,.T.);
#12235 = EDGE_LOOP('',(#12236,#12246,#12254,#12262));
#12236 = ORIENTED_EDGE('',*,*,#12237,.F.);
#12237 = EDGE_CURVE('',#12238,#12240,#12242,.T.);
#12238 = VERTEX_POINT('',#12239);
#12239 = CARTESIAN_POINT('',(7.13232E+03,3.71856E+03,3.1242E+03));
#12240 = VERTEX_POINT('',#12241);
#12241 = CARTESIAN_POINT('',(7.13232E+03,3.71856E+03,5.1054E+03));
#12242 = LINE('',#12243,#12244);
#12243 = CARTESIAN_POINT('',(7.13232E+03,3.71856E+03,3.1242E+03));
#12244 = VECTOR('',#12245,1.);
#12245 = DIRECTION('',(0.,0.,1.));
#12246 = ORIENTED_EDGE('',*,*,#12247,.T.);
#12247 = EDGE_CURVE('',#12238,#12248,#12250,.T.);
#12248 = VERTEX_POINT('',#12249);
#12249 = CARTESIAN_POINT('',(7.13232E+03,4.51104E+03,3.1242E+03));
#12250 = LINE('',#12251,#12252);
#12251 = CARTESIAN_POINT('',(7.13232E+03,3.71856E+03,3.1242E+03));
#12252 = VECTOR('',#12253,1.);
#12253 = DIRECTION('',(-0.,1.,0.));
#12254 = ORIENTED_EDGE('',*,*,#12255,.T.);
#12255 = EDGE_CURVE('',#12248,#12256,#12258,.T.);
#12256 = VERTEX_POINT('',#12257);
#12257 = CARTESIAN_POINT('',(7.13232E+03,4.51104E+03,5.1054E+03));
#12258 = LINE('',#12259,#12260);
#12259 = CARTESIAN_POINT('',(7.13232E+03,4.51104E+03,3.1242E+03));
#12260 = VECTOR('',#12261,1.);
#12261 = DIRECTION('',(0.,0.,1.));
#12262 = ORIENTED_EDGE('',*,*,#12263,.F.);
#12263 = EDGE_CURVE('',#12240,#12256,#12264,.T.);
#12264 = LINE('',#12265,#12266);
#12265 = CARTESIAN_POINT('',(7.13232E+03,3.71856E+03,5.1054E+03));
#12266 = VECTOR('',#12267,1.);
#12267 = DIRECTION('',(-0.,1.,0.));
#12268 = PLANE('',#12269);
#12269 = AXIS2_PLACEMENT_3D('',#12270,#12271,#12272);
#12270 = CARTESIAN_POINT('',(7.13232E+03,3.71856E+03,3.1242E+03));
#12271 = DIRECTION('',(1.,0.,-0.));
#12272 = DIRECTION('',(0.,0.,1.));
#12273 = ADVANCED_FACE('',(#12274),#12290,.F.);
#12274 = FACE_BOUND('',#12275,.F.);
#12275 = EDGE_LOOP('',(#12276,#12282,#12283,#12289));
#12276 = ORIENTED_EDGE('',*,*,#12277,.F.);
#12277 = EDGE_CURVE('',#12198,#12238,#12278,.T.);
#12278 = LINE('',#12279,#12280);
#12279 = CARTESIAN_POINT('',(6.37032E+03,3.71856E+03,3.1242E+03));
#12280 = VECTOR('',#12281,1.);
#12281 = DIRECTION('',(1.,0.,-0.));
#12282 = ORIENTED_EDGE('',*,*,#12197,.T.);
#12283 = ORIENTED_EDGE('',*,*,#12284,.T.);
#12284 = EDGE_CURVE('',#12200,#12240,#12285,.T.);
#12285 = LINE('',#12286,#12287);
#12286 = CARTESIAN_POINT('',(6.37032E+03,3.71856E+03,5.1054E+03));
#12287 = VECTOR('',#12288,1.);
#12288 = DIRECTION('',(1.,0.,-0.));
#12289 = ORIENTED_EDGE('',*,*,#12237,.F.);
#12290 = PLANE('',#12291);
#12291 = AXIS2_PLACEMENT_3D('',#12292,#12293,#12294);
#12292 = CARTESIAN_POINT('',(6.37032E+03,3.71856E+03,3.1242E+03));
#12293 = DIRECTION('',(-0.,1.,0.));
#12294 = DIRECTION('',(0.,0.,1.));
#12295 = ADVANCED_FACE('',(#12296),#12312,.T.);
#12296 = FACE_BOUND('',#12297,.T.);
#12297 = EDGE_LOOP('',(#12298,#12304,#12305,#12311));
#12298 = ORIENTED_EDGE('',*,*,#12299,.F.);
#12299 = EDGE_CURVE('',#12208,#12248,#12300,.T.);
#12300 = LINE('',#12301,#12302);
#12301 = CARTESIAN_POINT('',(6.37032E+03,4.51104E+03,3.1242E+03));
#12302 = VECTOR('',#12303,1.);
#12303 = DIRECTION('',(1.,0.,-0.));
#12304 = ORIENTED_EDGE('',*,*,#12215,.T.);
#12305 = ORIENTED_EDGE('',*,*,#12306,.T.);
#12306 = EDGE_CURVE('',#12216,#12256,#12307,.T.);
#12307 = LINE('',#12308,#12309);
#12308 = CARTESIAN_POINT('',(6.37032E+03,4.51104E+03,5.1054E+03));
#12309 = VECTOR('',#12310,1.);
#12310 = DIRECTION('',(1.,0.,-0.));
#12311 = ORIENTED_EDGE('',*,*,#12255,.F.);
#12312 = PLANE('',#12313);
#12313 = AXIS2_PLACEMENT_3D('',#12314,#12315,#12316);
#12314 = CARTESIAN_POINT('',(6.37032E+03,4.51104E+03,3.1242E+03));
#12315 = DIRECTION('',(-0.,1.,0.));
#12316 = DIRECTION('',(0.,0.,1.));
#12317 = ADVANCED_FACE('',(#12318),#12324,.F.);
#12318 = FACE_BOUND('',#12319,.F.);
#12319 = EDGE_LOOP('',(#12320,#12321,#12322,#12323));
#12320 = ORIENTED_EDGE('',*,*,#12207,.F.);
#12321 = ORIENTED_EDGE('',*,*,#12277,.T.);
#12322 = ORIENTED_EDGE('',*,*,#12247,.T.);
#12323 = ORIENTED_EDGE('',*,*,#12299,.F.);
#12324 = PLANE('',#12325);
#12325 = AXIS2_PLACEMENT_3D('',#12326,#12327,#12328);
#12326 = CARTESIAN_POINT('',(6.37032E+03,3.71856E+03,3.1242E+03));
#12327 = DIRECTION('',(0.,0.,1.));
#12328 = DIRECTION('',(1.,0.,-0.));
#12329 = ADVANCED_FACE('',(#12330),#12336,.T.);
#12330 = FACE_BOUND('',#12331,.T.);
#12331 = EDGE_LOOP('',(#12332,#12333,#12334,#12335));
#12332 = ORIENTED_EDGE('',*,*,#12223,.F.);
#12333 = ORIENTED_EDGE('',*,*,#12284,.T.);
#12334 = ORIENTED_EDGE('',*,*,#12263,.T.);
#12335 = ORIENTED_EDGE('',*,*,#12306,.F.);
#12336 = PLANE('',#12337);
#12337 = AXIS2_PLACEMENT_3D('',#12338,#12339,#12340);
#12338 = CARTESIAN_POINT('',(6.37032E+03,3.71856E+03,5.1054E+03));
#12339 = DIRECTION('',(0.,0.,1.));
#12340 = DIRECTION('',(1.,0.,-0.));
#12341 = ( GEOMETRIC_REPRESENTATION_CONTEXT(3) 
GLOBAL_UNCERTAINTY_ASSIGNED_CONTEXT((#12345)) 
GLOBAL_UNIT_ASSIGNED_CONTEXT((#12342,#12343,#12344)) 
REPRESENTATION_CONTEXT('Context #1',
  '3D Context with UNIT and UNCERTAINTY') );
#12342 = ( LENGTH_UNIT() NAMED_UNIT(*) SI_UNIT(.MILLI.,.METRE.) );
#12343 = ( NAMED_UNIT(*) PLANE_ANGLE_UNIT() SI_UNIT($,.RADIAN.) );
#12344 = ( NAMED_UNIT(*) SI_UNIT($,.STERADIAN.) SOLID_ANGLE_UNIT() );
#12345 = UNCERTAINTY_MEASURE_WITH_UNIT(LENGTH_MEASURE(1.E-07),#12342,
  'distance_accuracy_value','confusion accuracy');
#12346 = CONTEXT_DEPENDENT_SHAPE_REPRESENTATION(#12347,#12349);
#12347 = ( REPRESENTATION_RELATIONSHIP('','',#12190,#10) 
REPRESENTATION_RELATIONSHIP_WITH_TRANSFORMATION(#12348) 
SHAPE_REPRESENTATION_RELATIONSHIP() );
#12348 = ITEM_DEFINED_TRANSFORMATION('','',#11,#247);
#12349 = PRODUCT_DEFINITION_SHAPE('Placement','Placement of an item',
  #12350);
#12350 = NEXT_ASSEMBLY_USAGE_OCCURRENCE('59','Refrigerator','',#5,#12185
  ,$);
#12351 = PRODUCT_RELATED_PRODUCT_CATEGORY('part',$,(#12187));
#12352 = SHAPE_DEFINITION_REPRESENTATION(#12353,#12359);
#12353 = PRODUCT_DEFINITION_SHAPE('','',#12354);
#12354 = PRODUCT_DEFINITION('design','',#12355,#12358);
#12355 = PRODUCT_DEFINITION_FORMATION('','',#12356);
#12356 = PRODUCT('South landing guard post 11.5',
  'South landing guard post 11.5','',(#12357));
#12357 = PRODUCT_CONTEXT('',#2,'mechanical');
#12358 = PRODUCT_DEFINITION_CONTEXT('part definition',#2,'design');
#12359 = ADVANCED_BREP_SHAPE_REPRESENTATION('',(#11,#12360),#12510);
#12360 = MANIFOLD_SOLID_BREP('',#12361);
#12361 = CLOSED_SHELL('',(#12362,#12402,#12442,#12464,#12486,#12498));
#12362 = ADVANCED_FACE('',(#12363),#12397,.F.);
#12363 = FACE_BOUND('',#12364,.F.);
#12364 = EDGE_LOOP('',(#12365,#12375,#12383,#12391));
#12365 = ORIENTED_EDGE('',*,*,#12366,.F.);
#12366 = EDGE_CURVE('',#12367,#12369,#12371,.T.);
#12367 = VERTEX_POINT('',#12368);
#12368 = CARTESIAN_POINT('',(3.5052E+03,-1.2192E+03,2.8956E+03));
#12369 = VERTEX_POINT('',#12370);
#12370 = CARTESIAN_POINT('',(3.5052E+03,-1.2192E+03,3.9624E+03));
#12371 = LINE('',#12372,#12373);
#12372 = CARTESIAN_POINT('',(3.5052E+03,-1.2192E+03,2.8956E+03));
#12373 = VECTOR('',#12374,1.);
#12374 = DIRECTION('',(0.,0.,1.));
#12375 = ORIENTED_EDGE('',*,*,#12376,.T.);
#12376 = EDGE_CURVE('',#12367,#12377,#12379,.T.);
#12377 = VERTEX_POINT('',#12378);
#12378 = CARTESIAN_POINT('',(3.5052E+03,-1.182624E+03,2.8956E+03));
#12379 = LINE('',#12380,#12381);
#12380 = CARTESIAN_POINT('',(3.5052E+03,-1.2192E+03,2.8956E+03));
#12381 = VECTOR('',#12382,1.);
#12382 = DIRECTION('',(-0.,1.,0.));
#12383 = ORIENTED_EDGE('',*,*,#12384,.T.);
#12384 = EDGE_CURVE('',#12377,#12385,#12387,.T.);
#12385 = VERTEX_POINT('',#12386);
#12386 = CARTESIAN_POINT('',(3.5052E+03,-1.182624E+03,3.9624E+03));
#12387 = LINE('',#12388,#12389);
#12388 = CARTESIAN_POINT('',(3.5052E+03,-1.182624E+03,2.8956E+03));
#12389 = VECTOR('',#12390,1.);
#12390 = DIRECTION('',(0.,0.,1.));
#12391 = ORIENTED_EDGE('',*,*,#12392,.F.);
#12392 = EDGE_CURVE('',#12369,#12385,#12393,.T.);
#12393 = LINE('',#12394,#12395);
#12394 = CARTESIAN_POINT('',(3.5052E+03,-1.2192E+03,3.9624E+03));
#12395 = VECTOR('',#12396,1.);
#12396 = DIRECTION('',(-0.,1.,0.));
#12397 = PLANE('',#12398);
#12398 = AXIS2_PLACEMENT_3D('',#12399,#12400,#12401);
#12399 = CARTESIAN_POINT('',(3.5052E+03,-1.2192E+03,2.8956E+03));
#12400 = DIRECTION('',(1.,0.,-0.));
#12401 = DIRECTION('',(0.,0.,1.));
#12402 = ADVANCED_FACE('',(#12403),#12437,.T.);
#12403 = FACE_BOUND('',#12404,.T.);
#12404 = EDGE_LOOP('',(#12405,#12415,#12423,#12431));
#12405 = ORIENTED_EDGE('',*,*,#12406,.F.);
#12406 = EDGE_CURVE('',#12407,#12409,#12411,.T.);
#12407 = VERTEX_POINT('',#12408);
#12408 = CARTESIAN_POINT('',(3.541776E+03,-1.2192E+03,2.8956E+03));
#12409 = VERTEX_POINT('',#12410);
#12410 = CARTESIAN_POINT('',(3.541776E+03,-1.2192E+03,3.9624E+03));
#12411 = LINE('',#12412,#12413);
#12412 = CARTESIAN_POINT('',(3.541776E+03,-1.2192E+03,2.8956E+03));
#12413 = VECTOR('',#12414,1.);
#12414 = DIRECTION('',(0.,0.,1.));
#12415 = ORIENTED_EDGE('',*,*,#12416,.T.);
#12416 = EDGE_CURVE('',#12407,#12417,#12419,.T.);
#12417 = VERTEX_POINT('',#12418);
#12418 = CARTESIAN_POINT('',(3.541776E+03,-1.182624E+03,2.8956E+03));
#12419 = LINE('',#12420,#12421);
#12420 = CARTESIAN_POINT('',(3.541776E+03,-1.2192E+03,2.8956E+03));
#12421 = VECTOR('',#12422,1.);
#12422 = DIRECTION('',(-0.,1.,0.));
#12423 = ORIENTED_EDGE('',*,*,#12424,.T.);
#12424 = EDGE_CURVE('',#12417,#12425,#12427,.T.);
#12425 = VERTEX_POINT('',#12426);
#12426 = CARTESIAN_POINT('',(3.541776E+03,-1.182624E+03,3.9624E+03));
#12427 = LINE('',#12428,#12429);
#12428 = CARTESIAN_POINT('',(3.541776E+03,-1.182624E+03,2.8956E+03));
#12429 = VECTOR('',#12430,1.);
#12430 = DIRECTION('',(0.,0.,1.));
#12431 = ORIENTED_EDGE('',*,*,#12432,.F.);
#12432 = EDGE_CURVE('',#12409,#12425,#12433,.T.);
#12433 = LINE('',#12434,#12435);
#12434 = CARTESIAN_POINT('',(3.541776E+03,-1.2192E+03,3.9624E+03));
#12435 = VECTOR('',#12436,1.);
#12436 = DIRECTION('',(-0.,1.,0.));
#12437 = PLANE('',#12438);
#12438 = AXIS2_PLACEMENT_3D('',#12439,#12440,#12441);
#12439 = CARTESIAN_POINT('',(3.541776E+03,-1.2192E+03,2.8956E+03));
#12440 = DIRECTION('',(1.,0.,-0.));
#12441 = DIRECTION('',(0.,0.,1.));
#12442 = ADVANCED_FACE('',(#12443),#12459,.F.);
#12443 = FACE_BOUND('',#12444,.F.);
#12444 = EDGE_LOOP('',(#12445,#12451,#12452,#12458));
#12445 = ORIENTED_EDGE('',*,*,#12446,.F.);
#12446 = EDGE_CURVE('',#12367,#12407,#12447,.T.);
#12447 = LINE('',#12448,#12449);
#12448 = CARTESIAN_POINT('',(3.5052E+03,-1.2192E+03,2.8956E+03));
#12449 = VECTOR('',#12450,1.);
#12450 = DIRECTION('',(1.,0.,-0.));
#12451 = ORIENTED_EDGE('',*,*,#12366,.T.);
#12452 = ORIENTED_EDGE('',*,*,#12453,.T.);
#12453 = EDGE_CURVE('',#12369,#12409,#12454,.T.);
#12454 = LINE('',#12455,#12456);
#12455 = CARTESIAN_POINT('',(3.5052E+03,-1.2192E+03,3.9624E+03));
#12456 = VECTOR('',#12457,1.);
#12457 = DIRECTION('',(1.,0.,-0.));
#12458 = ORIENTED_EDGE('',*,*,#12406,.F.);
#12459 = PLANE('',#12460);
#12460 = AXIS2_PLACEMENT_3D('',#12461,#12462,#12463);
#12461 = CARTESIAN_POINT('',(3.5052E+03,-1.2192E+03,2.8956E+03));
#12462 = DIRECTION('',(-0.,1.,0.));
#12463 = DIRECTION('',(0.,0.,1.));
#12464 = ADVANCED_FACE('',(#12465),#12481,.T.);
#12465 = FACE_BOUND('',#12466,.T.);
#12466 = EDGE_LOOP('',(#12467,#12473,#12474,#12480));
#12467 = ORIENTED_EDGE('',*,*,#12468,.F.);
#12468 = EDGE_CURVE('',#12377,#12417,#12469,.T.);
#12469 = LINE('',#12470,#12471);
#12470 = CARTESIAN_POINT('',(3.5052E+03,-1.182624E+03,2.8956E+03));
#12471 = VECTOR('',#12472,1.);
#12472 = DIRECTION('',(1.,0.,-0.));
#12473 = ORIENTED_EDGE('',*,*,#12384,.T.);
#12474 = ORIENTED_EDGE('',*,*,#12475,.T.);
#12475 = EDGE_CURVE('',#12385,#12425,#12476,.T.);
#12476 = LINE('',#12477,#12478);
#12477 = CARTESIAN_POINT('',(3.5052E+03,-1.182624E+03,3.9624E+03));
#12478 = VECTOR('',#12479,1.);
#12479 = DIRECTION('',(1.,0.,-0.));
#12480 = ORIENTED_EDGE('',*,*,#12424,.F.);
#12481 = PLANE('',#12482);
#12482 = AXIS2_PLACEMENT_3D('',#12483,#12484,#12485);
#12483 = CARTESIAN_POINT('',(3.5052E+03,-1.182624E+03,2.8956E+03));
#12484 = DIRECTION('',(-0.,1.,0.));
#12485 = DIRECTION('',(0.,0.,1.));
#12486 = ADVANCED_FACE('',(#12487),#12493,.F.);
#12487 = FACE_BOUND('',#12488,.F.);
#12488 = EDGE_LOOP('',(#12489,#12490,#12491,#12492));
#12489 = ORIENTED_EDGE('',*,*,#12376,.F.);
#12490 = ORIENTED_EDGE('',*,*,#12446,.T.);
#12491 = ORIENTED_EDGE('',*,*,#12416,.T.);
#12492 = ORIENTED_EDGE('',*,*,#12468,.F.);
#12493 = PLANE('',#12494);
#12494 = AXIS2_PLACEMENT_3D('',#12495,#12496,#12497);
#12495 = CARTESIAN_POINT('',(3.5052E+03,-1.2192E+03,2.8956E+03));
#12496 = DIRECTION('',(0.,0.,1.));
#12497 = DIRECTION('',(1.,0.,-0.));
#12498 = ADVANCED_FACE('',(#12499),#12505,.T.);
#12499 = FACE_BOUND('',#12500,.T.);
#12500 = EDGE_LOOP('',(#12501,#12502,#12503,#12504));
#12501 = ORIENTED_EDGE('',*,*,#12392,.F.);
#12502 = ORIENTED_EDGE('',*,*,#12453,.T.);
#12503 = ORIENTED_EDGE('',*,*,#12432,.T.);
#12504 = ORIENTED_EDGE('',*,*,#12475,.F.);
#12505 = PLANE('',#12506);
#12506 = AXIS2_PLACEMENT_3D('',#12507,#12508,#12509);
#12507 = CARTESIAN_POINT('',(3.5052E+03,-1.2192E+03,3.9624E+03));
#12508 = DIRECTION('',(0.,0.,1.));
#12509 = DIRECTION('',(1.,0.,-0.));
#12510 = ( GEOMETRIC_REPRESENTATION_CONTEXT(3) 
GLOBAL_UNCERTAINTY_ASSIGNED_CONTEXT((#12514)) 
GLOBAL_UNIT_ASSIGNED_CONTEXT((#12511,#12512,#12513)) 
REPRESENTATION_CONTEXT('Context #1',
  '3D Context with UNIT and UNCERTAINTY') );
#12511 = ( LENGTH_UNIT() NAMED_UNIT(*) SI_UNIT(.MILLI.,.METRE.) );
#12512 = ( NAMED_UNIT(*) PLANE_ANGLE_UNIT() SI_UNIT($,.RADIAN.) );
#12513 = ( NAMED_UNIT(*) SI_UNIT($,.STERADIAN.) SOLID_ANGLE_UNIT() );
#12514 = UNCERTAINTY_MEASURE_WITH_UNIT(LENGTH_MEASURE(1.E-07),#12511,
  'distance_accuracy_value','confusion accuracy');
#12515 = CONTEXT_DEPENDENT_SHAPE_REPRESENTATION(#12516,#12518);
#12516 = ( REPRESENTATION_RELATIONSHIP('','',#12359,#10) 
REPRESENTATION_RELATIONSHIP_WITH_TRANSFORMATION(#12517) 
SHAPE_REPRESENTATION_RELATIONSHIP() );
#12517 = ITEM_DEFINED_TRANSFORMATION('','',#11,#251);
#12518 = PRODUCT_DEFINITION_SHAPE('Placement','Placement of an item',
  #12519);
#12519 = NEXT_ASSEMBLY_USAGE_OCCURRENCE('60',
  'South landing guard post 11.5','',#5,#12354,$);
#12520 = PRODUCT_RELATED_PRODUCT_CATEGORY('part',$,(#12356));
#12521 = SHAPE_DEFINITION_REPRESENTATION(#12522,#12528);
#12522 = PRODUCT_DEFINITION_SHAPE('','',#12523);
#12523 = PRODUCT_DEFINITION('design','',#12524,#12527);
#12524 = PRODUCT_DEFINITION_FORMATION('','',#12525);
#12525 = PRODUCT('South landing guard post 19.5',
  'South landing guard post 19.5','',(#12526));
#12526 = PRODUCT_CONTEXT('',#2,'mechanical');
#12527 = PRODUCT_DEFINITION_CONTEXT('part definition',#2,'design');
#12528 = ADVANCED_BREP_SHAPE_REPRESENTATION('',(#11,#12529),#12679);
#12529 = MANIFOLD_SOLID_BREP('',#12530);
#12530 = CLOSED_SHELL('',(#12531,#12571,#12611,#12633,#12655,#12667));
#12531 = ADVANCED_FACE('',(#12532),#12566,.F.);
#12532 = FACE_BOUND('',#12533,.F.);
#12533 = EDGE_LOOP('',(#12534,#12544,#12552,#12560));
#12534 = ORIENTED_EDGE('',*,*,#12535,.F.);
#12535 = EDGE_CURVE('',#12536,#12538,#12540,.T.);
#12536 = VERTEX_POINT('',#12537);
#12537 = CARTESIAN_POINT('',(5.9436E+03,-1.2192E+03,2.8956E+03));
#12538 = VERTEX_POINT('',#12539);
#12539 = CARTESIAN_POINT('',(5.9436E+03,-1.2192E+03,3.9624E+03));
#12540 = LINE('',#12541,#12542);
#12541 = CARTESIAN_POINT('',(5.9436E+03,-1.2192E+03,2.8956E+03));
#12542 = VECTOR('',#12543,1.);
#12543 = DIRECTION('',(0.,0.,1.));
#12544 = ORIENTED_EDGE('',*,*,#12545,.T.);
#12545 = EDGE_CURVE('',#12536,#12546,#12548,.T.);
#12546 = VERTEX_POINT('',#12547);
#12547 = CARTESIAN_POINT('',(5.9436E+03,-1.182624E+03,2.8956E+03));
#12548 = LINE('',#12549,#12550);
#12549 = CARTESIAN_POINT('',(5.9436E+03,-1.2192E+03,2.8956E+03));
#12550 = VECTOR('',#12551,1.);
#12551 = DIRECTION('',(-0.,1.,0.));
#12552 = ORIENTED_EDGE('',*,*,#12553,.T.);
#12553 = EDGE_CURVE('',#12546,#12554,#12556,.T.);
#12554 = VERTEX_POINT('',#12555);
#12555 = CARTESIAN_POINT('',(5.9436E+03,-1.182624E+03,3.9624E+03));
#12556 = LINE('',#12557,#12558);
#12557 = CARTESIAN_POINT('',(5.9436E+03,-1.182624E+03,2.8956E+03));
#12558 = VECTOR('',#12559,1.);
#12559 = DIRECTION('',(0.,0.,1.));
#12560 = ORIENTED_EDGE('',*,*,#12561,.F.);
#12561 = EDGE_CURVE('',#12538,#12554,#12562,.T.);
#12562 = LINE('',#12563,#12564);
#12563 = CARTESIAN_POINT('',(5.9436E+03,-1.2192E+03,3.9624E+03));
#12564 = VECTOR('',#12565,1.);
#12565 = DIRECTION('',(-0.,1.,0.));
#12566 = PLANE('',#12567);
#12567 = AXIS2_PLACEMENT_3D('',#12568,#12569,#12570);
#12568 = CARTESIAN_POINT('',(5.9436E+03,-1.2192E+03,2.8956E+03));
#12569 = DIRECTION('',(1.,0.,-0.));
#12570 = DIRECTION('',(0.,0.,1.));
#12571 = ADVANCED_FACE('',(#12572),#12606,.T.);
#12572 = FACE_BOUND('',#12573,.T.);
#12573 = EDGE_LOOP('',(#12574,#12584,#12592,#12600));
#12574 = ORIENTED_EDGE('',*,*,#12575,.F.);
#12575 = EDGE_CURVE('',#12576,#12578,#12580,.T.);
#12576 = VERTEX_POINT('',#12577);
#12577 = CARTESIAN_POINT('',(5.980176E+03,-1.2192E+03,2.8956E+03));
#12578 = VERTEX_POINT('',#12579);
#12579 = CARTESIAN_POINT('',(5.980176E+03,-1.2192E+03,3.9624E+03));
#12580 = LINE('',#12581,#12582);
#12581 = CARTESIAN_POINT('',(5.980176E+03,-1.2192E+03,2.8956E+03));
#12582 = VECTOR('',#12583,1.);
#12583 = DIRECTION('',(0.,0.,1.));
#12584 = ORIENTED_EDGE('',*,*,#12585,.T.);
#12585 = EDGE_CURVE('',#12576,#12586,#12588,.T.);
#12586 = VERTEX_POINT('',#12587);
#12587 = CARTESIAN_POINT('',(5.980176E+03,-1.182624E+03,2.8956E+03));
#12588 = LINE('',#12589,#12590);
#12589 = CARTESIAN_POINT('',(5.980176E+03,-1.2192E+03,2.8956E+03));
#12590 = VECTOR('',#12591,1.);
#12591 = DIRECTION('',(-0.,1.,0.));
#12592 = ORIENTED_EDGE('',*,*,#12593,.T.);
#12593 = EDGE_CURVE('',#12586,#12594,#12596,.T.);
#12594 = VERTEX_POINT('',#12595);
#12595 = CARTESIAN_POINT('',(5.980176E+03,-1.182624E+03,3.9624E+03));
#12596 = LINE('',#12597,#12598);
#12597 = CARTESIAN_POINT('',(5.980176E+03,-1.182624E+03,2.8956E+03));
#12598 = VECTOR('',#12599,1.);
#12599 = DIRECTION('',(0.,0.,1.));
#12600 = ORIENTED_EDGE('',*,*,#12601,.F.);
#12601 = EDGE_CURVE('',#12578,#12594,#12602,.T.);
#12602 = LINE('',#12603,#12604);
#12603 = CARTESIAN_POINT('',(5.980176E+03,-1.2192E+03,3.9624E+03));
#12604 = VECTOR('',#12605,1.);
#12605 = DIRECTION('',(-0.,1.,0.));
#12606 = PLANE('',#12607);
#12607 = AXIS2_PLACEMENT_3D('',#12608,#12609,#12610);
#12608 = CARTESIAN_POINT('',(5.980176E+03,-1.2192E+03,2.8956E+03));
#12609 = DIRECTION('',(1.,0.,-0.));
#12610 = DIRECTION('',(0.,0.,1.));
#12611 = ADVANCED_FACE('',(#12612),#12628,.F.);
#12612 = FACE_BOUND('',#12613,.F.);
#12613 = EDGE_LOOP('',(#12614,#12620,#12621,#12627));
#12614 = ORIENTED_EDGE('',*,*,#12615,.F.);
#12615 = EDGE_CURVE('',#12536,#12576,#12616,.T.);
#12616 = LINE('',#12617,#12618);
#12617 = CARTESIAN_POINT('',(5.9436E+03,-1.2192E+03,2.8956E+03));
#12618 = VECTOR('',#12619,1.);
#12619 = DIRECTION('',(1.,0.,-0.));
#12620 = ORIENTED_EDGE('',*,*,#12535,.T.);
#12621 = ORIENTED_EDGE('',*,*,#12622,.T.);
#12622 = EDGE_CURVE('',#12538,#12578,#12623,.T.);
#12623 = LINE('',#12624,#12625);
#12624 = CARTESIAN_POINT('',(5.9436E+03,-1.2192E+03,3.9624E+03));
#12625 = VECTOR('',#12626,1.);
#12626 = DIRECTION('',(1.,0.,-0.));
#12627 = ORIENTED_EDGE('',*,*,#12575,.F.);
#12628 = PLANE('',#12629);
#12629 = AXIS2_PLACEMENT_3D('',#12630,#12631,#12632);
#12630 = CARTESIAN_POINT('',(5.9436E+03,-1.2192E+03,2.8956E+03));
#12631 = DIRECTION('',(-0.,1.,0.));
#12632 = DIRECTION('',(0.,0.,1.));
#12633 = ADVANCED_FACE('',(#12634),#12650,.T.);
#12634 = FACE_BOUND('',#12635,.T.);
#12635 = EDGE_LOOP('',(#12636,#12642,#12643,#12649));
#12636 = ORIENTED_EDGE('',*,*,#12637,.F.);
#12637 = EDGE_CURVE('',#12546,#12586,#12638,.T.);
#12638 = LINE('',#12639,#12640);
#12639 = CARTESIAN_POINT('',(5.9436E+03,-1.182624E+03,2.8956E+03));
#12640 = VECTOR('',#12641,1.);
#12641 = DIRECTION('',(1.,0.,-0.));
#12642 = ORIENTED_EDGE('',*,*,#12553,.T.);
#12643 = ORIENTED_EDGE('',*,*,#12644,.T.);
#12644 = EDGE_CURVE('',#12554,#12594,#12645,.T.);
#12645 = LINE('',#12646,#12647);
#12646 = CARTESIAN_POINT('',(5.9436E+03,-1.182624E+03,3.9624E+03));
#12647 = VECTOR('',#12648,1.);
#12648 = DIRECTION('',(1.,0.,-0.));
#12649 = ORIENTED_EDGE('',*,*,#12593,.F.);
#12650 = PLANE('',#12651);
#12651 = AXIS2_PLACEMENT_3D('',#12652,#12653,#12654);
#12652 = CARTESIAN_POINT('',(5.9436E+03,-1.182624E+03,2.8956E+03));
#12653 = DIRECTION('',(-0.,1.,0.));
#12654 = DIRECTION('',(0.,0.,1.));
#12655 = ADVANCED_FACE('',(#12656),#12662,.F.);
#12656 = FACE_BOUND('',#12657,.F.);
#12657 = EDGE_LOOP('',(#12658,#12659,#12660,#12661));
#12658 = ORIENTED_EDGE('',*,*,#12545,.F.);
#12659 = ORIENTED_EDGE('',*,*,#12615,.T.);
#12660 = ORIENTED_EDGE('',*,*,#12585,.T.);
#12661 = ORIENTED_EDGE('',*,*,#12637,.F.);
#12662 = PLANE('',#12663);
#12663 = AXIS2_PLACEMENT_3D('',#12664,#12665,#12666);
#12664 = CARTESIAN_POINT('',(5.9436E+03,-1.2192E+03,2.8956E+03));
#12665 = DIRECTION('',(0.,0.,1.));
#12666 = DIRECTION('',(1.,0.,-0.));
#12667 = ADVANCED_FACE('',(#12668),#12674,.T.);
#12668 = FACE_BOUND('',#12669,.T.);
#12669 = EDGE_LOOP('',(#12670,#12671,#12672,#12673));
#12670 = ORIENTED_EDGE('',*,*,#12561,.F.);
#12671 = ORIENTED_EDGE('',*,*,#12622,.T.);
#12672 = ORIENTED_EDGE('',*,*,#12601,.T.);
#12673 = ORIENTED_EDGE('',*,*,#12644,.F.);
#12674 = PLANE('',#12675);
#12675 = AXIS2_PLACEMENT_3D('',#12676,#12677,#12678);
#12676 = CARTESIAN_POINT('',(5.9436E+03,-1.2192E+03,3.9624E+03));
#12677 = DIRECTION('',(0.,0.,1.));
#12678 = DIRECTION('',(1.,0.,-0.));
#12679 = ( GEOMETRIC_REPRESENTATION_CONTEXT(3) 
GLOBAL_UNCERTAINTY_ASSIGNED_CONTEXT((#12683)) 
GLOBAL_UNIT_ASSIGNED_CONTEXT((#12680,#12681,#12682)) 
REPRESENTATION_CONTEXT('Context #1',
  '3D Context with UNIT and UNCERTAINTY') );
#12680 = ( LENGTH_UNIT() NAMED_UNIT(*) SI_UNIT(.MILLI.,.METRE.) );
#12681 = ( NAMED_UNIT(*) PLANE_ANGLE_UNIT() SI_UNIT($,.RADIAN.) );
#12682 = ( NAMED_UNIT(*) SI_UNIT($,.STERADIAN.) SOLID_ANGLE_UNIT() );
#12683 = UNCERTAINTY_MEASURE_WITH_UNIT(LENGTH_MEASURE(1.E-07),#12680,
  'distance_accuracy_value','confusion accuracy');
#12684 = CONTEXT_DEPENDENT_SHAPE_REPRESENTATION(#12685,#12687);
#12685 = ( REPRESENTATION_RELATIONSHIP('','',#12528,#10) 
REPRESENTATION_RELATIONSHIP_WITH_TRANSFORMATION(#12686) 
SHAPE_REPRESENTATION_RELATIONSHIP() );
#12686 = ITEM_DEFINED_TRANSFORMATION('','',#11,#255);
#12687 = PRODUCT_DEFINITION_SHAPE('Placement','Placement of an item',
  #12688);
#12688 = NEXT_ASSEMBLY_USAGE_OCCURRENCE('61',
  'South landing guard post 19.5','',#5,#12523,$);
#12689 = PRODUCT_RELATED_PRODUCT_CATEGORY('part',$,(#12525));
#12690 = SHAPE_DEFINITION_REPRESENTATION(#12691,#12697);
#12691 = PRODUCT_DEFINITION_SHAPE('','',#12692);
#12692 = PRODUCT_DEFINITION('design','',#12693,#12696);
#12693 = PRODUCT_DEFINITION_FORMATION('','',#12694);
#12694 = PRODUCT('South landing guard post 27.38',
  'South landing guard post 27.38','',(#12695));
#12695 = PRODUCT_CONTEXT('',#2,'mechanical');
#12696 = PRODUCT_DEFINITION_CONTEXT('part definition',#2,'design');
#12697 = ADVANCED_BREP_SHAPE_REPRESENTATION('',(#11,#12698),#12848);
#12698 = MANIFOLD_SOLID_BREP('',#12699);
#12699 = CLOSED_SHELL('',(#12700,#12740,#12780,#12802,#12824,#12836));
#12700 = ADVANCED_FACE('',(#12701),#12735,.F.);
#12701 = FACE_BOUND('',#12702,.F.);
#12702 = EDGE_LOOP('',(#12703,#12713,#12721,#12729));
#12703 = ORIENTED_EDGE('',*,*,#12704,.F.);
#12704 = EDGE_CURVE('',#12705,#12707,#12709,.T.);
#12705 = VERTEX_POINT('',#12706);
#12706 = CARTESIAN_POINT('',(8.345424E+03,-1.2192E+03,2.8956E+03));
#12707 = VERTEX_POINT('',#12708);
#12708 = CARTESIAN_POINT('',(8.345424E+03,-1.2192E+03,3.9624E+03));
#12709 = LINE('',#12710,#12711);
#12710 = CARTESIAN_POINT('',(8.345424E+03,-1.2192E+03,2.8956E+03));
#12711 = VECTOR('',#12712,1.);
#12712 = DIRECTION('',(0.,0.,1.));
#12713 = ORIENTED_EDGE('',*,*,#12714,.T.);
#12714 = EDGE_CURVE('',#12705,#12715,#12717,.T.);
#12715 = VERTEX_POINT('',#12716);
#12716 = CARTESIAN_POINT('',(8.345424E+03,-1.182624E+03,2.8956E+03));
#12717 = LINE('',#12718,#12719);
#12718 = CARTESIAN_POINT('',(8.345424E+03,-1.2192E+03,2.8956E+03));
#12719 = VECTOR('',#12720,1.);
#12720 = DIRECTION('',(-0.,1.,0.));
#12721 = ORIENTED_EDGE('',*,*,#12722,.T.);
#12722 = EDGE_CURVE('',#12715,#12723,#12725,.T.);
#12723 = VERTEX_POINT('',#12724);
#12724 = CARTESIAN_POINT('',(8.345424E+03,-1.182624E+03,3.9624E+03));
#12725 = LINE('',#12726,#12727);
#12726 = CARTESIAN_POINT('',(8.345424E+03,-1.182624E+03,2.8956E+03));
#12727 = VECTOR('',#12728,1.);
#12728 = DIRECTION('',(0.,0.,1.));
#12729 = ORIENTED_EDGE('',*,*,#12730,.F.);
#12730 = EDGE_CURVE('',#12707,#12723,#12731,.T.);
#12731 = LINE('',#12732,#12733);
#12732 = CARTESIAN_POINT('',(8.345424E+03,-1.2192E+03,3.9624E+03));
#12733 = VECTOR('',#12734,1.);
#12734 = DIRECTION('',(-0.,1.,0.));
#12735 = PLANE('',#12736);
#12736 = AXIS2_PLACEMENT_3D('',#12737,#12738,#12739);
#12737 = CARTESIAN_POINT('',(8.345424E+03,-1.2192E+03,2.8956E+03));
#12738 = DIRECTION('',(1.,0.,-0.));
#12739 = DIRECTION('',(0.,0.,1.));
#12740 = ADVANCED_FACE('',(#12741),#12775,.T.);
#12741 = FACE_BOUND('',#12742,.T.);
#12742 = EDGE_LOOP('',(#12743,#12753,#12761,#12769));
#12743 = ORIENTED_EDGE('',*,*,#12744,.F.);
#12744 = EDGE_CURVE('',#12745,#12747,#12749,.T.);
#12745 = VERTEX_POINT('',#12746);
#12746 = CARTESIAN_POINT('',(8.382E+03,-1.2192E+03,2.8956E+03));
#12747 = VERTEX_POINT('',#12748);
#12748 = CARTESIAN_POINT('',(8.382E+03,-1.2192E+03,3.9624E+03));
#12749 = LINE('',#12750,#12751);
#12750 = CARTESIAN_POINT('',(8.382E+03,-1.2192E+03,2.8956E+03));
#12751 = VECTOR('',#12752,1.);
#12752 = DIRECTION('',(0.,0.,1.));
#12753 = ORIENTED_EDGE('',*,*,#12754,.T.);
#12754 = EDGE_CURVE('',#12745,#12755,#12757,.T.);
#12755 = VERTEX_POINT('',#12756);
#12756 = CARTESIAN_POINT('',(8.382E+03,-1.182624E+03,2.8956E+03));
#12757 = LINE('',#12758,#12759);
#12758 = CARTESIAN_POINT('',(8.382E+03,-1.2192E+03,2.8956E+03));
#12759 = VECTOR('',#12760,1.);
#12760 = DIRECTION('',(-0.,1.,0.));
#12761 = ORIENTED_EDGE('',*,*,#12762,.T.);
#12762 = EDGE_CURVE('',#12755,#12763,#12765,.T.);
#12763 = VERTEX_POINT('',#12764);
#12764 = CARTESIAN_POINT('',(8.382E+03,-1.182624E+03,3.9624E+03));
#12765 = LINE('',#12766,#12767);
#12766 = CARTESIAN_POINT('',(8.382E+03,-1.182624E+03,2.8956E+03));
#12767 = VECTOR('',#12768,1.);
#12768 = DIRECTION('',(0.,0.,1.));
#12769 = ORIENTED_EDGE('',*,*,#12770,.F.);
#12770 = EDGE_CURVE('',#12747,#12763,#12771,.T.);
#12771 = LINE('',#12772,#12773);
#12772 = CARTESIAN_POINT('',(8.382E+03,-1.2192E+03,3.9624E+03));
#12773 = VECTOR('',#12774,1.);
#12774 = DIRECTION('',(-0.,1.,0.));
#12775 = PLANE('',#12776);
#12776 = AXIS2_PLACEMENT_3D('',#12777,#12778,#12779);
#12777 = CARTESIAN_POINT('',(8.382E+03,-1.2192E+03,2.8956E+03));
#12778 = DIRECTION('',(1.,0.,-0.));
#12779 = DIRECTION('',(0.,0.,1.));
#12780 = ADVANCED_FACE('',(#12781),#12797,.F.);
#12781 = FACE_BOUND('',#12782,.F.);
#12782 = EDGE_LOOP('',(#12783,#12789,#12790,#12796));
#12783 = ORIENTED_EDGE('',*,*,#12784,.F.);
#12784 = EDGE_CURVE('',#12705,#12745,#12785,.T.);
#12785 = LINE('',#12786,#12787);
#12786 = CARTESIAN_POINT('',(8.345424E+03,-1.2192E+03,2.8956E+03));
#12787 = VECTOR('',#12788,1.);
#12788 = DIRECTION('',(1.,0.,-0.));
#12789 = ORIENTED_EDGE('',*,*,#12704,.T.);
#12790 = ORIENTED_EDGE('',*,*,#12791,.T.);
#12791 = EDGE_CURVE('',#12707,#12747,#12792,.T.);
#12792 = LINE('',#12793,#12794);
#12793 = CARTESIAN_POINT('',(8.345424E+03,-1.2192E+03,3.9624E+03));
#12794 = VECTOR('',#12795,1.);
#12795 = DIRECTION('',(1.,0.,-0.));
#12796 = ORIENTED_EDGE('',*,*,#12744,.F.);
#12797 = PLANE('',#12798);
#12798 = AXIS2_PLACEMENT_3D('',#12799,#12800,#12801);
#12799 = CARTESIAN_POINT('',(8.345424E+03,-1.2192E+03,2.8956E+03));
#12800 = DIRECTION('',(-0.,1.,0.));
#12801 = DIRECTION('',(0.,0.,1.));
#12802 = ADVANCED_FACE('',(#12803),#12819,.T.);
#12803 = FACE_BOUND('',#12804,.T.);
#12804 = EDGE_LOOP('',(#12805,#12811,#12812,#12818));
#12805 = ORIENTED_EDGE('',*,*,#12806,.F.);
#12806 = EDGE_CURVE('',#12715,#12755,#12807,.T.);
#12807 = LINE('',#12808,#12809);
#12808 = CARTESIAN_POINT('',(8.345424E+03,-1.182624E+03,2.8956E+03));
#12809 = VECTOR('',#12810,1.);
#12810 = DIRECTION('',(1.,0.,-0.));
#12811 = ORIENTED_EDGE('',*,*,#12722,.T.);
#12812 = ORIENTED_EDGE('',*,*,#12813,.T.);
#12813 = EDGE_CURVE('',#12723,#12763,#12814,.T.);
#12814 = LINE('',#12815,#12816);
#12815 = CARTESIAN_POINT('',(8.345424E+03,-1.182624E+03,3.9624E+03));
#12816 = VECTOR('',#12817,1.);
#12817 = DIRECTION('',(1.,0.,-0.));
#12818 = ORIENTED_EDGE('',*,*,#12762,.F.);
#12819 = PLANE('',#12820);
#12820 = AXIS2_PLACEMENT_3D('',#12821,#12822,#12823);
#12821 = CARTESIAN_POINT('',(8.345424E+03,-1.182624E+03,2.8956E+03));
#12822 = DIRECTION('',(-0.,1.,0.));
#12823 = DIRECTION('',(0.,0.,1.));
#12824 = ADVANCED_FACE('',(#12825),#12831,.F.);
#12825 = FACE_BOUND('',#12826,.F.);
#12826 = EDGE_LOOP('',(#12827,#12828,#12829,#12830));
#12827 = ORIENTED_EDGE('',*,*,#12714,.F.);
#12828 = ORIENTED_EDGE('',*,*,#12784,.T.);
#12829 = ORIENTED_EDGE('',*,*,#12754,.T.);
#12830 = ORIENTED_EDGE('',*,*,#12806,.F.);
#12831 = PLANE('',#12832);
#12832 = AXIS2_PLACEMENT_3D('',#12833,#12834,#12835);
#12833 = CARTESIAN_POINT('',(8.345424E+03,-1.2192E+03,2.8956E+03));
#12834 = DIRECTION('',(0.,0.,1.));
#12835 = DIRECTION('',(1.,0.,-0.));
#12836 = ADVANCED_FACE('',(#12837),#12843,.T.);
#12837 = FACE_BOUND('',#12838,.T.);
#12838 = EDGE_LOOP('',(#12839,#12840,#12841,#12842));
#12839 = ORIENTED_EDGE('',*,*,#12730,.F.);
#12840 = ORIENTED_EDGE('',*,*,#12791,.T.);
#12841 = ORIENTED_EDGE('',*,*,#12770,.T.);
#12842 = ORIENTED_EDGE('',*,*,#12813,.F.);
#12843 = PLANE('',#12844);
#12844 = AXIS2_PLACEMENT_3D('',#12845,#12846,#12847);
#12845 = CARTESIAN_POINT('',(8.345424E+03,-1.2192E+03,3.9624E+03));
#12846 = DIRECTION('',(0.,0.,1.));
#12847 = DIRECTION('',(1.,0.,-0.));
#12848 = ( GEOMETRIC_REPRESENTATION_CONTEXT(3) 
GLOBAL_UNCERTAINTY_ASSIGNED_CONTEXT((#12852)) 
GLOBAL_UNIT_ASSIGNED_CONTEXT((#12849,#12850,#12851)) 
REPRESENTATION_CONTEXT('Context #1',
  '3D Context with UNIT and UNCERTAINTY') );
#12849 = ( LENGTH_UNIT() NAMED_UNIT(*) SI_UNIT(.MILLI.,.METRE.) );
#12850 = ( NAMED_UNIT(*) PLANE_ANGLE_UNIT() SI_UNIT($,.RADIAN.) );
#12851 = ( NAMED_UNIT(*) SI_UNIT($,.STERADIAN.) SOLID_ANGLE_UNIT() );
#12852 = UNCERTAINTY_MEASURE_WITH_UNIT(LENGTH_MEASURE(1.E-07),#12849,
  'distance_accuracy_value','confusion accuracy');
#12853 = CONTEXT_DEPENDENT_SHAPE_REPRESENTATION(#12854,#12856);
#12854 = ( REPRESENTATION_RELATIONSHIP('','',#12697,#10) 
REPRESENTATION_RELATIONSHIP_WITH_TRANSFORMATION(#12855) 
SHAPE_REPRESENTATION_RELATIONSHIP() );
#12855 = ITEM_DEFINED_TRANSFORMATION('','',#11,#259);
#12856 = PRODUCT_DEFINITION_SHAPE('Placement','Placement of an item',
  #12857);
#12857 = NEXT_ASSEMBLY_USAGE_OCCURRENCE('62',
  'South landing guard post 27.38','',#5,#12692,$);
#12858 = PRODUCT_RELATED_PRODUCT_CATEGORY('part',$,(#12694));
#12859 = SHAPE_DEFINITION_REPRESENTATION(#12860,#12866);
#12860 = PRODUCT_DEFINITION_SHAPE('','',#12861);
#12861 = PRODUCT_DEFINITION('design','',#12862,#12865);
#12862 = PRODUCT_DEFINITION_FORMATION('','',#12863);
#12863 = PRODUCT('South landing guard rail','South landing guard rail',
  '',(#12864));
#12864 = PRODUCT_CONTEXT('',#2,'mechanical');
#12865 = PRODUCT_DEFINITION_CONTEXT('part definition',#2,'design');
#12866 = ADVANCED_BREP_SHAPE_REPRESENTATION('',(#11,#12867),#13017);
#12867 = MANIFOLD_SOLID_BREP('',#12868);
#12868 = CLOSED_SHELL('',(#12869,#12909,#12949,#12971,#12993,#13005));
#12869 = ADVANCED_FACE('',(#12870),#12904,.F.);
#12870 = FACE_BOUND('',#12871,.F.);
#12871 = EDGE_LOOP('',(#12872,#12882,#12890,#12898));
#12872 = ORIENTED_EDGE('',*,*,#12873,.F.);
#12873 = EDGE_CURVE('',#12874,#12876,#12878,.T.);
#12874 = VERTEX_POINT('',#12875);
#12875 = CARTESIAN_POINT('',(3.5052E+03,-1.2192E+03,3.925824E+03));
#12876 = VERTEX_POINT('',#12877);
#12877 = CARTESIAN_POINT('',(3.5052E+03,-1.2192E+03,3.9624E+03));
#12878 = LINE('',#12879,#12880);
#12879 = CARTESIAN_POINT('',(3.5052E+03,-1.2192E+03,3.925824E+03));
#12880 = VECTOR('',#12881,1.);
#12881 = DIRECTION('',(0.,0.,1.));
#12882 = ORIENTED_EDGE('',*,*,#12883,.T.);
#12883 = EDGE_CURVE('',#12874,#12884,#12886,.T.);
#12884 = VERTEX_POINT('',#12885);
#12885 = CARTESIAN_POINT('',(3.5052E+03,-1.182624E+03,3.925824E+03));
#12886 = LINE('',#12887,#12888);
#12887 = CARTESIAN_POINT('',(3.5052E+03,-1.2192E+03,3.925824E+03));
#12888 = VECTOR('',#12889,1.);
#12889 = DIRECTION('',(-0.,1.,0.));
#12890 = ORIENTED_EDGE('',*,*,#12891,.T.);
#12891 = EDGE_CURVE('',#12884,#12892,#12894,.T.);
#12892 = VERTEX_POINT('',#12893);
#12893 = CARTESIAN_POINT('',(3.5052E+03,-1.182624E+03,3.9624E+03));
#12894 = LINE('',#12895,#12896);
#12895 = CARTESIAN_POINT('',(3.5052E+03,-1.182624E+03,3.925824E+03));
#12896 = VECTOR('',#12897,1.);
#12897 = DIRECTION('',(0.,0.,1.));
#12898 = ORIENTED_EDGE('',*,*,#12899,.F.);
#12899 = EDGE_CURVE('',#12876,#12892,#12900,.T.);
#12900 = LINE('',#12901,#12902);
#12901 = CARTESIAN_POINT('',(3.5052E+03,-1.2192E+03,3.9624E+03));
#12902 = VECTOR('',#12903,1.);
#12903 = DIRECTION('',(-0.,1.,0.));
#12904 = PLANE('',#12905);
#12905 = AXIS2_PLACEMENT_3D('',#12906,#12907,#12908);
#12906 = CARTESIAN_POINT('',(3.5052E+03,-1.2192E+03,3.925824E+03));
#12907 = DIRECTION('',(1.,0.,-0.));
#12908 = DIRECTION('',(0.,0.,1.));
#12909 = ADVANCED_FACE('',(#12910),#12944,.T.);
#12910 = FACE_BOUND('',#12911,.T.);
#12911 = EDGE_LOOP('',(#12912,#12922,#12930,#12938));
#12912 = ORIENTED_EDGE('',*,*,#12913,.F.);
#12913 = EDGE_CURVE('',#12914,#12916,#12918,.T.);
#12914 = VERTEX_POINT('',#12915);
#12915 = CARTESIAN_POINT('',(8.382E+03,-1.2192E+03,3.925824E+03));
#12916 = VERTEX_POINT('',#12917);
#12917 = CARTESIAN_POINT('',(8.382E+03,-1.2192E+03,3.9624E+03));
#12918 = LINE('',#12919,#12920);
#12919 = CARTESIAN_POINT('',(8.382E+03,-1.2192E+03,3.925824E+03));
#12920 = VECTOR('',#12921,1.);
#12921 = DIRECTION('',(0.,0.,1.));
#12922 = ORIENTED_EDGE('',*,*,#12923,.T.);
#12923 = EDGE_CURVE('',#12914,#12924,#12926,.T.);
#12924 = VERTEX_POINT('',#12925);
#12925 = CARTESIAN_POINT('',(8.382E+03,-1.182624E+03,3.925824E+03));
#12926 = LINE('',#12927,#12928);
#12927 = CARTESIAN_POINT('',(8.382E+03,-1.2192E+03,3.925824E+03));
#12928 = VECTOR('',#12929,1.);
#12929 = DIRECTION('',(-0.,1.,0.));
#12930 = ORIENTED_EDGE('',*,*,#12931,.T.);
#12931 = EDGE_CURVE('',#12924,#12932,#12934,.T.);
#12932 = VERTEX_POINT('',#12933);
#12933 = CARTESIAN_POINT('',(8.382E+03,-1.182624E+03,3.9624E+03));
#12934 = LINE('',#12935,#12936);
#12935 = CARTESIAN_POINT('',(8.382E+03,-1.182624E+03,3.925824E+03));
#12936 = VECTOR('',#12937,1.);
#12937 = DIRECTION('',(0.,0.,1.));
#12938 = ORIENTED_EDGE('',*,*,#12939,.F.);
#12939 = EDGE_CURVE('',#12916,#12932,#12940,.T.);
#12940 = LINE('',#12941,#12942);
#12941 = CARTESIAN_POINT('',(8.382E+03,-1.2192E+03,3.9624E+03));
#12942 = VECTOR('',#12943,1.);
#12943 = DIRECTION('',(-0.,1.,0.));
#12944 = PLANE('',#12945);
#12945 = AXIS2_PLACEMENT_3D('',#12946,#12947,#12948);
#12946 = CARTESIAN_POINT('',(8.382E+03,-1.2192E+03,3.925824E+03));
#12947 = DIRECTION('',(1.,0.,-0.));
#12948 = DIRECTION('',(0.,0.,1.));
#12949 = ADVANCED_FACE('',(#12950),#12966,.F.);
#12950 = FACE_BOUND('',#12951,.F.);
#12951 = EDGE_LOOP('',(#12952,#12958,#12959,#12965));
#12952 = ORIENTED_EDGE('',*,*,#12953,.F.);
#12953 = EDGE_CURVE('',#12874,#12914,#12954,.T.);
#12954 = LINE('',#12955,#12956);
#12955 = CARTESIAN_POINT('',(3.5052E+03,-1.2192E+03,3.925824E+03));
#12956 = VECTOR('',#12957,1.);
#12957 = DIRECTION('',(1.,0.,-0.));
#12958 = ORIENTED_EDGE('',*,*,#12873,.T.);
#12959 = ORIENTED_EDGE('',*,*,#12960,.T.);
#12960 = EDGE_CURVE('',#12876,#12916,#12961,.T.);
#12961 = LINE('',#12962,#12963);
#12962 = CARTESIAN_POINT('',(3.5052E+03,-1.2192E+03,3.9624E+03));
#12963 = VECTOR('',#12964,1.);
#12964 = DIRECTION('',(1.,0.,-0.));
#12965 = ORIENTED_EDGE('',*,*,#12913,.F.);
#12966 = PLANE('',#12967);
#12967 = AXIS2_PLACEMENT_3D('',#12968,#12969,#12970);
#12968 = CARTESIAN_POINT('',(3.5052E+03,-1.2192E+03,3.925824E+03));
#12969 = DIRECTION('',(-0.,1.,0.));
#12970 = DIRECTION('',(0.,0.,1.));
#12971 = ADVANCED_FACE('',(#12972),#12988,.T.);
#12972 = FACE_BOUND('',#12973,.T.);
#12973 = EDGE_LOOP('',(#12974,#12980,#12981,#12987));
#12974 = ORIENTED_EDGE('',*,*,#12975,.F.);
#12975 = EDGE_CURVE('',#12884,#12924,#12976,.T.);
#12976 = LINE('',#12977,#12978);
#12977 = CARTESIAN_POINT('',(3.5052E+03,-1.182624E+03,3.925824E+03));
#12978 = VECTOR('',#12979,1.);
#12979 = DIRECTION('',(1.,0.,-0.));
#12980 = ORIENTED_EDGE('',*,*,#12891,.T.);
#12981 = ORIENTED_EDGE('',*,*,#12982,.T.);
#12982 = EDGE_CURVE('',#12892,#12932,#12983,.T.);
#12983 = LINE('',#12984,#12985);
#12984 = CARTESIAN_POINT('',(3.5052E+03,-1.182624E+03,3.9624E+03));
#12985 = VECTOR('',#12986,1.);
#12986 = DIRECTION('',(1.,0.,-0.));
#12987 = ORIENTED_EDGE('',*,*,#12931,.F.);
#12988 = PLANE('',#12989);
#12989 = AXIS2_PLACEMENT_3D('',#12990,#12991,#12992);
#12990 = CARTESIAN_POINT('',(3.5052E+03,-1.182624E+03,3.925824E+03));
#12991 = DIRECTION('',(-0.,1.,0.));
#12992 = DIRECTION('',(0.,0.,1.));
#12993 = ADVANCED_FACE('',(#12994),#13000,.F.);
#12994 = FACE_BOUND('',#12995,.F.);
#12995 = EDGE_LOOP('',(#12996,#12997,#12998,#12999));
#12996 = ORIENTED_EDGE('',*,*,#12883,.F.);
#12997 = ORIENTED_EDGE('',*,*,#12953,.T.);
#12998 = ORIENTED_EDGE('',*,*,#12923,.T.);
#12999 = ORIENTED_EDGE('',*,*,#12975,.F.);
#13000 = PLANE('',#13001);
#13001 = AXIS2_PLACEMENT_3D('',#13002,#13003,#13004);
#13002 = CARTESIAN_POINT('',(3.5052E+03,-1.2192E+03,3.925824E+03));
#13003 = DIRECTION('',(0.,0.,1.));
#13004 = DIRECTION('',(1.,0.,-0.));
#13005 = ADVANCED_FACE('',(#13006),#13012,.T.);
#13006 = FACE_BOUND('',#13007,.T.);
#13007 = EDGE_LOOP('',(#13008,#13009,#13010,#13011));
#13008 = ORIENTED_EDGE('',*,*,#12899,.F.);
#13009 = ORIENTED_EDGE('',*,*,#12960,.T.);
#13010 = ORIENTED_EDGE('',*,*,#12939,.T.);
#13011 = ORIENTED_EDGE('',*,*,#12982,.F.);
#13012 = PLANE('',#13013);
#13013 = AXIS2_PLACEMENT_3D('',#13014,#13015,#13016);
#13014 = CARTESIAN_POINT('',(3.5052E+03,-1.2192E+03,3.9624E+03));
#13015 = DIRECTION('',(0.,0.,1.));
#13016 = DIRECTION('',(1.,0.,-0.));
#13017 = ( GEOMETRIC_REPRESENTATION_CONTEXT(3) 
GLOBAL_UNCERTAINTY_ASSIGNED_CONTEXT((#13021)) 
GLOBAL_UNIT_ASSIGNED_CONTEXT((#13018,#13019,#13020)) 
REPRESENTATION_CONTEXT('Context #1',
  '3D Context with UNIT and UNCERTAINTY') );
#13018 = ( LENGTH_UNIT() NAMED_UNIT(*) SI_UNIT(.MILLI.,.METRE.) );
#13019 = ( NAMED_UNIT(*) PLANE_ANGLE_UNIT() SI_UNIT($,.RADIAN.) );
#13020 = ( NAMED_UNIT(*) SI_UNIT($,.STERADIAN.) SOLID_ANGLE_UNIT() );
#13021 = UNCERTAINTY_MEASURE_WITH_UNIT(LENGTH_MEASURE(1.E-07),#13018,
  'distance_accuracy_value','confusion accuracy');
#13022 = CONTEXT_DEPENDENT_SHAPE_REPRESENTATION(#13023,#13025);
#13023 = ( REPRESENTATION_RELATIONSHIP('','',#12866,#10) 
REPRESENTATION_RELATIONSHIP_WITH_TRANSFORMATION(#13024) 
SHAPE_REPRESENTATION_RELATIONSHIP() );
#13024 = ITEM_DEFINED_TRANSFORMATION('','',#11,#263);
#13025 = PRODUCT_DEFINITION_SHAPE('Placement','Placement of an item',
  #13026);
#13026 = NEXT_ASSEMBLY_USAGE_OCCURRENCE('63','South landing guard rail',
  '',#5,#12861,$);
#13027 = PRODUCT_RELATED_PRODUCT_CATEGORY('part',$,(#12863));
#13028 = SHAPE_DEFINITION_REPRESENTATION(#13029,#13035);
#13029 = PRODUCT_DEFINITION_SHAPE('','',#13030);
#13030 = PRODUCT_DEFINITION('design','',#13031,#13034);
#13031 = PRODUCT_DEFINITION_FORMATION('','',#13032);
#13032 = PRODUCT('South living window','South living window','',(#13033)
  );
#13033 = PRODUCT_CONTEXT('',#2,'mechanical');
#13034 = PRODUCT_DEFINITION_CONTEXT('part definition',#2,'design');
#13035 = ADVANCED_BREP_SHAPE_REPRESENTATION('',(#11,#13036),#13186);
#13036 = MANIFOLD_SOLID_BREP('',#13037);
#13037 = CLOSED_SHELL('',(#13038,#13078,#13118,#13140,#13162,#13174));
#13038 = ADVANCED_FACE('',(#13039),#13073,.F.);
#13039 = FACE_BOUND('',#13040,.F.);
#13040 = EDGE_LOOP('',(#13041,#13051,#13059,#13067));
#13041 = ORIENTED_EDGE('',*,*,#13042,.F.);
#13042 = EDGE_CURVE('',#13043,#13045,#13047,.T.);
#13043 = VERTEX_POINT('',#13044);
#13044 = CARTESIAN_POINT('',(4.572E+03,57.15,3.85572E+03));
#13045 = VERTEX_POINT('',#13046);
#13046 = CARTESIAN_POINT('',(4.572E+03,57.15,4.61772E+03));
#13047 = LINE('',#13048,#13049);
#13048 = CARTESIAN_POINT('',(4.572E+03,57.15,3.85572E+03));
#13049 = VECTOR('',#13050,1.);
#13050 = DIRECTION('',(0.,0.,1.));
#13051 = ORIENTED_EDGE('',*,*,#13052,.T.);
#13052 = EDGE_CURVE('',#13043,#13053,#13055,.T.);
#13053 = VERTEX_POINT('',#13054);
#13054 = CARTESIAN_POINT('',(4.572E+03,95.25,3.85572E+03));
#13055 = LINE('',#13056,#13057);
#13056 = CARTESIAN_POINT('',(4.572E+03,57.15,3.85572E+03));
#13057 = VECTOR('',#13058,1.);
#13058 = DIRECTION('',(-0.,1.,0.));
#13059 = ORIENTED_EDGE('',*,*,#13060,.T.);
#13060 = EDGE_CURVE('',#13053,#13061,#13063,.T.);
#13061 = VERTEX_POINT('',#13062);
#13062 = CARTESIAN_POINT('',(4.572E+03,95.25,4.61772E+03));
#13063 = LINE('',#13064,#13065);
#13064 = CARTESIAN_POINT('',(4.572E+03,95.25,3.85572E+03));
#13065 = VECTOR('',#13066,1.);
#13066 = DIRECTION('',(0.,0.,1.));
#13067 = ORIENTED_EDGE('',*,*,#13068,.F.);
#13068 = EDGE_CURVE('',#13045,#13061,#13069,.T.);
#13069 = LINE('',#13070,#13071);
#13070 = CARTESIAN_POINT('',(4.572E+03,57.15,4.61772E+03));
#13071 = VECTOR('',#13072,1.);
#13072 = DIRECTION('',(-0.,1.,0.));
#13073 = PLANE('',#13074);
#13074 = AXIS2_PLACEMENT_3D('',#13075,#13076,#13077);
#13075 = CARTESIAN_POINT('',(4.572E+03,57.15,3.85572E+03));
#13076 = DIRECTION('',(1.,0.,-0.));
#13077 = DIRECTION('',(0.,0.,1.));
#13078 = ADVANCED_FACE('',(#13079),#13113,.T.);
#13079 = FACE_BOUND('',#13080,.T.);
#13080 = EDGE_LOOP('',(#13081,#13091,#13099,#13107));
#13081 = ORIENTED_EDGE('',*,*,#13082,.F.);
#13082 = EDGE_CURVE('',#13083,#13085,#13087,.T.);
#13083 = VERTEX_POINT('',#13084);
#13084 = CARTESIAN_POINT('',(5.334E+03,57.15,3.85572E+03));
#13085 = VERTEX_POINT('',#13086);
#13086 = CARTESIAN_POINT('',(5.334E+03,57.15,4.61772E+03));
#13087 = LINE('',#13088,#13089);
#13088 = CARTESIAN_POINT('',(5.334E+03,57.15,3.85572E+03));
#13089 = VECTOR('',#13090,1.);
#13090 = DIRECTION('',(0.,0.,1.));
#13091 = ORIENTED_EDGE('',*,*,#13092,.T.);
#13092 = EDGE_CURVE('',#13083,#13093,#13095,.T.);
#13093 = VERTEX_POINT('',#13094);
#13094 = CARTESIAN_POINT('',(5.334E+03,95.25,3.85572E+03));
#13095 = LINE('',#13096,#13097);
#13096 = CARTESIAN_POINT('',(5.334E+03,57.15,3.85572E+03));
#13097 = VECTOR('',#13098,1.);
#13098 = DIRECTION('',(-0.,1.,0.));
#13099 = ORIENTED_EDGE('',*,*,#13100,.T.);
#13100 = EDGE_CURVE('',#13093,#13101,#13103,.T.);
#13101 = VERTEX_POINT('',#13102);
#13102 = CARTESIAN_POINT('',(5.334E+03,95.25,4.61772E+03));
#13103 = LINE('',#13104,#13105);
#13104 = CARTESIAN_POINT('',(5.334E+03,95.25,3.85572E+03));
#13105 = VECTOR('',#13106,1.);
#13106 = DIRECTION('',(0.,0.,1.));
#13107 = ORIENTED_EDGE('',*,*,#13108,.F.);
#13108 = EDGE_CURVE('',#13085,#13101,#13109,.T.);
#13109 = LINE('',#13110,#13111);
#13110 = CARTESIAN_POINT('',(5.334E+03,57.15,4.61772E+03));
#13111 = VECTOR('',#13112,1.);
#13112 = DIRECTION('',(-0.,1.,0.));
#13113 = PLANE('',#13114);
#13114 = AXIS2_PLACEMENT_3D('',#13115,#13116,#13117);
#13115 = CARTESIAN_POINT('',(5.334E+03,57.15,3.85572E+03));
#13116 = DIRECTION('',(1.,0.,-0.));
#13117 = DIRECTION('',(0.,0.,1.));
#13118 = ADVANCED_FACE('',(#13119),#13135,.F.);
#13119 = FACE_BOUND('',#13120,.F.);
#13120 = EDGE_LOOP('',(#13121,#13127,#13128,#13134));
#13121 = ORIENTED_EDGE('',*,*,#13122,.F.);
#13122 = EDGE_CURVE('',#13043,#13083,#13123,.T.);
#13123 = LINE('',#13124,#13125);
#13124 = CARTESIAN_POINT('',(4.572E+03,57.15,3.85572E+03));
#13125 = VECTOR('',#13126,1.);
#13126 = DIRECTION('',(1.,0.,-0.));
#13127 = ORIENTED_EDGE('',*,*,#13042,.T.);
#13128 = ORIENTED_EDGE('',*,*,#13129,.T.);
#13129 = EDGE_CURVE('',#13045,#13085,#13130,.T.);
#13130 = LINE('',#13131,#13132);
#13131 = CARTESIAN_POINT('',(4.572E+03,57.15,4.61772E+03));
#13132 = VECTOR('',#13133,1.);
#13133 = DIRECTION('',(1.,0.,-0.));
#13134 = ORIENTED_EDGE('',*,*,#13082,.F.);
#13135 = PLANE('',#13136);
#13136 = AXIS2_PLACEMENT_3D('',#13137,#13138,#13139);
#13137 = CARTESIAN_POINT('',(4.572E+03,57.15,3.85572E+03));
#13138 = DIRECTION('',(-0.,1.,0.));
#13139 = DIRECTION('',(0.,0.,1.));
#13140 = ADVANCED_FACE('',(#13141),#13157,.T.);
#13141 = FACE_BOUND('',#13142,.T.);
#13142 = EDGE_LOOP('',(#13143,#13149,#13150,#13156));
#13143 = ORIENTED_EDGE('',*,*,#13144,.F.);
#13144 = EDGE_CURVE('',#13053,#13093,#13145,.T.);
#13145 = LINE('',#13146,#13147);
#13146 = CARTESIAN_POINT('',(4.572E+03,95.25,3.85572E+03));
#13147 = VECTOR('',#13148,1.);
#13148 = DIRECTION('',(1.,0.,-0.));
#13149 = ORIENTED_EDGE('',*,*,#13060,.T.);
#13150 = ORIENTED_EDGE('',*,*,#13151,.T.);
#13151 = EDGE_CURVE('',#13061,#13101,#13152,.T.);
#13152 = LINE('',#13153,#13154);
#13153 = CARTESIAN_POINT('',(4.572E+03,95.25,4.61772E+03));
#13154 = VECTOR('',#13155,1.);
#13155 = DIRECTION('',(1.,0.,-0.));
#13156 = ORIENTED_EDGE('',*,*,#13100,.F.);
#13157 = PLANE('',#13158);
#13158 = AXIS2_PLACEMENT_3D('',#13159,#13160,#13161);
#13159 = CARTESIAN_POINT('',(4.572E+03,95.25,3.85572E+03));
#13160 = DIRECTION('',(-0.,1.,0.));
#13161 = DIRECTION('',(0.,0.,1.));
#13162 = ADVANCED_FACE('',(#13163),#13169,.F.);
#13163 = FACE_BOUND('',#13164,.F.);
#13164 = EDGE_LOOP('',(#13165,#13166,#13167,#13168));
#13165 = ORIENTED_EDGE('',*,*,#13052,.F.);
#13166 = ORIENTED_EDGE('',*,*,#13122,.T.);
#13167 = ORIENTED_EDGE('',*,*,#13092,.T.);
#13168 = ORIENTED_EDGE('',*,*,#13144,.F.);
#13169 = PLANE('',#13170);
#13170 = AXIS2_PLACEMENT_3D('',#13171,#13172,#13173);
#13171 = CARTESIAN_POINT('',(4.572E+03,57.15,3.85572E+03));
#13172 = DIRECTION('',(0.,0.,1.));
#13173 = DIRECTION('',(1.,0.,-0.));
#13174 = ADVANCED_FACE('',(#13175),#13181,.T.);
#13175 = FACE_BOUND('',#13176,.T.);
#13176 = EDGE_LOOP('',(#13177,#13178,#13179,#13180));
#13177 = ORIENTED_EDGE('',*,*,#13068,.F.);
#13178 = ORIENTED_EDGE('',*,*,#13129,.T.);
#13179 = ORIENTED_EDGE('',*,*,#13108,.T.);
#13180 = ORIENTED_EDGE('',*,*,#13151,.F.);
#13181 = PLANE('',#13182);
#13182 = AXIS2_PLACEMENT_3D('',#13183,#13184,#13185);
#13183 = CARTESIAN_POINT('',(4.572E+03,57.15,4.61772E+03));
#13184 = DIRECTION('',(0.,0.,1.));
#13185 = DIRECTION('',(1.,0.,-0.));
#13186 = ( GEOMETRIC_REPRESENTATION_CONTEXT(3) 
GLOBAL_UNCERTAINTY_ASSIGNED_CONTEXT((#13190)) 
GLOBAL_UNIT_ASSIGNED_CONTEXT((#13187,#13188,#13189)) 
REPRESENTATION_CONTEXT('Context #1',
  '3D Context with UNIT and UNCERTAINTY') );
#13187 = ( LENGTH_UNIT() NAMED_UNIT(*) SI_UNIT(.MILLI.,.METRE.) );
#13188 = ( NAMED_UNIT(*) PLANE_ANGLE_UNIT() SI_UNIT($,.RADIAN.) );
#13189 = ( NAMED_UNIT(*) SI_UNIT($,.STERADIAN.) SOLID_ANGLE_UNIT() );
#13190 = UNCERTAINTY_MEASURE_WITH_UNIT(LENGTH_MEASURE(1.E-07),#13187,
  'distance_accuracy_value','confusion accuracy');
#13191 = CONTEXT_DEPENDENT_SHAPE_REPRESENTATION(#13192,#13194);
#13192 = ( REPRESENTATION_RELATIONSHIP('','',#13035,#10) 
REPRESENTATION_RELATIONSHIP_WITH_TRANSFORMATION(#13193) 
SHAPE_REPRESENTATION_RELATIONSHIP() );
#13193 = ITEM_DEFINED_TRANSFORMATION('','',#11,#267);
#13194 = PRODUCT_DEFINITION_SHAPE('Placement','Placement of an item',
  #13195);
#13195 = NEXT_ASSEMBLY_USAGE_OCCURRENCE('64','South living window','',#5
  ,#13030,$);
#13196 = PRODUCT_RELATED_PRODUCT_CATEGORY('part',$,(#13032));
#13197 = SHAPE_DEFINITION_REPRESENTATION(#13198,#13204);
#13198 = PRODUCT_DEFINITION_SHAPE('','',#13199);
#13199 = PRODUCT_DEFINITION('design','',#13200,#13203);
#13200 = PRODUCT_DEFINITION_FORMATION('','',#13201);
#13201 = PRODUCT('South roof plane','South roof plane','',(#13202));
#13202 = PRODUCT_CONTEXT('',#2,'mechanical');
#13203 = PRODUCT_DEFINITION_CONTEXT('part definition',#2,'design');
#13204 = ADVANCED_BREP_SHAPE_REPRESENTATION('',(#11,#13205),#13355);
#13205 = MANIFOLD_SOLID_BREP('',#13206);
#13206 = CLOSED_SHELL('',(#13207,#13247,#13278,#13309,#13331,#13343));
#13207 = ADVANCED_FACE('',(#13208),#13242,.T.);
#13208 = FACE_BOUND('',#13209,.T.);
#13209 = EDGE_LOOP('',(#13210,#13220,#13228,#13236));
#13210 = ORIENTED_EDGE('',*,*,#13211,.T.);
#13211 = EDGE_CURVE('',#13212,#13214,#13216,.T.);
#13212 = VERTEX_POINT('',#13213);
#13213 = CARTESIAN_POINT('',(0.,0.,4.8768E+03));
#13214 = VERTEX_POINT('',#13215);
#13215 = CARTESIAN_POINT('',(7.3152E+03,0.,4.8768E+03));
#13216 = LINE('',#13217,#13218);
#13217 = CARTESIAN_POINT('',(0.,0.,4.8768E+03));
#13218 = VECTOR('',#13219,1.);
#13219 = DIRECTION('',(1.,0.,0.));
#13220 = ORIENTED_EDGE('',*,*,#13221,.T.);
#13221 = EDGE_CURVE('',#13214,#13222,#13224,.T.);
#13222 = VERTEX_POINT('',#13223);
#13223 = CARTESIAN_POINT('',(7.3152E+03,3.048E+03,6.096E+03));
#13224 = LINE('',#13225,#13226);
#13225 = CARTESIAN_POINT('',(7.3152E+03,0.,4.8768E+03));
#13226 = VECTOR('',#13227,1.);
#13227 = DIRECTION('',(0.,0.928476690885,0.371390676354));
#13228 = ORIENTED_EDGE('',*,*,#13229,.F.);
#13229 = EDGE_CURVE('',#13230,#13222,#13232,.T.);
#13230 = VERTEX_POINT('',#13231);
#13231 = CARTESIAN_POINT('',(0.,3.048E+03,6.096E+03));
#13232 = LINE('',#13233,#13234);
#13233 = CARTESIAN_POINT('',(0.,3.048E+03,6.096E+03));
#13234 = VECTOR('',#13235,1.);
#13235 = DIRECTION('',(1.,0.,0.));
#13236 = ORIENTED_EDGE('',*,*,#13237,.F.);
#13237 = EDGE_CURVE('',#13212,#13230,#13238,.T.);
#13238 = LINE('',#13239,#13240);
#13239 = CARTESIAN_POINT('',(0.,0.,4.8768E+03));
#13240 = VECTOR('',#13241,1.);
#13241 = DIRECTION('',(0.,0.928476690885,0.371390676354));
#13242 = PLANE('',#13243);
#13243 = AXIS2_PLACEMENT_3D('',#13244,#13245,#13246);
#13244 = CARTESIAN_POINT('',(0.,0.,4.8768E+03));
#13245 = DIRECTION('',(0.,-0.371390676354,0.928476690885));
#13246 = DIRECTION('',(0.,0.928476690885,0.371390676354));
#13247 = ADVANCED_FACE('',(#13248),#13273,.T.);
#13248 = FACE_BOUND('',#13249,.T.);
#13249 = EDGE_LOOP('',(#13250,#13251,#13259,#13267));
#13250 = ORIENTED_EDGE('',*,*,#13229,.T.);
#13251 = ORIENTED_EDGE('',*,*,#13252,.T.);
#13252 = EDGE_CURVE('',#13222,#13253,#13255,.T.);
#13253 = VERTEX_POINT('',#13254);
#13254 = CARTESIAN_POINT('',(7.3152E+03,3.048E+03,5.98932E+03));
#13255 = LINE('',#13256,#13257);
#13256 = CARTESIAN_POINT('',(7.3152E+03,3.048E+03,6.096E+03));
#13257 = VECTOR('',#13258,1.);
#13258 = DIRECTION('',(0.,0.,-1.));
#13259 = ORIENTED_EDGE('',*,*,#13260,.F.);
#13260 = EDGE_CURVE('',#13261,#13253,#13263,.T.);
#13261 = VERTEX_POINT('',#13262);
#13262 = CARTESIAN_POINT('',(0.,3.048E+03,5.98932E+03));
#13263 = LINE('',#13264,#13265);
#13264 = CARTESIAN_POINT('',(0.,3.048E+03,5.98932E+03));
#13265 = VECTOR('',#13266,1.);
#13266 = DIRECTION('',(1.,0.,0.));
#13267 = ORIENTED_EDGE('',*,*,#13268,.F.);
#13268 = EDGE_CURVE('',#13230,#13261,#13269,.T.);
#13269 = LINE('',#13270,#13271);
#13270 = CARTESIAN_POINT('',(0.,3.048E+03,6.096E+03));
#13271 = VECTOR('',#13272,1.);
#13272 = DIRECTION('',(0.,0.,-1.));
#13273 = PLANE('',#13274);
#13274 = AXIS2_PLACEMENT_3D('',#13275,#13276,#13277);
#13275 = CARTESIAN_POINT('',(0.,3.048E+03,6.096E+03));
#13276 = DIRECTION('',(-0.,1.,0.));
#13277 = DIRECTION('',(0.,0.,-1.));
#13278 = ADVANCED_FACE('',(#13279),#13304,.T.);
#13279 = FACE_BOUND('',#13280,.T.);
#13280 = EDGE_LOOP('',(#13281,#13282,#13290,#13298));
#13281 = ORIENTED_EDGE('',*,*,#13260,.T.);
#13282 = ORIENTED_EDGE('',*,*,#13283,.T.);
#13283 = EDGE_CURVE('',#13253,#13284,#13286,.T.);
#13284 = VERTEX_POINT('',#13285);
#13285 = CARTESIAN_POINT('',(7.3152E+03,0.,4.77012E+03));
#13286 = LINE('',#13287,#13288);
#13287 = CARTESIAN_POINT('',(7.3152E+03,3.048E+03,5.98932E+03));
#13288 = VECTOR('',#13289,1.);
#13289 = DIRECTION('',(0.,-0.928476690885,-0.371390676354));
#13290 = ORIENTED_EDGE('',*,*,#13291,.F.);
#13291 = EDGE_CURVE('',#13292,#13284,#13294,.T.);
#13292 = VERTEX_POINT('',#13293);
#13293 = CARTESIAN_POINT('',(0.,0.,4.77012E+03));
#13294 = LINE('',#13295,#13296);
#13295 = CARTESIAN_POINT('',(0.,0.,4.77012E+03));
#13296 = VECTOR('',#13297,1.);
#13297 = DIRECTION('',(1.,0.,0.));
#13298 = ORIENTED_EDGE('',*,*,#13299,.F.);
#13299 = EDGE_CURVE('',#13261,#13292,#13300,.T.);
#13300 = LINE('',#13301,#13302);
#13301 = CARTESIAN_POINT('',(0.,3.048E+03,5.98932E+03));
#13302 = VECTOR('',#13303,1.);
#13303 = DIRECTION('',(0.,-0.928476690885,-0.371390676354));
#13304 = PLANE('',#13305);
#13305 = AXIS2_PLACEMENT_3D('',#13306,#13307,#13308);
#13306 = CARTESIAN_POINT('',(0.,3.048E+03,5.98932E+03));
#13307 = DIRECTION('',(0.,0.371390676354,-0.928476690885));
#13308 = DIRECTION('',(0.,-0.928476690885,-0.371390676354));
#13309 = ADVANCED_FACE('',(#13310),#13326,.T.);
#13310 = FACE_BOUND('',#13311,.T.);
#13311 = EDGE_LOOP('',(#13312,#13313,#13319,#13320));
#13312 = ORIENTED_EDGE('',*,*,#13291,.T.);
#13313 = ORIENTED_EDGE('',*,*,#13314,.T.);
#13314 = EDGE_CURVE('',#13284,#13214,#13315,.T.);
#13315 = LINE('',#13316,#13317);
#13316 = CARTESIAN_POINT('',(7.3152E+03,0.,4.77012E+03));
#13317 = VECTOR('',#13318,1.);
#13318 = DIRECTION('',(0.,0.,1.));
#13319 = ORIENTED_EDGE('',*,*,#13211,.F.);
#13320 = ORIENTED_EDGE('',*,*,#13321,.F.);
#13321 = EDGE_CURVE('',#13292,#13212,#13322,.T.);
#13322 = LINE('',#13323,#13324);
#13323 = CARTESIAN_POINT('',(0.,0.,4.77012E+03));
#13324 = VECTOR('',#13325,1.);
#13325 = DIRECTION('',(0.,0.,1.));
#13326 = PLANE('',#13327);
#13327 = AXIS2_PLACEMENT_3D('',#13328,#13329,#13330);
#13328 = CARTESIAN_POINT('',(0.,0.,4.77012E+03));
#13329 = DIRECTION('',(0.,-1.,0.));
#13330 = DIRECTION('',(0.,0.,1.));
#13331 = ADVANCED_FACE('',(#13332),#13338,.T.);
#13332 = FACE_BOUND('',#13333,.T.);
#13333 = EDGE_LOOP('',(#13334,#13335,#13336,#13337));
#13334 = ORIENTED_EDGE('',*,*,#13237,.T.);
#13335 = ORIENTED_EDGE('',*,*,#13268,.T.);
#13336 = ORIENTED_EDGE('',*,*,#13299,.T.);
#13337 = ORIENTED_EDGE('',*,*,#13321,.T.);
#13338 = PLANE('',#13339);
#13339 = AXIS2_PLACEMENT_3D('',#13340,#13341,#13342);
#13340 = CARTESIAN_POINT('',(0.,1.524E+03,5.43306E+03));
#13341 = DIRECTION('',(-1.,-0.,-0.));
#13342 = DIRECTION('',(0.,0.,-1.));
#13343 = ADVANCED_FACE('',(#13344),#13350,.F.);
#13344 = FACE_BOUND('',#13345,.F.);
#13345 = EDGE_LOOP('',(#13346,#13347,#13348,#13349));
#13346 = ORIENTED_EDGE('',*,*,#13221,.T.);
#13347 = ORIENTED_EDGE('',*,*,#13252,.T.);
#13348 = ORIENTED_EDGE('',*,*,#13283,.T.);
#13349 = ORIENTED_EDGE('',*,*,#13314,.T.);
#13350 = PLANE('',#13351);
#13351 = AXIS2_PLACEMENT_3D('',#13352,#13353,#13354);
#13352 = CARTESIAN_POINT('',(7.3152E+03,1.524E+03,5.43306E+03));
#13353 = DIRECTION('',(-1.,-0.,-0.));
#13354 = DIRECTION('',(0.,0.,-1.));
#13355 = ( GEOMETRIC_REPRESENTATION_CONTEXT(3) 
GLOBAL_UNCERTAINTY_ASSIGNED_CONTEXT((#13359)) 
GLOBAL_UNIT_ASSIGNED_CONTEXT((#13356,#13357,#13358)) 
REPRESENTATION_CONTEXT('Context #1',
  '3D Context with UNIT and UNCERTAINTY') );
#13356 = ( LENGTH_UNIT() NAMED_UNIT(*) SI_UNIT(.MILLI.,.METRE.) );
#13357 = ( NAMED_UNIT(*) PLANE_ANGLE_UNIT() SI_UNIT($,.RADIAN.) );
#13358 = ( NAMED_UNIT(*) SI_UNIT($,.STERADIAN.) SOLID_ANGLE_UNIT() );
#13359 = UNCERTAINTY_MEASURE_WITH_UNIT(LENGTH_MEASURE(1.E-07),#13356,
  'distance_accuracy_value','confusion accuracy');
#13360 = CONTEXT_DEPENDENT_SHAPE_REPRESENTATION(#13361,#13363);
#13361 = ( REPRESENTATION_RELATIONSHIP('','',#13204,#10) 
REPRESENTATION_RELATIONSHIP_WITH_TRANSFORMATION(#13362) 
SHAPE_REPRESENTATION_RELATIONSHIP() );
#13362 = ITEM_DEFINED_TRANSFORMATION('','',#11,#271);
#13363 = PRODUCT_DEFINITION_SHAPE('Placement','Placement of an item',
  #13364);
#13364 = NEXT_ASSEMBLY_USAGE_OCCURRENCE('65','South roof plane','',#5,
  #13199,$);
#13365 = PRODUCT_RELATED_PRODUCT_CATEGORY('part',$,(#13201));
#13366 = SHAPE_DEFINITION_REPRESENTATION(#13367,#13373);
#13367 = PRODUCT_DEFINITION_SHAPE('','',#13368);
#13368 = PRODUCT_DEFINITION('design','',#13369,#13372);
#13369 = PRODUCT_DEFINITION_FORMATION('','',#13370);
#13370 = PRODUCT('Sunroom','Sunroom','',(#13371));
#13371 = PRODUCT_CONTEXT('',#2,'mechanical');
#13372 = PRODUCT_DEFINITION_CONTEXT('part definition',#2,'design');
#13373 = ADVANCED_BREP_SHAPE_REPRESENTATION('',(#11,#13374),#13524);
#13374 = MANIFOLD_SOLID_BREP('',#13375);
#13375 = CLOSED_SHELL('',(#13376,#13416,#13456,#13478,#13500,#13512));
#13376 = ADVANCED_FACE('',(#13377),#13411,.F.);
#13377 = FACE_BOUND('',#13378,.F.);
#13378 = EDGE_LOOP('',(#13379,#13389,#13397,#13405));
#13379 = ORIENTED_EDGE('',*,*,#13380,.F.);
#13380 = EDGE_CURVE('',#13381,#13383,#13385,.T.);
#13381 = VERTEX_POINT('',#13382);
#13382 = CARTESIAN_POINT('',(4.367784E+03,167.64,158.496));
#13383 = VERTEX_POINT('',#13384);
#13384 = CARTESIAN_POINT('',(4.367784E+03,167.64,170.688));
#13385 = LINE('',#13386,#13387);
#13386 = CARTESIAN_POINT('',(4.367784E+03,167.64,158.496));
#13387 = VECTOR('',#13388,1.);
#13388 = DIRECTION('',(0.,0.,1.));
#13389 = ORIENTED_EDGE('',*,*,#13390,.T.);
#13390 = EDGE_CURVE('',#13381,#13391,#13393,.T.);
#13391 = VERTEX_POINT('',#13392);
#13392 = CARTESIAN_POINT('',(4.367784E+03,4.25196E+03,158.496));
#13393 = LINE('',#13394,#13395);
#13394 = CARTESIAN_POINT('',(4.367784E+03,167.64,158.496));
#13395 = VECTOR('',#13396,1.);
#13396 = DIRECTION('',(-0.,1.,0.));
#13397 = ORIENTED_EDGE('',*,*,#13398,.T.);
#13398 = EDGE_CURVE('',#13391,#13399,#13401,.T.);
#13399 = VERTEX_POINT('',#13400);
#13400 = CARTESIAN_POINT('',(4.367784E+03,4.25196E+03,170.688));
#13401 = LINE('',#13402,#13403);
#13402 = CARTESIAN_POINT('',(4.367784E+03,4.25196E+03,158.496));
#13403 = VECTOR('',#13404,1.);
#13404 = DIRECTION('',(0.,0.,1.));
#13405 = ORIENTED_EDGE('',*,*,#13406,.F.);
#13406 = EDGE_CURVE('',#13383,#13399,#13407,.T.);
#13407 = LINE('',#13408,#13409);
#13408 = CARTESIAN_POINT('',(4.367784E+03,167.64,170.688));
#13409 = VECTOR('',#13410,1.);
#13410 = DIRECTION('',(-0.,1.,0.));
#13411 = PLANE('',#13412);
#13412 = AXIS2_PLACEMENT_3D('',#13413,#13414,#13415);
#13413 = CARTESIAN_POINT('',(4.367784E+03,167.64,158.496));
#13414 = DIRECTION('',(1.,0.,-0.));
#13415 = DIRECTION('',(0.,0.,1.));
#13416 = ADVANCED_FACE('',(#13417),#13451,.T.);
#13417 = FACE_BOUND('',#13418,.T.);
#13418 = EDGE_LOOP('',(#13419,#13429,#13437,#13445));
#13419 = ORIENTED_EDGE('',*,*,#13420,.F.);
#13420 = EDGE_CURVE('',#13421,#13423,#13425,.T.);
#13421 = VERTEX_POINT('',#13422);
#13422 = CARTESIAN_POINT('',(7.14756E+03,167.64,158.496));
#13423 = VERTEX_POINT('',#13424);
#13424 = CARTESIAN_POINT('',(7.14756E+03,167.64,170.688));
#13425 = LINE('',#13426,#13427);
#13426 = CARTESIAN_POINT('',(7.14756E+03,167.64,158.496));
#13427 = VECTOR('',#13428,1.);
#13428 = DIRECTION('',(0.,0.,1.));
#13429 = ORIENTED_EDGE('',*,*,#13430,.T.);
#13430 = EDGE_CURVE('',#13421,#13431,#13433,.T.);
#13431 = VERTEX_POINT('',#13432);
#13432 = CARTESIAN_POINT('',(7.14756E+03,4.25196E+03,158.496));
#13433 = LINE('',#13434,#13435);
#13434 = CARTESIAN_POINT('',(7.14756E+03,167.64,158.496));
#13435 = VECTOR('',#13436,1.);
#13436 = DIRECTION('',(-0.,1.,0.));
#13437 = ORIENTED_EDGE('',*,*,#13438,.T.);
#13438 = EDGE_CURVE('',#13431,#13439,#13441,.T.);
#13439 = VERTEX_POINT('',#13440);
#13440 = CARTESIAN_POINT('',(7.14756E+03,4.25196E+03,170.688));
#13441 = LINE('',#13442,#13443);
#13442 = CARTESIAN_POINT('',(7.14756E+03,4.25196E+03,158.496));
#13443 = VECTOR('',#13444,1.);
#13444 = DIRECTION('',(0.,0.,1.));
#13445 = ORIENTED_EDGE('',*,*,#13446,.F.);
#13446 = EDGE_CURVE('',#13423,#13439,#13447,.T.);
#13447 = LINE('',#13448,#13449);
#13448 = CARTESIAN_POINT('',(7.14756E+03,167.64,170.688));
#13449 = VECTOR('',#13450,1.);
#13450 = DIRECTION('',(-0.,1.,0.));
#13451 = PLANE('',#13452);
#13452 = AXIS2_PLACEMENT_3D('',#13453,#13454,#13455);
#13453 = CARTESIAN_POINT('',(7.14756E+03,167.64,158.496));
#13454 = DIRECTION('',(1.,0.,-0.));
#13455 = DIRECTION('',(0.,0.,1.));
#13456 = ADVANCED_FACE('',(#13457),#13473,.F.);
#13457 = FACE_BOUND('',#13458,.F.);
#13458 = EDGE_LOOP('',(#13459,#13465,#13466,#13472));
#13459 = ORIENTED_EDGE('',*,*,#13460,.F.);
#13460 = EDGE_CURVE('',#13381,#13421,#13461,.T.);
#13461 = LINE('',#13462,#13463);
#13462 = CARTESIAN_POINT('',(4.367784E+03,167.64,158.496));
#13463 = VECTOR('',#13464,1.);
#13464 = DIRECTION('',(1.,0.,-0.));
#13465 = ORIENTED_EDGE('',*,*,#13380,.T.);
#13466 = ORIENTED_EDGE('',*,*,#13467,.T.);
#13467 = EDGE_CURVE('',#13383,#13423,#13468,.T.);
#13468 = LINE('',#13469,#13470);
#13469 = CARTESIAN_POINT('',(4.367784E+03,167.64,170.688));
#13470 = VECTOR('',#13471,1.);
#13471 = DIRECTION('',(1.,0.,-0.));
#13472 = ORIENTED_EDGE('',*,*,#13420,.F.);
#13473 = PLANE('',#13474);
#13474 = AXIS2_PLACEMENT_3D('',#13475,#13476,#13477);
#13475 = CARTESIAN_POINT('',(4.367784E+03,167.64,158.496));
#13476 = DIRECTION('',(-0.,1.,0.));
#13477 = DIRECTION('',(0.,0.,1.));
#13478 = ADVANCED_FACE('',(#13479),#13495,.T.);
#13479 = FACE_BOUND('',#13480,.T.);
#13480 = EDGE_LOOP('',(#13481,#13487,#13488,#13494));
#13481 = ORIENTED_EDGE('',*,*,#13482,.F.);
#13482 = EDGE_CURVE('',#13391,#13431,#13483,.T.);
#13483 = LINE('',#13484,#13485);
#13484 = CARTESIAN_POINT('',(4.367784E+03,4.25196E+03,158.496));
#13485 = VECTOR('',#13486,1.);
#13486 = DIRECTION('',(1.,0.,-0.));
#13487 = ORIENTED_EDGE('',*,*,#13398,.T.);
#13488 = ORIENTED_EDGE('',*,*,#13489,.T.);
#13489 = EDGE_CURVE('',#13399,#13439,#13490,.T.);
#13490 = LINE('',#13491,#13492);
#13491 = CARTESIAN_POINT('',(4.367784E+03,4.25196E+03,170.688));
#13492 = VECTOR('',#13493,1.);
#13493 = DIRECTION('',(1.,0.,-0.));
#13494 = ORIENTED_EDGE('',*,*,#13438,.F.);
#13495 = PLANE('',#13496);
#13496 = AXIS2_PLACEMENT_3D('',#13497,#13498,#13499);
#13497 = CARTESIAN_POINT('',(4.367784E+03,4.25196E+03,158.496));
#13498 = DIRECTION('',(-0.,1.,0.));
#13499 = DIRECTION('',(0.,0.,1.));
#13500 = ADVANCED_FACE('',(#13501),#13507,.F.);
#13501 = FACE_BOUND('',#13502,.F.);
#13502 = EDGE_LOOP('',(#13503,#13504,#13505,#13506));
#13503 = ORIENTED_EDGE('',*,*,#13390,.F.);
#13504 = ORIENTED_EDGE('',*,*,#13460,.T.);
#13505 = ORIENTED_EDGE('',*,*,#13430,.T.);
#13506 = ORIENTED_EDGE('',*,*,#13482,.F.);
#13507 = PLANE('',#13508);
#13508 = AXIS2_PLACEMENT_3D('',#13509,#13510,#13511);
#13509 = CARTESIAN_POINT('',(4.367784E+03,167.64,158.496));
#13510 = DIRECTION('',(0.,0.,1.));
#13511 = DIRECTION('',(1.,0.,-0.));
#13512 = ADVANCED_FACE('',(#13513),#13519,.T.);
#13513 = FACE_BOUND('',#13514,.T.);
#13514 = EDGE_LOOP('',(#13515,#13516,#13517,#13518));
#13515 = ORIENTED_EDGE('',*,*,#13406,.F.);
#13516 = ORIENTED_EDGE('',*,*,#13467,.T.);
#13517 = ORIENTED_EDGE('',*,*,#13446,.T.);
#13518 = ORIENTED_EDGE('',*,*,#13489,.F.);
#13519 = PLANE('',#13520);
#13520 = AXIS2_PLACEMENT_3D('',#13521,#13522,#13523);
#13521 = CARTESIAN_POINT('',(4.367784E+03,167.64,170.688));
#13522 = DIRECTION('',(0.,0.,1.));
#13523 = DIRECTION('',(1.,0.,-0.));
#13524 = ( GEOMETRIC_REPRESENTATION_CONTEXT(3) 
GLOBAL_UNCERTAINTY_ASSIGNED_CONTEXT((#13528)) 
GLOBAL_UNIT_ASSIGNED_CONTEXT((#13525,#13526,#13527)) 
REPRESENTATION_CONTEXT('Context #1',
  '3D Context with UNIT and UNCERTAINTY') );
#13525 = ( LENGTH_UNIT() NAMED_UNIT(*) SI_UNIT(.MILLI.,.METRE.) );
#13526 = ( NAMED_UNIT(*) PLANE_ANGLE_UNIT() SI_UNIT($,.RADIAN.) );
#13527 = ( NAMED_UNIT(*) SI_UNIT($,.STERADIAN.) SOLID_ANGLE_UNIT() );
#13528 = UNCERTAINTY_MEASURE_WITH_UNIT(LENGTH_MEASURE(1.E-07),#13525,
  'distance_accuracy_value','confusion accuracy');
#13529 = CONTEXT_DEPENDENT_SHAPE_REPRESENTATION(#13530,#13532);
#13530 = ( REPRESENTATION_RELATIONSHIP('','',#13373,#10) 
REPRESENTATION_RELATIONSHIP_WITH_TRANSFORMATION(#13531) 
SHAPE_REPRESENTATION_RELATIONSHIP() );
#13531 = ITEM_DEFINED_TRANSFORMATION('','',#11,#275);
#13532 = PRODUCT_DEFINITION_SHAPE('Placement','Placement of an item',
  #13533);
#13533 = NEXT_ASSEMBLY_USAGE_OCCURRENCE('66','Sunroom','',#5,#13368,$);
#13534 = PRODUCT_RELATED_PRODUCT_CATEGORY('part',$,(#13370));
#13535 = SHAPE_DEFINITION_REPRESENTATION(#13536,#13542);
#13536 = PRODUCT_DEFINITION_SHAPE('','',#13537);
#13537 = PRODUCT_DEFINITION('design','',#13538,#13541);
#13538 = PRODUCT_DEFINITION_FORMATION('','',#13539);
#13539 = PRODUCT('Sunroom east slider','Sunroom east slider','',(#13540)
  );
#13540 = PRODUCT_CONTEXT('',#2,'mechanical');
#13541 = PRODUCT_DEFINITION_CONTEXT('part definition',#2,'design');
#13542 = ADVANCED_BREP_SHAPE_REPRESENTATION('',(#11,#13543),#13693);
#13543 = MANIFOLD_SOLID_BREP('',#13544);
#13544 = CLOSED_SHELL('',(#13545,#13585,#13625,#13647,#13669,#13681));
#13545 = ADVANCED_FACE('',(#13546),#13580,.F.);
#13546 = FACE_BOUND('',#13547,.F.);
#13547 = EDGE_LOOP('',(#13548,#13558,#13566,#13574));
#13548 = ORIENTED_EDGE('',*,*,#13549,.F.);
#13549 = EDGE_CURVE('',#13550,#13552,#13554,.T.);
#13550 = VERTEX_POINT('',#13551);
#13551 = CARTESIAN_POINT('',(7.21995E+03,2.46888E+03,152.4));
#13552 = VERTEX_POINT('',#13553);
#13553 = CARTESIAN_POINT('',(7.21995E+03,2.46888E+03,2.286E+03));
#13554 = LINE('',#13555,#13556);
#13555 = CARTESIAN_POINT('',(7.21995E+03,2.46888E+03,152.4));
#13556 = VECTOR('',#13557,1.);
#13557 = DIRECTION('',(0.,0.,1.));
#13558 = ORIENTED_EDGE('',*,*,#13559,.T.);
#13559 = EDGE_CURVE('',#13550,#13560,#13562,.T.);
#13560 = VERTEX_POINT('',#13561);
#13561 = CARTESIAN_POINT('',(7.21995E+03,3.68808E+03,152.4));
#13562 = LINE('',#13563,#13564);
#13563 = CARTESIAN_POINT('',(7.21995E+03,2.46888E+03,152.4));
#13564 = VECTOR('',#13565,1.);
#13565 = DIRECTION('',(-0.,1.,0.));
#13566 = ORIENTED_EDGE('',*,*,#13567,.T.);
#13567 = EDGE_CURVE('',#13560,#13568,#13570,.T.);
#13568 = VERTEX_POINT('',#13569);
#13569 = CARTESIAN_POINT('',(7.21995E+03,3.68808E+03,2.286E+03));
#13570 = LINE('',#13571,#13572);
#13571 = CARTESIAN_POINT('',(7.21995E+03,3.68808E+03,152.4));
#13572 = VECTOR('',#13573,1.);
#13573 = DIRECTION('',(0.,0.,1.));
#13574 = ORIENTED_EDGE('',*,*,#13575,.F.);
#13575 = EDGE_CURVE('',#13552,#13568,#13576,.T.);
#13576 = LINE('',#13577,#13578);
#13577 = CARTESIAN_POINT('',(7.21995E+03,2.46888E+03,2.286E+03));
#13578 = VECTOR('',#13579,1.);
#13579 = DIRECTION('',(-0.,1.,0.));
#13580 = PLANE('',#13581);
#13581 = AXIS2_PLACEMENT_3D('',#13582,#13583,#13584);
#13582 = CARTESIAN_POINT('',(7.21995E+03,2.46888E+03,152.4));
#13583 = DIRECTION('',(1.,0.,-0.));
#13584 = DIRECTION('',(0.,0.,1.));
#13585 = ADVANCED_FACE('',(#13586),#13620,.T.);
#13586 = FACE_BOUND('',#13587,.T.);
#13587 = EDGE_LOOP('',(#13588,#13598,#13606,#13614));
#13588 = ORIENTED_EDGE('',*,*,#13589,.F.);
#13589 = EDGE_CURVE('',#13590,#13592,#13594,.T.);
#13590 = VERTEX_POINT('',#13591);
#13591 = CARTESIAN_POINT('',(7.25805E+03,2.46888E+03,152.4));
#13592 = VERTEX_POINT('',#13593);
#13593 = CARTESIAN_POINT('',(7.25805E+03,2.46888E+03,2.286E+03));
#13594 = LINE('',#13595,#13596);
#13595 = CARTESIAN_POINT('',(7.25805E+03,2.46888E+03,152.4));
#13596 = VECTOR('',#13597,1.);
#13597 = DIRECTION('',(0.,0.,1.));
#13598 = ORIENTED_EDGE('',*,*,#13599,.T.);
#13599 = EDGE_CURVE('',#13590,#13600,#13602,.T.);
#13600 = VERTEX_POINT('',#13601);
#13601 = CARTESIAN_POINT('',(7.25805E+03,3.68808E+03,152.4));
#13602 = LINE('',#13603,#13604);
#13603 = CARTESIAN_POINT('',(7.25805E+03,2.46888E+03,152.4));
#13604 = VECTOR('',#13605,1.);
#13605 = DIRECTION('',(-0.,1.,0.));
#13606 = ORIENTED_EDGE('',*,*,#13607,.T.);
#13607 = EDGE_CURVE('',#13600,#13608,#13610,.T.);
#13608 = VERTEX_POINT('',#13609);
#13609 = CARTESIAN_POINT('',(7.25805E+03,3.68808E+03,2.286E+03));
#13610 = LINE('',#13611,#13612);
#13611 = CARTESIAN_POINT('',(7.25805E+03,3.68808E+03,152.4));
#13612 = VECTOR('',#13613,1.);
#13613 = DIRECTION('',(0.,0.,1.));
#13614 = ORIENTED_EDGE('',*,*,#13615,.F.);
#13615 = EDGE_CURVE('',#13592,#13608,#13616,.T.);
#13616 = LINE('',#13617,#13618);
#13617 = CARTESIAN_POINT('',(7.25805E+03,2.46888E+03,2.286E+03));
#13618 = VECTOR('',#13619,1.);
#13619 = DIRECTION('',(-0.,1.,0.));
#13620 = PLANE('',#13621);
#13621 = AXIS2_PLACEMENT_3D('',#13622,#13623,#13624);
#13622 = CARTESIAN_POINT('',(7.25805E+03,2.46888E+03,152.4));
#13623 = DIRECTION('',(1.,0.,-0.));
#13624 = DIRECTION('',(0.,0.,1.));
#13625 = ADVANCED_FACE('',(#13626),#13642,.F.);
#13626 = FACE_BOUND('',#13627,.F.);
#13627 = EDGE_LOOP('',(#13628,#13634,#13635,#13641));
#13628 = ORIENTED_EDGE('',*,*,#13629,.F.);
#13629 = EDGE_CURVE('',#13550,#13590,#13630,.T.);
#13630 = LINE('',#13631,#13632);
#13631 = CARTESIAN_POINT('',(7.21995E+03,2.46888E+03,152.4));
#13632 = VECTOR('',#13633,1.);
#13633 = DIRECTION('',(1.,0.,-0.));
#13634 = ORIENTED_EDGE('',*,*,#13549,.T.);
#13635 = ORIENTED_EDGE('',*,*,#13636,.T.);
#13636 = EDGE_CURVE('',#13552,#13592,#13637,.T.);
#13637 = LINE('',#13638,#13639);
#13638 = CARTESIAN_POINT('',(7.21995E+03,2.46888E+03,2.286E+03));
#13639 = VECTOR('',#13640,1.);
#13640 = DIRECTION('',(1.,0.,-0.));
#13641 = ORIENTED_EDGE('',*,*,#13589,.F.);
#13642 = PLANE('',#13643);
#13643 = AXIS2_PLACEMENT_3D('',#13644,#13645,#13646);
#13644 = CARTESIAN_POINT('',(7.21995E+03,2.46888E+03,152.4));
#13645 = DIRECTION('',(-0.,1.,0.));
#13646 = DIRECTION('',(0.,0.,1.));
#13647 = ADVANCED_FACE('',(#13648),#13664,.T.);
#13648 = FACE_BOUND('',#13649,.T.);
#13649 = EDGE_LOOP('',(#13650,#13656,#13657,#13663));
#13650 = ORIENTED_EDGE('',*,*,#13651,.F.);
#13651 = EDGE_CURVE('',#13560,#13600,#13652,.T.);
#13652 = LINE('',#13653,#13654);
#13653 = CARTESIAN_POINT('',(7.21995E+03,3.68808E+03,152.4));
#13654 = VECTOR('',#13655,1.);
#13655 = DIRECTION('',(1.,0.,-0.));
#13656 = ORIENTED_EDGE('',*,*,#13567,.T.);
#13657 = ORIENTED_EDGE('',*,*,#13658,.T.);
#13658 = EDGE_CURVE('',#13568,#13608,#13659,.T.);
#13659 = LINE('',#13660,#13661);
#13660 = CARTESIAN_POINT('',(7.21995E+03,3.68808E+03,2.286E+03));
#13661 = VECTOR('',#13662,1.);
#13662 = DIRECTION('',(1.,0.,-0.));
#13663 = ORIENTED_EDGE('',*,*,#13607,.F.);
#13664 = PLANE('',#13665);
#13665 = AXIS2_PLACEMENT_3D('',#13666,#13667,#13668);
#13666 = CARTESIAN_POINT('',(7.21995E+03,3.68808E+03,152.4));
#13667 = DIRECTION('',(-0.,1.,0.));
#13668 = DIRECTION('',(0.,0.,1.));
#13669 = ADVANCED_FACE('',(#13670),#13676,.F.);
#13670 = FACE_BOUND('',#13671,.F.);
#13671 = EDGE_LOOP('',(#13672,#13673,#13674,#13675));
#13672 = ORIENTED_EDGE('',*,*,#13559,.F.);
#13673 = ORIENTED_EDGE('',*,*,#13629,.T.);
#13674 = ORIENTED_EDGE('',*,*,#13599,.T.);
#13675 = ORIENTED_EDGE('',*,*,#13651,.F.);
#13676 = PLANE('',#13677);
#13677 = AXIS2_PLACEMENT_3D('',#13678,#13679,#13680);
#13678 = CARTESIAN_POINT('',(7.21995E+03,2.46888E+03,152.4));
#13679 = DIRECTION('',(0.,0.,1.));
#13680 = DIRECTION('',(1.,0.,-0.));
#13681 = ADVANCED_FACE('',(#13682),#13688,.T.);
#13682 = FACE_BOUND('',#13683,.T.);
#13683 = EDGE_LOOP('',(#13684,#13685,#13686,#13687));
#13684 = ORIENTED_EDGE('',*,*,#13575,.F.);
#13685 = ORIENTED_EDGE('',*,*,#13636,.T.);
#13686 = ORIENTED_EDGE('',*,*,#13615,.T.);
#13687 = ORIENTED_EDGE('',*,*,#13658,.F.);
#13688 = PLANE('',#13689);
#13689 = AXIS2_PLACEMENT_3D('',#13690,#13691,#13692);
#13690 = CARTESIAN_POINT('',(7.21995E+03,2.46888E+03,2.286E+03));
#13691 = DIRECTION('',(0.,0.,1.));
#13692 = DIRECTION('',(1.,0.,-0.));
#13693 = ( GEOMETRIC_REPRESENTATION_CONTEXT(3) 
GLOBAL_UNCERTAINTY_ASSIGNED_CONTEXT((#13697)) 
GLOBAL_UNIT_ASSIGNED_CONTEXT((#13694,#13695,#13696)) 
REPRESENTATION_CONTEXT('Context #1',
  '3D Context with UNIT and UNCERTAINTY') );
#13694 = ( LENGTH_UNIT() NAMED_UNIT(*) SI_UNIT(.MILLI.,.METRE.) );
#13695 = ( NAMED_UNIT(*) PLANE_ANGLE_UNIT() SI_UNIT($,.RADIAN.) );
#13696 = ( NAMED_UNIT(*) SI_UNIT($,.STERADIAN.) SOLID_ANGLE_UNIT() );
#13697 = UNCERTAINTY_MEASURE_WITH_UNIT(LENGTH_MEASURE(1.E-07),#13694,
  'distance_accuracy_value','confusion accuracy');
#13698 = CONTEXT_DEPENDENT_SHAPE_REPRESENTATION(#13699,#13701);
#13699 = ( REPRESENTATION_RELATIONSHIP('','',#13542,#10) 
REPRESENTATION_RELATIONSHIP_WITH_TRANSFORMATION(#13700) 
SHAPE_REPRESENTATION_RELATIONSHIP() );
#13700 = ITEM_DEFINED_TRANSFORMATION('','',#11,#279);
#13701 = PRODUCT_DEFINITION_SHAPE('Placement','Placement of an item',
  #13702);
#13702 = NEXT_ASSEMBLY_USAGE_OCCURRENCE('67','Sunroom east slider','',#5
  ,#13537,$);
#13703 = PRODUCT_RELATED_PRODUCT_CATEGORY('part',$,(#13539));
#13704 = SHAPE_DEFINITION_REPRESENTATION(#13705,#13711);
#13705 = PRODUCT_DEFINITION_SHAPE('','',#13706);
#13706 = PRODUCT_DEFINITION('design','',#13707,#13710);
#13707 = PRODUCT_DEFINITION_FORMATION('','',#13708);
#13708 = PRODUCT('Sunroom east window','Sunroom east window','',(#13709)
  );
#13709 = PRODUCT_CONTEXT('',#2,'mechanical');
#13710 = PRODUCT_DEFINITION_CONTEXT('part definition',#2,'design');
#13711 = ADVANCED_BREP_SHAPE_REPRESENTATION('',(#11,#13712),#13862);
#13712 = MANIFOLD_SOLID_BREP('',#13713);
#13713 = CLOSED_SHELL('',(#13714,#13754,#13794,#13816,#13838,#13850));
#13714 = ADVANCED_FACE('',(#13715),#13749,.F.);
#13715 = FACE_BOUND('',#13716,.F.);
#13716 = EDGE_LOOP('',(#13717,#13727,#13735,#13743));
#13717 = ORIENTED_EDGE('',*,*,#13718,.F.);
#13718 = EDGE_CURVE('',#13719,#13721,#13723,.T.);
#13719 = VERTEX_POINT('',#13720);
#13720 = CARTESIAN_POINT('',(7.21995E+03,975.36,1.0668E+03));
#13721 = VERTEX_POINT('',#13722);
#13722 = CARTESIAN_POINT('',(7.21995E+03,975.36,2.1336E+03));
#13723 = LINE('',#13724,#13725);
#13724 = CARTESIAN_POINT('',(7.21995E+03,975.36,1.0668E+03));
#13725 = VECTOR('',#13726,1.);
#13726 = DIRECTION('',(0.,0.,1.));
#13727 = ORIENTED_EDGE('',*,*,#13728,.T.);
#13728 = EDGE_CURVE('',#13719,#13729,#13731,.T.);
#13729 = VERTEX_POINT('',#13730);
#13730 = CARTESIAN_POINT('',(7.21995E+03,1.73736E+03,1.0668E+03));
#13731 = LINE('',#13732,#13733);
#13732 = CARTESIAN_POINT('',(7.21995E+03,975.36,1.0668E+03));
#13733 = VECTOR('',#13734,1.);
#13734 = DIRECTION('',(-0.,1.,0.));
#13735 = ORIENTED_EDGE('',*,*,#13736,.T.);
#13736 = EDGE_CURVE('',#13729,#13737,#13739,.T.);
#13737 = VERTEX_POINT('',#13738);
#13738 = CARTESIAN_POINT('',(7.21995E+03,1.73736E+03,2.1336E+03));
#13739 = LINE('',#13740,#13741);
#13740 = CARTESIAN_POINT('',(7.21995E+03,1.73736E+03,1.0668E+03));
#13741 = VECTOR('',#13742,1.);
#13742 = DIRECTION('',(0.,0.,1.));
#13743 = ORIENTED_EDGE('',*,*,#13744,.F.);
#13744 = EDGE_CURVE('',#13721,#13737,#13745,.T.);
#13745 = LINE('',#13746,#13747);
#13746 = CARTESIAN_POINT('',(7.21995E+03,975.36,2.1336E+03));
#13747 = VECTOR('',#13748,1.);
#13748 = DIRECTION('',(-0.,1.,0.));
#13749 = PLANE('',#13750);
#13750 = AXIS2_PLACEMENT_3D('',#13751,#13752,#13753);
#13751 = CARTESIAN_POINT('',(7.21995E+03,975.36,1.0668E+03));
#13752 = DIRECTION('',(1.,0.,-0.));
#13753 = DIRECTION('',(0.,0.,1.));
#13754 = ADVANCED_FACE('',(#13755),#13789,.T.);
#13755 = FACE_BOUND('',#13756,.T.);
#13756 = EDGE_LOOP('',(#13757,#13767,#13775,#13783));
#13757 = ORIENTED_EDGE('',*,*,#13758,.F.);
#13758 = EDGE_CURVE('',#13759,#13761,#13763,.T.);
#13759 = VERTEX_POINT('',#13760);
#13760 = CARTESIAN_POINT('',(7.25805E+03,975.36,1.0668E+03));
#13761 = VERTEX_POINT('',#13762);
#13762 = CARTESIAN_POINT('',(7.25805E+03,975.36,2.1336E+03));
#13763 = LINE('',#13764,#13765);
#13764 = CARTESIAN_POINT('',(7.25805E+03,975.36,1.0668E+03));
#13765 = VECTOR('',#13766,1.);
#13766 = DIRECTION('',(0.,0.,1.));
#13767 = ORIENTED_EDGE('',*,*,#13768,.T.);
#13768 = EDGE_CURVE('',#13759,#13769,#13771,.T.);
#13769 = VERTEX_POINT('',#13770);
#13770 = CARTESIAN_POINT('',(7.25805E+03,1.73736E+03,1.0668E+03));
#13771 = LINE('',#13772,#13773);
#13772 = CARTESIAN_POINT('',(7.25805E+03,975.36,1.0668E+03));
#13773 = VECTOR('',#13774,1.);
#13774 = DIRECTION('',(-0.,1.,0.));
#13775 = ORIENTED_EDGE('',*,*,#13776,.T.);
#13776 = EDGE_CURVE('',#13769,#13777,#13779,.T.);
#13777 = VERTEX_POINT('',#13778);
#13778 = CARTESIAN_POINT('',(7.25805E+03,1.73736E+03,2.1336E+03));
#13779 = LINE('',#13780,#13781);
#13780 = CARTESIAN_POINT('',(7.25805E+03,1.73736E+03,1.0668E+03));
#13781 = VECTOR('',#13782,1.);
#13782 = DIRECTION('',(0.,0.,1.));
#13783 = ORIENTED_EDGE('',*,*,#13784,.F.);
#13784 = EDGE_CURVE('',#13761,#13777,#13785,.T.);
#13785 = LINE('',#13786,#13787);
#13786 = CARTESIAN_POINT('',(7.25805E+03,975.36,2.1336E+03));
#13787 = VECTOR('',#13788,1.);
#13788 = DIRECTION('',(-0.,1.,0.));
#13789 = PLANE('',#13790);
#13790 = AXIS2_PLACEMENT_3D('',#13791,#13792,#13793);
#13791 = CARTESIAN_POINT('',(7.25805E+03,975.36,1.0668E+03));
#13792 = DIRECTION('',(1.,0.,-0.));
#13793 = DIRECTION('',(0.,0.,1.));
#13794 = ADVANCED_FACE('',(#13795),#13811,.F.);
#13795 = FACE_BOUND('',#13796,.F.);
#13796 = EDGE_LOOP('',(#13797,#13803,#13804,#13810));
#13797 = ORIENTED_EDGE('',*,*,#13798,.F.);
#13798 = EDGE_CURVE('',#13719,#13759,#13799,.T.);
#13799 = LINE('',#13800,#13801);
#13800 = CARTESIAN_POINT('',(7.21995E+03,975.36,1.0668E+03));
#13801 = VECTOR('',#13802,1.);
#13802 = DIRECTION('',(1.,0.,-0.));
#13803 = ORIENTED_EDGE('',*,*,#13718,.T.);
#13804 = ORIENTED_EDGE('',*,*,#13805,.T.);
#13805 = EDGE_CURVE('',#13721,#13761,#13806,.T.);
#13806 = LINE('',#13807,#13808);
#13807 = CARTESIAN_POINT('',(7.21995E+03,975.36,2.1336E+03));
#13808 = VECTOR('',#13809,1.);
#13809 = DIRECTION('',(1.,0.,-0.));
#13810 = ORIENTED_EDGE('',*,*,#13758,.F.);
#13811 = PLANE('',#13812);
#13812 = AXIS2_PLACEMENT_3D('',#13813,#13814,#13815);
#13813 = CARTESIAN_POINT('',(7.21995E+03,975.36,1.0668E+03));
#13814 = DIRECTION('',(-0.,1.,0.));
#13815 = DIRECTION('',(0.,0.,1.));
#13816 = ADVANCED_FACE('',(#13817),#13833,.T.);
#13817 = FACE_BOUND('',#13818,.T.);
#13818 = EDGE_LOOP('',(#13819,#13825,#13826,#13832));
#13819 = ORIENTED_EDGE('',*,*,#13820,.F.);
#13820 = EDGE_CURVE('',#13729,#13769,#13821,.T.);
#13821 = LINE('',#13822,#13823);
#13822 = CARTESIAN_POINT('',(7.21995E+03,1.73736E+03,1.0668E+03));
#13823 = VECTOR('',#13824,1.);
#13824 = DIRECTION('',(1.,0.,-0.));
#13825 = ORIENTED_EDGE('',*,*,#13736,.T.);
#13826 = ORIENTED_EDGE('',*,*,#13827,.T.);
#13827 = EDGE_CURVE('',#13737,#13777,#13828,.T.);
#13828 = LINE('',#13829,#13830);
#13829 = CARTESIAN_POINT('',(7.21995E+03,1.73736E+03,2.1336E+03));
#13830 = VECTOR('',#13831,1.);
#13831 = DIRECTION('',(1.,0.,-0.));
#13832 = ORIENTED_EDGE('',*,*,#13776,.F.);
#13833 = PLANE('',#13834);
#13834 = AXIS2_PLACEMENT_3D('',#13835,#13836,#13837);
#13835 = CARTESIAN_POINT('',(7.21995E+03,1.73736E+03,1.0668E+03));
#13836 = DIRECTION('',(-0.,1.,0.));
#13837 = DIRECTION('',(0.,0.,1.));
#13838 = ADVANCED_FACE('',(#13839),#13845,.F.);
#13839 = FACE_BOUND('',#13840,.F.);
#13840 = EDGE_LOOP('',(#13841,#13842,#13843,#13844));
#13841 = ORIENTED_EDGE('',*,*,#13728,.F.);
#13842 = ORIENTED_EDGE('',*,*,#13798,.T.);
#13843 = ORIENTED_EDGE('',*,*,#13768,.T.);
#13844 = ORIENTED_EDGE('',*,*,#13820,.F.);
#13845 = PLANE('',#13846);
#13846 = AXIS2_PLACEMENT_3D('',#13847,#13848,#13849);
#13847 = CARTESIAN_POINT('',(7.21995E+03,975.36,1.0668E+03));
#13848 = DIRECTION('',(0.,0.,1.));
#13849 = DIRECTION('',(1.,0.,-0.));
#13850 = ADVANCED_FACE('',(#13851),#13857,.T.);
#13851 = FACE_BOUND('',#13852,.T.);
#13852 = EDGE_LOOP('',(#13853,#13854,#13855,#13856));
#13853 = ORIENTED_EDGE('',*,*,#13744,.F.);
#13854 = ORIENTED_EDGE('',*,*,#13805,.T.);
#13855 = ORIENTED_EDGE('',*,*,#13784,.T.);
#13856 = ORIENTED_EDGE('',*,*,#13827,.F.);
#13857 = PLANE('',#13858);
#13858 = AXIS2_PLACEMENT_3D('',#13859,#13860,#13861);
#13859 = CARTESIAN_POINT('',(7.21995E+03,975.36,2.1336E+03));
#13860 = DIRECTION('',(0.,0.,1.));
#13861 = DIRECTION('',(1.,0.,-0.));
#13862 = ( GEOMETRIC_REPRESENTATION_CONTEXT(3) 
GLOBAL_UNCERTAINTY_ASSIGNED_CONTEXT((#13866)) 
GLOBAL_UNIT_ASSIGNED_CONTEXT((#13863,#13864,#13865)) 
REPRESENTATION_CONTEXT('Context #1',
  '3D Context with UNIT and UNCERTAINTY') );
#13863 = ( LENGTH_UNIT() NAMED_UNIT(*) SI_UNIT(.MILLI.,.METRE.) );
#13864 = ( NAMED_UNIT(*) PLANE_ANGLE_UNIT() SI_UNIT($,.RADIAN.) );
#13865 = ( NAMED_UNIT(*) SI_UNIT($,.STERADIAN.) SOLID_ANGLE_UNIT() );
#13866 = UNCERTAINTY_MEASURE_WITH_UNIT(LENGTH_MEASURE(1.E-07),#13863,
  'distance_accuracy_value','confusion accuracy');
#13867 = CONTEXT_DEPENDENT_SHAPE_REPRESENTATION(#13868,#13870);
#13868 = ( REPRESENTATION_RELATIONSHIP('','',#13711,#10) 
REPRESENTATION_RELATIONSHIP_WITH_TRANSFORMATION(#13869) 
SHAPE_REPRESENTATION_RELATIONSHIP() );
#13869 = ITEM_DEFINED_TRANSFORMATION('','',#11,#283);
#13870 = PRODUCT_DEFINITION_SHAPE('Placement','Placement of an item',
  #13871);
#13871 = NEXT_ASSEMBLY_USAGE_OCCURRENCE('68','Sunroom east window','',#5
  ,#13706,$);
#13872 = PRODUCT_RELATED_PRODUCT_CATEGORY('part',$,(#13708));
#13873 = SHAPE_DEFINITION_REPRESENTATION(#13874,#13880);
#13874 = PRODUCT_DEFINITION_SHAPE('','',#13875);
#13875 = PRODUCT_DEFINITION('design','',#13876,#13879);
#13876 = PRODUCT_DEFINITION_FORMATION('','',#13877);
#13877 = PRODUCT('Upper east balcony','Upper east balcony','',(#13878));
#13878 = PRODUCT_CONTEXT('',#2,'mechanical');
#13879 = PRODUCT_DEFINITION_CONTEXT('part definition',#2,'design');
#13880 = ADVANCED_BREP_SHAPE_REPRESENTATION('',(#11,#13881),#14031);
#13881 = MANIFOLD_SOLID_BREP('',#13882);
#13882 = CLOSED_SHELL('',(#13883,#13923,#13963,#13985,#14007,#14019));
#13883 = ADVANCED_FACE('',(#13884),#13918,.F.);
#13884 = FACE_BOUND('',#13885,.F.);
#13885 = EDGE_LOOP('',(#13886,#13896,#13904,#13912));
#13886 = ORIENTED_EDGE('',*,*,#13887,.F.);
#13887 = EDGE_CURVE('',#13888,#13890,#13892,.T.);
#13888 = VERTEX_POINT('',#13889);
#13889 = CARTESIAN_POINT('',(7.3152E+03,0.,2.8956E+03));
#13890 = VERTEX_POINT('',#13891);
#13891 = CARTESIAN_POINT('',(7.3152E+03,0.,3.00228E+03));
#13892 = LINE('',#13893,#13894);
#13893 = CARTESIAN_POINT('',(7.3152E+03,0.,2.8956E+03));
#13894 = VECTOR('',#13895,1.);
#13895 = DIRECTION('',(0.,0.,1.));
#13896 = ORIENTED_EDGE('',*,*,#13897,.T.);
#13897 = EDGE_CURVE('',#13888,#13898,#13900,.T.);
#13898 = VERTEX_POINT('',#13899);
#13899 = CARTESIAN_POINT('',(7.3152E+03,5.9436E+03,2.8956E+03));
#13900 = LINE('',#13901,#13902);
#13901 = CARTESIAN_POINT('',(7.3152E+03,0.,2.8956E+03));
#13902 = VECTOR('',#13903,1.);
#13903 = DIRECTION('',(-0.,1.,0.));
#13904 = ORIENTED_EDGE('',*,*,#13905,.T.);
#13905 = EDGE_CURVE('',#13898,#13906,#13908,.T.);
#13906 = VERTEX_POINT('',#13907);
#13907 = CARTESIAN_POINT('',(7.3152E+03,5.9436E+03,3.00228E+03));
#13908 = LINE('',#13909,#13910);
#13909 = CARTESIAN_POINT('',(7.3152E+03,5.9436E+03,2.8956E+03));
#13910 = VECTOR('',#13911,1.);
#13911 = DIRECTION('',(0.,0.,1.));
#13912 = ORIENTED_EDGE('',*,*,#13913,.F.);
#13913 = EDGE_CURVE('',#13890,#13906,#13914,.T.);
#13914 = LINE('',#13915,#13916);
#13915 = CARTESIAN_POINT('',(7.3152E+03,0.,3.00228E+03));
#13916 = VECTOR('',#13917,1.);
#13917 = DIRECTION('',(-0.,1.,0.));
#13918 = PLANE('',#13919);
#13919 = AXIS2_PLACEMENT_3D('',#13920,#13921,#13922);
#13920 = CARTESIAN_POINT('',(7.3152E+03,0.,2.8956E+03));
#13921 = DIRECTION('',(1.,0.,-0.));
#13922 = DIRECTION('',(0.,0.,1.));
#13923 = ADVANCED_FACE('',(#13924),#13958,.T.);
#13924 = FACE_BOUND('',#13925,.T.);
#13925 = EDGE_LOOP('',(#13926,#13936,#13944,#13952));
#13926 = ORIENTED_EDGE('',*,*,#13927,.F.);
#13927 = EDGE_CURVE('',#13928,#13930,#13932,.T.);
#13928 = VERTEX_POINT('',#13929);
#13929 = CARTESIAN_POINT('',(8.382E+03,0.,2.8956E+03));
#13930 = VERTEX_POINT('',#13931);
#13931 = CARTESIAN_POINT('',(8.382E+03,0.,3.00228E+03));
#13932 = LINE('',#13933,#13934);
#13933 = CARTESIAN_POINT('',(8.382E+03,0.,2.8956E+03));
#13934 = VECTOR('',#13935,1.);
#13935 = DIRECTION('',(0.,0.,1.));
#13936 = ORIENTED_EDGE('',*,*,#13937,.T.);
#13937 = EDGE_CURVE('',#13928,#13938,#13940,.T.);
#13938 = VERTEX_POINT('',#13939);
#13939 = CARTESIAN_POINT('',(8.382E+03,5.9436E+03,2.8956E+03));
#13940 = LINE('',#13941,#13942);
#13941 = CARTESIAN_POINT('',(8.382E+03,0.,2.8956E+03));
#13942 = VECTOR('',#13943,1.);
#13943 = DIRECTION('',(-0.,1.,0.));
#13944 = ORIENTED_EDGE('',*,*,#13945,.T.);
#13945 = EDGE_CURVE('',#13938,#13946,#13948,.T.);
#13946 = VERTEX_POINT('',#13947);
#13947 = CARTESIAN_POINT('',(8.382E+03,5.9436E+03,3.00228E+03));
#13948 = LINE('',#13949,#13950);
#13949 = CARTESIAN_POINT('',(8.382E+03,5.9436E+03,2.8956E+03));
#13950 = VECTOR('',#13951,1.);
#13951 = DIRECTION('',(0.,0.,1.));
#13952 = ORIENTED_EDGE('',*,*,#13953,.F.);
#13953 = EDGE_CURVE('',#13930,#13946,#13954,.T.);
#13954 = LINE('',#13955,#13956);
#13955 = CARTESIAN_POINT('',(8.382E+03,0.,3.00228E+03));
#13956 = VECTOR('',#13957,1.);
#13957 = DIRECTION('',(-0.,1.,0.));
#13958 = PLANE('',#13959);
#13959 = AXIS2_PLACEMENT_3D('',#13960,#13961,#13962);
#13960 = CARTESIAN_POINT('',(8.382E+03,0.,2.8956E+03));
#13961 = DIRECTION('',(1.,0.,-0.));
#13962 = DIRECTION('',(0.,0.,1.));
#13963 = ADVANCED_FACE('',(#13964),#13980,.F.);
#13964 = FACE_BOUND('',#13965,.F.);
#13965 = EDGE_LOOP('',(#13966,#13972,#13973,#13979));
#13966 = ORIENTED_EDGE('',*,*,#13967,.F.);
#13967 = EDGE_CURVE('',#13888,#13928,#13968,.T.);
#13968 = LINE('',#13969,#13970);
#13969 = CARTESIAN_POINT('',(7.3152E+03,0.,2.8956E+03));
#13970 = VECTOR('',#13971,1.);
#13971 = DIRECTION('',(1.,0.,-0.));
#13972 = ORIENTED_EDGE('',*,*,#13887,.T.);
#13973 = ORIENTED_EDGE('',*,*,#13974,.T.);
#13974 = EDGE_CURVE('',#13890,#13930,#13975,.T.);
#13975 = LINE('',#13976,#13977);
#13976 = CARTESIAN_POINT('',(7.3152E+03,0.,3.00228E+03));
#13977 = VECTOR('',#13978,1.);
#13978 = DIRECTION('',(1.,0.,-0.));
#13979 = ORIENTED_EDGE('',*,*,#13927,.F.);
#13980 = PLANE('',#13981);
#13981 = AXIS2_PLACEMENT_3D('',#13982,#13983,#13984);
#13982 = CARTESIAN_POINT('',(7.3152E+03,0.,2.8956E+03));
#13983 = DIRECTION('',(-0.,1.,0.));
#13984 = DIRECTION('',(0.,0.,1.));
#13985 = ADVANCED_FACE('',(#13986),#14002,.T.);
#13986 = FACE_BOUND('',#13987,.T.);
#13987 = EDGE_LOOP('',(#13988,#13994,#13995,#14001));
#13988 = ORIENTED_EDGE('',*,*,#13989,.F.);
#13989 = EDGE_CURVE('',#13898,#13938,#13990,.T.);
#13990 = LINE('',#13991,#13992);
#13991 = CARTESIAN_POINT('',(7.3152E+03,5.9436E+03,2.8956E+03));
#13992 = VECTOR('',#13993,1.);
#13993 = DIRECTION('',(1.,0.,-0.));
#13994 = ORIENTED_EDGE('',*,*,#13905,.T.);
#13995 = ORIENTED_EDGE('',*,*,#13996,.T.);
#13996 = EDGE_CURVE('',#13906,#13946,#13997,.T.);
#13997 = LINE('',#13998,#13999);
#13998 = CARTESIAN_POINT('',(7.3152E+03,5.9436E+03,3.00228E+03));
#13999 = VECTOR('',#14000,1.);
#14000 = DIRECTION('',(1.,0.,-0.));
#14001 = ORIENTED_EDGE('',*,*,#13945,.F.);
#14002 = PLANE('',#14003);
#14003 = AXIS2_PLACEMENT_3D('',#14004,#14005,#14006);
#14004 = CARTESIAN_POINT('',(7.3152E+03,5.9436E+03,2.8956E+03));
#14005 = DIRECTION('',(-0.,1.,0.));
#14006 = DIRECTION('',(0.,0.,1.));
#14007 = ADVANCED_FACE('',(#14008),#14014,.F.);
#14008 = FACE_BOUND('',#14009,.F.);
#14009 = EDGE_LOOP('',(#14010,#14011,#14012,#14013));
#14010 = ORIENTED_EDGE('',*,*,#13897,.F.);
#14011 = ORIENTED_EDGE('',*,*,#13967,.T.);
#14012 = ORIENTED_EDGE('',*,*,#13937,.T.);
#14013 = ORIENTED_EDGE('',*,*,#13989,.F.);
#14014 = PLANE('',#14015);
#14015 = AXIS2_PLACEMENT_3D('',#14016,#14017,#14018);
#14016 = CARTESIAN_POINT('',(7.3152E+03,0.,2.8956E+03));
#14017 = DIRECTION('',(0.,0.,1.));
#14018 = DIRECTION('',(1.,0.,-0.));
#14019 = ADVANCED_FACE('',(#14020),#14026,.T.);
#14020 = FACE_BOUND('',#14021,.T.);
#14021 = EDGE_LOOP('',(#14022,#14023,#14024,#14025));
#14022 = ORIENTED_EDGE('',*,*,#13913,.F.);
#14023 = ORIENTED_EDGE('',*,*,#13974,.T.);
#14024 = ORIENTED_EDGE('',*,*,#13953,.T.);
#14025 = ORIENTED_EDGE('',*,*,#13996,.F.);
#14026 = PLANE('',#14027);
#14027 = AXIS2_PLACEMENT_3D('',#14028,#14029,#14030);
#14028 = CARTESIAN_POINT('',(7.3152E+03,0.,3.00228E+03));
#14029 = DIRECTION('',(0.,0.,1.));
#14030 = DIRECTION('',(1.,0.,-0.));
#14031 = ( GEOMETRIC_REPRESENTATION_CONTEXT(3) 
GLOBAL_UNCERTAINTY_ASSIGNED_CONTEXT((#14035)) 
GLOBAL_UNIT_ASSIGNED_CONTEXT((#14032,#14033,#14034)) 
REPRESENTATION_CONTEXT('Context #1',
  '3D Context with UNIT and UNCERTAINTY') );
#14032 = ( LENGTH_UNIT() NAMED_UNIT(*) SI_UNIT(.MILLI.,.METRE.) );
#14033 = ( NAMED_UNIT(*) PLANE_ANGLE_UNIT() SI_UNIT($,.RADIAN.) );
#14034 = ( NAMED_UNIT(*) SI_UNIT($,.STERADIAN.) SOLID_ANGLE_UNIT() );
#14035 = UNCERTAINTY_MEASURE_WITH_UNIT(LENGTH_MEASURE(1.E-07),#14032,
  'distance_accuracy_value','confusion accuracy');
#14036 = CONTEXT_DEPENDENT_SHAPE_REPRESENTATION(#14037,#14039);
#14037 = ( REPRESENTATION_RELATIONSHIP('','',#13880,#10) 
REPRESENTATION_RELATIONSHIP_WITH_TRANSFORMATION(#14038) 
SHAPE_REPRESENTATION_RELATIONSHIP() );
#14038 = ITEM_DEFINED_TRANSFORMATION('','',#11,#287);
#14039 = PRODUCT_DEFINITION_SHAPE('Placement','Placement of an item',
  #14040);
#14040 = NEXT_ASSEMBLY_USAGE_OCCURRENCE('69','Upper east balcony','',#5,
  #13875,$);
#14041 = PRODUCT_RELATED_PRODUCT_CATEGORY('part',$,(#13877));
#14042 = SHAPE_DEFINITION_REPRESENTATION(#14043,#14049);
#14043 = PRODUCT_DEFINITION_SHAPE('','',#14044);
#14044 = PRODUCT_DEFINITION('design','',#14045,#14048);
#14045 = PRODUCT_DEFINITION_FORMATION('','',#14046);
#14046 = PRODUCT('Upper south landing','Upper south landing','',(#14047)
  );
#14047 = PRODUCT_CONTEXT('',#2,'mechanical');
#14048 = PRODUCT_DEFINITION_CONTEXT('part definition',#2,'design');
#14049 = ADVANCED_BREP_SHAPE_REPRESENTATION('',(#11,#14050),#14200);
#14050 = MANIFOLD_SOLID_BREP('',#14051);
#14051 = CLOSED_SHELL('',(#14052,#14092,#14132,#14154,#14176,#14188));
#14052 = ADVANCED_FACE('',(#14053),#14087,.F.);
#14053 = FACE_BOUND('',#14054,.F.);
#14054 = EDGE_LOOP('',(#14055,#14065,#14073,#14081));
#14055 = ORIENTED_EDGE('',*,*,#14056,.F.);
#14056 = EDGE_CURVE('',#14057,#14059,#14061,.T.);
#14057 = VERTEX_POINT('',#14058);
#14058 = CARTESIAN_POINT('',(3.5052E+03,-1.2192E+03,2.8956E+03));
#14059 = VERTEX_POINT('',#14060);
#14060 = CARTESIAN_POINT('',(3.5052E+03,-1.2192E+03,3.00228E+03));
#14061 = LINE('',#14062,#14063);
#14062 = CARTESIAN_POINT('',(3.5052E+03,-1.2192E+03,2.8956E+03));
#14063 = VECTOR('',#14064,1.);
#14064 = DIRECTION('',(0.,0.,1.));
#14065 = ORIENTED_EDGE('',*,*,#14066,.T.);
#14066 = EDGE_CURVE('',#14057,#14067,#14069,.T.);
#14067 = VERTEX_POINT('',#14068);
#14068 = CARTESIAN_POINT('',(3.5052E+03,0.,2.8956E+03));
#14069 = LINE('',#14070,#14071);
#14070 = CARTESIAN_POINT('',(3.5052E+03,-1.2192E+03,2.8956E+03));
#14071 = VECTOR('',#14072,1.);
#14072 = DIRECTION('',(-0.,1.,0.));
#14073 = ORIENTED_EDGE('',*,*,#14074,.T.);
#14074 = EDGE_CURVE('',#14067,#14075,#14077,.T.);
#14075 = VERTEX_POINT('',#14076);
#14076 = CARTESIAN_POINT('',(3.5052E+03,0.,3.00228E+03));
#14077 = LINE('',#14078,#14079);
#14078 = CARTESIAN_POINT('',(3.5052E+03,0.,2.8956E+03));
#14079 = VECTOR('',#14080,1.);
#14080 = DIRECTION('',(0.,0.,1.));
#14081 = ORIENTED_EDGE('',*,*,#14082,.F.);
#14082 = EDGE_CURVE('',#14059,#14075,#14083,.T.);
#14083 = LINE('',#14084,#14085);
#14084 = CARTESIAN_POINT('',(3.5052E+03,-1.2192E+03,3.00228E+03));
#14085 = VECTOR('',#14086,1.);
#14086 = DIRECTION('',(-0.,1.,0.));
#14087 = PLANE('',#14088);
#14088 = AXIS2_PLACEMENT_3D('',#14089,#14090,#14091);
#14089 = CARTESIAN_POINT('',(3.5052E+03,-1.2192E+03,2.8956E+03));
#14090 = DIRECTION('',(1.,0.,-0.));
#14091 = DIRECTION('',(0.,0.,1.));
#14092 = ADVANCED_FACE('',(#14093),#14127,.T.);
#14093 = FACE_BOUND('',#14094,.T.);
#14094 = EDGE_LOOP('',(#14095,#14105,#14113,#14121));
#14095 = ORIENTED_EDGE('',*,*,#14096,.F.);
#14096 = EDGE_CURVE('',#14097,#14099,#14101,.T.);
#14097 = VERTEX_POINT('',#14098);
#14098 = CARTESIAN_POINT('',(8.382E+03,-1.2192E+03,2.8956E+03));
#14099 = VERTEX_POINT('',#14100);
#14100 = CARTESIAN_POINT('',(8.382E+03,-1.2192E+03,3.00228E+03));
#14101 = LINE('',#14102,#14103);
#14102 = CARTESIAN_POINT('',(8.382E+03,-1.2192E+03,2.8956E+03));
#14103 = VECTOR('',#14104,1.);
#14104 = DIRECTION('',(0.,0.,1.));
#14105 = ORIENTED_EDGE('',*,*,#14106,.T.);
#14106 = EDGE_CURVE('',#14097,#14107,#14109,.T.);
#14107 = VERTEX_POINT('',#14108);
#14108 = CARTESIAN_POINT('',(8.382E+03,0.,2.8956E+03));
#14109 = LINE('',#14110,#14111);
#14110 = CARTESIAN_POINT('',(8.382E+03,-1.2192E+03,2.8956E+03));
#14111 = VECTOR('',#14112,1.);
#14112 = DIRECTION('',(-0.,1.,0.));
#14113 = ORIENTED_EDGE('',*,*,#14114,.T.);
#14114 = EDGE_CURVE('',#14107,#14115,#14117,.T.);
#14115 = VERTEX_POINT('',#14116);
#14116 = CARTESIAN_POINT('',(8.382E+03,0.,3.00228E+03));
#14117 = LINE('',#14118,#14119);
#14118 = CARTESIAN_POINT('',(8.382E+03,0.,2.8956E+03));
#14119 = VECTOR('',#14120,1.);
#14120 = DIRECTION('',(0.,0.,1.));
#14121 = ORIENTED_EDGE('',*,*,#14122,.F.);
#14122 = EDGE_CURVE('',#14099,#14115,#14123,.T.);
#14123 = LINE('',#14124,#14125);
#14124 = CARTESIAN_POINT('',(8.382E+03,-1.2192E+03,3.00228E+03));
#14125 = VECTOR('',#14126,1.);
#14126 = DIRECTION('',(-0.,1.,0.));
#14127 = PLANE('',#14128);
#14128 = AXIS2_PLACEMENT_3D('',#14129,#14130,#14131);
#14129 = CARTESIAN_POINT('',(8.382E+03,-1.2192E+03,2.8956E+03));
#14130 = DIRECTION('',(1.,0.,-0.));
#14131 = DIRECTION('',(0.,0.,1.));
#14132 = ADVANCED_FACE('',(#14133),#14149,.F.);
#14133 = FACE_BOUND('',#14134,.F.);
#14134 = EDGE_LOOP('',(#14135,#14141,#14142,#14148));
#14135 = ORIENTED_EDGE('',*,*,#14136,.F.);
#14136 = EDGE_CURVE('',#14057,#14097,#14137,.T.);
#14137 = LINE('',#14138,#14139);
#14138 = CARTESIAN_POINT('',(3.5052E+03,-1.2192E+03,2.8956E+03));
#14139 = VECTOR('',#14140,1.);
#14140 = DIRECTION('',(1.,0.,-0.));
#14141 = ORIENTED_EDGE('',*,*,#14056,.T.);
#14142 = ORIENTED_EDGE('',*,*,#14143,.T.);
#14143 = EDGE_CURVE('',#14059,#14099,#14144,.T.);
#14144 = LINE('',#14145,#14146);
#14145 = CARTESIAN_POINT('',(3.5052E+03,-1.2192E+03,3.00228E+03));
#14146 = VECTOR('',#14147,1.);
#14147 = DIRECTION('',(1.,0.,-0.));
#14148 = ORIENTED_EDGE('',*,*,#14096,.F.);
#14149 = PLANE('',#14150);
#14150 = AXIS2_PLACEMENT_3D('',#14151,#14152,#14153);
#14151 = CARTESIAN_POINT('',(3.5052E+03,-1.2192E+03,2.8956E+03));
#14152 = DIRECTION('',(-0.,1.,0.));
#14153 = DIRECTION('',(0.,0.,1.));
#14154 = ADVANCED_FACE('',(#14155),#14171,.T.);
#14155 = FACE_BOUND('',#14156,.T.);
#14156 = EDGE_LOOP('',(#14157,#14163,#14164,#14170));
#14157 = ORIENTED_EDGE('',*,*,#14158,.F.);
#14158 = EDGE_CURVE('',#14067,#14107,#14159,.T.);
#14159 = LINE('',#14160,#14161);
#14160 = CARTESIAN_POINT('',(3.5052E+03,0.,2.8956E+03));
#14161 = VECTOR('',#14162,1.);
#14162 = DIRECTION('',(1.,0.,-0.));
#14163 = ORIENTED_EDGE('',*,*,#14074,.T.);
#14164 = ORIENTED_EDGE('',*,*,#14165,.T.);
#14165 = EDGE_CURVE('',#14075,#14115,#14166,.T.);
#14166 = LINE('',#14167,#14168);
#14167 = CARTESIAN_POINT('',(3.5052E+03,0.,3.00228E+03));
#14168 = VECTOR('',#14169,1.);
#14169 = DIRECTION('',(1.,0.,-0.));
#14170 = ORIENTED_EDGE('',*,*,#14114,.F.);
#14171 = PLANE('',#14172);
#14172 = AXIS2_PLACEMENT_3D('',#14173,#14174,#14175);
#14173 = CARTESIAN_POINT('',(3.5052E+03,0.,2.8956E+03));
#14174 = DIRECTION('',(-0.,1.,0.));
#14175 = DIRECTION('',(0.,0.,1.));
#14176 = ADVANCED_FACE('',(#14177),#14183,.F.);
#14177 = FACE_BOUND('',#14178,.F.);
#14178 = EDGE_LOOP('',(#14179,#14180,#14181,#14182));
#14179 = ORIENTED_EDGE('',*,*,#14066,.F.);
#14180 = ORIENTED_EDGE('',*,*,#14136,.T.);
#14181 = ORIENTED_EDGE('',*,*,#14106,.T.);
#14182 = ORIENTED_EDGE('',*,*,#14158,.F.);
#14183 = PLANE('',#14184);
#14184 = AXIS2_PLACEMENT_3D('',#14185,#14186,#14187);
#14185 = CARTESIAN_POINT('',(3.5052E+03,-1.2192E+03,2.8956E+03));
#14186 = DIRECTION('',(0.,0.,1.));
#14187 = DIRECTION('',(1.,0.,-0.));
#14188 = ADVANCED_FACE('',(#14189),#14195,.T.);
#14189 = FACE_BOUND('',#14190,.T.);
#14190 = EDGE_LOOP('',(#14191,#14192,#14193,#14194));
#14191 = ORIENTED_EDGE('',*,*,#14082,.F.);
#14192 = ORIENTED_EDGE('',*,*,#14143,.T.);
#14193 = ORIENTED_EDGE('',*,*,#14122,.T.);
#14194 = ORIENTED_EDGE('',*,*,#14165,.F.);
#14195 = PLANE('',#14196);
#14196 = AXIS2_PLACEMENT_3D('',#14197,#14198,#14199);
#14197 = CARTESIAN_POINT('',(3.5052E+03,-1.2192E+03,3.00228E+03));
#14198 = DIRECTION('',(0.,0.,1.));
#14199 = DIRECTION('',(1.,0.,-0.));
#14200 = ( GEOMETRIC_REPRESENTATION_CONTEXT(3) 
GLOBAL_UNCERTAINTY_ASSIGNED_CONTEXT((#14204)) 
GLOBAL_UNIT_ASSIGNED_CONTEXT((#14201,#14202,#14203)) 
REPRESENTATION_CONTEXT('Context #1',
  '3D Context with UNIT and UNCERTAINTY') );
#14201 = ( LENGTH_UNIT() NAMED_UNIT(*) SI_UNIT(.MILLI.,.METRE.) );
#14202 = ( NAMED_UNIT(*) PLANE_ANGLE_UNIT() SI_UNIT($,.RADIAN.) );
#14203 = ( NAMED_UNIT(*) SI_UNIT($,.STERADIAN.) SOLID_ANGLE_UNIT() );
#14204 = UNCERTAINTY_MEASURE_WITH_UNIT(LENGTH_MEASURE(1.E-07),#14201,
  'distance_accuracy_value','confusion accuracy');
#14205 = CONTEXT_DEPENDENT_SHAPE_REPRESENTATION(#14206,#14208);
#14206 = ( REPRESENTATION_RELATIONSHIP('','',#14049,#10) 
REPRESENTATION_RELATIONSHIP_WITH_TRANSFORMATION(#14207) 
SHAPE_REPRESENTATION_RELATIONSHIP() );
#14207 = ITEM_DEFINED_TRANSFORMATION('','',#11,#291);
#14208 = PRODUCT_DEFINITION_SHAPE('Placement','Placement of an item',
  #14209);
#14209 = NEXT_ASSEMBLY_USAGE_OCCURRENCE('70','Upper south landing','',#5
  ,#14044,$);
#14210 = PRODUCT_RELATED_PRODUCT_CATEGORY('part',$,(#14046));
#14211 = SHAPE_DEFINITION_REPRESENTATION(#14212,#14218);
#14212 = PRODUCT_DEFINITION_SHAPE('','',#14213);
#14213 = PRODUCT_DEFINITION('design','',#14214,#14217);
#14214 = PRODUCT_DEFINITION_FORMATION('','',#14215);
#14215 = PRODUCT('West bathroom window','West bathroom window','',(
    #14216));
#14216 = PRODUCT_CONTEXT('',#2,'mechanical');
#14217 = PRODUCT_DEFINITION_CONTEXT('part definition',#2,'design');
#14218 = ADVANCED_BREP_SHAPE_REPRESENTATION('',(#11,#14219),#14369);
#14219 = MANIFOLD_SOLID_BREP('',#14220);
#14220 = CLOSED_SHELL('',(#14221,#14261,#14301,#14323,#14345,#14357));
#14221 = ADVANCED_FACE('',(#14222),#14256,.F.);
#14222 = FACE_BOUND('',#14223,.F.);
#14223 = EDGE_LOOP('',(#14224,#14234,#14242,#14250));
#14224 = ORIENTED_EDGE('',*,*,#14225,.F.);
#14225 = EDGE_CURVE('',#14226,#14228,#14230,.T.);
#14226 = VERTEX_POINT('',#14227);
#14227 = CARTESIAN_POINT('',(57.15,3.71856E+03,3.97764E+03));
#14228 = VERTEX_POINT('',#14229);
#14229 = CARTESIAN_POINT('',(57.15,3.71856E+03,4.73964E+03));
#14230 = LINE('',#14231,#14232);
#14231 = CARTESIAN_POINT('',(57.15,3.71856E+03,3.97764E+03));
#14232 = VECTOR('',#14233,1.);
#14233 = DIRECTION('',(0.,0.,1.));
#14234 = ORIENTED_EDGE('',*,*,#14235,.T.);
#14235 = EDGE_CURVE('',#14226,#14236,#14238,.T.);
#14236 = VERTEX_POINT('',#14237);
#14237 = CARTESIAN_POINT('',(57.15,4.32816E+03,3.97764E+03));
#14238 = LINE('',#14239,#14240);
#14239 = CARTESIAN_POINT('',(57.15,3.71856E+03,3.97764E+03));
#14240 = VECTOR('',#14241,1.);
#14241 = DIRECTION('',(-0.,1.,0.));
#14242 = ORIENTED_EDGE('',*,*,#14243,.T.);
#14243 = EDGE_CURVE('',#14236,#14244,#14246,.T.);
#14244 = VERTEX_POINT('',#14245);
#14245 = CARTESIAN_POINT('',(57.15,4.32816E+03,4.73964E+03));
#14246 = LINE('',#14247,#14248);
#14247 = CARTESIAN_POINT('',(57.15,4.32816E+03,3.97764E+03));
#14248 = VECTOR('',#14249,1.);
#14249 = DIRECTION('',(0.,0.,1.));
#14250 = ORIENTED_EDGE('',*,*,#14251,.F.);
#14251 = EDGE_CURVE('',#14228,#14244,#14252,.T.);
#14252 = LINE('',#14253,#14254);
#14253 = CARTESIAN_POINT('',(57.15,3.71856E+03,4.73964E+03));
#14254 = VECTOR('',#14255,1.);
#14255 = DIRECTION('',(-0.,1.,0.));
#14256 = PLANE('',#14257);
#14257 = AXIS2_PLACEMENT_3D('',#14258,#14259,#14260);
#14258 = CARTESIAN_POINT('',(57.15,3.71856E+03,3.97764E+03));
#14259 = DIRECTION('',(1.,0.,-0.));
#14260 = DIRECTION('',(0.,0.,1.));
#14261 = ADVANCED_FACE('',(#14262),#14296,.T.);
#14262 = FACE_BOUND('',#14263,.T.);
#14263 = EDGE_LOOP('',(#14264,#14274,#14282,#14290));
#14264 = ORIENTED_EDGE('',*,*,#14265,.F.);
#14265 = EDGE_CURVE('',#14266,#14268,#14270,.T.);
#14266 = VERTEX_POINT('',#14267);
#14267 = CARTESIAN_POINT('',(95.25,3.71856E+03,3.97764E+03));
#14268 = VERTEX_POINT('',#14269);
#14269 = CARTESIAN_POINT('',(95.25,3.71856E+03,4.73964E+03));
#14270 = LINE('',#14271,#14272);
#14271 = CARTESIAN_POINT('',(95.25,3.71856E+03,3.97764E+03));
#14272 = VECTOR('',#14273,1.);
#14273 = DIRECTION('',(0.,0.,1.));
#14274 = ORIENTED_EDGE('',*,*,#14275,.T.);
#14275 = EDGE_CURVE('',#14266,#14276,#14278,.T.);
#14276 = VERTEX_POINT('',#14277);
#14277 = CARTESIAN_POINT('',(95.25,4.32816E+03,3.97764E+03));
#14278 = LINE('',#14279,#14280);
#14279 = CARTESIAN_POINT('',(95.25,3.71856E+03,3.97764E+03));
#14280 = VECTOR('',#14281,1.);
#14281 = DIRECTION('',(-0.,1.,0.));
#14282 = ORIENTED_EDGE('',*,*,#14283,.T.);
#14283 = EDGE_CURVE('',#14276,#14284,#14286,.T.);
#14284 = VERTEX_POINT('',#14285);
#14285 = CARTESIAN_POINT('',(95.25,4.32816E+03,4.73964E+03));
#14286 = LINE('',#14287,#14288);
#14287 = CARTESIAN_POINT('',(95.25,4.32816E+03,3.97764E+03));
#14288 = VECTOR('',#14289,1.);
#14289 = DIRECTION('',(0.,0.,1.));
#14290 = ORIENTED_EDGE('',*,*,#14291,.F.);
#14291 = EDGE_CURVE('',#14268,#14284,#14292,.T.);
#14292 = LINE('',#14293,#14294);
#14293 = CARTESIAN_POINT('',(95.25,3.71856E+03,4.73964E+03));
#14294 = VECTOR('',#14295,1.);
#14295 = DIRECTION('',(-0.,1.,0.));
#14296 = PLANE('',#14297);
#14297 = AXIS2_PLACEMENT_3D('',#14298,#14299,#14300);
#14298 = CARTESIAN_POINT('',(95.25,3.71856E+03,3.97764E+03));
#14299 = DIRECTION('',(1.,0.,-0.));
#14300 = DIRECTION('',(0.,0.,1.));
#14301 = ADVANCED_FACE('',(#14302),#14318,.F.);
#14302 = FACE_BOUND('',#14303,.F.);
#14303 = EDGE_LOOP('',(#14304,#14310,#14311,#14317));
#14304 = ORIENTED_EDGE('',*,*,#14305,.F.);
#14305 = EDGE_CURVE('',#14226,#14266,#14306,.T.);
#14306 = LINE('',#14307,#14308);
#14307 = CARTESIAN_POINT('',(57.15,3.71856E+03,3.97764E+03));
#14308 = VECTOR('',#14309,1.);
#14309 = DIRECTION('',(1.,0.,-0.));
#14310 = ORIENTED_EDGE('',*,*,#14225,.T.);
#14311 = ORIENTED_EDGE('',*,*,#14312,.T.);
#14312 = EDGE_CURVE('',#14228,#14268,#14313,.T.);
#14313 = LINE('',#14314,#14315);
#14314 = CARTESIAN_POINT('',(57.15,3.71856E+03,4.73964E+03));
#14315 = VECTOR('',#14316,1.);
#14316 = DIRECTION('',(1.,0.,-0.));
#14317 = ORIENTED_EDGE('',*,*,#14265,.F.);
#14318 = PLANE('',#14319);
#14319 = AXIS2_PLACEMENT_3D('',#14320,#14321,#14322);
#14320 = CARTESIAN_POINT('',(57.15,3.71856E+03,3.97764E+03));
#14321 = DIRECTION('',(-0.,1.,0.));
#14322 = DIRECTION('',(0.,0.,1.));
#14323 = ADVANCED_FACE('',(#14324),#14340,.T.);
#14324 = FACE_BOUND('',#14325,.T.);
#14325 = EDGE_LOOP('',(#14326,#14332,#14333,#14339));
#14326 = ORIENTED_EDGE('',*,*,#14327,.F.);
#14327 = EDGE_CURVE('',#14236,#14276,#14328,.T.);
#14328 = LINE('',#14329,#14330);
#14329 = CARTESIAN_POINT('',(57.15,4.32816E+03,3.97764E+03));
#14330 = VECTOR('',#14331,1.);
#14331 = DIRECTION('',(1.,0.,-0.));
#14332 = ORIENTED_EDGE('',*,*,#14243,.T.);
#14333 = ORIENTED_EDGE('',*,*,#14334,.T.);
#14334 = EDGE_CURVE('',#14244,#14284,#14335,.T.);
#14335 = LINE('',#14336,#14337);
#14336 = CARTESIAN_POINT('',(57.15,4.32816E+03,4.73964E+03));
#14337 = VECTOR('',#14338,1.);
#14338 = DIRECTION('',(1.,0.,-0.));
#14339 = ORIENTED_EDGE('',*,*,#14283,.F.);
#14340 = PLANE('',#14341);
#14341 = AXIS2_PLACEMENT_3D('',#14342,#14343,#14344);
#14342 = CARTESIAN_POINT('',(57.15,4.32816E+03,3.97764E+03));
#14343 = DIRECTION('',(-0.,1.,0.));
#14344 = DIRECTION('',(0.,0.,1.));
#14345 = ADVANCED_FACE('',(#14346),#14352,.F.);
#14346 = FACE_BOUND('',#14347,.F.);
#14347 = EDGE_LOOP('',(#14348,#14349,#14350,#14351));
#14348 = ORIENTED_EDGE('',*,*,#14235,.F.);
#14349 = ORIENTED_EDGE('',*,*,#14305,.T.);
#14350 = ORIENTED_EDGE('',*,*,#14275,.T.);
#14351 = ORIENTED_EDGE('',*,*,#14327,.F.);
#14352 = PLANE('',#14353);
#14353 = AXIS2_PLACEMENT_3D('',#14354,#14355,#14356);
#14354 = CARTESIAN_POINT('',(57.15,3.71856E+03,3.97764E+03));
#14355 = DIRECTION('',(0.,0.,1.));
#14356 = DIRECTION('',(1.,0.,-0.));
#14357 = ADVANCED_FACE('',(#14358),#14364,.T.);
#14358 = FACE_BOUND('',#14359,.T.);
#14359 = EDGE_LOOP('',(#14360,#14361,#14362,#14363));
#14360 = ORIENTED_EDGE('',*,*,#14251,.F.);
#14361 = ORIENTED_EDGE('',*,*,#14312,.T.);
#14362 = ORIENTED_EDGE('',*,*,#14291,.T.);
#14363 = ORIENTED_EDGE('',*,*,#14334,.F.);
#14364 = PLANE('',#14365);
#14365 = AXIS2_PLACEMENT_3D('',#14366,#14367,#14368);
#14366 = CARTESIAN_POINT('',(57.15,3.71856E+03,4.73964E+03));
#14367 = DIRECTION('',(0.,0.,1.));
#14368 = DIRECTION('',(1.,0.,-0.));
#14369 = ( GEOMETRIC_REPRESENTATION_CONTEXT(3) 
GLOBAL_UNCERTAINTY_ASSIGNED_CONTEXT((#14373)) 
GLOBAL_UNIT_ASSIGNED_CONTEXT((#14370,#14371,#14372)) 
REPRESENTATION_CONTEXT('Context #1',
  '3D Context with UNIT and UNCERTAINTY') );
#14370 = ( LENGTH_UNIT() NAMED_UNIT(*) SI_UNIT(.MILLI.,.METRE.) );
#14371 = ( NAMED_UNIT(*) PLANE_ANGLE_UNIT() SI_UNIT($,.RADIAN.) );
#14372 = ( NAMED_UNIT(*) SI_UNIT($,.STERADIAN.) SOLID_ANGLE_UNIT() );
#14373 = UNCERTAINTY_MEASURE_WITH_UNIT(LENGTH_MEASURE(1.E-07),#14370,
  'distance_accuracy_value','confusion accuracy');
#14374 = CONTEXT_DEPENDENT_SHAPE_REPRESENTATION(#14375,#14377);
#14375 = ( REPRESENTATION_RELATIONSHIP('','',#14218,#10) 
REPRESENTATION_RELATIONSHIP_WITH_TRANSFORMATION(#14376) 
SHAPE_REPRESENTATION_RELATIONSHIP() );
#14376 = ITEM_DEFINED_TRANSFORMATION('','',#11,#295);
#14377 = PRODUCT_DEFINITION_SHAPE('Placement','Placement of an item',
  #14378);
#14378 = NEXT_ASSEMBLY_USAGE_OCCURRENCE('71','West bathroom window','',
  #5,#14213,$);
#14379 = PRODUCT_RELATED_PRODUCT_CATEGORY('part',$,(#14215));
#14380 = SHAPE_DEFINITION_REPRESENTATION(#14381,#14387);
#14381 = PRODUCT_DEFINITION_SHAPE('','',#14382);
#14382 = PRODUCT_DEFINITION('design','',#14383,#14386);
#14383 = PRODUCT_DEFINITION_FORMATION('','',#14384);
#14384 = PRODUCT('West bedroom window','West bedroom window','',(#14385)
  );
#14385 = PRODUCT_CONTEXT('',#2,'mechanical');
#14386 = PRODUCT_DEFINITION_CONTEXT('part definition',#2,'design');
#14387 = ADVANCED_BREP_SHAPE_REPRESENTATION('',(#11,#14388),#14538);
#14388 = MANIFOLD_SOLID_BREP('',#14389);
#14389 = CLOSED_SHELL('',(#14390,#14430,#14470,#14492,#14514,#14526));
#14390 = ADVANCED_FACE('',(#14391),#14425,.F.);
#14391 = FACE_BOUND('',#14392,.F.);
#14392 = EDGE_LOOP('',(#14393,#14403,#14411,#14419));
#14393 = ORIENTED_EDGE('',*,*,#14394,.F.);
#14394 = EDGE_CURVE('',#14395,#14397,#14399,.T.);
#14395 = VERTEX_POINT('',#14396);
#14396 = CARTESIAN_POINT('',(57.15,1.00584E+03,3.82524E+03));
#14397 = VERTEX_POINT('',#14398);
#14398 = CARTESIAN_POINT('',(57.15,1.00584E+03,4.8006E+03));
#14399 = LINE('',#14400,#14401);
#14400 = CARTESIAN_POINT('',(57.15,1.00584E+03,3.82524E+03));
#14401 = VECTOR('',#14402,1.);
#14402 = DIRECTION('',(0.,0.,1.));
#14403 = ORIENTED_EDGE('',*,*,#14404,.T.);
#14404 = EDGE_CURVE('',#14395,#14405,#14407,.T.);
#14405 = VERTEX_POINT('',#14406);
#14406 = CARTESIAN_POINT('',(57.15,1.76784E+03,3.82524E+03));
#14407 = LINE('',#14408,#14409);
#14408 = CARTESIAN_POINT('',(57.15,1.00584E+03,3.82524E+03));
#14409 = VECTOR('',#14410,1.);
#14410 = DIRECTION('',(-0.,1.,0.));
#14411 = ORIENTED_EDGE('',*,*,#14412,.T.);
#14412 = EDGE_CURVE('',#14405,#14413,#14415,.T.);
#14413 = VERTEX_POINT('',#14414);
#14414 = CARTESIAN_POINT('',(57.15,1.76784E+03,4.8006E+03));
#14415 = LINE('',#14416,#14417);
#14416 = CARTESIAN_POINT('',(57.15,1.76784E+03,3.82524E+03));
#14417 = VECTOR('',#14418,1.);
#14418 = DIRECTION('',(0.,0.,1.));
#14419 = ORIENTED_EDGE('',*,*,#14420,.F.);
#14420 = EDGE_CURVE('',#14397,#14413,#14421,.T.);
#14421 = LINE('',#14422,#14423);
#14422 = CARTESIAN_POINT('',(57.15,1.00584E+03,4.8006E+03));
#14423 = VECTOR('',#14424,1.);
#14424 = DIRECTION('',(-0.,1.,0.));
#14425 = PLANE('',#14426);
#14426 = AXIS2_PLACEMENT_3D('',#14427,#14428,#14429);
#14427 = CARTESIAN_POINT('',(57.15,1.00584E+03,3.82524E+03));
#14428 = DIRECTION('',(1.,0.,-0.));
#14429 = DIRECTION('',(0.,0.,1.));
#14430 = ADVANCED_FACE('',(#14431),#14465,.T.);
#14431 = FACE_BOUND('',#14432,.T.);
#14432 = EDGE_LOOP('',(#14433,#14443,#14451,#14459));
#14433 = ORIENTED_EDGE('',*,*,#14434,.F.);
#14434 = EDGE_CURVE('',#14435,#14437,#14439,.T.);
#14435 = VERTEX_POINT('',#14436);
#14436 = CARTESIAN_POINT('',(95.25,1.00584E+03,3.82524E+03));
#14437 = VERTEX_POINT('',#14438);
#14438 = CARTESIAN_POINT('',(95.25,1.00584E+03,4.8006E+03));
#14439 = LINE('',#14440,#14441);
#14440 = CARTESIAN_POINT('',(95.25,1.00584E+03,3.82524E+03));
#14441 = VECTOR('',#14442,1.);
#14442 = DIRECTION('',(0.,0.,1.));
#14443 = ORIENTED_EDGE('',*,*,#14444,.T.);
#14444 = EDGE_CURVE('',#14435,#14445,#14447,.T.);
#14445 = VERTEX_POINT('',#14446);
#14446 = CARTESIAN_POINT('',(95.25,1.76784E+03,3.82524E+03));
#14447 = LINE('',#14448,#14449);
#14448 = CARTESIAN_POINT('',(95.25,1.00584E+03,3.82524E+03));
#14449 = VECTOR('',#14450,1.);
#14450 = DIRECTION('',(-0.,1.,0.));
#14451 = ORIENTED_EDGE('',*,*,#14452,.T.);
#14452 = EDGE_CURVE('',#14445,#14453,#14455,.T.);
#14453 = VERTEX_POINT('',#14454);
#14454 = CARTESIAN_POINT('',(95.25,1.76784E+03,4.8006E+03));
#14455 = LINE('',#14456,#14457);
#14456 = CARTESIAN_POINT('',(95.25,1.76784E+03,3.82524E+03));
#14457 = VECTOR('',#14458,1.);
#14458 = DIRECTION('',(0.,0.,1.));
#14459 = ORIENTED_EDGE('',*,*,#14460,.F.);
#14460 = EDGE_CURVE('',#14437,#14453,#14461,.T.);
#14461 = LINE('',#14462,#14463);
#14462 = CARTESIAN_POINT('',(95.25,1.00584E+03,4.8006E+03));
#14463 = VECTOR('',#14464,1.);
#14464 = DIRECTION('',(-0.,1.,0.));
#14465 = PLANE('',#14466);
#14466 = AXIS2_PLACEMENT_3D('',#14467,#14468,#14469);
#14467 = CARTESIAN_POINT('',(95.25,1.00584E+03,3.82524E+03));
#14468 = DIRECTION('',(1.,0.,-0.));
#14469 = DIRECTION('',(0.,0.,1.));
#14470 = ADVANCED_FACE('',(#14471),#14487,.F.);
#14471 = FACE_BOUND('',#14472,.F.);
#14472 = EDGE_LOOP('',(#14473,#14479,#14480,#14486));
#14473 = ORIENTED_EDGE('',*,*,#14474,.F.);
#14474 = EDGE_CURVE('',#14395,#14435,#14475,.T.);
#14475 = LINE('',#14476,#14477);
#14476 = CARTESIAN_POINT('',(57.15,1.00584E+03,3.82524E+03));
#14477 = VECTOR('',#14478,1.);
#14478 = DIRECTION('',(1.,0.,-0.));
#14479 = ORIENTED_EDGE('',*,*,#14394,.T.);
#14480 = ORIENTED_EDGE('',*,*,#14481,.T.);
#14481 = EDGE_CURVE('',#14397,#14437,#14482,.T.);
#14482 = LINE('',#14483,#14484);
#14483 = CARTESIAN_POINT('',(57.15,1.00584E+03,4.8006E+03));
#14484 = VECTOR('',#14485,1.);
#14485 = DIRECTION('',(1.,0.,-0.));
#14486 = ORIENTED_EDGE('',*,*,#14434,.F.);
#14487 = PLANE('',#14488);
#14488 = AXIS2_PLACEMENT_3D('',#14489,#14490,#14491);
#14489 = CARTESIAN_POINT('',(57.15,1.00584E+03,3.82524E+03));
#14490 = DIRECTION('',(-0.,1.,0.));
#14491 = DIRECTION('',(0.,0.,1.));
#14492 = ADVANCED_FACE('',(#14493),#14509,.T.);
#14493 = FACE_BOUND('',#14494,.T.);
#14494 = EDGE_LOOP('',(#14495,#14501,#14502,#14508));
#14495 = ORIENTED_EDGE('',*,*,#14496,.F.);
#14496 = EDGE_CURVE('',#14405,#14445,#14497,.T.);
#14497 = LINE('',#14498,#14499);
#14498 = CARTESIAN_POINT('',(57.15,1.76784E+03,3.82524E+03));
#14499 = VECTOR('',#14500,1.);
#14500 = DIRECTION('',(1.,0.,-0.));
#14501 = ORIENTED_EDGE('',*,*,#14412,.T.);
#14502 = ORIENTED_EDGE('',*,*,#14503,.T.);
#14503 = EDGE_CURVE('',#14413,#14453,#14504,.T.);
#14504 = LINE('',#14505,#14506);
#14505 = CARTESIAN_POINT('',(57.15,1.76784E+03,4.8006E+03));
#14506 = VECTOR('',#14507,1.);
#14507 = DIRECTION('',(1.,0.,-0.));
#14508 = ORIENTED_EDGE('',*,*,#14452,.F.);
#14509 = PLANE('',#14510);
#14510 = AXIS2_PLACEMENT_3D('',#14511,#14512,#14513);
#14511 = CARTESIAN_POINT('',(57.15,1.76784E+03,3.82524E+03));
#14512 = DIRECTION('',(-0.,1.,0.));
#14513 = DIRECTION('',(0.,0.,1.));
#14514 = ADVANCED_FACE('',(#14515),#14521,.F.);
#14515 = FACE_BOUND('',#14516,.F.);
#14516 = EDGE_LOOP('',(#14517,#14518,#14519,#14520));
#14517 = ORIENTED_EDGE('',*,*,#14404,.F.);
#14518 = ORIENTED_EDGE('',*,*,#14474,.T.);
#14519 = ORIENTED_EDGE('',*,*,#14444,.T.);
#14520 = ORIENTED_EDGE('',*,*,#14496,.F.);
#14521 = PLANE('',#14522);
#14522 = AXIS2_PLACEMENT_3D('',#14523,#14524,#14525);
#14523 = CARTESIAN_POINT('',(57.15,1.00584E+03,3.82524E+03));
#14524 = DIRECTION('',(0.,0.,1.));
#14525 = DIRECTION('',(1.,0.,-0.));
#14526 = ADVANCED_FACE('',(#14527),#14533,.T.);
#14527 = FACE_BOUND('',#14528,.T.);
#14528 = EDGE_LOOP('',(#14529,#14530,#14531,#14532));
#14529 = ORIENTED_EDGE('',*,*,#14420,.F.);
#14530 = ORIENTED_EDGE('',*,*,#14481,.T.);
#14531 = ORIENTED_EDGE('',*,*,#14460,.T.);
#14532 = ORIENTED_EDGE('',*,*,#14503,.F.);
#14533 = PLANE('',#14534);
#14534 = AXIS2_PLACEMENT_3D('',#14535,#14536,#14537);
#14535 = CARTESIAN_POINT('',(57.15,1.00584E+03,4.8006E+03));
#14536 = DIRECTION('',(0.,0.,1.));
#14537 = DIRECTION('',(1.,0.,-0.));
#14538 = ( GEOMETRIC_REPRESENTATION_CONTEXT(3) 
GLOBAL_UNCERTAINTY_ASSIGNED_CONTEXT((#14542)) 
GLOBAL_UNIT_ASSIGNED_CONTEXT((#14539,#14540,#14541)) 
REPRESENTATION_CONTEXT('Context #1',
  '3D Context with UNIT and UNCERTAINTY') );
#14539 = ( LENGTH_UNIT() NAMED_UNIT(*) SI_UNIT(.MILLI.,.METRE.) );
#14540 = ( NAMED_UNIT(*) PLANE_ANGLE_UNIT() SI_UNIT($,.RADIAN.) );
#14541 = ( NAMED_UNIT(*) SI_UNIT($,.STERADIAN.) SOLID_ANGLE_UNIT() );
#14542 = UNCERTAINTY_MEASURE_WITH_UNIT(LENGTH_MEASURE(1.E-07),#14539,
  'distance_accuracy_value','confusion accuracy');
#14543 = CONTEXT_DEPENDENT_SHAPE_REPRESENTATION(#14544,#14546);
#14544 = ( REPRESENTATION_RELATIONSHIP('','',#14387,#10) 
REPRESENTATION_RELATIONSHIP_WITH_TRANSFORMATION(#14545) 
SHAPE_REPRESENTATION_RELATIONSHIP() );
#14545 = ITEM_DEFINED_TRANSFORMATION('','',#11,#299);
#14546 = PRODUCT_DEFINITION_SHAPE('Placement','Placement of an item',
  #14547);
#14547 = NEXT_ASSEMBLY_USAGE_OCCURRENCE('72','West bedroom window','',#5
  ,#14382,$);
#14548 = PRODUCT_RELATED_PRODUCT_CATEGORY('part',$,(#14384));
#14549 = MECHANICAL_DESIGN_GEOMETRIC_PRESENTATION_REPRESENTATION('',(
    #14550),#7009);
#14550 = STYLED_ITEM('color',(#14551),#6859);
#14551 = PRESENTATION_STYLE_ASSIGNMENT((#14552,#14558));
#14552 = SURFACE_STYLE_USAGE(.BOTH.,#14553);
#14553 = SURFACE_SIDE_STYLE('',(#14554));
#14554 = SURFACE_STYLE_FILL_AREA(#14555);
#14555 = FILL_AREA_STYLE('',(#14556));
#14556 = FILL_AREA_STYLE_COLOUR('',#14557);
#14557 = COLOUR_RGB('',0.580392170981,0.450980401079,0.309803934418);
#14558 = CURVE_STYLE('',#14559,POSITIVE_LENGTH_MEASURE(0.1),#14560);
#14559 = DRAUGHTING_PRE_DEFINED_CURVE_FONT('continuous');
#14560 = COLOUR_RGB('',0.330392186323,0.200980397736,5.980393488457E-02
  );
#14561 = MECHANICAL_DESIGN_GEOMETRIC_PRESENTATION_REPRESENTATION('',(
    #14562),#9229);
#14562 = STYLED_ITEM('color',(#14563),#9079);
#14563 = PRESENTATION_STYLE_ASSIGNMENT((#14564,#14570));
#14564 = SURFACE_STYLE_USAGE(.BOTH.,#14565);
#14565 = SURFACE_SIDE_STYLE('',(#14566));
#14566 = SURFACE_STYLE_FILL_AREA(#14567);
#14567 = FILL_AREA_STYLE('',(#14568));
#14568 = FILL_AREA_STYLE_COLOUR('',#14569);
#14569 = COLOUR_RGB('',0.741176476869,0.819607860991,0.701960807317);
#14570 = CURVE_STYLE('',#14571,POSITIVE_LENGTH_MEASURE(0.1),#14572);
#14571 = DRAUGHTING_PRE_DEFINED_CURVE_FONT('continuous');
#14572 = COLOUR_RGB('',0.491176486365,0.569607859211,0.451960795839);
#14573 = MECHANICAL_DESIGN_GEOMETRIC_PRESENTATION_REPRESENTATION('',(
    #14574),#13862);
#14574 = STYLED_ITEM('color',(#14575),#13712);
#14575 = PRESENTATION_STYLE_ASSIGNMENT((#14576,#14584));
#14576 = SURFACE_STYLE_USAGE(.BOTH.,#14577);
#14577 = SURFACE_SIDE_STYLE('',(#14578,#14582));
#14578 = SURFACE_STYLE_FILL_AREA(#14579);
#14579 = FILL_AREA_STYLE('',(#14580));
#14580 = FILL_AREA_STYLE_COLOUR('',#14581);
#14581 = COLOUR_RGB('',0.349019616187,0.701960807317,0.878431390252);
#14582 = SURFACE_STYLE_RENDERING_WITH_PROPERTIES(.NORMAL_SHADING.,#14581
  ,(#14583));
#14583 = SURFACE_STYLE_TRANSPARENT(0.550000011921);
#14584 = CURVE_STYLE('',#14585,POSITIVE_LENGTH_MEASURE(0.1),#14586);
#14585 = DRAUGHTING_PRE_DEFINED_CURVE_FONT('continuous');
#14586 = COLOUR_RGB('',9.90196149799E-02,0.451960795839,0.628431376781);
#14587 = MECHANICAL_DESIGN_GEOMETRIC_PRESENTATION_REPRESENTATION('',(
    #14588),#13693);
#14588 = STYLED_ITEM('color',(#14589),#13543);
#14589 = PRESENTATION_STYLE_ASSIGNMENT((#14590,#14597));
#14590 = SURFACE_STYLE_USAGE(.BOTH.,#14591);
#14591 = SURFACE_SIDE_STYLE('',(#14592,#14595));
#14592 = SURFACE_STYLE_FILL_AREA(#14593);
#14593 = FILL_AREA_STYLE('',(#14594));
#14594 = FILL_AREA_STYLE_COLOUR('',#14581);
#14595 = SURFACE_STYLE_RENDERING_WITH_PROPERTIES(.NORMAL_SHADING.,#14581
  ,(#14596));
#14596 = SURFACE_STYLE_TRANSPARENT(0.550000011921);
#14597 = CURVE_STYLE('',#14598,POSITIVE_LENGTH_MEASURE(0.1),#14586);
#14598 = DRAUGHTING_PRE_DEFINED_CURVE_FONT('continuous');
#14599 = MECHANICAL_DESIGN_GEOMETRIC_PRESENTATION_REPRESENTATION('',(
    #14600),#1481);
#14600 = STYLED_ITEM('color',(#14601),#1331);
#14601 = PRESENTATION_STYLE_ASSIGNMENT((#14602,#14608));
#14602 = SURFACE_STYLE_USAGE(.BOTH.,#14603);
#14603 = SURFACE_SIDE_STYLE('',(#14604));
#14604 = SURFACE_STYLE_FILL_AREA(#14605);
#14605 = FILL_AREA_STYLE('',(#14606));
#14606 = FILL_AREA_STYLE_COLOUR('',#14607);
#14607 = COLOUR_RGB('',0.639215714193,0.54901964059,0.419607846511);
#14608 = CURVE_STYLE('',#14609,POSITIVE_LENGTH_MEASURE(0.1),#14610);
#14609 = DRAUGHTING_PRE_DEFINED_CURVE_FONT('continuous');
#14610 = COLOUR_RGB('',0.389215710054,0.29901963631,0.169607845245);
#14611 = MECHANICAL_DESIGN_GEOMETRIC_PRESENTATION_REPRESENTATION('',(
    #14612),#2157);
#14612 = STYLED_ITEM('color',(#14613),#2007);
#14613 = PRESENTATION_STYLE_ASSIGNMENT((#14614,#14619));
#14614 = SURFACE_STYLE_USAGE(.BOTH.,#14615);
#14615 = SURFACE_SIDE_STYLE('',(#14616));
#14616 = SURFACE_STYLE_FILL_AREA(#14617);
#14617 = FILL_AREA_STYLE('',(#14618));
#14618 = FILL_AREA_STYLE_COLOUR('',#14607);
#14619 = CURVE_STYLE('',#14620,POSITIVE_LENGTH_MEASURE(0.1),#14610);
#14620 = DRAUGHTING_PRE_DEFINED_CURVE_FONT('continuous');
#14621 = MECHANICAL_DESIGN_GEOMETRIC_PRESENTATION_REPRESENTATION('',(
    #14622),#6032);
#14622 = STYLED_ITEM('color',(#14623),#5750);
#14623 = PRESENTATION_STYLE_ASSIGNMENT((#14624,#14630));
#14624 = SURFACE_STYLE_USAGE(.BOTH.,#14625);
#14625 = SURFACE_SIDE_STYLE('',(#14626));
#14626 = SURFACE_STYLE_FILL_AREA(#14627);
#14627 = FILL_AREA_STYLE('',(#14628));
#14628 = FILL_AREA_STYLE_COLOUR('',#14629);
#14629 = COLOUR_RGB('',0.921568637116,0.901960800373,0.839215683236);
#14630 = CURVE_STYLE('',#14631,POSITIVE_LENGTH_MEASURE(0.1),#14632);
#14631 = DRAUGHTING_PRE_DEFINED_CURVE_FONT('continuous');
#14632 = COLOUR_RGB('',0.671568629222,0.65196078771,0.589215696462);
#14633 = MECHANICAL_DESIGN_GEOMETRIC_PRESENTATION_REPRESENTATION('',(
    #14634),#10989);
#14634 = STYLED_ITEM('color',(#14635),#10839);
#14635 = PRESENTATION_STYLE_ASSIGNMENT((#14636,#14641));
#14636 = SURFACE_STYLE_USAGE(.BOTH.,#14637);
#14637 = SURFACE_SIDE_STYLE('',(#14638));
#14638 = SURFACE_STYLE_FILL_AREA(#14639);
#14639 = FILL_AREA_STYLE('',(#14640));
#14640 = FILL_AREA_STYLE_COLOUR('',#14629);
#14641 = CURVE_STYLE('',#14642,POSITIVE_LENGTH_MEASURE(0.1),#14632);
#14642 = DRAUGHTING_PRE_DEFINED_CURVE_FONT('continuous');
#14643 = MECHANICAL_DESIGN_GEOMETRIC_PRESENTATION_REPRESENTATION('',(
    #14644),#7798);
#14644 = STYLED_ITEM('color',(#14645),#7648);
#14645 = PRESENTATION_STYLE_ASSIGNMENT((#14646,#14651));
#14646 = SURFACE_STYLE_USAGE(.BOTH.,#14647);
#14647 = SURFACE_SIDE_STYLE('',(#14648));
#14648 = SURFACE_STYLE_FILL_AREA(#14649);
#14649 = FILL_AREA_STYLE('',(#14650));
#14650 = FILL_AREA_STYLE_COLOUR('',#14629);
#14651 = CURVE_STYLE('',#14652,POSITIVE_LENGTH_MEASURE(0.1),#14632);
#14652 = DRAUGHTING_PRE_DEFINED_CURVE_FONT('continuous');
#14653 = MECHANICAL_DESIGN_GEOMETRIC_PRESENTATION_REPRESENTATION('',(
    #14654),#7310);
#14654 = STYLED_ITEM('color',(#14655),#7028);
#14655 = PRESENTATION_STYLE_ASSIGNMENT((#14656,#14661));
#14656 = SURFACE_STYLE_USAGE(.BOTH.,#14657);
#14657 = SURFACE_SIDE_STYLE('',(#14658));
#14658 = SURFACE_STYLE_FILL_AREA(#14659);
#14659 = FILL_AREA_STYLE('',(#14660));
#14660 = FILL_AREA_STYLE_COLOUR('',#14569);
#14661 = CURVE_STYLE('',#14662,POSITIVE_LENGTH_MEASURE(0.1),#14572);
#14662 = DRAUGHTING_PRE_DEFINED_CURVE_FONT('continuous');
#14663 = MECHANICAL_DESIGN_GEOMETRIC_PRESENTATION_REPRESENTATION('',(
    #14664),#14031);
#14664 = STYLED_ITEM('color',(#14665),#13881);
#14665 = PRESENTATION_STYLE_ASSIGNMENT((#14666,#14671));
#14666 = SURFACE_STYLE_USAGE(.BOTH.,#14667);
#14667 = SURFACE_SIDE_STYLE('',(#14668));
#14668 = SURFACE_STYLE_FILL_AREA(#14669);
#14669 = FILL_AREA_STYLE('',(#14670));
#14670 = FILL_AREA_STYLE_COLOUR('',#14607);
#14671 = CURVE_STYLE('',#14672,POSITIVE_LENGTH_MEASURE(0.1),#14610);
#14672 = DRAUGHTING_PRE_DEFINED_CURVE_FONT('continuous');
#14673 = MECHANICAL_DESIGN_GEOMETRIC_PRESENTATION_REPRESENTATION('',(
    #14674),#467);
#14674 = STYLED_ITEM('color',(#14675),#317);
#14675 = PRESENTATION_STYLE_ASSIGNMENT((#14676,#14684));
#14676 = SURFACE_STYLE_USAGE(.BOTH.,#14677);
#14677 = SURFACE_SIDE_STYLE('',(#14678,#14682));
#14678 = SURFACE_STYLE_FILL_AREA(#14679);
#14679 = FILL_AREA_STYLE('',(#14680));
#14680 = FILL_AREA_STYLE_COLOUR('',#14681);
#14681 = COLOUR_RGB('',0.72156863771,0.890196087049,0.819607860991);
#14682 = SURFACE_STYLE_RENDERING_WITH_PROPERTIES(.NORMAL_SHADING.,#14681
  ,(#14683));
#14683 = SURFACE_STYLE_TRANSPARENT(0.579999983311);
#14684 = CURVE_STYLE('',#14685,POSITIVE_LENGTH_MEASURE(0.1),#14686);
#14685 = DRAUGHTING_PRE_DEFINED_CURVE_FONT('continuous');
#14686 = COLOUR_RGB('',0.471568651379,0.640196076302,0.569607859211);
#14687 = MECHANICAL_DESIGN_GEOMETRIC_PRESENTATION_REPRESENTATION('',(
    #14688),#13355);
#14688 = STYLED_ITEM('color',(#14689),#13205);
#14689 = PRESENTATION_STYLE_ASSIGNMENT((#14690,#14696));
#14690 = SURFACE_STYLE_USAGE(.BOTH.,#14691);
#14691 = SURFACE_SIDE_STYLE('',(#14692));
#14692 = SURFACE_STYLE_FILL_AREA(#14693);
#14693 = FILL_AREA_STYLE('',(#14694));
#14694 = FILL_AREA_STYLE_COLOUR('',#14695);
#14695 = COLOUR_RGB('',0.278431382231,0.341176475329,0.380392165758);
#14696 = CURVE_STYLE('',#14697,POSITIVE_LENGTH_MEASURE(0.1),#14698);
#14697 = DRAUGHTING_PRE_DEFINED_CURVE_FONT('continuous');
#14698 = COLOUR_RGB('',2.843138490804E-02,9.117647805736E-02,
  0.130392164152);
#14699 = MECHANICAL_DESIGN_GEOMETRIC_PRESENTATION_REPRESENTATION('',(
    #14700),#6840);
#14700 = STYLED_ITEM('color',(#14701),#6690);
#14701 = PRESENTATION_STYLE_ASSIGNMENT((#14702,#14707));
#14702 = SURFACE_STYLE_USAGE(.BOTH.,#14703);
#14703 = SURFACE_SIDE_STYLE('',(#14704));
#14704 = SURFACE_STYLE_FILL_AREA(#14705);
#14705 = FILL_AREA_STYLE('',(#14706));
#14706 = FILL_AREA_STYLE_COLOUR('',#14569);
#14707 = CURVE_STYLE('',#14708,POSITIVE_LENGTH_MEASURE(0.1),#14572);
#14708 = DRAUGHTING_PRE_DEFINED_CURVE_FONT('continuous');
#14709 = MECHANICAL_DESIGN_GEOMETRIC_PRESENTATION_REPRESENTATION('',(
    #14710),#6502);
#14710 = STYLED_ITEM('color',(#14711),#6220);
#14711 = PRESENTATION_STYLE_ASSIGNMENT((#14712,#14717));
#14712 = SURFACE_STYLE_USAGE(.BOTH.,#14713);
#14713 = SURFACE_SIDE_STYLE('',(#14714));
#14714 = SURFACE_STYLE_FILL_AREA(#14715);
#14715 = FILL_AREA_STYLE('',(#14716));
#14716 = FILL_AREA_STYLE_COLOUR('',#14629);
#14717 = CURVE_STYLE('',#14718,POSITIVE_LENGTH_MEASURE(0.1),#14632);
#14718 = DRAUGHTING_PRE_DEFINED_CURVE_FONT('continuous');
#14719 = MECHANICAL_DESIGN_GEOMETRIC_PRESENTATION_REPRESENTATION('',(
    #14720),#4692);
#14720 = STYLED_ITEM('color',(#14721),#4542);
#14721 = PRESENTATION_STYLE_ASSIGNMENT((#14722,#14727));
#14722 = SURFACE_STYLE_USAGE(.BOTH.,#14723);
#14723 = SURFACE_SIDE_STYLE('',(#14724));
#14724 = SURFACE_STYLE_FILL_AREA(#14725);
#14725 = FILL_AREA_STYLE('',(#14726));
#14726 = FILL_AREA_STYLE_COLOUR('',#14557);
#14727 = CURVE_STYLE('',#14728,POSITIVE_LENGTH_MEASURE(0.1),#14560);
#14728 = DRAUGHTING_PRE_DEFINED_CURVE_FONT('continuous');
#14729 = MECHANICAL_DESIGN_GEOMETRIC_PRESENTATION_REPRESENTATION('',(
    #14730),#805);
#14730 = STYLED_ITEM('color',(#14731),#655);
#14731 = PRESENTATION_STYLE_ASSIGNMENT((#14732,#14737));
#14732 = SURFACE_STYLE_USAGE(.BOTH.,#14733);
#14733 = SURFACE_SIDE_STYLE('',(#14734));
#14734 = SURFACE_STYLE_FILL_AREA(#14735);
#14735 = FILL_AREA_STYLE('',(#14736));
#14736 = FILL_AREA_STYLE_COLOUR('',#14607);
#14737 = CURVE_STYLE('',#14738,POSITIVE_LENGTH_MEASURE(0.1),#14610);
#14738 = DRAUGHTING_PRE_DEFINED_CURVE_FONT('continuous');
#14739 = MECHANICAL_DESIGN_GEOMETRIC_PRESENTATION_REPRESENTATION('',(
    #14740),#5731);
#14740 = STYLED_ITEM('color',(#14741),#5181);
#14741 = PRESENTATION_STYLE_ASSIGNMENT((#14742,#14747));
#14742 = SURFACE_STYLE_USAGE(.BOTH.,#14743);
#14743 = SURFACE_SIDE_STYLE('',(#14744));
#14744 = SURFACE_STYLE_FILL_AREA(#14745);
#14745 = FILL_AREA_STYLE('',(#14746));
#14746 = FILL_AREA_STYLE_COLOUR('',#14569);
#14747 = CURVE_STYLE('',#14748,POSITIVE_LENGTH_MEASURE(0.1),#14572);
#14748 = DRAUGHTING_PRE_DEFINED_CURVE_FONT('continuous');
#14749 = MECHANICAL_DESIGN_GEOMETRIC_PRESENTATION_REPRESENTATION('',(
    #14750),#12172);
#14750 = STYLED_ITEM('color',(#14751),#12022);
#14751 = PRESENTATION_STYLE_ASSIGNMENT((#14752,#14757));
#14752 = SURFACE_STYLE_USAGE(.BOTH.,#14753);
#14753 = SURFACE_SIDE_STYLE('',(#14754));
#14754 = SURFACE_STYLE_FILL_AREA(#14755);
#14755 = FILL_AREA_STYLE('',(#14756));
#14756 = FILL_AREA_STYLE_COLOUR('',#14557);
#14757 = CURVE_STYLE('',#14758,POSITIVE_LENGTH_MEASURE(0.1),#14560);
#14758 = DRAUGHTING_PRE_DEFINED_CURVE_FONT('continuous');
#14759 = MECHANICAL_DESIGN_GEOMETRIC_PRESENTATION_REPRESENTATION('',(
    #14760),#1819);
#14760 = STYLED_ITEM('color',(#14761),#1669);
#14761 = PRESENTATION_STYLE_ASSIGNMENT((#14762,#14767));
#14762 = SURFACE_STYLE_USAGE(.BOTH.,#14763);
#14763 = SURFACE_SIDE_STYLE('',(#14764));
#14764 = SURFACE_STYLE_FILL_AREA(#14765);
#14765 = FILL_AREA_STYLE('',(#14766));
#14766 = FILL_AREA_STYLE_COLOUR('',#14607);
#14767 = CURVE_STYLE('',#14768,POSITIVE_LENGTH_MEASURE(0.1),#14610);
#14768 = DRAUGHTING_PRE_DEFINED_CURVE_FONT('continuous');
#14769 = MECHANICAL_DESIGN_GEOMETRIC_PRESENTATION_REPRESENTATION('',(
    #14770),#12679);
#14770 = STYLED_ITEM('color',(#14771),#12529);
#14771 = PRESENTATION_STYLE_ASSIGNMENT((#14772,#14777));
#14772 = SURFACE_STYLE_USAGE(.BOTH.,#14773);
#14773 = SURFACE_SIDE_STYLE('',(#14774));
#14774 = SURFACE_STYLE_FILL_AREA(#14775);
#14775 = FILL_AREA_STYLE('',(#14776));
#14776 = FILL_AREA_STYLE_COLOUR('',#14607);
#14777 = CURVE_STYLE('',#14778,POSITIVE_LENGTH_MEASURE(0.1),#14610);
#14778 = DRAUGHTING_PRE_DEFINED_CURVE_FONT('continuous');
#14779 = MECHANICAL_DESIGN_GEOMETRIC_PRESENTATION_REPRESENTATION('',(
    #14780),#4016);
#14780 = STYLED_ITEM('color',(#14781),#3866);
#14781 = PRESENTATION_STYLE_ASSIGNMENT((#14782,#14790));
#14782 = SURFACE_STYLE_USAGE(.BOTH.,#14783);
#14783 = SURFACE_SIDE_STYLE('',(#14784,#14788));
#14784 = SURFACE_STYLE_FILL_AREA(#14785);
#14785 = FILL_AREA_STYLE('',(#14786));
#14786 = FILL_AREA_STYLE_COLOUR('',#14787);
#14787 = COLOUR_RGB('',0.478431380801,0.301960791261,0.168627456984);
#14788 = SURFACE_STYLE_RENDERING_WITH_PROPERTIES(.NORMAL_SHADING.,#14787
  ,(#14789));
#14789 = SURFACE_STYLE_TRANSPARENT(0.100000023842);
#14790 = CURVE_STYLE('',#14791,POSITIVE_LENGTH_MEASURE(0.1),#14792);
#14791 = DRAUGHTING_PRE_DEFINED_CURVE_FONT('continuous');
#14792 = COLOUR_RGB('',0.228431372849,5.196079745691E-02,0.);
#14793 = MECHANICAL_DESIGN_GEOMETRIC_PRESENTATION_REPRESENTATION('',(
    #14794),#5162);
#14794 = STYLED_ITEM('color',(#14795),#5012);
#14795 = PRESENTATION_STYLE_ASSIGNMENT((#14796,#14801));
#14796 = SURFACE_STYLE_USAGE(.BOTH.,#14797);
#14797 = SURFACE_SIDE_STYLE('',(#14798));
#14798 = SURFACE_STYLE_FILL_AREA(#14799);
#14799 = FILL_AREA_STYLE('',(#14800));
#14800 = FILL_AREA_STYLE_COLOUR('',#14629);
#14801 = CURVE_STYLE('',#14802,POSITIVE_LENGTH_MEASURE(0.1),#14632);
#14802 = DRAUGHTING_PRE_DEFINED_CURVE_FONT('continuous');
#14803 = MECHANICAL_DESIGN_GEOMETRIC_PRESENTATION_REPRESENTATION('',(
    #14804),#14538);
#14804 = STYLED_ITEM('color',(#14805),#14388);
#14805 = PRESENTATION_STYLE_ASSIGNMENT((#14806,#14813));
#14806 = SURFACE_STYLE_USAGE(.BOTH.,#14807);
#14807 = SURFACE_SIDE_STYLE('',(#14808,#14811));
#14808 = SURFACE_STYLE_FILL_AREA(#14809);
#14809 = FILL_AREA_STYLE('',(#14810));
#14810 = FILL_AREA_STYLE_COLOUR('',#14581);
#14811 = SURFACE_STYLE_RENDERING_WITH_PROPERTIES(.NORMAL_SHADING.,#14581
  ,(#14812));
#14812 = SURFACE_STYLE_TRANSPARENT(0.550000011921);
#14813 = CURVE_STYLE('',#14814,POSITIVE_LENGTH_MEASURE(0.1),#14586);
#14814 = DRAUGHTING_PRE_DEFINED_CURVE_FONT('continuous');
#14815 = MECHANICAL_DESIGN_GEOMETRIC_PRESENTATION_REPRESENTATION('',(
    #14816),#4354);
#14816 = STYLED_ITEM('color',(#14817),#4204);
#14817 = PRESENTATION_STYLE_ASSIGNMENT((#14818,#14824));
#14818 = SURFACE_STYLE_USAGE(.BOTH.,#14819);
#14819 = SURFACE_SIDE_STYLE('',(#14820));
#14820 = SURFACE_STYLE_FILL_AREA(#14821);
#14821 = FILL_AREA_STYLE('',(#14822));
#14822 = FILL_AREA_STYLE_COLOUR('',#14823);
#14823 = COLOUR_RGB('',0.678431390124,0.690196106937,0.650980421574);
#14824 = CURVE_STYLE('',#14825,POSITIVE_LENGTH_MEASURE(0.1),#14826);
#14825 = DRAUGHTING_PRE_DEFINED_CURVE_FONT('continuous');
#14826 = COLOUR_RGB('',0.428431385581,0.440196096361,0.400980406687);
#14827 = MECHANICAL_DESIGN_GEOMETRIC_PRESENTATION_REPRESENTATION('',(
    #14828),#12848);
#14828 = STYLED_ITEM('color',(#14829),#12698);
#14829 = PRESENTATION_STYLE_ASSIGNMENT((#14830,#14835));
#14830 = SURFACE_STYLE_USAGE(.BOTH.,#14831);
#14831 = SURFACE_SIDE_STYLE('',(#14832));
#14832 = SURFACE_STYLE_FILL_AREA(#14833);
#14833 = FILL_AREA_STYLE('',(#14834));
#14834 = FILL_AREA_STYLE_COLOUR('',#14607);
#14835 = CURVE_STYLE('',#14836,POSITIVE_LENGTH_MEASURE(0.1),#14610);
#14836 = DRAUGHTING_PRE_DEFINED_CURVE_FONT('continuous');
#14837 = MECHANICAL_DESIGN_GEOMETRIC_PRESENTATION_REPRESENTATION('',(
    #14838,#14847),#8117);
#14838 = STYLED_ITEM('color',(#14839),#7817);
#14839 = PRESENTATION_STYLE_ASSIGNMENT((#14840,#14845));
#14840 = SURFACE_STYLE_USAGE(.BOTH.,#14841);
#14841 = SURFACE_SIDE_STYLE('',(#14842));
#14842 = SURFACE_STYLE_FILL_AREA(#14843);
#14843 = FILL_AREA_STYLE('',(#14844));
#14844 = FILL_AREA_STYLE_COLOUR('',#14629);
#14845 = CURVE_STYLE('',#14846,POSITIVE_LENGTH_MEASURE(0.1),#14632);
#14846 = DRAUGHTING_PRE_DEFINED_CURVE_FONT('continuous');
#14847 = STYLED_ITEM('color',(#14848),#7967);
#14848 = PRESENTATION_STYLE_ASSIGNMENT((#14849,#14854));
#14849 = SURFACE_STYLE_USAGE(.BOTH.,#14850);
#14850 = SURFACE_SIDE_STYLE('',(#14851));
#14851 = SURFACE_STYLE_FILL_AREA(#14852);
#14852 = FILL_AREA_STYLE('',(#14853));
#14853 = FILL_AREA_STYLE_COLOUR('',#14629);
#14854 = CURVE_STYLE('',#14855,POSITIVE_LENGTH_MEASURE(0.1),#14632);
#14855 = DRAUGHTING_PRE_DEFINED_CURVE_FONT('continuous');
#14856 = MECHANICAL_DESIGN_GEOMETRIC_PRESENTATION_REPRESENTATION('',(
    #14857),#1650);
#14857 = STYLED_ITEM('color',(#14858),#1500);
#14858 = PRESENTATION_STYLE_ASSIGNMENT((#14859,#14864));
#14859 = SURFACE_STYLE_USAGE(.BOTH.,#14860);
#14860 = SURFACE_SIDE_STYLE('',(#14861));
#14861 = SURFACE_STYLE_FILL_AREA(#14862);
#14862 = FILL_AREA_STYLE('',(#14863));
#14863 = FILL_AREA_STYLE_COLOUR('',#14607);
#14864 = CURVE_STYLE('',#14865,POSITIVE_LENGTH_MEASURE(0.1),#14610);
#14865 = DRAUGHTING_PRE_DEFINED_CURVE_FONT('continuous');
#14866 = MECHANICAL_DESIGN_GEOMETRIC_PRESENTATION_REPRESENTATION('',(
    #14867),#3002);
#14867 = STYLED_ITEM('color',(#14868),#2852);
#14868 = PRESENTATION_STYLE_ASSIGNMENT((#14869,#14874));
#14869 = SURFACE_STYLE_USAGE(.BOTH.,#14870);
#14870 = SURFACE_SIDE_STYLE('',(#14871));
#14871 = SURFACE_STYLE_FILL_AREA(#14872);
#14872 = FILL_AREA_STYLE('',(#14873));
#14873 = FILL_AREA_STYLE_COLOUR('',#14607);
#14874 = CURVE_STYLE('',#14875,POSITIVE_LENGTH_MEASURE(0.1),#14610);
#14875 = DRAUGHTING_PRE_DEFINED_CURVE_FONT('continuous');
#14876 = MECHANICAL_DESIGN_GEOMETRIC_PRESENTATION_REPRESENTATION('',(
    #14877),#12510);
#14877 = STYLED_ITEM('color',(#14878),#12360);
#14878 = PRESENTATION_STYLE_ASSIGNMENT((#14879,#14884));
#14879 = SURFACE_STYLE_USAGE(.BOTH.,#14880);
#14880 = SURFACE_SIDE_STYLE('',(#14881));
#14881 = SURFACE_STYLE_FILL_AREA(#14882);
#14882 = FILL_AREA_STYLE('',(#14883));
#14883 = FILL_AREA_STYLE_COLOUR('',#14607);
#14884 = CURVE_STYLE('',#14885,POSITIVE_LENGTH_MEASURE(0.1),#14610);
#14885 = DRAUGHTING_PRE_DEFINED_CURVE_FONT('continuous');
#14886 = MECHANICAL_DESIGN_GEOMETRIC_PRESENTATION_REPRESENTATION('',(
    #14887),#9872);
#14887 = STYLED_ITEM('color',(#14888),#9722);
#14888 = PRESENTATION_STYLE_ASSIGNMENT((#14889,#14894));
#14889 = SURFACE_STYLE_USAGE(.BOTH.,#14890);
#14890 = SURFACE_SIDE_STYLE('',(#14891));
#14891 = SURFACE_STYLE_FILL_AREA(#14892);
#14892 = FILL_AREA_STYLE('',(#14893));
#14893 = FILL_AREA_STYLE_COLOUR('',#14557);
#14894 = CURVE_STYLE('',#14895,POSITIVE_LENGTH_MEASURE(0.1),#14560);
#14895 = DRAUGHTING_PRE_DEFINED_CURVE_FONT('continuous');
#14896 = MECHANICAL_DESIGN_GEOMETRIC_PRESENTATION_REPRESENTATION('',(
    #14897),#8605);
#14897 = STYLED_ITEM('color',(#14898),#8455);
#14898 = PRESENTATION_STYLE_ASSIGNMENT((#14899,#14904));
#14899 = SURFACE_STYLE_USAGE(.BOTH.,#14900);
#14900 = SURFACE_SIDE_STYLE('',(#14901));
#14901 = SURFACE_STYLE_FILL_AREA(#14902);
#14902 = FILL_AREA_STYLE('',(#14903));
#14903 = FILL_AREA_STYLE_COLOUR('',#14629);
#14904 = CURVE_STYLE('',#14905,POSITIVE_LENGTH_MEASURE(0.1),#14632);
#14905 = DRAUGHTING_PRE_DEFINED_CURVE_FONT('continuous');
#14906 = MECHANICAL_DESIGN_GEOMETRIC_PRESENTATION_REPRESENTATION('',(
    #14907),#10651);
#14907 = STYLED_ITEM('color',(#14908),#10501);
#14908 = PRESENTATION_STYLE_ASSIGNMENT((#14909,#14915));
#14909 = SURFACE_STYLE_USAGE(.BOTH.,#14910);
#14910 = SURFACE_SIDE_STYLE('',(#14911));
#14911 = SURFACE_STYLE_FILL_AREA(#14912);
#14912 = FILL_AREA_STYLE('',(#14913));
#14913 = FILL_AREA_STYLE_COLOUR('',#14914);
#14914 = COLOUR_RGB('',0.72156863771,0.72156863771,0.701960807317);
#14915 = CURVE_STYLE('',#14916,POSITIVE_LENGTH_MEASURE(0.1),#14917);
#14916 = DRAUGHTING_PRE_DEFINED_CURVE_FONT('continuous');
#14917 = COLOUR_RGB('',0.471568651379,0.471568651379,0.451960795839);
#14918 = MECHANICAL_DESIGN_GEOMETRIC_PRESENTATION_REPRESENTATION('',(
    #14919),#13017);
#14919 = STYLED_ITEM('color',(#14920),#12867);
#14920 = PRESENTATION_STYLE_ASSIGNMENT((#14921,#14926));
#14921 = SURFACE_STYLE_USAGE(.BOTH.,#14922);
#14922 = SURFACE_SIDE_STYLE('',(#14923));
#14923 = SURFACE_STYLE_FILL_AREA(#14924);
#14924 = FILL_AREA_STYLE('',(#14925));
#14925 = FILL_AREA_STYLE_COLOUR('',#14607);
#14926 = CURVE_STYLE('',#14927,POSITIVE_LENGTH_MEASURE(0.1),#14610);
#14927 = DRAUGHTING_PRE_DEFINED_CURVE_FONT('continuous');
#14928 = MECHANICAL_DESIGN_GEOMETRIC_PRESENTATION_REPRESENTATION('',(
    #14929),#2664);
#14929 = STYLED_ITEM('color',(#14930),#2514);
#14930 = PRESENTATION_STYLE_ASSIGNMENT((#14931,#14936));
#14931 = SURFACE_STYLE_USAGE(.BOTH.,#14932);
#14932 = SURFACE_SIDE_STYLE('',(#14933));
#14933 = SURFACE_STYLE_FILL_AREA(#14934);
#14934 = FILL_AREA_STYLE('',(#14935));
#14935 = FILL_AREA_STYLE_COLOUR('',#14607);
#14936 = CURVE_STYLE('',#14937,POSITIVE_LENGTH_MEASURE(0.1),#14610);
#14937 = DRAUGHTING_PRE_DEFINED_CURVE_FONT('continuous');
#14938 = MECHANICAL_DESIGN_GEOMETRIC_PRESENTATION_REPRESENTATION('',(
    #14939),#1312);
#14939 = STYLED_ITEM('color',(#14940),#1162);
#14940 = PRESENTATION_STYLE_ASSIGNMENT((#14941,#14948));
#14941 = SURFACE_STYLE_USAGE(.BOTH.,#14942);
#14942 = SURFACE_SIDE_STYLE('',(#14943,#14946));
#14943 = SURFACE_STYLE_FILL_AREA(#14944);
#14944 = FILL_AREA_STYLE('',(#14945));
#14945 = FILL_AREA_STYLE_COLOUR('',#14581);
#14946 = SURFACE_STYLE_RENDERING_WITH_PROPERTIES(.NORMAL_SHADING.,#14581
  ,(#14947));
#14947 = SURFACE_STYLE_TRANSPARENT(0.550000011921);
#14948 = CURVE_STYLE('',#14949,POSITIVE_LENGTH_MEASURE(0.1),#14586);
#14949 = DRAUGHTING_PRE_DEFINED_CURVE_FONT('continuous');
#14950 = MECHANICAL_DESIGN_GEOMETRIC_PRESENTATION_REPRESENTATION('',(
    #14951),#11158);
#14951 = STYLED_ITEM('color',(#14952),#11008);
#14952 = PRESENTATION_STYLE_ASSIGNMENT((#14953,#14961));
#14953 = SURFACE_STYLE_USAGE(.BOTH.,#14954);
#14954 = SURFACE_SIDE_STYLE('',(#14955,#14959));
#14955 = SURFACE_STYLE_FILL_AREA(#14956);
#14956 = FILL_AREA_STYLE('',(#14957));
#14957 = FILL_AREA_STYLE_COLOUR('',#14958);
#14958 = COLOUR_RGB('',0.800000010877,0.760784316928,0.901960800373);
#14959 = SURFACE_STYLE_RENDERING_WITH_PROPERTIES(.NORMAL_SHADING.,#14958
  ,(#14960));
#14960 = SURFACE_STYLE_TRANSPARENT(0.579999983311);
#14961 = CURVE_STYLE('',#14962,POSITIVE_LENGTH_MEASURE(0.1),#14963);
#14962 = DRAUGHTING_PRE_DEFINED_CURVE_FONT('continuous');
#14963 = COLOUR_RGB('',0.55000000909,0.510784334059,0.65196078771);
#14964 = MECHANICAL_DESIGN_GEOMETRIC_PRESENTATION_REPRESENTATION('',(
    #14965),#3678);
#14965 = STYLED_ITEM('color',(#14966),#3528);
#14966 = PRESENTATION_STYLE_ASSIGNMENT((#14967,#14975));
#14967 = SURFACE_STYLE_USAGE(.BOTH.,#14968);
#14968 = SURFACE_SIDE_STYLE('',(#14969,#14973));
#14969 = SURFACE_STYLE_FILL_AREA(#14970);
#14970 = FILL_AREA_STYLE('',(#14971));
#14971 = FILL_AREA_STYLE_COLOUR('',#14972);
#14972 = COLOUR_RGB('',0.819607860991,0.819607860991,0.780392170416);
#14973 = SURFACE_STYLE_RENDERING_WITH_PROPERTIES(.NORMAL_SHADING.,#14972
  ,(#14974));
#14974 = SURFACE_STYLE_TRANSPARENT(0.579999983311);
#14975 = CURVE_STYLE('',#14976,POSITIVE_LENGTH_MEASURE(0.1),#14977);
#14976 = DRAUGHTING_PRE_DEFINED_CURVE_FONT('continuous');
#14977 = COLOUR_RGB('',0.569607859211,0.569607859211,0.530392169776);
#14978 = MECHANICAL_DESIGN_GEOMETRIC_PRESENTATION_REPRESENTATION('',(
    #14979),#14369);
#14979 = STYLED_ITEM('color',(#14980),#14219);
#14980 = PRESENTATION_STYLE_ASSIGNMENT((#14981,#14988));
#14981 = SURFACE_STYLE_USAGE(.BOTH.,#14982);
#14982 = SURFACE_SIDE_STYLE('',(#14983,#14986));
#14983 = SURFACE_STYLE_FILL_AREA(#14984);
#14984 = FILL_AREA_STYLE('',(#14985));
#14985 = FILL_AREA_STYLE_COLOUR('',#14581);
#14986 = SURFACE_STYLE_RENDERING_WITH_PROPERTIES(.NORMAL_SHADING.,#14581
  ,(#14987));
#14987 = SURFACE_STYLE_TRANSPARENT(0.550000011921);
#14988 = CURVE_STYLE('',#14989,POSITIVE_LENGTH_MEASURE(0.1),#14586);
#14989 = DRAUGHTING_PRE_DEFINED_CURVE_FONT('continuous');
#14990 = MECHANICAL_DESIGN_GEOMETRIC_PRESENTATION_REPRESENTATION('',(
    #14991),#4185);
#14991 = STYLED_ITEM('color',(#14992),#4035);
#14992 = PRESENTATION_STYLE_ASSIGNMENT((#14993,#14998));
#14993 = SURFACE_STYLE_USAGE(.BOTH.,#14994);
#14994 = SURFACE_SIDE_STYLE('',(#14995));
#14995 = SURFACE_STYLE_FILL_AREA(#14996);
#14996 = FILL_AREA_STYLE('',(#14997));
#14997 = FILL_AREA_STYLE_COLOUR('',#14823);
#14998 = CURVE_STYLE('',#14999,POSITIVE_LENGTH_MEASURE(0.1),#14826);
#14999 = DRAUGHTING_PRE_DEFINED_CURVE_FONT('continuous');
#15000 = MECHANICAL_DESIGN_GEOMETRIC_PRESENTATION_REPRESENTATION('',(
    #15001),#11665);
#15001 = STYLED_ITEM('color',(#15002),#11515);
#15002 = PRESENTATION_STYLE_ASSIGNMENT((#15003,#15008));
#15003 = SURFACE_STYLE_USAGE(.BOTH.,#15004);
#15004 = SURFACE_SIDE_STYLE('',(#15005));
#15005 = SURFACE_STYLE_FILL_AREA(#15006);
#15006 = FILL_AREA_STYLE('',(#15007));
#15007 = FILL_AREA_STYLE_COLOUR('',#14557);
#15008 = CURVE_STYLE('',#15009,POSITIVE_LENGTH_MEASURE(0.1),#14560);
#15009 = DRAUGHTING_PRE_DEFINED_CURVE_FONT('continuous');
#15010 = MECHANICAL_DESIGN_GEOMETRIC_PRESENTATION_REPRESENTATION('',(
    #15011),#12341);
#15011 = STYLED_ITEM('color',(#15012),#12191);
#15012 = PRESENTATION_STYLE_ASSIGNMENT((#15013,#15019));
#15013 = SURFACE_STYLE_USAGE(.BOTH.,#15014);
#15014 = SURFACE_SIDE_STYLE('',(#15015));
#15015 = SURFACE_STYLE_FILL_AREA(#15016);
#15016 = FILL_AREA_STYLE('',(#15017));
#15017 = FILL_AREA_STYLE_COLOUR('',#15018);
#15018 = COLOUR_RGB('',0.72156863771,0.741176476869,0.749019635948);
#15019 = CURVE_STYLE('',#15020,POSITIVE_LENGTH_MEASURE(0.1),#15021);
#15020 = DRAUGHTING_PRE_DEFINED_CURVE_FONT('continuous');
#15021 = COLOUR_RGB('',0.471568651379,0.491176486365,0.499019621338);
#15022 = MECHANICAL_DESIGN_GEOMETRIC_PRESENTATION_REPRESENTATION('',(
    #15023),#10820);
#15023 = STYLED_ITEM('color',(#15024),#10670);
#15024 = PRESENTATION_STYLE_ASSIGNMENT((#15025,#15030));
#15025 = SURFACE_STYLE_USAGE(.BOTH.,#15026);
#15026 = SURFACE_SIDE_STYLE('',(#15027));
#15027 = SURFACE_STYLE_FILL_AREA(#15028);
#15028 = FILL_AREA_STYLE('',(#15029));
#15029 = FILL_AREA_STYLE_COLOUR('',#14914);
#15030 = CURVE_STYLE('',#15031,POSITIVE_LENGTH_MEASURE(0.1),#14917);
#15031 = DRAUGHTING_PRE_DEFINED_CURVE_FONT('continuous');
#15032 = MECHANICAL_DESIGN_GEOMETRIC_PRESENTATION_REPRESENTATION('',(
    #15033),#13186);
#15033 = STYLED_ITEM('color',(#15034),#13036);
#15034 = PRESENTATION_STYLE_ASSIGNMENT((#15035,#15042));
#15035 = SURFACE_STYLE_USAGE(.BOTH.,#15036);
#15036 = SURFACE_SIDE_STYLE('',(#15037,#15040));
#15037 = SURFACE_STYLE_FILL_AREA(#15038);
#15038 = FILL_AREA_STYLE('',(#15039));
#15039 = FILL_AREA_STYLE_COLOUR('',#14581);
#15040 = SURFACE_STYLE_RENDERING_WITH_PROPERTIES(.NORMAL_SHADING.,#14581
  ,(#15041));
#15041 = SURFACE_STYLE_TRANSPARENT(0.550000011921);
#15042 = CURVE_STYLE('',#15043,POSITIVE_LENGTH_MEASURE(0.1),#14586);
#15043 = DRAUGHTING_PRE_DEFINED_CURVE_FONT('continuous');
#15044 = MECHANICAL_DESIGN_GEOMETRIC_PRESENTATION_REPRESENTATION('',(
    #15045,#15054),#7629);
#15045 = STYLED_ITEM('color',(#15046),#7329);
#15046 = PRESENTATION_STYLE_ASSIGNMENT((#15047,#15052));
#15047 = SURFACE_STYLE_USAGE(.BOTH.,#15048);
#15048 = SURFACE_SIDE_STYLE('',(#15049));
#15049 = SURFACE_STYLE_FILL_AREA(#15050);
#15050 = FILL_AREA_STYLE('',(#15051));
#15051 = FILL_AREA_STYLE_COLOUR('',#14629);
#15052 = CURVE_STYLE('',#15053,POSITIVE_LENGTH_MEASURE(0.1),#14632);
#15053 = DRAUGHTING_PRE_DEFINED_CURVE_FONT('continuous');
#15054 = STYLED_ITEM('color',(#15055),#7479);
#15055 = PRESENTATION_STYLE_ASSIGNMENT((#15056,#15061));
#15056 = SURFACE_STYLE_USAGE(.BOTH.,#15057);
#15057 = SURFACE_SIDE_STYLE('',(#15058));
#15058 = SURFACE_STYLE_FILL_AREA(#15059);
#15059 = FILL_AREA_STYLE('',(#15060));
#15060 = FILL_AREA_STYLE_COLOUR('',#14629);
#15061 = CURVE_STYLE('',#15062,POSITIVE_LENGTH_MEASURE(0.1),#14632);
#15062 = DRAUGHTING_PRE_DEFINED_CURVE_FONT('continuous');
#15063 = MECHANICAL_DESIGN_GEOMETRIC_PRESENTATION_REPRESENTATION('',(
    #15064),#1988);
#15064 = STYLED_ITEM('color',(#15065),#1838);
#15065 = PRESENTATION_STYLE_ASSIGNMENT((#15066,#15071));
#15066 = SURFACE_STYLE_USAGE(.BOTH.,#15067);
#15067 = SURFACE_SIDE_STYLE('',(#15068));
#15068 = SURFACE_STYLE_FILL_AREA(#15069);
#15069 = FILL_AREA_STYLE('',(#15070));
#15070 = FILL_AREA_STYLE_COLOUR('',#14607);
#15071 = CURVE_STYLE('',#15072,POSITIVE_LENGTH_MEASURE(0.1),#14610);
#15072 = DRAUGHTING_PRE_DEFINED_CURVE_FONT('continuous');
#15073 = MECHANICAL_DESIGN_GEOMETRIC_PRESENTATION_REPRESENTATION('',(
    #15074),#2833);
#15074 = STYLED_ITEM('color',(#15075),#2683);
#15075 = PRESENTATION_STYLE_ASSIGNMENT((#15076,#15081));
#15076 = SURFACE_STYLE_USAGE(.BOTH.,#15077);
#15077 = SURFACE_SIDE_STYLE('',(#15078));
#15078 = SURFACE_STYLE_FILL_AREA(#15079);
#15079 = FILL_AREA_STYLE('',(#15080));
#15080 = FILL_AREA_STYLE_COLOUR('',#14607);
#15081 = CURVE_STYLE('',#15082,POSITIVE_LENGTH_MEASURE(0.1),#14610);
#15082 = DRAUGHTING_PRE_DEFINED_CURVE_FONT('continuous');
#15083 = MECHANICAL_DESIGN_GEOMETRIC_PRESENTATION_REPRESENTATION('',(
    #15084),#3171);
#15084 = STYLED_ITEM('color',(#15085),#3021);
#15085 = PRESENTATION_STYLE_ASSIGNMENT((#15086,#15091));
#15086 = SURFACE_STYLE_USAGE(.BOTH.,#15087);
#15087 = SURFACE_SIDE_STYLE('',(#15088));
#15088 = SURFACE_STYLE_FILL_AREA(#15089);
#15089 = FILL_AREA_STYLE('',(#15090));
#15090 = FILL_AREA_STYLE_COLOUR('',#14607);
#15091 = CURVE_STYLE('',#15092,POSITIVE_LENGTH_MEASURE(0.1),#14610);
#15092 = DRAUGHTING_PRE_DEFINED_CURVE_FONT('continuous');
#15093 = MECHANICAL_DESIGN_GEOMETRIC_PRESENTATION_REPRESENTATION('',(
    #15094),#3847);
#15094 = STYLED_ITEM('color',(#15095),#3697);
#15095 = PRESENTATION_STYLE_ASSIGNMENT((#15096,#15103));
#15096 = SURFACE_STYLE_USAGE(.BOTH.,#15097);
#15097 = SURFACE_SIDE_STYLE('',(#15098,#15101));
#15098 = SURFACE_STYLE_FILL_AREA(#15099);
#15099 = FILL_AREA_STYLE('',(#15100));
#15100 = FILL_AREA_STYLE_COLOUR('',#14972);
#15101 = SURFACE_STYLE_RENDERING_WITH_PROPERTIES(.NORMAL_SHADING.,#14972
  ,(#15102));
#15102 = SURFACE_STYLE_TRANSPARENT(0.579999983311);
#15103 = CURVE_STYLE('',#15104,POSITIVE_LENGTH_MEASURE(0.1),#14977);
#15104 = DRAUGHTING_PRE_DEFINED_CURVE_FONT('continuous');
#15105 = MECHANICAL_DESIGN_GEOMETRIC_PRESENTATION_REPRESENTATION('',(
    #15106),#13524);
#15106 = STYLED_ITEM('color',(#15107),#13374);
#15107 = PRESENTATION_STYLE_ASSIGNMENT((#15108,#15116));
#15108 = SURFACE_STYLE_USAGE(.BOTH.,#15109);
#15109 = SURFACE_SIDE_STYLE('',(#15110,#15114));
#15110 = SURFACE_STYLE_FILL_AREA(#15111);
#15111 = FILL_AREA_STYLE('',(#15112));
#15112 = FILL_AREA_STYLE_COLOUR('',#15113);
#15113 = COLOUR_RGB('',0.960784305148,0.780392170416,0.72156863771);
#15114 = SURFACE_STYLE_RENDERING_WITH_PROPERTIES(.NORMAL_SHADING.,#15113
  ,(#15115));
#15115 = SURFACE_STYLE_TRANSPARENT(0.579999983311);
#15116 = CURVE_STYLE('',#15117,POSITIVE_LENGTH_MEASURE(0.1),#15118);
#15117 = DRAUGHTING_PRE_DEFINED_CURVE_FONT('continuous');
#15118 = COLOUR_RGB('',0.71078431734,0.530392169776,0.471568651379);
#15119 = MECHANICAL_DESIGN_GEOMETRIC_PRESENTATION_REPRESENTATION('',(
    #15120,#15129),#8436);
#15120 = STYLED_ITEM('color',(#15121),#8136);
#15121 = PRESENTATION_STYLE_ASSIGNMENT((#15122,#15127));
#15122 = SURFACE_STYLE_USAGE(.BOTH.,#15123);
#15123 = SURFACE_SIDE_STYLE('',(#15124));
#15124 = SURFACE_STYLE_FILL_AREA(#15125);
#15125 = FILL_AREA_STYLE('',(#15126));
#15126 = FILL_AREA_STYLE_COLOUR('',#14629);
#15127 = CURVE_STYLE('',#15128,POSITIVE_LENGTH_MEASURE(0.1),#14632);
#15128 = DRAUGHTING_PRE_DEFINED_CURVE_FONT('continuous');
#15129 = STYLED_ITEM('color',(#15130),#8286);
#15130 = PRESENTATION_STYLE_ASSIGNMENT((#15131,#15136));
#15131 = SURFACE_STYLE_USAGE(.BOTH.,#15132);
#15132 = SURFACE_SIDE_STYLE('',(#15133));
#15133 = SURFACE_STYLE_FILL_AREA(#15134);
#15134 = FILL_AREA_STYLE('',(#15135));
#15135 = FILL_AREA_STYLE_COLOUR('',#14629);
#15136 = CURVE_STYLE('',#15137,POSITIVE_LENGTH_MEASURE(0.1),#14632);
#15137 = DRAUGHTING_PRE_DEFINED_CURVE_FONT('continuous');
#15138 = MECHANICAL_DESIGN_GEOMETRIC_PRESENTATION_REPRESENTATION('',(
    #15139),#10313);
#15139 = STYLED_ITEM('color',(#15140),#9891);
#15140 = PRESENTATION_STYLE_ASSIGNMENT((#15141,#15146));
#15141 = SURFACE_STYLE_USAGE(.BOTH.,#15142);
#15142 = SURFACE_SIDE_STYLE('',(#15143));
#15143 = SURFACE_STYLE_FILL_AREA(#15144);
#15144 = FILL_AREA_STYLE('',(#15145));
#15145 = FILL_AREA_STYLE_COLOUR('',#14569);
#15146 = CURVE_STYLE('',#15147,POSITIVE_LENGTH_MEASURE(0.1),#14572);
#15147 = DRAUGHTING_PRE_DEFINED_CURVE_FONT('continuous');
#15148 = MECHANICAL_DESIGN_GEOMETRIC_PRESENTATION_REPRESENTATION('',(
    #15149),#2495);
#15149 = STYLED_ITEM('color',(#15150),#2345);
#15150 = PRESENTATION_STYLE_ASSIGNMENT((#15151,#15156));
#15151 = SURFACE_STYLE_USAGE(.BOTH.,#15152);
#15152 = SURFACE_SIDE_STYLE('',(#15153));
#15153 = SURFACE_STYLE_FILL_AREA(#15154);
#15154 = FILL_AREA_STYLE('',(#15155));
#15155 = FILL_AREA_STYLE_COLOUR('',#14607);
#15156 = CURVE_STYLE('',#15157,POSITIVE_LENGTH_MEASURE(0.1),#14610);
#15157 = DRAUGHTING_PRE_DEFINED_CURVE_FONT('continuous');
#15158 = MECHANICAL_DESIGN_GEOMETRIC_PRESENTATION_REPRESENTATION('',(
    #15159),#4993);
#15159 = STYLED_ITEM('color',(#15160),#4711);
#15160 = PRESENTATION_STYLE_ASSIGNMENT((#15161,#15166));
#15161 = SURFACE_STYLE_USAGE(.BOTH.,#15162);
#15162 = SURFACE_SIDE_STYLE('',(#15163));
#15163 = SURFACE_STYLE_FILL_AREA(#15164);
#15164 = FILL_AREA_STYLE('',(#15165));
#15165 = FILL_AREA_STYLE_COLOUR('',#14629);
#15166 = CURVE_STYLE('',#15167,POSITIVE_LENGTH_MEASURE(0.1),#14632);
#15167 = DRAUGHTING_PRE_DEFINED_CURVE_FONT('continuous');
#15168 = MECHANICAL_DESIGN_GEOMETRIC_PRESENTATION_REPRESENTATION('',(
    #15169),#3340);
#15169 = STYLED_ITEM('color',(#15170),#3190);
#15170 = PRESENTATION_STYLE_ASSIGNMENT((#15171,#15176));
#15171 = SURFACE_STYLE_USAGE(.BOTH.,#15172);
#15172 = SURFACE_SIDE_STYLE('',(#15173));
#15173 = SURFACE_STYLE_FILL_AREA(#15174);
#15174 = FILL_AREA_STYLE('',(#15175));
#15175 = FILL_AREA_STYLE_COLOUR('',#14607);
#15176 = CURVE_STYLE('',#15177,POSITIVE_LENGTH_MEASURE(0.1),#14610);
#15177 = DRAUGHTING_PRE_DEFINED_CURVE_FONT('continuous');
#15178 = MECHANICAL_DESIGN_GEOMETRIC_PRESENTATION_REPRESENTATION('',(
    #15179),#1143);
#15179 = STYLED_ITEM('color',(#15180),#993);
#15180 = PRESENTATION_STYLE_ASSIGNMENT((#15181,#15188));
#15181 = SURFACE_STYLE_USAGE(.BOTH.,#15182);
#15182 = SURFACE_SIDE_STYLE('',(#15183,#15186));
#15183 = SURFACE_STYLE_FILL_AREA(#15184);
#15184 = FILL_AREA_STYLE('',(#15185));
#15185 = FILL_AREA_STYLE_COLOUR('',#14581);
#15186 = SURFACE_STYLE_RENDERING_WITH_PROPERTIES(.NORMAL_SHADING.,#14581
  ,(#15187));
#15187 = SURFACE_STYLE_TRANSPARENT(0.550000011921);
#15188 = CURVE_STYLE('',#15189,POSITIVE_LENGTH_MEASURE(0.1),#14586);
#15189 = DRAUGHTING_PRE_DEFINED_CURVE_FONT('continuous');
#15190 = MECHANICAL_DESIGN_GEOMETRIC_PRESENTATION_REPRESENTATION('',(
    #15191),#6671);
#15191 = STYLED_ITEM('color',(#15192),#6521);
#15192 = PRESENTATION_STYLE_ASSIGNMENT((#15193,#15199));
#15193 = SURFACE_STYLE_USAGE(.BOTH.,#15194);
#15194 = SURFACE_SIDE_STYLE('',(#15195));
#15195 = SURFACE_STYLE_FILL_AREA(#15196);
#15196 = FILL_AREA_STYLE('',(#15197));
#15197 = FILL_AREA_STYLE_COLOUR('',#15198);
#15198 = COLOUR_RGB('',0.921568637116,0.941176459967,0.949019609525);
#15199 = CURVE_STYLE('',#15200,POSITIVE_LENGTH_MEASURE(0.1),#15201);
#15200 = DRAUGHTING_PRE_DEFINED_CURVE_FONT('continuous');
#15201 = COLOUR_RGB('',0.671568629222,0.691176481443,0.699019620329);
#15202 = MECHANICAL_DESIGN_GEOMETRIC_PRESENTATION_REPRESENTATION('',(
    #15203),#9398);
#15203 = STYLED_ITEM('color',(#15204),#9248);
#15204 = PRESENTATION_STYLE_ASSIGNMENT((#15205,#15210));
#15205 = SURFACE_STYLE_USAGE(.BOTH.,#15206);
#15206 = SURFACE_SIDE_STYLE('',(#15207));
#15207 = SURFACE_STYLE_FILL_AREA(#15208);
#15208 = FILL_AREA_STYLE('',(#15209));
#15209 = FILL_AREA_STYLE_COLOUR('',#15198);
#15210 = CURVE_STYLE('',#15211,POSITIVE_LENGTH_MEASURE(0.1),#15201);
#15211 = DRAUGHTING_PRE_DEFINED_CURVE_FONT('continuous');
#15212 = MECHANICAL_DESIGN_GEOMETRIC_PRESENTATION_REPRESENTATION('',(
    #15213),#12003);
#15213 = STYLED_ITEM('color',(#15214),#11853);
#15214 = PRESENTATION_STYLE_ASSIGNMENT((#15215,#15223));
#15215 = SURFACE_STYLE_USAGE(.BOTH.,#15216);
#15216 = SURFACE_SIDE_STYLE('',(#15217,#15221));
#15217 = SURFACE_STYLE_FILL_AREA(#15218);
#15218 = FILL_AREA_STYLE('',(#15219));
#15219 = FILL_AREA_STYLE_COLOUR('',#15220);
#15220 = COLOUR_RGB('',0.960784305148,0.741176476869,0.701960807317);
#15221 = SURFACE_STYLE_RENDERING_WITH_PROPERTIES(.NORMAL_SHADING.,#15220
  ,(#15222));
#15222 = SURFACE_STYLE_TRANSPARENT(0.579999983311);
#15223 = CURVE_STYLE('',#15224,POSITIVE_LENGTH_MEASURE(0.1),#15225);
#15224 = DRAUGHTING_PRE_DEFINED_CURVE_FONT('continuous');
#15225 = COLOUR_RGB('',0.71078431734,0.491176486365,0.451960795839);
#15226 = MECHANICAL_DESIGN_GEOMETRIC_PRESENTATION_REPRESENTATION('',(
    #15227),#636);
#15227 = STYLED_ITEM('color',(#15228),#486);
#15228 = PRESENTATION_STYLE_ASSIGNMENT((#15229,#15237));
#15229 = SURFACE_STYLE_USAGE(.BOTH.,#15230);
#15230 = SURFACE_SIDE_STYLE('',(#15231,#15235));
#15231 = SURFACE_STYLE_FILL_AREA(#15232);
#15232 = FILL_AREA_STYLE('',(#15233));
#15233 = FILL_AREA_STYLE_COLOUR('',#15234);
#15234 = COLOUR_RGB('',0.690196106937,0.800000010877,0.941176459967);
#15235 = SURFACE_STYLE_RENDERING_WITH_PROPERTIES(.NORMAL_SHADING.,#15234
  ,(#15236));
#15236 = SURFACE_STYLE_TRANSPARENT(0.579999983311);
#15237 = CURVE_STYLE('',#15238,POSITIVE_LENGTH_MEASURE(0.1),#15239);
#15238 = DRAUGHTING_PRE_DEFINED_CURVE_FONT('continuous');
#15239 = COLOUR_RGB('',0.440196096361,0.55000000909,0.691176481443);
#15240 = MECHANICAL_DESIGN_GEOMETRIC_PRESENTATION_REPRESENTATION('',(
    #15241),#14200);
#15241 = STYLED_ITEM('color',(#15242),#14050);
#15242 = PRESENTATION_STYLE_ASSIGNMENT((#15243,#15248));
#15243 = SURFACE_STYLE_USAGE(.BOTH.,#15244);
#15244 = SURFACE_SIDE_STYLE('',(#15245));
#15245 = SURFACE_STYLE_FILL_AREA(#15246);
#15246 = FILL_AREA_STYLE('',(#15247));
#15247 = FILL_AREA_STYLE_COLOUR('',#14607);
#15248 = CURVE_STYLE('',#15249,POSITIVE_LENGTH_MEASURE(0.1),#14610);
#15249 = DRAUGHTING_PRE_DEFINED_CURVE_FONT('continuous');
#15250 = MECHANICAL_DESIGN_GEOMETRIC_PRESENTATION_REPRESENTATION('',(
    #15251),#4523);
#15251 = STYLED_ITEM('color',(#15252),#4373);
#15252 = PRESENTATION_STYLE_ASSIGNMENT((#15253,#15261));
#15253 = SURFACE_STYLE_USAGE(.BOTH.,#15254);
#15254 = SURFACE_SIDE_STYLE('',(#15255,#15259));
#15255 = SURFACE_STYLE_FILL_AREA(#15256);
#15256 = FILL_AREA_STYLE('',(#15257));
#15257 = FILL_AREA_STYLE_COLOUR('',#15258);
#15258 = COLOUR_RGB('',0.960784305148,0.858823546443,0.650980421574);
#15259 = SURFACE_STYLE_RENDERING_WITH_PROPERTIES(.NORMAL_SHADING.,#15258
  ,(#15260));
#15260 = SURFACE_STYLE_TRANSPARENT(0.579999983311);
#15261 = CURVE_STYLE('',#15262,POSITIVE_LENGTH_MEASURE(0.1),#15263);
#15262 = DRAUGHTING_PRE_DEFINED_CURVE_FONT('continuous');
#15263 = COLOUR_RGB('',0.71078431734,0.608823525431,0.400980406687);
#15264 = MECHANICAL_DESIGN_GEOMETRIC_PRESENTATION_REPRESENTATION('',(
    #15265),#10482);
#15265 = STYLED_ITEM('color',(#15266),#10332);
#15266 = PRESENTATION_STYLE_ASSIGNMENT((#15267,#15274));
#15267 = SURFACE_STYLE_USAGE(.BOTH.,#15268);
#15268 = SURFACE_SIDE_STYLE('',(#15269,#15272));
#15269 = SURFACE_STYLE_FILL_AREA(#15270);
#15270 = FILL_AREA_STYLE('',(#15271));
#15271 = FILL_AREA_STYLE_COLOUR('',#14681);
#15272 = SURFACE_STYLE_RENDERING_WITH_PROPERTIES(.NORMAL_SHADING.,#14681
  ,(#15273));
#15273 = SURFACE_STYLE_TRANSPARENT(0.579999983311);
#15274 = CURVE_STYLE('',#15275,POSITIVE_LENGTH_MEASURE(0.1),#14686);
#15275 = DRAUGHTING_PRE_DEFINED_CURVE_FONT('continuous');
#15276 = MECHANICAL_DESIGN_GEOMETRIC_PRESENTATION_REPRESENTATION('',(
    #15277),#974);
#15277 = STYLED_ITEM('color',(#15278),#824);
#15278 = PRESENTATION_STYLE_ASSIGNMENT((#15279,#15284));
#15279 = SURFACE_STYLE_USAGE(.BOTH.,#15280);
#15280 = SURFACE_SIDE_STYLE('',(#15281));
#15281 = SURFACE_STYLE_FILL_AREA(#15282);
#15282 = FILL_AREA_STYLE('',(#15283));
#15283 = FILL_AREA_STYLE_COLOUR('',#14557);
#15284 = CURVE_STYLE('',#15285,POSITIVE_LENGTH_MEASURE(0.1),#14560);
#15285 = DRAUGHTING_PRE_DEFINED_CURVE_FONT('continuous');
#15286 = MECHANICAL_DESIGN_GEOMETRIC_PRESENTATION_REPRESENTATION('',(
    #15287),#11327);
#15287 = STYLED_ITEM('color',(#15288),#11177);
#15288 = PRESENTATION_STYLE_ASSIGNMENT((#15289,#15294));
#15289 = SURFACE_STYLE_USAGE(.BOTH.,#15290);
#15290 = SURFACE_SIDE_STYLE('',(#15291));
#15291 = SURFACE_STYLE_FILL_AREA(#15292);
#15292 = FILL_AREA_STYLE('',(#15293));
#15293 = FILL_AREA_STYLE_COLOUR('',#14695);
#15294 = CURVE_STYLE('',#15295,POSITIVE_LENGTH_MEASURE(0.1),#14698);
#15295 = DRAUGHTING_PRE_DEFINED_CURVE_FONT('continuous');
#15296 = MECHANICAL_DESIGN_GEOMETRIC_PRESENTATION_REPRESENTATION('',(
    #15297,#15306),#9060);
#15297 = STYLED_ITEM('color',(#15298),#8624);
#15298 = PRESENTATION_STYLE_ASSIGNMENT((#15299,#15304));
#15299 = SURFACE_STYLE_USAGE(.BOTH.,#15300);
#15300 = SURFACE_SIDE_STYLE('',(#15301));
#15301 = SURFACE_STYLE_FILL_AREA(#15302);
#15302 = FILL_AREA_STYLE('',(#15303));
#15303 = FILL_AREA_STYLE_COLOUR('',#14569);
#15304 = CURVE_STYLE('',#15305,POSITIVE_LENGTH_MEASURE(0.1),#14572);
#15305 = DRAUGHTING_PRE_DEFINED_CURVE_FONT('continuous');
#15306 = STYLED_ITEM('color',(#15307),#8774);
#15307 = PRESENTATION_STYLE_ASSIGNMENT((#15308,#15313));
#15308 = SURFACE_STYLE_USAGE(.BOTH.,#15309);
#15309 = SURFACE_SIDE_STYLE('',(#15310));
#15310 = SURFACE_STYLE_FILL_AREA(#15311);
#15311 = FILL_AREA_STYLE('',(#15312));
#15312 = FILL_AREA_STYLE_COLOUR('',#14569);
#15313 = CURVE_STYLE('',#15314,POSITIVE_LENGTH_MEASURE(0.1),#14572);
#15314 = DRAUGHTING_PRE_DEFINED_CURVE_FONT('continuous');
#15315 = MECHANICAL_DESIGN_GEOMETRIC_PRESENTATION_REPRESENTATION('',(
    #15316),#3509);
#15316 = STYLED_ITEM('color',(#15317),#3359);
#15317 = PRESENTATION_STYLE_ASSIGNMENT((#15318,#15323));
#15318 = SURFACE_STYLE_USAGE(.BOTH.,#15319);
#15319 = SURFACE_SIDE_STYLE('',(#15320));
#15320 = SURFACE_STYLE_FILL_AREA(#15321);
#15321 = FILL_AREA_STYLE('',(#15322));
#15322 = FILL_AREA_STYLE_COLOUR('',#14607);
#15323 = CURVE_STYLE('',#15324,POSITIVE_LENGTH_MEASURE(0.1),#14610);
#15324 = DRAUGHTING_PRE_DEFINED_CURVE_FONT('continuous');
#15325 = MECHANICAL_DESIGN_GEOMETRIC_PRESENTATION_REPRESENTATION('',(
    #15326),#9703);
#15326 = STYLED_ITEM('color',(#15327),#9417);
#15327 = PRESENTATION_STYLE_ASSIGNMENT((#15328,#15333));
#15328 = SURFACE_STYLE_USAGE(.BOTH.,#15329);
#15329 = SURFACE_SIDE_STYLE('',(#15330));
#15330 = SURFACE_STYLE_FILL_AREA(#15331);
#15331 = FILL_AREA_STYLE('',(#15332));
#15332 = FILL_AREA_STYLE_COLOUR('',#14569);
#15333 = CURVE_STYLE('',#15334,POSITIVE_LENGTH_MEASURE(0.1),#14572);
#15334 = DRAUGHTING_PRE_DEFINED_CURVE_FONT('continuous');
#15335 = MECHANICAL_DESIGN_GEOMETRIC_PRESENTATION_REPRESENTATION('',(
    #15336),#11834);
#15336 = STYLED_ITEM('color',(#15337),#11684);
#15337 = PRESENTATION_STYLE_ASSIGNMENT((#15338,#15345));
#15338 = SURFACE_STYLE_USAGE(.BOTH.,#15339);
#15339 = SURFACE_SIDE_STYLE('',(#15340,#15343));
#15340 = SURFACE_STYLE_FILL_AREA(#15341);
#15341 = FILL_AREA_STYLE('',(#15342));
#15342 = FILL_AREA_STYLE_COLOUR('',#14787);
#15343 = SURFACE_STYLE_RENDERING_WITH_PROPERTIES(.NORMAL_SHADING.,#14787
  ,(#15344));
#15344 = SURFACE_STYLE_TRANSPARENT(0.100000023842);
#15345 = CURVE_STYLE('',#15346,POSITIVE_LENGTH_MEASURE(0.1),#14792);
#15346 = DRAUGHTING_PRE_DEFINED_CURVE_FONT('continuous');
#15347 = MECHANICAL_DESIGN_GEOMETRIC_PRESENTATION_REPRESENTATION('',(
    #15348),#6201);
#15348 = STYLED_ITEM('color',(#15349),#6051);
#15349 = PRESENTATION_STYLE_ASSIGNMENT((#15350,#15355));
#15350 = SURFACE_STYLE_USAGE(.BOTH.,#15351);
#15351 = SURFACE_SIDE_STYLE('',(#15352));
#15352 = SURFACE_STYLE_FILL_AREA(#15353);
#15353 = FILL_AREA_STYLE('',(#15354));
#15354 = FILL_AREA_STYLE_COLOUR('',#14569);
#15355 = CURVE_STYLE('',#15356,POSITIVE_LENGTH_MEASURE(0.1),#14572);
#15356 = DRAUGHTING_PRE_DEFINED_CURVE_FONT('continuous');
#15357 = MECHANICAL_DESIGN_GEOMETRIC_PRESENTATION_REPRESENTATION('',(
    #15358),#11496);
#15358 = STYLED_ITEM('color',(#15359),#11346);
#15359 = PRESENTATION_STYLE_ASSIGNMENT((#15360,#15367));
#15360 = SURFACE_STYLE_USAGE(.BOTH.,#15361);
#15361 = SURFACE_SIDE_STYLE('',(#15362,#15365));
#15362 = SURFACE_STYLE_FILL_AREA(#15363);
#15363 = FILL_AREA_STYLE('',(#15364));
#15364 = FILL_AREA_STYLE_COLOUR('',#15258);
#15365 = SURFACE_STYLE_RENDERING_WITH_PROPERTIES(.NORMAL_SHADING.,#15258
  ,(#15366));
#15366 = SURFACE_STYLE_TRANSPARENT(0.579999983311);
#15367 = CURVE_STYLE('',#15368,POSITIVE_LENGTH_MEASURE(0.1),#15263);
#15368 = DRAUGHTING_PRE_DEFINED_CURVE_FONT('continuous');
#15369 = MECHANICAL_DESIGN_GEOMETRIC_PRESENTATION_REPRESENTATION('',(
    #15370),#2326);
#15370 = STYLED_ITEM('color',(#15371),#2176);
#15371 = PRESENTATION_STYLE_ASSIGNMENT((#15372,#15377));
#15372 = SURFACE_STYLE_USAGE(.BOTH.,#15373);
#15373 = SURFACE_SIDE_STYLE('',(#15374));
#15374 = SURFACE_STYLE_FILL_AREA(#15375);
#15375 = FILL_AREA_STYLE('',(#15376));
#15376 = FILL_AREA_STYLE_COLOUR('',#14607);
#15377 = CURVE_STYLE('',#15378,POSITIVE_LENGTH_MEASURE(0.1),#14610);
#15378 = DRAUGHTING_PRE_DEFINED_CURVE_FONT('continuous');
ENDSEC;
END-ISO-10303-21;
