# https://github.com/mikedh/trimesh

o geometry_0
v 5.00000000 20.00000000 0.00000000
v 5.00000000 20.00000000 0.50000000
v 5.00000000 40.00000000 0.00000000
v 5.00000000 40.00000000 0.50000000
v 29.00000000 20.00000000 0.00000000
v 29.00000000 20.00000000 0.50000000
v 29.00000000 40.00000000 0.00000000
v 29.00000000 40.00000000 0.50000000
f 2 4 1
f 5 2 1
f 1 4 3
f 3 5 1
f 2 8 4
f 6 2 5
f 6 8 2
f 4 8 3
f 7 5 3
f 3 8 7
f 7 6 5
f 8 6 7

o geometry_1
v 5.00000000 20.00000000 8.50000000
v 5.00000000 20.00000000 9.25000000
v 5.00000000 40.00000000 8.50000000
v 5.00000000 40.00000000 9.25000000
v 29.00000000 20.00000000 8.50000000
v 29.00000000 20.00000000 9.25000000
v 29.00000000 40.00000000 8.50000000
v 29.00000000 40.00000000 9.25000000
f 10 12 9
f 13 10 9
f 9 12 11
f 11 13 9
f 10 16 12
f 14 10 13
f 14 16 10
f 12 16 11
f 15 13 11
f 11 16 15
f 15 14 13
f 16 14 15

o geometry_2
v 5.00000000 20.00000000 0.50000000
v 5.00000000 20.00000000 8.50000000
v 5.00000000 20.50000000 0.50000000
v 5.00000000 20.50000000 8.50000000
v 29.00000000 20.00000000 0.50000000
v 29.00000000 20.00000000 8.50000000
v 29.00000000 20.50000000 0.50000000
v 29.00000000 20.50000000 8.50000000
f 18 20 17
f 21 18 17
f 17 20 19
f 19 21 17
f 18 24 20
f 22 18 21
f 22 24 18
f 20 24 19
f 23 21 19
f 19 24 23
f 23 22 21
f 24 22 23

o geometry_3
v 5.00000000 39.50000000 0.50000000
v 5.00000000 39.50000000 8.50000000
v 5.00000000 40.00000000 0.50000000
v 5.00000000 40.00000000 8.50000000
v 29.00000000 39.50000000 0.50000000
v 29.00000000 39.50000000 8.50000000
v 29.00000000 40.00000000 0.50000000
v 29.00000000 40.00000000 8.50000000
f 26 28 25
f 29 26 25
f 25 28 27
f 27 29 25
f 26 32 28
f 30 26 29
f 30 32 26
f 28 32 27
f 31 29 27
f 27 32 31
f 31 30 29
f 32 30 31

o geometry_4
v 5.00000000 20.50000000 0.50000000
v 5.00000000 20.50000000 8.50000000
v 5.00000000 21.30000000 0.50000000
v 5.00000000 21.30000000 8.50000000
v 5.50000000 20.50000000 0.50000000
v 5.50000000 20.50000000 8.50000000
v 5.50000000 21.30000000 0.50000000
v 5.50000000 21.30000000 8.50000000
f 34 36 33
f 37 34 33
f 33 36 35
f 35 37 33
f 34 40 36
f 38 34 37
f 38 40 34
f 36 40 35
f 39 37 35
f 35 40 39
f 39 38 37
f 40 38 39

o geometry_5
v 5.00000000 21.30000000 8.00000000
v 5.00000000 21.30000000 8.50000000
v 5.00000000 31.00000000 8.00000000
v 5.00000000 31.00000000 8.50000000
v 5.50000000 21.30000000 8.00000000
v 5.50000000 21.30000000 8.50000000
v 5.50000000 31.00000000 8.00000000
v 5.50000000 31.00000000 8.50000000
f 42 44 41
f 45 42 41
f 41 44 43
f 43 45 41
f 42 48 44
f 46 42 45
f 46 48 42
f 44 48 43
f 47 45 43
f 43 48 47
f 47 46 45
f 48 46 47

o geometry_6
v 5.00000000 31.00000000 0.50000000
v 5.00000000 31.00000000 8.50000000
v 5.00000000 39.50000000 0.50000000
v 5.00000000 39.50000000 8.50000000
v 5.50000000 31.00000000 0.50000000
v 5.50000000 31.00000000 8.50000000
v 5.50000000 39.50000000 0.50000000
v 5.50000000 39.50000000 8.50000000
f 50 52 49
f 53 50 49
f 49 52 51
f 51 53 49
f 50 56 52
f 54 50 53
f 54 56 50
f 52 56 51
f 55 53 51
f 51 56 55
f 55 54 53
f 56 54 55

o geometry_7
v 28.50000000 20.50000000 0.50000000
v 28.50000000 20.50000000 8.50000000
v 28.50000000 24.00000000 0.50000000
v 28.50000000 24.00000000 8.50000000
v 29.00000000 20.50000000 0.50000000
v 29.00000000 20.50000000 8.50000000
v 29.00000000 24.00000000 0.50000000
v 29.00000000 24.00000000 8.50000000
f 58 60 57
f 61 58 57
f 57 60 59
f 59 61 57
f 58 64 60
f 62 58 61
f 62 64 58
f 60 64 59
f 63 61 59
f 59 64 63
f 63 62 61
f 64 62 63

o geometry_8
v 28.50000000 24.00000000 0.50000000
v 28.50000000 24.00000000 3.50000000
v 28.50000000 27.00000000 0.50000000
v 28.50000000 27.00000000 3.50000000
v 29.00000000 24.00000000 0.50000000
v 29.00000000 24.00000000 3.50000000
v 29.00000000 27.00000000 0.50000000
v 29.00000000 27.00000000 3.50000000
f 66 68 65
f 69 66 65
f 65 68 67
f 67 69 65
f 66 72 68
f 70 66 69
f 70 72 66
f 68 72 67
f 71 69 67
f 67 72 71
f 71 70 69
f 72 70 71

o geometry_9
v 28.50000000 24.00000000 7.00000000
v 28.50000000 24.00000000 8.50000000
v 28.50000000 27.00000000 7.00000000
v 28.50000000 27.00000000 8.50000000
v 29.00000000 24.00000000 7.00000000
v 29.00000000 24.00000000 8.50000000
v 29.00000000 27.00000000 7.00000000
v 29.00000000 27.00000000 8.50000000
f 74 76 73
f 77 74 73
f 73 76 75
f 75 77 73
f 74 80 76
f 78 74 77
f 78 80 74
f 76 80 75
f 79 77 75
f 75 80 79
f 79 78 77
f 80 78 79

o geometry_10
v 28.50000000 27.00000000 0.50000000
v 28.50000000 27.00000000 8.50000000
v 28.50000000 32.30000000 0.50000000
v 28.50000000 32.30000000 8.50000000
v 29.00000000 27.00000000 0.50000000
v 29.00000000 27.00000000 8.50000000
v 29.00000000 32.30000000 0.50000000
v 29.00000000 32.30000000 8.50000000
f 82 84 81
f 85 82 81
f 81 84 83
f 83 85 81
f 82 88 84
f 86 82 85
f 86 88 82
f 84 88 83
f 87 85 83
f 83 88 87
f 87 86 85
f 88 86 87

o geometry_11
v 28.50000000 32.30000000 7.16700000
v 28.50000000 32.30000000 8.50000000
v 28.50000000 38.30000000 7.16700000
v 28.50000000 38.30000000 8.50000000
v 29.00000000 32.30000000 7.16700000
v 29.00000000 32.30000000 8.50000000
v 29.00000000 38.30000000 7.16700000
v 29.00000000 38.30000000 8.50000000
f 90 92 89
f 93 90 89
f 89 92 91
f 91 93 89
f 90 96 92
f 94 90 93
f 94 96 90
f 92 96 91
f 95 93 91
f 91 96 95
f 95 94 93
f 96 94 95

o geometry_12
v 28.50000000 38.30000000 0.50000000
v 28.50000000 38.30000000 8.50000000
v 28.50000000 39.50000000 0.50000000
v 28.50000000 39.50000000 8.50000000
v 29.00000000 38.30000000 0.50000000
v 29.00000000 38.30000000 8.50000000
v 29.00000000 39.50000000 0.50000000
v 29.00000000 39.50000000 8.50000000
f 98 100 97
f 101 98 97
f 97 100 99
f 99 101 97
f 98 104 100
f 102 98 101
f 102 104 98
f 100 104 99
f 103 101 99
f 99 104 103
f 103 102 101
f 104 102 103

o geometry_13
v 5.50000000 31.50000000 0.50000000
v 5.50000000 31.50000000 8.50000000
v 5.50000000 31.83000000 0.50000000
v 5.50000000 31.83000000 8.50000000
v 15.50000000 31.50000000 0.50000000
v 15.50000000 31.50000000 8.50000000
v 15.50000000 31.83000000 0.50000000
v 15.50000000 31.83000000 8.50000000
f 106 108 105
f 109 106 105
f 105 108 107
f 107 109 105
f 106 112 108
f 110 106 109
f 110 112 106
f 108 112 107
f 111 109 107
f 107 112 111
f 111 110 109
f 112 110 111

o geometry_14
v 15.50000000 31.50000000 7.16700000
v 15.50000000 31.50000000 8.50000000
v 15.50000000 31.83000000 7.16700000
v 15.50000000 31.83000000 8.50000000
v 18.50000000 31.50000000 7.16700000
v 18.50000000 31.50000000 8.50000000
v 18.50000000 31.83000000 7.16700000
v 18.50000000 31.83000000 8.50000000
f 114 116 113
f 117 114 113
f 113 116 115
f 115 117 113
f 114 120 116
f 118 114 117
f 118 120 114
f 116 120 115
f 119 117 115
f 115 120 119
f 119 118 117
f 120 118 119

o geometry_15
v 18.50000000 31.50000000 0.50000000
v 18.50000000 31.50000000 8.50000000
v 18.50000000 31.83000000 0.50000000
v 18.50000000 31.83000000 8.50000000
v 28.50000000 31.50000000 0.50000000
v 28.50000000 31.50000000 8.50000000
v 28.50000000 31.83000000 0.50000000
v 28.50000000 31.83000000 8.50000000
f 122 124 121
f 125 122 121
f 121 124 123
f 123 125 121
f 122 128 124
f 126 122 125
f 126 128 122
f 124 128 123
f 127 125 123
f 123 128 127
f 127 126 125
f 128 126 127

o geometry_16
v 5.50000000 35.08000000 0.50000000
v 5.50000000 35.08000000 8.50000000
v 5.50000000 35.41000000 0.50000000
v 5.50000000 35.41000000 8.50000000
v 8.50000000 35.08000000 0.50000000
v 8.50000000 35.08000000 8.50000000
v 8.50000000 35.41000000 0.50000000
v 8.50000000 35.41000000 8.50000000
f 130 132 129
f 133 130 129
f 129 132 131
f 131 133 129
f 130 136 132
f 134 130 133
f 134 136 130
f 132 136 131
f 135 133 131
f 131 136 135
f 135 134 133
f 136 134 135

o geometry_17
v 8.50000000 35.08000000 7.16700000
v 8.50000000 35.08000000 8.50000000
v 8.50000000 35.41000000 7.16700000
v 8.50000000 35.41000000 8.50000000
v 11.00000000 35.08000000 7.16700000
v 11.00000000 35.08000000 8.50000000
v 11.00000000 35.41000000 7.16700000
v 11.00000000 35.41000000 8.50000000
f 138 140 137
f 141 138 137
f 137 140 139
f 139 141 137
f 138 144 140
f 142 138 141
f 142 144 138
f 140 144 139
f 143 141 139
f 139 144 143
f 143 142 141
f 144 142 143

o geometry_18
v 11.00000000 35.08000000 0.50000000
v 11.00000000 35.08000000 8.50000000
v 11.00000000 35.41000000 0.50000000
v 11.00000000 35.41000000 8.50000000
v 15.50000000 35.08000000 0.50000000
v 15.50000000 35.08000000 8.50000000
v 15.50000000 35.41000000 0.50000000
v 15.50000000 35.41000000 8.50000000
f 146 148 145
f 149 146 145
f 145 148 147
f 147 149 145
f 146 152 148
f 150 146 149
f 150 152 146
f 148 152 147
f 151 149 147
f 147 152 151
f 151 150 149
f 152 150 151

o geometry_19
v 15.50000000 35.08000000 7.16700000
v 15.50000000 35.08000000 8.50000000
v 15.50000000 35.41000000 7.16700000
v 15.50000000 35.41000000 8.50000000
v 18.00000000 35.08000000 7.16700000
v 18.00000000 35.08000000 8.50000000
v 18.00000000 35.41000000 7.16700000
v 18.00000000 35.41000000 8.50000000
f 154 156 153
f 157 154 153
f 153 156 155
f 155 157 153
f 154 160 156
f 158 154 157
f 158 160 154
f 156 160 155
f 159 157 155
f 155 160 159
f 159 158 157
f 160 158 159

o geometry_20
v 18.00000000 35.08000000 0.50000000
v 18.00000000 35.08000000 8.50000000
v 18.00000000 35.41000000 0.50000000
v 18.00000000 35.41000000 8.50000000
v 19.00000000 35.08000000 0.50000000
v 19.00000000 35.08000000 8.50000000
v 19.00000000 35.41000000 0.50000000
v 19.00000000 35.41000000 8.50000000
f 162 164 161
f 165 162 161
f 161 164 163
f 163 165 161
f 162 168 164
f 166 162 165
f 166 168 162
f 164 168 163
f 167 165 163
f 163 168 167
f 167 166 165
f 168 166 167

o geometry_21
v 12.50000000 35.41000000 0.50000000
v 12.50000000 35.41000000 8.50000000
v 12.50000000 39.50000000 0.50000000
v 12.50000000 39.50000000 8.50000000
v 12.83000000 35.41000000 0.50000000
v 12.83000000 35.41000000 8.50000000
v 12.83000000 39.50000000 0.50000000
v 12.83000000 39.50000000 8.50000000
f 170 172 169
f 173 170 169
f 169 172 171
f 171 173 169
f 170 176 172
f 174 170 173
f 174 176 170
f 172 176 171
f 175 173 171
f 171 176 175
f 175 174 173
f 176 174 175

o geometry_22
v 19.00000000 31.83000000 0.50000000
v 19.00000000 31.83000000 8.50000000
v 19.00000000 31.95000000 0.50000000
v 19.00000000 31.95000000 8.50000000
v 19.33000000 31.83000000 0.50000000
v 19.33000000 31.83000000 8.50000000
v 19.33000000 31.95000000 0.50000000
v 19.33000000 31.95000000 8.50000000
f 178 180 177
f 181 178 177
f 177 180 179
f 179 181 177
f 178 184 180
f 182 178 181
f 182 184 178
f 180 184 179
f 183 181 179
f 179 184 183
f 183 182 181
f 184 182 183

o geometry_23
v 19.00000000 31.95000000 7.16700000
v 19.00000000 31.95000000 8.50000000
v 19.00000000 34.75000000 7.16700000
v 19.00000000 34.75000000 8.50000000
v 19.33000000 31.95000000 7.16700000
v 19.33000000 31.95000000 8.50000000
v 19.33000000 34.75000000 7.16700000
v 19.33000000 34.75000000 8.50000000
f 186 188 185
f 189 186 185
f 185 188 187
f 187 189 185
f 186 192 188
f 190 186 189
f 190 192 186
f 188 192 187
f 191 189 187
f 187 192 191
f 191 190 189
f 192 190 191

o geometry_24
v 19.00000000 34.75000000 0.50000000
v 19.00000000 34.75000000 8.50000000
v 19.00000000 39.50000000 0.50000000
v 19.00000000 39.50000000 8.50000000
v 19.33000000 34.75000000 0.50000000
v 19.33000000 34.75000000 8.50000000
v 19.33000000 39.50000000 0.50000000
v 19.33000000 39.50000000 8.50000000
f 194 196 193
f 197 194 193
f 193 196 195
f 195 197 193
f 194 200 196
f 198 194 197
f 198 200 194
f 196 200 195
f 199 197 195
f 195 200 199
f 199 198 197
f 200 198 199

o geometry_25
v 5.00000000 20.00000000 9.25000000
v 5.00000000 20.00000000 16.00000000
v 5.00000000 20.50000000 9.25000000
v 5.00000000 20.50000000 16.00000000
v 16.50000000 20.00000000 9.25000000
v 16.50000000 20.00000000 16.00000000
v 16.50000000 20.50000000 9.25000000
v 16.50000000 20.50000000 16.00000000
f 202 204 201
f 205 202 201
f 201 204 203
f 203 205 201
f 202 208 204
f 206 202 205
f 206 208 202
f 204 208 203
f 207 205 203
f 203 208 207
f 207 206 205
f 208 206 207

o geometry_26
v 16.50000000 20.00000000 15.91700000
v 16.50000000 20.00000000 16.00000000
v 16.50000000 20.50000000 15.91700000
v 16.50000000 20.50000000 16.00000000
v 19.50000000 20.00000000 15.91700000
v 19.50000000 20.00000000 16.00000000
v 19.50000000 20.50000000 15.91700000
v 19.50000000 20.50000000 16.00000000
f 210 212 209
f 213 210 209
f 209 212 211
f 211 213 209
f 210 216 212
f 214 210 213
f 214 216 210
f 212 216 211
f 215 213 211
f 211 216 215
f 215 214 213
f 216 214 215

o geometry_27
v 19.50000000 20.00000000 9.25000000
v 19.50000000 20.00000000 16.00000000
v 19.50000000 20.50000000 9.25000000
v 19.50000000 20.50000000 16.00000000
v 21.00000000 20.00000000 9.25000000
v 21.00000000 20.00000000 16.00000000
v 21.00000000 20.50000000 9.25000000
v 21.00000000 20.50000000 16.00000000
f 218 220 217
f 221 218 217
f 217 220 219
f 219 221 217
f 218 224 220
f 222 218 221
f 222 224 218
f 220 224 219
f 223 221 219
f 219 224 223
f 223 222 221
f 224 222 223

o geometry_28
v 21.00000000 20.00000000 9.25000000
v 21.00000000 20.00000000 11.55000000
v 21.00000000 20.50000000 9.25000000
v 21.00000000 20.50000000 11.55000000
v 26.00000000 20.00000000 9.25000000
v 26.00000000 20.00000000 11.55000000
v 26.00000000 20.50000000 9.25000000
v 26.00000000 20.50000000 11.55000000
f 226 228 225
f 229 226 225
f 225 228 227
f 227 229 225
f 226 232 228
f 230 226 229
f 230 232 226
f 228 232 227
f 231 229 227
f 227 232 231
f 231 230 229
f 232 230 231

o geometry_29
v 21.00000000 20.00000000 15.05000000
v 21.00000000 20.00000000 16.00000000
v 21.00000000 20.50000000 15.05000000
v 21.00000000 20.50000000 16.00000000
v 26.00000000 20.00000000 15.05000000
v 26.00000000 20.00000000 16.00000000
v 26.00000000 20.50000000 15.05000000
v 26.00000000 20.50000000 16.00000000
f 234 236 233
f 237 234 233
f 233 236 235
f 235 237 233
f 234 240 236
f 238 234 237
f 238 240 234
f 236 240 235
f 239 237 235
f 235 240 239
f 239 238 237
f 240 238 239

o geometry_30
v 26.00000000 20.00000000 9.25000000
v 26.00000000 20.00000000 16.00000000
v 26.00000000 20.50000000 9.25000000
v 26.00000000 20.50000000 16.00000000
v 29.00000000 20.00000000 9.25000000
v 29.00000000 20.00000000 16.00000000
v 29.00000000 20.50000000 9.25000000
v 29.00000000 20.50000000 16.00000000
f 242 244 241
f 245 242 241
f 241 244 243
f 243 245 241
f 242 248 244
f 246 242 245
f 246 248 242
f 244 248 243
f 247 245 243
f 243 248 247
f 247 246 245
f 248 246 247

o geometry_31
v 5.00000000 39.50000000 9.25000000
v 5.00000000 39.50000000 16.00000000
v 5.00000000 40.00000000 9.25000000
v 5.00000000 40.00000000 16.00000000
v 29.00000000 39.50000000 9.25000000
v 29.00000000 39.50000000 16.00000000
v 29.00000000 40.00000000 9.25000000
v 29.00000000 40.00000000 16.00000000
f 250 252 249
f 253 250 249
f 249 252 251
f 251 253 249
f 250 256 252
f 254 250 253
f 254 256 250
f 252 256 251
f 255 253 251
f 251 256 255
f 255 254 253
f 256 254 255

o geometry_32
v 5.00000000 20.50000000 9.25000000
v 5.00000000 20.50000000 16.00000000
v 5.00000000 23.00000000 9.25000000
v 5.00000000 23.00000000 16.00000000
v 5.50000000 20.50000000 9.25000000
v 5.50000000 20.50000000 16.00000000
v 5.50000000 23.00000000 9.25000000
v 5.50000000 23.00000000 16.00000000
f 258 260 257
f 261 258 257
f 257 260 259
f 259 261 257
f 258 264 260
f 262 258 261
f 262 264 258
f 260 264 259
f 263 261 259
f 259 264 263
f 263 262 261
f 264 262 263

o geometry_33
v 5.00000000 23.00000000 9.25000000
v 5.00000000 23.00000000 11.55000000
v 5.00000000 26.50000000 9.25000000
v 5.00000000 26.50000000 11.55000000
v 5.50000000 23.00000000 9.25000000
v 5.50000000 23.00000000 11.55000000
v 5.50000000 26.50000000 9.25000000
v 5.50000000 26.50000000 11.55000000
f 266 268 265
f 269 266 265
f 265 268 267
f 267 269 265
f 266 272 268
f 270 266 269
f 270 272 266
f 268 272 267
f 271 269 267
f 267 272 271
f 271 270 269
f 272 270 271

o geometry_34
v 5.00000000 23.00000000 15.05000000
v 5.00000000 23.00000000 16.00000000
v 5.00000000 26.50000000 15.05000000
v 5.00000000 26.50000000 16.00000000
v 5.50000000 23.00000000 15.05000000
v 5.50000000 23.00000000 16.00000000
v 5.50000000 26.50000000 15.05000000
v 5.50000000 26.50000000 16.00000000
f 274 276 273
f 277 274 273
f 273 276 275
f 275 277 273
f 274 280 276
f 278 274 277
f 278 280 274
f 276 280 275
f 279 277 275
f 275 280 279
f 279 278 277
f 280 278 279

o geometry_35
v 5.00000000 26.50000000 9.25000000
v 5.00000000 26.50000000 16.00000000
v 5.00000000 39.50000000 9.25000000
v 5.00000000 39.50000000 16.00000000
v 5.50000000 26.50000000 9.25000000
v 5.50000000 26.50000000 16.00000000
v 5.50000000 39.50000000 9.25000000
v 5.50000000 39.50000000 16.00000000
f 282 284 281
f 285 282 281
f 281 284 283
f 283 285 281
f 282 288 284
f 286 282 285
f 286 288 282
f 284 288 283
f 287 285 283
f 283 288 287
f 287 286 285
f 288 286 287

o geometry_36
v 28.50000000 20.50000000 9.25000000
v 28.50000000 20.50000000 16.00000000
v 28.50000000 21.50000000 9.25000000
v 28.50000000 21.50000000 16.00000000
v 29.00000000 20.50000000 9.25000000
v 29.00000000 20.50000000 16.00000000
v 29.00000000 21.50000000 9.25000000
v 29.00000000 21.50000000 16.00000000
f 290 292 289
f 293 290 289
f 289 292 291
f 291 293 289
f 290 296 292
f 294 290 293
f 294 296 290
f 292 296 291
f 295 293 291
f 291 296 295
f 295 294 293
f 296 294 295

o geometry_37
v 28.50000000 21.50000000 15.91700000
v 28.50000000 21.50000000 16.00000000
v 28.50000000 27.50000000 15.91700000
v 28.50000000 27.50000000 16.00000000
v 29.00000000 21.50000000 15.91700000
v 29.00000000 21.50000000 16.00000000
v 29.00000000 27.50000000 15.91700000
v 29.00000000 27.50000000 16.00000000
f 298 300 297
f 301 298 297
f 297 300 299
f 299 301 297
f 298 304 300
f 302 298 301
f 302 304 298
f 300 304 299
f 303 301 299
f 299 304 303
f 303 302 301
f 304 302 303

o geometry_38
v 28.50000000 27.50000000 9.25000000
v 28.50000000 27.50000000 16.00000000
v 28.50000000 35.00000000 9.25000000
v 28.50000000 35.00000000 16.00000000
v 29.00000000 27.50000000 9.25000000
v 29.00000000 27.50000000 16.00000000
v 29.00000000 35.00000000 9.25000000
v 29.00000000 35.00000000 16.00000000
f 306 308 305
f 309 306 305
f 305 308 307
f 307 309 305
f 306 312 308
f 310 306 309
f 310 312 306
f 308 312 307
f 311 309 307
f 307 312 311
f 311 310 309
f 312 310 311

o geometry_39
v 28.50000000 35.00000000 9.25000000
v 28.50000000 35.00000000 11.55000000
v 28.50000000 38.50000000 9.25000000
v 28.50000000 38.50000000 11.55000000
v 29.00000000 35.00000000 9.25000000
v 29.00000000 35.00000000 11.55000000
v 29.00000000 38.50000000 9.25000000
v 29.00000000 38.50000000 11.55000000
f 314 316 313
f 317 314 313
f 313 316 315
f 315 317 313
f 314 320 316
f 318 314 317
f 318 320 314
f 316 320 315
f 319 317 315
f 315 320 319
f 319 318 317
f 320 318 319

o geometry_40
v 28.50000000 35.00000000 15.05000000
v 28.50000000 35.00000000 16.00000000
v 28.50000000 38.50000000 15.05000000
v 28.50000000 38.50000000 16.00000000
v 29.00000000 35.00000000 15.05000000
v 29.00000000 35.00000000 16.00000000
v 29.00000000 38.50000000 15.05000000
v 29.00000000 38.50000000 16.00000000
f 322 324 321
f 325 322 321
f 321 324 323
f 323 325 321
f 322 328 324
f 326 322 325
f 326 328 322
f 324 328 323
f 327 325 323
f 323 328 327
f 327 326 325
f 328 326 327

o geometry_41
v 28.50000000 38.50000000 9.25000000
v 28.50000000 38.50000000 16.00000000
v 28.50000000 39.50000000 9.25000000
v 28.50000000 39.50000000 16.00000000
v 29.00000000 38.50000000 9.25000000
v 29.00000000 38.50000000 16.00000000
v 29.00000000 39.50000000 9.25000000
v 29.00000000 39.50000000 16.00000000
f 330 332 329
f 333 330 329
f 329 332 331
f 331 333 329
f 330 336 332
f 334 330 333
f 334 336 330
f 332 336 331
f 335 333 331
f 331 336 335
f 335 334 333
f 336 334 335

o geometry_42
v 15.20000000 20.50000000 9.25000000
v 15.20000000 20.50000000 16.00000000
v 15.20000000 27.10000000 9.25000000
v 15.20000000 27.10000000 16.00000000
v 15.53000000 20.50000000 9.25000000
v 15.53000000 20.50000000 16.00000000
v 15.53000000 27.10000000 9.25000000
v 15.53000000 27.10000000 16.00000000
f 338 340 337
f 341 338 337
f 337 340 339
f 339 341 337
f 338 344 340
f 342 338 341
f 342 344 338
f 340 344 339
f 343 341 339
f 339 344 343
f 343 342 341
f 344 342 343

o geometry_43
v 15.20000000 27.10000000 15.91700000
v 15.20000000 27.10000000 16.00000000
v 15.20000000 29.50000000 15.91700000
v 15.20000000 29.50000000 16.00000000
v 15.53000000 27.10000000 15.91700000
v 15.53000000 27.10000000 16.00000000
v 15.53000000 29.50000000 15.91700000
v 15.53000000 29.50000000 16.00000000
f 346 348 345
f 349 346 345
f 345 348 347
f 347 349 345
f 346 352 348
f 350 346 349
f 350 352 346
f 348 352 347
f 351 349 347
f 347 352 351
f 351 350 349
f 352 350 351

o geometry_44
v 15.20000000 29.50000000 9.25000000
v 15.20000000 29.50000000 16.00000000
v 15.20000000 30.00000000 9.25000000
v 15.20000000 30.00000000 16.00000000
v 15.53000000 29.50000000 9.25000000
v 15.53000000 29.50000000 16.00000000
v 15.53000000 30.00000000 9.25000000
v 15.53000000 30.00000000 16.00000000
f 354 356 353
f 357 354 353
f 353 356 355
f 355 357 353
f 354 360 356
f 358 354 357
f 358 360 354
f 356 360 355
f 359 357 355
f 355 360 359
f 359 358 357
f 360 358 359

o geometry_45
v 5.50000000 30.00000000 9.25000000
v 5.50000000 30.00000000 16.00000000
v 5.50000000 30.33000000 9.25000000
v 5.50000000 30.33000000 16.00000000
v 6.00000000 30.00000000 9.25000000
v 6.00000000 30.00000000 16.00000000
v 6.00000000 30.33000000 9.25000000
v 6.00000000 30.33000000 16.00000000
f 362 364 361
f 365 362 361
f 361 364 363
f 363 365 361
f 362 368 364
f 366 362 365
f 366 368 362
f 364 368 363
f 367 365 363
f 363 368 367
f 367 366 365
f 368 366 367

o geometry_46
v 6.00000000 30.00000000 15.91700000
v 6.00000000 30.00000000 16.00000000
v 6.00000000 30.33000000 15.91700000
v 6.00000000 30.33000000 16.00000000
v 11.50000000 30.00000000 15.91700000
v 11.50000000 30.00000000 16.00000000
v 11.50000000 30.33000000 15.91700000
v 11.50000000 30.33000000 16.00000000
f 370 372 369
f 373 370 369
f 369 372 371
f 371 373 369
f 370 376 372
f 374 370 373
f 374 376 370
f 372 376 371
f 375 373 371
f 371 376 375
f 375 374 373
f 376 374 375

o geometry_47
v 11.50000000 30.00000000 9.25000000
v 11.50000000 30.00000000 16.00000000
v 11.50000000 30.33000000 9.25000000
v 11.50000000 30.33000000 16.00000000
v 15.53000000 30.00000000 9.25000000
v 15.53000000 30.00000000 16.00000000
v 15.53000000 30.33000000 9.25000000
v 15.53000000 30.33000000 16.00000000
f 378 380 377
f 381 378 377
f 377 380 379
f 379 381 377
f 378 384 380
f 382 378 381
f 382 384 378
f 380 384 379
f 383 381 379
f 379 384 383
f 383 382 381
f 384 382 383

o geometry_48
v 12.50000000 30.33000000 9.25000000
v 12.50000000 30.33000000 16.00000000
v 12.50000000 33.50000000 9.25000000
v 12.50000000 33.50000000 16.00000000
v 12.83000000 30.33000000 9.25000000
v 12.83000000 30.33000000 16.00000000
v 12.83000000 33.50000000 9.25000000
v 12.83000000 33.50000000 16.00000000
f 386 388 385
f 389 386 385
f 385 388 387
f 387 389 385
f 386 392 388
f 390 386 389
f 390 392 386
f 388 392 387
f 391 389 387
f 387 392 391
f 391 390 389
f 392 390 391

o geometry_49
v 5.50000000 33.50000000 9.25000000
v 5.50000000 33.50000000 16.00000000
v 5.50000000 33.83000000 9.25000000
v 5.50000000 33.83000000 16.00000000
v 12.83000000 33.50000000 9.25000000
v 12.83000000 33.50000000 16.00000000
v 12.83000000 33.83000000 9.25000000
v 12.83000000 33.83000000 16.00000000
f 394 396 393
f 397 394 393
f 393 396 395
f 395 397 393
f 394 400 396
f 398 394 397
f 398 400 394
f 396 400 395
f 399 397 395
f 395 400 399
f 399 398 397
f 400 398 399

o geometry_50
v 12.50000000 33.83000000 9.25000000
v 12.50000000 33.83000000 16.00000000
v 12.50000000 34.00000000 9.25000000
v 12.50000000 34.00000000 16.00000000
v 12.83000000 33.83000000 9.25000000
v 12.83000000 33.83000000 16.00000000
v 12.83000000 34.00000000 9.25000000
v 12.83000000 34.00000000 16.00000000
f 402 404 401
f 405 402 401
f 401 404 403
f 403 405 401
f 402 408 404
f 406 402 405
f 406 408 402
f 404 408 403
f 407 405 403
f 403 408 407
f 407 406 405
f 408 406 407

o geometry_51
v 12.50000000 34.00000000 15.91700000
v 12.50000000 34.00000000 16.00000000
v 12.50000000 36.50000000 15.91700000
v 12.50000000 36.50000000 16.00000000
v 12.83000000 34.00000000 15.91700000
v 12.83000000 34.00000000 16.00000000
v 12.83000000 36.50000000 15.91700000
v 12.83000000 36.50000000 16.00000000
f 410 412 409
f 413 410 409
f 409 412 411
f 411 413 409
f 410 416 412
f 414 410 413
f 414 416 410
f 412 416 411
f 415 413 411
f 411 416 415
f 415 414 413
f 416 414 415

o geometry_52
v 12.50000000 36.50000000 9.25000000
v 12.50000000 36.50000000 16.00000000
v 12.50000000 39.50000000 9.25000000
v 12.50000000 39.50000000 16.00000000
v 12.83000000 36.50000000 9.25000000
v 12.83000000 36.50000000 16.00000000
v 12.83000000 39.50000000 9.25000000
v 12.83000000 39.50000000 16.00000000
f 418 420 417
f 421 418 417
f 417 420 419
f 419 421 417
f 418 424 420
f 422 418 421
f 422 424 418
f 420 424 419
f 423 421 419
f 419 424 423
f 423 422 421
f 424 422 423

o geometry_53
v 15.83000000 36.30000000 9.25000000
v 15.83000000 36.30000000 16.00000000
v 15.83000000 39.50000000 9.25000000
v 15.83000000 39.50000000 16.00000000
v 16.16000000 36.30000000 9.25000000
v 16.16000000 36.30000000 16.00000000
v 16.16000000 39.50000000 9.25000000
v 16.16000000 39.50000000 16.00000000
f 426 428 425
f 429 426 425
f 425 428 427
f 427 429 425
f 426 432 428
f 430 426 429
f 430 432 426
f 428 432 427
f 431 429 427
f 427 432 431
f 431 430 429
f 432 430 431

o geometry_54
v 5.00000000 20.00000000 16.00000000
v 5.00000000 40.00000000 16.00000000
v 5.00000000 30.00000000 19.83333300
v 5.50000000 20.00000000 16.00000000
v 5.50000000 40.00000000 16.00000000
v 5.50000000 30.00000000 19.83333300
f 433 435 434
f 436 437 438
f 433 434 437
f 433 437 436
f 434 435 438
f 434 438 437
f 435 433 436
f 435 436 438

o geometry_55
v 28.50000000 20.00000000 16.00000000
v 28.50000000 40.00000000 16.00000000
v 28.50000000 30.00000000 19.83333300
v 29.00000000 20.00000000 16.00000000
v 29.00000000 40.00000000 16.00000000
v 29.00000000 30.00000000 19.83333300
f 439 441 440
f 442 443 444
f 439 440 443
f 439 443 442
f 440 441 444
f 440 444 443
f 441 439 442
f 441 442 444

o geometry_56
v 5.12000000 21.30000000 0.50000000
v 5.12000000 21.30000000 8.00000000
v 5.12000000 31.00000000 0.50000000
v 5.12000000 31.00000000 8.00000000
v 5.19000000 21.30000000 0.50000000
v 5.19000000 21.30000000 8.00000000
v 5.19000000 31.00000000 0.50000000
v 5.19000000 31.00000000 8.00000000
f 446 448 445
f 449 446 445
f 445 448 447
f 447 449 445
f 446 452 448
f 450 446 449
f 450 452 446
f 448 452 447
f 451 449 447
f 447 452 451
f 451 450 449
f 452 450 451

o geometry_57
v 5.12000000 21.30000000 0.50000000
v 5.12000000 21.30000000 8.00000000
v 5.12000000 21.40000000 0.50000000
v 5.12000000 21.40000000 8.00000000
v 5.24000000 21.30000000 0.50000000
v 5.24000000 21.30000000 8.00000000
v 5.24000000 21.40000000 0.50000000
v 5.24000000 21.40000000 8.00000000
f 454 456 453
f 457 454 453
f 453 456 455
f 455 457 453
f 454 460 456
f 458 454 457
f 458 460 454
f 456 460 455
f 459 457 455
f 455 460 459
f 459 458 457
f 460 458 459

o geometry_58
v 5.12000000 30.90000000 0.50000000
v 5.12000000 30.90000000 8.00000000
v 5.12000000 31.00000000 0.50000000
v 5.12000000 31.00000000 8.00000000
v 5.24000000 30.90000000 0.50000000
v 5.24000000 30.90000000 8.00000000
v 5.24000000 31.00000000 0.50000000
v 5.24000000 31.00000000 8.00000000
f 462 464 461
f 465 462 461
f 461 464 463
f 463 465 461
f 462 468 464
f 466 462 465
f 466 468 462
f 464 468 463
f 467 465 463
f 463 468 467
f 467 466 465
f 468 466 467

o geometry_59
v 5.12000000 21.30000000 0.50000000
v 5.12000000 21.30000000 0.62000000
v 5.12000000 31.00000000 0.50000000
v 5.12000000 31.00000000 0.62000000
v 5.24000000 21.30000000 0.50000000
v 5.24000000 21.30000000 0.62000000
v 5.24000000 31.00000000 0.50000000
v 5.24000000 31.00000000 0.62000000
f 470 472 469
f 473 470 469
f 469 472 471
f 471 473 469
f 470 476 472
f 474 470 473
f 474 476 470
f 472 476 471
f 475 473 471
f 471 476 475
f 475 474 473
f 476 474 475

o geometry_60
v 5.12000000 21.30000000 7.88000000
v 5.12000000 21.30000000 8.00000000
v 5.12000000 31.00000000 7.88000000
v 5.12000000 31.00000000 8.00000000
v 5.24000000 21.30000000 7.88000000
v 5.24000000 21.30000000 8.00000000
v 5.24000000 31.00000000 7.88000000
v 5.24000000 31.00000000 8.00000000
f 478 480 477
f 481 478 477
f 477 480 479
f 479 481 477
f 478 484 480
f 482 478 481
f 482 484 478
f 480 484 479
f 483 481 479
f 479 484 483
f 483 482 481
f 484 482 483

o geometry_61
v 5.12000000 26.11000000 0.50000000
v 5.12000000 26.11000000 8.00000000
v 5.12000000 26.19000000 0.50000000
v 5.12000000 26.19000000 8.00000000
v 5.24000000 26.11000000 0.50000000
v 5.24000000 26.11000000 8.00000000
v 5.24000000 26.19000000 0.50000000
v 5.24000000 26.19000000 8.00000000
f 486 488 485
f 489 486 485
f 485 488 487
f 487 489 485
f 486 492 488
f 490 486 489
f 490 492 486
f 488 492 487
f 491 489 487
f 487 492 491
f 491 490 489
f 492 490 491

o geometry_62
v 5.12000000 21.30000000 2.37500000
v 5.12000000 21.30000000 2.42000000
v 5.12000000 31.00000000 2.37500000
v 5.12000000 31.00000000 2.42000000
v 5.24000000 21.30000000 2.37500000
v 5.24000000 21.30000000 2.42000000
v 5.24000000 31.00000000 2.37500000
v 5.24000000 31.00000000 2.42000000
f 494 496 493
f 497 494 493
f 493 496 495
f 495 497 493
f 494 500 496
f 498 494 497
f 498 500 494
f 496 500 495
f 499 497 495
f 495 500 499
f 499 498 497
f 500 498 499

o geometry_63
v 5.12000000 21.30000000 4.25000000
v 5.12000000 21.30000000 4.29500000
v 5.12000000 31.00000000 4.25000000
v 5.12000000 31.00000000 4.29500000
v 5.24000000 21.30000000 4.25000000
v 5.24000000 21.30000000 4.29500000
v 5.24000000 31.00000000 4.25000000
v 5.24000000 31.00000000 4.29500000
f 502 504 501
f 505 502 501
f 501 504 503
f 503 505 501
f 502 508 504
f 506 502 505
f 506 508 502
f 504 508 503
f 507 505 503
f 503 508 507
f 507 506 505
f 508 506 507

o geometry_64
v 5.12000000 21.30000000 6.12500000
v 5.12000000 21.30000000 6.17000000
v 5.12000000 31.00000000 6.12500000
v 5.12000000 31.00000000 6.17000000
v 5.24000000 21.30000000 6.12500000
v 5.24000000 21.30000000 6.17000000
v 5.24000000 31.00000000 6.12500000
v 5.24000000 31.00000000 6.17000000
f 510 512 509
f 513 510 509
f 509 512 511
f 511 513 509
f 510 516 512
f 514 510 513
f 514 516 510
f 512 516 511
f 515 513 511
f 511 516 515
f 515 514 513
f 516 514 515

o geometry_65
v 5.12000000 21.70000000 6.70000000
v 5.12000000 21.70000000 7.50000000
v 5.12000000 23.50000000 6.70000000
v 5.12000000 23.50000000 7.50000000
v 5.24000000 21.70000000 6.70000000
v 5.24000000 21.70000000 7.50000000
v 5.24000000 23.50000000 6.70000000
v 5.24000000 23.50000000 7.50000000
f 518 520 517
f 521 518 517
f 517 520 519
f 519 521 517
f 518 524 520
f 522 518 521
f 522 524 518
f 520 524 519
f 523 521 519
f 519 524 523
f 523 522 521
f 524 522 523

o geometry_66
v 5.12000000 24.00000000 6.70000000
v 5.12000000 24.00000000 7.50000000
v 5.12000000 25.80000000 6.70000000
v 5.12000000 25.80000000 7.50000000
v 5.24000000 24.00000000 6.70000000
v 5.24000000 24.00000000 7.50000000
v 5.24000000 25.80000000 6.70000000
v 5.24000000 25.80000000 7.50000000
f 526 528 525
f 529 526 525
f 525 528 527
f 527 529 525
f 526 532 528
f 530 526 529
f 530 532 526
f 528 532 527
f 531 529 527
f 527 532 531
f 531 530 529
f 532 530 531

o geometry_67
v 5.12000000 26.30000000 6.70000000
v 5.12000000 26.30000000 7.50000000
v 5.12000000 28.10000000 6.70000000
v 5.12000000 28.10000000 7.50000000
v 5.24000000 26.30000000 6.70000000
v 5.24000000 26.30000000 7.50000000
v 5.24000000 28.10000000 6.70000000
v 5.24000000 28.10000000 7.50000000
f 534 536 533
f 537 534 533
f 533 536 535
f 535 537 533
f 534 540 536
f 538 534 537
f 538 540 534
f 536 540 535
f 539 537 535
f 535 540 539
f 539 538 537
f 540 538 539

o geometry_68
v 5.12000000 28.60000000 6.70000000
v 5.12000000 28.60000000 7.50000000
v 5.12000000 30.40000000 6.70000000
v 5.12000000 30.40000000 7.50000000
v 5.24000000 28.60000000 6.70000000
v 5.24000000 28.60000000 7.50000000
v 5.24000000 30.40000000 6.70000000
v 5.24000000 30.40000000 7.50000000
f 542 544 541
f 545 542 541
f 541 544 543
f 543 545 541
f 542 548 544
f 546 542 545
f 546 548 542
f 544 548 543
f 547 545 543
f 543 548 547
f 547 546 545
f 548 546 547

o geometry_69
v 28.80000000 24.00000000 3.50000000
v 28.80000000 24.00000000 7.00000000
v 28.80000000 27.00000000 3.50000000
v 28.80000000 27.00000000 7.00000000
v 28.87000000 24.00000000 3.50000000
v 28.87000000 24.00000000 7.00000000
v 28.87000000 27.00000000 3.50000000
v 28.87000000 27.00000000 7.00000000
f 550 552 549
f 553 550 549
f 549 552 551
f 551 553 549
f 550 556 552
f 554 550 553
f 554 556 550
f 552 556 551
f 555 553 551
f 551 556 555
f 555 554 553
f 556 554 555

o geometry_70
v 28.80000000 24.00000000 3.50000000
v 28.80000000 24.00000000 7.00000000
v 28.80000000 24.10000000 3.50000000
v 28.80000000 24.10000000 7.00000000
v 28.92000000 24.00000000 3.50000000
v 28.92000000 24.00000000 7.00000000
v 28.92000000 24.10000000 3.50000000
v 28.92000000 24.10000000 7.00000000
f 558 560 557
f 561 558 557
f 557 560 559
f 559 561 557
f 558 564 560
f 562 558 561
f 562 564 558
f 560 564 559
f 563 561 559
f 559 564 563
f 563 562 561
f 564 562 563

o geometry_71
v 28.80000000 26.90000000 3.50000000
v 28.80000000 26.90000000 7.00000000
v 28.80000000 27.00000000 3.50000000
v 28.80000000 27.00000000 7.00000000
v 28.92000000 26.90000000 3.50000000
v 28.92000000 26.90000000 7.00000000
v 28.92000000 27.00000000 3.50000000
v 28.92000000 27.00000000 7.00000000
f 566 568 565
f 569 566 565
f 565 568 567
f 567 569 565
f 566 572 568
f 570 566 569
f 570 572 566
f 568 572 567
f 571 569 567
f 567 572 571
f 571 570 569
f 572 570 571

o geometry_72
v 28.80000000 24.00000000 3.50000000
v 28.80000000 24.00000000 3.62000000
v 28.80000000 27.00000000 3.50000000
v 28.80000000 27.00000000 3.62000000
v 28.92000000 24.00000000 3.50000000
v 28.92000000 24.00000000 3.62000000
v 28.92000000 27.00000000 3.50000000
v 28.92000000 27.00000000 3.62000000
f 574 576 573
f 577 574 573
f 573 576 575
f 575 577 573
f 574 580 576
f 578 574 577
f 578 580 574
f 576 580 575
f 579 577 575
f 575 580 579
f 579 578 577
f 580 578 579

o geometry_73
v 28.80000000 24.00000000 6.88000000
v 28.80000000 24.00000000 7.00000000
v 28.80000000 27.00000000 6.88000000
v 28.80000000 27.00000000 7.00000000
v 28.92000000 24.00000000 6.88000000
v 28.92000000 24.00000000 7.00000000
v 28.92000000 27.00000000 6.88000000
v 28.92000000 27.00000000 7.00000000
f 582 584 581
f 585 582 581
f 581 584 583
f 583 585 581
f 582 588 584
f 586 582 585
f 586 588 582
f 584 588 583
f 587 585 583
f 583 588 587
f 587 586 585
f 588 586 587

o geometry_74
v 28.80000000 25.46000000 3.50000000
v 28.80000000 25.46000000 7.00000000
v 28.80000000 25.54000000 3.50000000
v 28.80000000 25.54000000 7.00000000
v 28.92000000 25.46000000 3.50000000
v 28.92000000 25.46000000 7.00000000
v 28.92000000 25.54000000 3.50000000
v 28.92000000 25.54000000 7.00000000
f 590 592 589
f 593 590 589
f 589 592 591
f 591 593 589
f 590 596 592
f 594 590 593
f 594 596 590
f 592 596 591
f 595 593 591
f 591 596 595
f 595 594 593
f 596 594 595

o geometry_75
v 28.80000000 24.00000000 5.77500000
v 28.80000000 24.00000000 5.83500000
v 28.80000000 27.00000000 5.77500000
v 28.80000000 27.00000000 5.83500000
v 28.92000000 24.00000000 5.77500000
v 28.92000000 24.00000000 5.83500000
v 28.92000000 27.00000000 5.77500000
v 28.92000000 27.00000000 5.83500000
f 598 600 597
f 601 598 597
f 597 600 599
f 599 601 597
f 598 604 600
f 602 598 601
f 602 604 598
f 600 604 599
f 603 601 599
f 599 604 603
f 603 602 601
f 604 602 603

o geometry_76
v 28.80000000 32.30000000 0.50000000
v 28.80000000 32.30000000 7.16700000
v 28.80000000 38.30000000 0.50000000
v 28.80000000 38.30000000 7.16700000
v 28.87000000 32.30000000 0.50000000
v 28.87000000 32.30000000 7.16700000
v 28.87000000 38.30000000 0.50000000
v 28.87000000 38.30000000 7.16700000
f 606 608 605
f 609 606 605
f 605 608 607
f 607 609 605
f 606 612 608
f 610 606 609
f 610 612 606
f 608 612 607
f 611 609 607
f 607 612 611
f 611 610 609
f 612 610 611

o geometry_77
v 28.80000000 32.30000000 0.50000000
v 28.80000000 32.30000000 7.16700000
v 28.80000000 32.40000000 0.50000000
v 28.80000000 32.40000000 7.16700000
v 28.92000000 32.30000000 0.50000000
v 28.92000000 32.30000000 7.16700000
v 28.92000000 32.40000000 0.50000000
v 28.92000000 32.40000000 7.16700000
f 614 616 613
f 617 614 613
f 613 616 615
f 615 617 613
f 614 620 616
f 618 614 617
f 618 620 614
f 616 620 615
f 619 617 615
f 615 620 619
f 619 618 617
f 620 618 619

o geometry_78
v 28.80000000 38.20000000 0.50000000
v 28.80000000 38.20000000 7.16700000
v 28.80000000 38.30000000 0.50000000
v 28.80000000 38.30000000 7.16700000
v 28.92000000 38.20000000 0.50000000
v 28.92000000 38.20000000 7.16700000
v 28.92000000 38.30000000 0.50000000
v 28.92000000 38.30000000 7.16700000
f 622 624 621
f 625 622 621
f 621 624 623
f 623 625 621
f 622 628 624
f 626 622 625
f 626 628 622
f 624 628 623
f 627 625 623
f 623 628 627
f 627 626 625
f 628 626 627

o geometry_79
v 28.80000000 32.30000000 0.50000000
v 28.80000000 32.30000000 0.62000000
v 28.80000000 38.30000000 0.50000000
v 28.80000000 38.30000000 0.62000000
v 28.92000000 32.30000000 0.50000000
v 28.92000000 32.30000000 0.62000000
v 28.92000000 38.30000000 0.50000000
v 28.92000000 38.30000000 0.62000000
f 630 632 629
f 633 630 629
f 629 632 631
f 631 633 629
f 630 636 632
f 634 630 633
f 634 636 630
f 632 636 631
f 635 633 631
f 631 636 635
f 635 634 633
f 636 634 635

o geometry_80
v 28.80000000 32.30000000 7.04700000
v 28.80000000 32.30000000 7.16700000
v 28.80000000 38.30000000 7.04700000
v 28.80000000 38.30000000 7.16700000
v 28.92000000 32.30000000 7.04700000
v 28.92000000 32.30000000 7.16700000
v 28.92000000 38.30000000 7.04700000
v 28.92000000 38.30000000 7.16700000
f 638 640 637
f 641 638 637
f 637 640 639
f 639 641 637
f 638 644 640
f 642 638 641
f 642 644 638
f 640 644 639
f 643 641 639
f 639 644 643
f 643 642 641
f 644 642 643

o geometry_81
v 28.80000000 35.26000000 0.50000000
v 28.80000000 35.26000000 7.16700000
v 28.80000000 35.34000000 0.50000000
v 28.80000000 35.34000000 7.16700000
v 28.92000000 35.26000000 0.50000000
v 28.92000000 35.26000000 7.16700000
v 28.92000000 35.34000000 0.50000000
v 28.92000000 35.34000000 7.16700000
f 646 648 645
f 649 646 645
f 645 648 647
f 647 649 645
f 646 652 648
f 650 646 649
f 650 652 646
f 648 652 647
f 651 649 647
f 647 652 651
f 651 650 649
f 652 650 651

o geometry_82
v 16.50000000 20.12000000 9.25000000
v 16.50000000 20.12000000 15.91700000
v 16.50000000 20.19000000 9.25000000
v 16.50000000 20.19000000 15.91700000
v 19.50000000 20.12000000 9.25000000
v 19.50000000 20.12000000 15.91700000
v 19.50000000 20.19000000 9.25000000
v 19.50000000 20.19000000 15.91700000
f 654 656 653
f 657 654 653
f 653 656 655
f 655 657 653
f 654 660 656
f 658 654 657
f 658 660 654
f 656 660 655
f 659 657 655
f 655 660 659
f 659 658 657
f 660 658 659

o geometry_83
v 16.50000000 20.12000000 9.25000000
v 16.50000000 20.12000000 15.91700000
v 16.50000000 20.24000000 9.25000000
v 16.50000000 20.24000000 15.91700000
v 16.60000000 20.12000000 9.25000000
v 16.60000000 20.12000000 15.91700000
v 16.60000000 20.24000000 9.25000000
v 16.60000000 20.24000000 15.91700000
f 662 664 661
f 665 662 661
f 661 664 663
f 663 665 661
f 662 668 664
f 666 662 665
f 666 668 662
f 664 668 663
f 667 665 663
f 663 668 667
f 667 666 665
f 668 666 667

o geometry_84
v 19.40000000 20.12000000 9.25000000
v 19.40000000 20.12000000 15.91700000
v 19.40000000 20.24000000 9.25000000
v 19.40000000 20.24000000 15.91700000
v 19.50000000 20.12000000 9.25000000
v 19.50000000 20.12000000 15.91700000
v 19.50000000 20.24000000 9.25000000
v 19.50000000 20.24000000 15.91700000
f 670 672 669
f 673 670 669
f 669 672 671
f 671 673 669
f 670 676 672
f 674 670 673
f 674 676 670
f 672 676 671
f 675 673 671
f 671 676 675
f 675 674 673
f 676 674 675

o geometry_85
v 16.50000000 20.12000000 9.25000000
v 16.50000000 20.12000000 9.37000000
v 16.50000000 20.24000000 9.25000000
v 16.50000000 20.24000000 9.37000000
v 19.50000000 20.12000000 9.25000000
v 19.50000000 20.12000000 9.37000000
v 19.50000000 20.24000000 9.25000000
v 19.50000000 20.24000000 9.37000000
f 678 680 677
f 681 678 677
f 677 680 679
f 679 681 677
f 678 684 680
f 682 678 681
f 682 684 678
f 680 684 679
f 683 681 679
f 679 684 683
f 683 682 681
f 684 682 683

o geometry_86
v 16.50000000 20.12000000 15.79700000
v 16.50000000 20.12000000 15.91700000
v 16.50000000 20.24000000 15.79700000
v 16.50000000 20.24000000 15.91700000
v 19.50000000 20.12000000 15.79700000
v 19.50000000 20.12000000 15.91700000
v 19.50000000 20.24000000 15.79700000
v 19.50000000 20.24000000 15.91700000
f 686 688 685
f 689 686 685
f 685 688 687
f 687 689 685
f 686 692 688
f 690 686 689
f 690 692 686
f 688 692 687
f 691 689 687
f 687 692 691
f 691 690 689
f 692 690 691

o geometry_87
v 16.85000000 20.12000000 13.15000000
v 16.85000000 20.12000000 15.40000000
v 16.85000000 20.24000000 13.15000000
v 16.85000000 20.24000000 15.40000000
v 19.15000000 20.12000000 13.15000000
v 19.15000000 20.12000000 15.40000000
v 19.15000000 20.24000000 13.15000000
v 19.15000000 20.24000000 15.40000000
f 694 696 693
f 697 694 693
f 693 696 695
f 695 697 693
f 694 700 696
f 698 694 697
f 698 700 694
f 696 700 695
f 699 697 695
f 695 700 699
f 699 698 697
f 700 698 699

o geometry_88
v 21.00000000 20.12000000 11.55000000
v 21.00000000 20.12000000 15.05000000
v 21.00000000 20.19000000 11.55000000
v 21.00000000 20.19000000 15.05000000
v 26.00000000 20.12000000 11.55000000
v 26.00000000 20.12000000 15.05000000
v 26.00000000 20.19000000 11.55000000
v 26.00000000 20.19000000 15.05000000
f 702 704 701
f 705 702 701
f 701 704 703
f 703 705 701
f 702 708 704
f 706 702 705
f 706 708 702
f 704 708 703
f 707 705 703
f 703 708 707
f 707 706 705
f 708 706 707

o geometry_89
v 21.00000000 20.12000000 11.55000000
v 21.00000000 20.12000000 15.05000000
v 21.00000000 20.24000000 11.55000000
v 21.00000000 20.24000000 15.05000000
v 21.10000000 20.12000000 11.55000000
v 21.10000000 20.12000000 15.05000000
v 21.10000000 20.24000000 11.55000000
v 21.10000000 20.24000000 15.05000000
f 710 712 709
f 713 710 709
f 709 712 711
f 711 713 709
f 710 716 712
f 714 710 713
f 714 716 710
f 712 716 711
f 715 713 711
f 711 716 715
f 715 714 713
f 716 714 715

o geometry_90
v 25.90000000 20.12000000 11.55000000
v 25.90000000 20.12000000 15.05000000
v 25.90000000 20.24000000 11.55000000
v 25.90000000 20.24000000 15.05000000
v 26.00000000 20.12000000 11.55000000
v 26.00000000 20.12000000 15.05000000
v 26.00000000 20.24000000 11.55000000
v 26.00000000 20.24000000 15.05000000
f 718 720 717
f 721 718 717
f 717 720 719
f 719 721 717
f 718 724 720
f 722 718 721
f 722 724 718
f 720 724 719
f 723 721 719
f 719 724 723
f 723 722 721
f 724 722 723

o geometry_91
v 21.00000000 20.12000000 11.55000000
v 21.00000000 20.12000000 11.67000000
v 21.00000000 20.24000000 11.55000000
v 21.00000000 20.24000000 11.67000000
v 26.00000000 20.12000000 11.55000000
v 26.00000000 20.12000000 11.67000000
v 26.00000000 20.24000000 11.55000000
v 26.00000000 20.24000000 11.67000000
f 726 728 725
f 729 726 725
f 725 728 727
f 727 729 725
f 726 732 728
f 730 726 729
f 730 732 726
f 728 732 727
f 731 729 727
f 727 732 731
f 731 730 729
f 732 730 731

o geometry_92
v 21.00000000 20.12000000 14.93000000
v 21.00000000 20.12000000 15.05000000
v 21.00000000 20.24000000 14.93000000
v 21.00000000 20.24000000 15.05000000
v 26.00000000 20.12000000 14.93000000
v 26.00000000 20.12000000 15.05000000
v 26.00000000 20.24000000 14.93000000
v 26.00000000 20.24000000 15.05000000
f 734 736 733
f 737 734 733
f 733 736 735
f 735 737 733
f 734 740 736
f 738 734 737
f 738 740 734
f 736 740 735
f 739 737 735
f 735 740 739
f 739 738 737
f 740 738 739

o geometry_93
v 23.46000000 20.12000000 11.55000000
v 23.46000000 20.12000000 15.05000000
v 23.46000000 20.24000000 11.55000000
v 23.46000000 20.24000000 15.05000000
v 23.54000000 20.12000000 11.55000000
v 23.54000000 20.12000000 15.05000000
v 23.54000000 20.24000000 11.55000000
v 23.54000000 20.24000000 15.05000000
f 742 744 741
f 745 742 741
f 741 744 743
f 743 745 741
f 742 748 744
f 746 742 745
f 746 748 742
f 744 748 743
f 747 745 743
f 743 748 747
f 747 746 745
f 748 746 747

o geometry_94
v 21.00000000 20.12000000 13.82500000
v 21.00000000 20.12000000 13.88500000
v 21.00000000 20.24000000 13.82500000
v 21.00000000 20.24000000 13.88500000
v 26.00000000 20.12000000 13.82500000
v 26.00000000 20.12000000 13.88500000
v 26.00000000 20.24000000 13.82500000
v 26.00000000 20.24000000 13.88500000
f 750 752 749
f 753 750 749
f 749 752 751
f 751 753 749
f 750 756 752
f 754 750 753
f 754 756 750
f 752 756 751
f 755 753 751
f 751 756 755
f 755 754 753
f 756 754 755

o geometry_95
v 5.12000000 23.00000000 11.55000000
v 5.12000000 23.00000000 15.05000000
v 5.12000000 26.50000000 11.55000000
v 5.12000000 26.50000000 15.05000000
v 5.19000000 23.00000000 11.55000000
v 5.19000000 23.00000000 15.05000000
v 5.19000000 26.50000000 11.55000000
v 5.19000000 26.50000000 15.05000000
f 758 760 757
f 761 758 757
f 757 760 759
f 759 761 757
f 758 764 760
f 762 758 761
f 762 764 758
f 760 764 759
f 763 761 759
f 759 764 763
f 763 762 761
f 764 762 763

o geometry_96
v 5.12000000 23.00000000 11.55000000
v 5.12000000 23.00000000 15.05000000
v 5.12000000 23.10000000 11.55000000
v 5.12000000 23.10000000 15.05000000
v 5.24000000 23.00000000 11.55000000
v 5.24000000 23.00000000 15.05000000
v 5.24000000 23.10000000 11.55000000
v 5.24000000 23.10000000 15.05000000
f 766 768 765
f 769 766 765
f 765 768 767
f 767 769 765
f 766 772 768
f 770 766 769
f 770 772 766
f 768 772 767
f 771 769 767
f 767 772 771
f 771 770 769
f 772 770 771

o geometry_97
v 5.12000000 26.40000000 11.55000000
v 5.12000000 26.40000000 15.05000000
v 5.12000000 26.50000000 11.55000000
v 5.12000000 26.50000000 15.05000000
v 5.24000000 26.40000000 11.55000000
v 5.24000000 26.40000000 15.05000000
v 5.24000000 26.50000000 11.55000000
v 5.24000000 26.50000000 15.05000000
f 774 776 773
f 777 774 773
f 773 776 775
f 775 777 773
f 774 780 776
f 778 774 777
f 778 780 774
f 776 780 775
f 779 777 775
f 775 780 779
f 779 778 777
f 780 778 779

o geometry_98
v 5.12000000 23.00000000 11.55000000
v 5.12000000 23.00000000 11.67000000
v 5.12000000 26.50000000 11.55000000
v 5.12000000 26.50000000 11.67000000
v 5.24000000 23.00000000 11.55000000
v 5.24000000 23.00000000 11.67000000
v 5.24000000 26.50000000 11.55000000
v 5.24000000 26.50000000 11.67000000
f 782 784 781
f 785 782 781
f 781 784 783
f 783 785 781
f 782 788 784
f 786 782 785
f 786 788 782
f 784 788 783
f 787 785 783
f 783 788 787
f 787 786 785
f 788 786 787

o geometry_99
v 5.12000000 23.00000000 14.93000000
v 5.12000000 23.00000000 15.05000000
v 5.12000000 26.50000000 14.93000000
v 5.12000000 26.50000000 15.05000000
v 5.24000000 23.00000000 14.93000000
v 5.24000000 23.00000000 15.05000000
v 5.24000000 26.50000000 14.93000000
v 5.24000000 26.50000000 15.05000000
f 790 792 789
f 793 790 789
f 789 792 791
f 791 793 789
f 790 796 792
f 794 790 793
f 794 796 790
f 792 796 791
f 795 793 791
f 791 796 795
f 795 794 793
f 796 794 795

o geometry_100
v 5.12000000 24.71000000 11.55000000
v 5.12000000 24.71000000 15.05000000
v 5.12000000 24.79000000 11.55000000
v 5.12000000 24.79000000 15.05000000
v 5.24000000 24.71000000 11.55000000
v 5.24000000 24.71000000 15.05000000
v 5.24000000 24.79000000 11.55000000
v 5.24000000 24.79000000 15.05000000
f 798 800 797
f 801 798 797
f 797 800 799
f 799 801 797
f 798 804 800
f 802 798 801
f 802 804 798
f 800 804 799
f 803 801 799
f 799 804 803
f 803 802 801
f 804 802 803

o geometry_101
v 5.12000000 23.00000000 13.82500000
v 5.12000000 23.00000000 13.88500000
v 5.12000000 26.50000000 13.82500000
v 5.12000000 26.50000000 13.88500000
v 5.24000000 23.00000000 13.82500000
v 5.24000000 23.00000000 13.88500000
v 5.24000000 26.50000000 13.82500000
v 5.24000000 26.50000000 13.88500000
f 806 808 805
f 809 806 805
f 805 808 807
f 807 809 805
f 806 812 808
f 810 806 809
f 810 812 806
f 808 812 807
f 811 809 807
f 807 812 811
f 811 810 809
f 812 810 811

o geometry_102
v 28.80000000 21.50000000 9.25000000
v 28.80000000 21.50000000 15.91700000
v 28.80000000 27.50000000 9.25000000
v 28.80000000 27.50000000 15.91700000
v 28.87000000 21.50000000 9.25000000
v 28.87000000 21.50000000 15.91700000
v 28.87000000 27.50000000 9.25000000
v 28.87000000 27.50000000 15.91700000
f 814 816 813
f 817 814 813
f 813 816 815
f 815 817 813
f 814 820 816
f 818 814 817
f 818 820 814
f 816 820 815
f 819 817 815
f 815 820 819
f 819 818 817
f 820 818 819

o geometry_103
v 28.80000000 21.50000000 9.25000000
v 28.80000000 21.50000000 15.91700000
v 28.80000000 21.60000000 9.25000000
v 28.80000000 21.60000000 15.91700000
v 28.92000000 21.50000000 9.25000000
v 28.92000000 21.50000000 15.91700000
v 28.92000000 21.60000000 9.25000000
v 28.92000000 21.60000000 15.91700000
f 822 824 821
f 825 822 821
f 821 824 823
f 823 825 821
f 822 828 824
f 826 822 825
f 826 828 822
f 824 828 823
f 827 825 823
f 823 828 827
f 827 826 825
f 828 826 827

o geometry_104
v 28.80000000 27.40000000 9.25000000
v 28.80000000 27.40000000 15.91700000
v 28.80000000 27.50000000 9.25000000
v 28.80000000 27.50000000 15.91700000
v 28.92000000 27.40000000 9.25000000
v 28.92000000 27.40000000 15.91700000
v 28.92000000 27.50000000 9.25000000
v 28.92000000 27.50000000 15.91700000
f 830 832 829
f 833 830 829
f 829 832 831
f 831 833 829
f 830 836 832
f 834 830 833
f 834 836 830
f 832 836 831
f 835 833 831
f 831 836 835
f 835 834 833
f 836 834 835

o geometry_105
v 28.80000000 21.50000000 9.25000000
v 28.80000000 21.50000000 9.37000000
v 28.80000000 27.50000000 9.25000000
v 28.80000000 27.50000000 9.37000000
v 28.92000000 21.50000000 9.25000000
v 28.92000000 21.50000000 9.37000000
v 28.92000000 27.50000000 9.25000000
v 28.92000000 27.50000000 9.37000000
f 838 840 837
f 841 838 837
f 837 840 839
f 839 841 837
f 838 844 840
f 842 838 841
f 842 844 838
f 840 844 839
f 843 841 839
f 839 844 843
f 843 842 841
f 844 842 843

o geometry_106
v 28.80000000 21.50000000 15.79700000
v 28.80000000 21.50000000 15.91700000
v 28.80000000 27.50000000 15.79700000
v 28.80000000 27.50000000 15.91700000
v 28.92000000 21.50000000 15.79700000
v 28.92000000 21.50000000 15.91700000
v 28.92000000 27.50000000 15.79700000
v 28.92000000 27.50000000 15.91700000
f 846 848 845
f 849 846 845
f 845 848 847
f 847 849 845
f 846 852 848
f 850 846 849
f 850 852 846
f 848 852 847
f 851 849 847
f 847 852 851
f 851 850 849
f 852 850 851

o geometry_107
v 28.80000000 24.46000000 9.25000000
v 28.80000000 24.46000000 15.91700000
v 28.80000000 24.54000000 9.25000000
v 28.80000000 24.54000000 15.91700000
v 28.92000000 24.46000000 9.25000000
v 28.92000000 24.46000000 15.91700000
v 28.92000000 24.54000000 9.25000000
v 28.92000000 24.54000000 15.91700000
f 854 856 853
f 857 854 853
f 853 856 855
f 855 857 853
f 854 860 856
f 858 854 857
f 858 860 854
f 856 860 855
f 859 857 855
f 855 860 859
f 859 858 857
f 860 858 859

o geometry_108
v 28.80000000 35.00000000 11.55000000
v 28.80000000 35.00000000 15.05000000
v 28.80000000 38.50000000 11.55000000
v 28.80000000 38.50000000 15.05000000
v 28.87000000 35.00000000 11.55000000
v 28.87000000 35.00000000 15.05000000
v 28.87000000 38.50000000 11.55000000
v 28.87000000 38.50000000 15.05000000
f 862 864 861
f 865 862 861
f 861 864 863
f 863 865 861
f 862 868 864
f 866 862 865
f 866 868 862
f 864 868 863
f 867 865 863
f 863 868 867
f 867 866 865
f 868 866 867

o geometry_109
v 28.80000000 35.00000000 11.55000000
v 28.80000000 35.00000000 15.05000000
v 28.80000000 35.10000000 11.55000000
v 28.80000000 35.10000000 15.05000000
v 28.92000000 35.00000000 11.55000000
v 28.92000000 35.00000000 15.05000000
v 28.92000000 35.10000000 11.55000000
v 28.92000000 35.10000000 15.05000000
f 870 872 869
f 873 870 869
f 869 872 871
f 871 873 869
f 870 876 872
f 874 870 873
f 874 876 870
f 872 876 871
f 875 873 871
f 871 876 875
f 875 874 873
f 876 874 875

o geometry_110
v 28.80000000 38.40000000 11.55000000
v 28.80000000 38.40000000 15.05000000
v 28.80000000 38.50000000 11.55000000
v 28.80000000 38.50000000 15.05000000
v 28.92000000 38.40000000 11.55000000
v 28.92000000 38.40000000 15.05000000
v 28.92000000 38.50000000 11.55000000
v 28.92000000 38.50000000 15.05000000
f 878 880 877
f 881 878 877
f 877 880 879
f 879 881 877
f 878 884 880
f 882 878 881
f 882 884 878
f 880 884 879
f 883 881 879
f 879 884 883
f 883 882 881
f 884 882 883

o geometry_111
v 28.80000000 35.00000000 11.55000000
v 28.80000000 35.00000000 11.67000000
v 28.80000000 38.50000000 11.55000000
v 28.80000000 38.50000000 11.67000000
v 28.92000000 35.00000000 11.55000000
v 28.92000000 35.00000000 11.67000000
v 28.92000000 38.50000000 11.55000000
v 28.92000000 38.50000000 11.67000000
f 886 888 885
f 889 886 885
f 885 888 887
f 887 889 885
f 886 892 888
f 890 886 889
f 890 892 886
f 888 892 887
f 891 889 887
f 887 892 891
f 891 890 889
f 892 890 891

o geometry_112
v 28.80000000 35.00000000 14.93000000
v 28.80000000 35.00000000 15.05000000
v 28.80000000 38.50000000 14.93000000
v 28.80000000 38.50000000 15.05000000
v 28.92000000 35.00000000 14.93000000
v 28.92000000 35.00000000 15.05000000
v 28.92000000 38.50000000 14.93000000
v 28.92000000 38.50000000 15.05000000
f 894 896 893
f 897 894 893
f 893 896 895
f 895 897 893
f 894 900 896
f 898 894 897
f 898 900 894
f 896 900 895
f 899 897 895
f 895 900 899
f 899 898 897
f 900 898 899

o geometry_113
v 28.80000000 36.71000000 11.55000000
v 28.80000000 36.71000000 15.05000000
v 28.80000000 36.79000000 11.55000000
v 28.80000000 36.79000000 15.05000000
v 28.92000000 36.71000000 11.55000000
v 28.92000000 36.71000000 15.05000000
v 28.92000000 36.79000000 11.55000000
v 28.92000000 36.79000000 15.05000000
f 902 904 901
f 905 902 901
f 901 904 903
f 903 905 901
f 902 908 904
f 906 902 905
f 906 908 902
f 904 908 903
f 907 905 903
f 903 908 907
f 907 906 905
f 908 906 907

o geometry_114
v 28.80000000 35.00000000 13.82500000
v 28.80000000 35.00000000 13.88500000
v 28.80000000 38.50000000 13.82500000
v 28.80000000 38.50000000 13.88500000
v 28.92000000 35.00000000 13.82500000
v 28.92000000 35.00000000 13.88500000
v 28.92000000 38.50000000 13.82500000
v 28.92000000 38.50000000 13.88500000
f 910 912 909
f 913 910 909
f 909 912 911
f 911 913 909
f 910 916 912
f 914 910 913
f 914 916 910
f 912 916 911
f 915 913 911
f 911 916 915
f 915 914 913
f 916 914 915

o geometry_115
v 16.50000000 16.00000000 0.00000000
v 16.50000000 16.00000000 0.50000000
v 16.50000000 20.00000000 0.00000000
v 16.50000000 20.00000000 0.50000000
v 33.00000000 16.00000000 0.00000000
v 33.00000000 16.00000000 0.50000000
v 33.00000000 20.00000000 0.00000000
v 33.00000000 20.00000000 0.50000000
f 918 920 917
f 921 918 917
f 917 920 919
f 919 921 917
f 918 924 920
f 922 918 921
f 922 924 918
f 920 924 919
f 923 921 919
f 919 924 923
f 923 922 921
f 924 922 923

o geometry_116
v 16.50000000 16.00000000 8.95000000
v 16.50000000 16.00000000 9.25000000
v 16.50000000 20.00000000 8.95000000
v 16.50000000 20.00000000 9.25000000
v 33.00000000 16.00000000 8.95000000
v 33.00000000 16.00000000 9.25000000
v 33.00000000 20.00000000 8.95000000
v 33.00000000 20.00000000 9.25000000
f 926 928 925
f 929 926 925
f 925 928 927
f 927 929 925
f 926 932 928
f 930 926 929
f 930 932 926
f 928 932 927
f 931 929 927
f 927 932 931
f 931 930 929
f 932 930 931

o geometry_117
v 29.00000000 20.00000000 0.00000000
v 29.00000000 20.00000000 0.50000000
v 29.00000000 39.50000000 0.00000000
v 29.00000000 39.50000000 0.50000000
v 33.00000000 20.00000000 0.00000000
v 33.00000000 20.00000000 0.50000000
v 33.00000000 39.50000000 0.00000000
v 33.00000000 39.50000000 0.50000000
f 934 936 933
f 937 934 933
f 933 936 935
f 935 937 933
f 934 940 936
f 938 934 937
f 938 940 934
f 936 940 935
f 939 937 935
f 935 940 939
f 939 938 937
f 940 938 939

o geometry_118
v 29.00000000 20.00000000 8.95000000
v 29.00000000 20.00000000 9.25000000
v 29.00000000 39.50000000 8.95000000
v 29.00000000 39.50000000 9.25000000
v 33.00000000 20.00000000 8.95000000
v 33.00000000 20.00000000 9.25000000
v 33.00000000 39.50000000 8.95000000
v 33.00000000 39.50000000 9.25000000
f 942 944 941
f 945 942 941
f 941 944 943
f 943 945 941
f 942 948 944
f 946 942 945
f 946 948 942
f 944 948 943
f 947 945 943
f 943 948 947
f 947 946 945
f 948 946 947

o geometry_119
v 5.50000000 16.00000000 0.00000000
v 5.50000000 16.00000000 0.50000000
v 5.50000000 20.00000000 0.00000000
v 5.50000000 20.00000000 0.50000000
v 16.50000000 16.00000000 0.00000000
v 16.50000000 16.00000000 0.50000000
v 16.50000000 20.00000000 0.00000000
v 16.50000000 20.00000000 0.50000000
f 950 952 949
f 953 950 949
f 949 952 951
f 951 953 949
f 950 956 952
f 954 950 953
f 954 956 950
f 952 956 951
f 955 953 951
f 951 956 955
f 955 954 953
f 956 954 955

o geometry_120
v 5.50000000 16.00000000 0.99500000
v 5.50000000 16.00000000 1.12500000
v 5.50000000 20.00000000 0.99500000
v 5.50000000 20.00000000 1.12500000
v 6.34615400 16.00000000 0.99500000
v 6.34615400 16.00000000 1.12500000
v 6.34615400 20.00000000 0.99500000
v 6.34615400 20.00000000 1.12500000
f 958 960 957
f 961 958 957
f 957 960 959
f 959 961 957
f 958 964 960
f 962 958 961
f 962 964 958
f 960 964 959
f 963 961 959
f 959 964 963
f 963 962 961
f 964 962 963

o geometry_121
v 6.34615400 16.00000000 1.62000000
v 6.34615400 16.00000000 1.75000000
v 6.34615400 20.00000000 1.62000000
v 6.34615400 20.00000000 1.75000000
v 7.19230800 16.00000000 1.62000000
v 7.19230800 16.00000000 1.75000000
v 7.19230800 20.00000000 1.62000000
v 7.19230800 20.00000000 1.75000000
f 966 968 965
f 969 966 965
f 965 968 967
f 967 969 965
f 966 972 968
f 970 966 969
f 970 972 966
f 968 972 967
f 971 969 967
f 967 972 971
f 971 970 969
f 972 970 971

o geometry_122
v 7.19230800 16.00000000 2.24500000
v 7.19230800 16.00000000 2.37500000
v 7.19230800 20.00000000 2.24500000
v 7.19230800 20.00000000 2.37500000
v 8.03846200 16.00000000 2.24500000
v 8.03846200 16.00000000 2.37500000
v 8.03846200 20.00000000 2.24500000
v 8.03846200 20.00000000 2.37500000
f 974 976 973
f 977 974 973
f 973 976 975
f 975 977 973
f 974 980 976
f 978 974 977
f 978 980 974
f 976 980 975
f 979 977 975
f 975 980 979
f 979 978 977
f 980 978 979

o geometry_123
v 8.03846200 16.00000000 2.87000000
v 8.03846200 16.00000000 3.00000000
v 8.03846200 20.00000000 2.87000000
v 8.03846200 20.00000000 3.00000000
v 8.88461500 16.00000000 2.87000000
v 8.88461500 16.00000000 3.00000000
v 8.88461500 20.00000000 2.87000000
v 8.88461500 20.00000000 3.00000000
f 982 984 981
f 985 982 981
f 981 984 983
f 983 985 981
f 982 988 984
f 986 982 985
f 986 988 982
f 984 988 983
f 987 985 983
f 983 988 987
f 987 986 985
f 988 986 987

o geometry_124
v 8.88461500 16.00000000 3.49500000
v 8.88461500 16.00000000 3.62500000
v 8.88461500 20.00000000 3.49500000
v 8.88461500 20.00000000 3.62500000
v 9.73076900 16.00000000 3.49500000
v 9.73076900 16.00000000 3.62500000
v 9.73076900 20.00000000 3.49500000
v 9.73076900 20.00000000 3.62500000
f 990 992 989
f 993 990 989
f 989 992 991
f 991 993 989
f 990 996 992
f 994 990 993
f 994 996 990
f 992 996 991
f 995 993 991
f 991 996 995
f 995 994 993
f 996 994 995

o geometry_125
v 9.73076900 16.00000000 4.12000000
v 9.73076900 16.00000000 4.25000000
v 9.73076900 20.00000000 4.12000000
v 9.73076900 20.00000000 4.25000000
v 10.57692300 16.00000000 4.12000000
v 10.57692300 16.00000000 4.25000000
v 10.57692300 20.00000000 4.12000000
v 10.57692300 20.00000000 4.25000000
f 998 1000 997
f 1001 998 997
f 997 1000 999
f 999 1001 997
f 998 1004 1000
f 1002 998 1001
f 1002 1004 998
f 1000 1004 999
f 1003 1001 999
f 999 1004 1003
f 1003 1002 1001
f 1004 1002 1003

o geometry_126
v 10.57692300 16.00000000 4.74500000
v 10.57692300 16.00000000 4.87500000
v 10.57692300 20.00000000 4.74500000
v 10.57692300 20.00000000 4.87500000
v 11.42307700 16.00000000 4.74500000
v 11.42307700 16.00000000 4.87500000
v 11.42307700 20.00000000 4.74500000
v 11.42307700 20.00000000 4.87500000
f 1006 1008 1005
f 1009 1006 1005
f 1005 1008 1007
f 1007 1009 1005
f 1006 1012 1008
f 1010 1006 1009
f 1010 1012 1006
f 1008 1012 1007
f 1011 1009 1007
f 1007 1012 1011
f 1011 1010 1009
f 1012 1010 1011

o geometry_127
v 11.42307700 16.00000000 5.37000000
v 11.42307700 16.00000000 5.50000000
v 11.42307700 20.00000000 5.37000000
v 11.42307700 20.00000000 5.50000000
v 12.26923100 16.00000000 5.37000000
v 12.26923100 16.00000000 5.50000000
v 12.26923100 20.00000000 5.37000000
v 12.26923100 20.00000000 5.50000000
f 1014 1016 1013
f 1017 1014 1013
f 1013 1016 1015
f 1015 1017 1013
f 1014 1020 1016
f 1018 1014 1017
f 1018 1020 1014
f 1016 1020 1015
f 1019 1017 1015
f 1015 1020 1019
f 1019 1018 1017
f 1020 1018 1019

o geometry_128
v 12.26923100 16.00000000 5.99500000
v 12.26923100 16.00000000 6.12500000
v 12.26923100 20.00000000 5.99500000
v 12.26923100 20.00000000 6.12500000
v 13.11538500 16.00000000 5.99500000
v 13.11538500 16.00000000 6.12500000
v 13.11538500 20.00000000 5.99500000
v 13.11538500 20.00000000 6.12500000
f 1022 1024 1021
f 1025 1022 1021
f 1021 1024 1023
f 1023 1025 1021
f 1022 1028 1024
f 1026 1022 1025
f 1026 1028 1022
f 1024 1028 1023
f 1027 1025 1023
f 1023 1028 1027
f 1027 1026 1025
f 1028 1026 1027

o geometry_129
v 13.11538500 16.00000000 6.62000000
v 13.11538500 16.00000000 6.75000000
v 13.11538500 20.00000000 6.62000000
v 13.11538500 20.00000000 6.75000000
v 13.96153800 16.00000000 6.62000000
v 13.96153800 16.00000000 6.75000000
v 13.96153800 20.00000000 6.62000000
v 13.96153800 20.00000000 6.75000000
f 1030 1032 1029
f 1033 1030 1029
f 1029 1032 1031
f 1031 1033 1029
f 1030 1036 1032
f 1034 1030 1033
f 1034 1036 1030
f 1032 1036 1031
f 1035 1033 1031
f 1031 1036 1035
f 1035 1034 1033
f 1036 1034 1035

o geometry_130
v 13.96153800 16.00000000 7.24500000
v 13.96153800 16.00000000 7.37500000
v 13.96153800 20.00000000 7.24500000
v 13.96153800 20.00000000 7.37500000
v 14.80769200 16.00000000 7.24500000
v 14.80769200 16.00000000 7.37500000
v 14.80769200 20.00000000 7.24500000
v 14.80769200 20.00000000 7.37500000
f 1038 1040 1037
f 1041 1038 1037
f 1037 1040 1039
f 1039 1041 1037
f 1038 1044 1040
f 1042 1038 1041
f 1042 1044 1038
f 1040 1044 1039
f 1043 1041 1039
f 1039 1044 1043
f 1043 1042 1041
f 1044 1042 1043

o geometry_131
v 14.80769200 16.00000000 7.87000000
v 14.80769200 16.00000000 8.00000000
v 14.80769200 20.00000000 7.87000000
v 14.80769200 20.00000000 8.00000000
v 15.65384600 16.00000000 7.87000000
v 15.65384600 16.00000000 8.00000000
v 15.65384600 20.00000000 7.87000000
v 15.65384600 20.00000000 8.00000000
f 1046 1048 1045
f 1049 1046 1045
f 1045 1048 1047
f 1047 1049 1045
f 1046 1052 1048
f 1050 1046 1049
f 1050 1052 1046
f 1048 1052 1047
f 1051 1049 1047
f 1047 1052 1051
f 1051 1050 1049
f 1052 1050 1051

o geometry_132
v 15.65384600 16.00000000 8.49500000
v 15.65384600 16.00000000 8.62500000
v 15.65384600 20.00000000 8.49500000
v 15.65384600 20.00000000 8.62500000
v 16.50000000 16.00000000 8.49500000
v 16.50000000 16.00000000 8.62500000
v 16.50000000 20.00000000 8.49500000
v 16.50000000 20.00000000 8.62500000
f 1054 1056 1053
f 1057 1054 1053
f 1053 1056 1055
f 1055 1057 1053
f 1054 1060 1056
f 1058 1054 1057
f 1058 1060 1054
f 1056 1060 1055
f 1059 1057 1055
f 1055 1060 1059
f 1059 1058 1057
f 1060 1058 1059

o geometry_133
v 5.46000000 16.14000000 1.12500000
v 5.46000000 16.14000000 4.02500000
v 5.46000000 16.22000000 1.12500000
v 5.46000000 16.22000000 4.02500000
v 5.54000000 16.14000000 1.12500000
v 5.54000000 16.14000000 4.02500000
v 5.54000000 16.22000000 1.12500000
v 5.54000000 16.22000000 4.02500000
f 1062 1064 1061
f 1065 1062 1061
f 1061 1064 1063
f 1063 1065 1061
f 1062 1068 1064
f 1066 1062 1065
f 1066 1068 1062
f 1064 1068 1063
f 1067 1065 1063
f 1063 1068 1067
f 1067 1066 1065
f 1068 1066 1067

o geometry_134
v 6.30615400 16.14000000 1.75000000
v 6.30615400 16.14000000 4.65000000
v 6.30615400 16.22000000 1.75000000
v 6.30615400 16.22000000 4.65000000
v 6.38615400 16.14000000 1.75000000
v 6.38615400 16.14000000 4.65000000
v 6.38615400 16.22000000 1.75000000
v 6.38615400 16.22000000 4.65000000
f 1070 1072 1069
f 1073 1070 1069
f 1069 1072 1071
f 1071 1073 1069
f 1070 1076 1072
f 1074 1070 1073
f 1074 1076 1070
f 1072 1076 1071
f 1075 1073 1071
f 1071 1076 1075
f 1075 1074 1073
f 1076 1074 1075

o geometry_135
v 7.15230800 16.14000000 2.37500000
v 7.15230800 16.14000000 5.27500000
v 7.15230800 16.22000000 2.37500000
v 7.15230800 16.22000000 5.27500000
v 7.23230800 16.14000000 2.37500000
v 7.23230800 16.14000000 5.27500000
v 7.23230800 16.22000000 2.37500000
v 7.23230800 16.22000000 5.27500000
f 1078 1080 1077
f 1081 1078 1077
f 1077 1080 1079
f 1079 1081 1077
f 1078 1084 1080
f 1082 1078 1081
f 1082 1084 1078
f 1080 1084 1079
f 1083 1081 1079
f 1079 1084 1083
f 1083 1082 1081
f 1084 1082 1083

o geometry_136
v 7.99846200 16.14000000 3.00000000
v 7.99846200 16.14000000 5.90000000
v 7.99846200 16.22000000 3.00000000
v 7.99846200 16.22000000 5.90000000
v 8.07846200 16.14000000 3.00000000
v 8.07846200 16.14000000 5.90000000
v 8.07846200 16.22000000 3.00000000
v 8.07846200 16.22000000 5.90000000
f 1086 1088 1085
f 1089 1086 1085
f 1085 1088 1087
f 1087 1089 1085
f 1086 1092 1088
f 1090 1086 1089
f 1090 1092 1086
f 1088 1092 1087
f 1091 1089 1087
f 1087 1092 1091
f 1091 1090 1089
f 1092 1090 1091

o geometry_137
v 8.84461500 16.14000000 3.62500000
v 8.84461500 16.14000000 6.52500000
v 8.84461500 16.22000000 3.62500000
v 8.84461500 16.22000000 6.52500000
v 8.92461500 16.14000000 3.62500000
v 8.92461500 16.14000000 6.52500000
v 8.92461500 16.22000000 3.62500000
v 8.92461500 16.22000000 6.52500000
f 1094 1096 1093
f 1097 1094 1093
f 1093 1096 1095
f 1095 1097 1093
f 1094 1100 1096
f 1098 1094 1097
f 1098 1100 1094
f 1096 1100 1095
f 1099 1097 1095
f 1095 1100 1099
f 1099 1098 1097
f 1100 1098 1099

o geometry_138
v 9.69076900 16.14000000 4.25000000
v 9.69076900 16.14000000 7.15000000
v 9.69076900 16.22000000 4.25000000
v 9.69076900 16.22000000 7.15000000
v 9.77076900 16.14000000 4.25000000
v 9.77076900 16.14000000 7.15000000
v 9.77076900 16.22000000 4.25000000
v 9.77076900 16.22000000 7.15000000
f 1102 1104 1101
f 1105 1102 1101
f 1101 1104 1103
f 1103 1105 1101
f 1102 1108 1104
f 1106 1102 1105
f 1106 1108 1102
f 1104 1108 1103
f 1107 1105 1103
f 1103 1108 1107
f 1107 1106 1105
f 1108 1106 1107

o geometry_139
v 10.53692300 16.14000000 4.87500000
v 10.53692300 16.14000000 7.77500000
v 10.53692300 16.22000000 4.87500000
v 10.53692300 16.22000000 7.77500000
v 10.61692300 16.14000000 4.87500000
v 10.61692300 16.14000000 7.77500000
v 10.61692300 16.22000000 4.87500000
v 10.61692300 16.22000000 7.77500000
f 1110 1112 1109
f 1113 1110 1109
f 1109 1112 1111
f 1111 1113 1109
f 1110 1116 1112
f 1114 1110 1113
f 1114 1116 1110
f 1112 1116 1111
f 1115 1113 1111
f 1111 1116 1115
f 1115 1114 1113
f 1116 1114 1115

o geometry_140
v 11.38307700 16.14000000 5.50000000
v 11.38307700 16.14000000 8.40000000
v 11.38307700 16.22000000 5.50000000
v 11.38307700 16.22000000 8.40000000
v 11.46307700 16.14000000 5.50000000
v 11.46307700 16.14000000 8.40000000
v 11.46307700 16.22000000 5.50000000
v 11.46307700 16.22000000 8.40000000
f 1118 1120 1117
f 1121 1118 1117
f 1117 1120 1119
f 1119 1121 1117
f 1118 1124 1120
f 1122 1118 1121
f 1122 1124 1118
f 1120 1124 1119
f 1123 1121 1119
f 1119 1124 1123
f 1123 1122 1121
f 1124 1122 1123

o geometry_141
v 12.22923100 16.14000000 6.12500000
v 12.22923100 16.14000000 9.02500000
v 12.22923100 16.22000000 6.12500000
v 12.22923100 16.22000000 9.02500000
v 12.30923100 16.14000000 6.12500000
v 12.30923100 16.14000000 9.02500000
v 12.30923100 16.22000000 6.12500000
v 12.30923100 16.22000000 9.02500000
f 1126 1128 1125
f 1129 1126 1125
f 1125 1128 1127
f 1127 1129 1125
f 1126 1132 1128
f 1130 1126 1129
f 1130 1132 1126
f 1128 1132 1127
f 1131 1129 1127
f 1127 1132 1131
f 1131 1130 1129
f 1132 1130 1131

o geometry_142
v 13.07538500 16.14000000 6.75000000
v 13.07538500 16.14000000 9.65000000
v 13.07538500 16.22000000 6.75000000
v 13.07538500 16.22000000 9.65000000
v 13.15538500 16.14000000 6.75000000
v 13.15538500 16.14000000 9.65000000
v 13.15538500 16.22000000 6.75000000
v 13.15538500 16.22000000 9.65000000
f 1134 1136 1133
f 1137 1134 1133
f 1133 1136 1135
f 1135 1137 1133
f 1134 1140 1136
f 1138 1134 1137
f 1138 1140 1134
f 1136 1140 1135
f 1139 1137 1135
f 1135 1140 1139
f 1139 1138 1137
f 1140 1138 1139

o geometry_143
v 13.92153800 16.14000000 7.37500000
v 13.92153800 16.14000000 10.27500000
v 13.92153800 16.22000000 7.37500000
v 13.92153800 16.22000000 10.27500000
v 14.00153800 16.14000000 7.37500000
v 14.00153800 16.14000000 10.27500000
v 14.00153800 16.22000000 7.37500000
v 14.00153800 16.22000000 10.27500000
f 1142 1144 1141
f 1145 1142 1141
f 1141 1144 1143
f 1143 1145 1141
f 1142 1148 1144
f 1146 1142 1145
f 1146 1148 1142
f 1144 1148 1143
f 1147 1145 1143
f 1143 1148 1147
f 1147 1146 1145
f 1148 1146 1147

o geometry_144
v 14.76769200 16.14000000 8.00000000
v 14.76769200 16.14000000 10.90000000
v 14.76769200 16.22000000 8.00000000
v 14.76769200 16.22000000 10.90000000
v 14.84769200 16.14000000 8.00000000
v 14.84769200 16.14000000 10.90000000
v 14.84769200 16.22000000 8.00000000
v 14.84769200 16.22000000 10.90000000
f 1150 1152 1149
f 1153 1150 1149
f 1149 1152 1151
f 1151 1153 1149
f 1150 1156 1152
f 1154 1150 1153
f 1154 1156 1150
f 1152 1156 1151
f 1155 1153 1151
f 1151 1156 1155
f 1155 1154 1153
f 1156 1154 1155

o geometry_145
v 15.61384600 16.14000000 8.62500000
v 15.61384600 16.14000000 11.52500000
v 15.61384600 16.22000000 8.62500000
v 15.61384600 16.22000000 11.52500000
v 15.69384600 16.14000000 8.62500000
v 15.69384600 16.14000000 11.52500000
v 15.69384600 16.22000000 8.62500000
v 15.69384600 16.22000000 11.52500000
f 1158 1160 1157
f 1161 1158 1157
f 1157 1160 1159
f 1159 1161 1157
f 1158 1164 1160
f 1162 1158 1161
f 1162 1164 1158
f 1160 1164 1159
f 1163 1161 1159
f 1159 1164 1163
f 1163 1162 1161
f 1164 1162 1163

o geometry_146
v 16.46000000 16.14000000 9.25000000
v 16.46000000 16.14000000 12.15000000
v 16.46000000 16.22000000 9.25000000
v 16.46000000 16.22000000 12.15000000
v 16.54000000 16.14000000 9.25000000
v 16.54000000 16.14000000 12.15000000
v 16.54000000 16.22000000 9.25000000
v 16.54000000 16.22000000 12.15000000
f 1166 1168 1165
f 1169 1166 1165
f 1165 1168 1167
f 1167 1169 1165
f 1166 1172 1168
f 1170 1166 1169
f 1170 1172 1166
f 1168 1172 1167
f 1171 1169 1167
f 1167 1172 1171
f 1171 1170 1169
f 1172 1170 1171

o geometry_147
v 5.48543900 16.12000000 4.03658500
v 5.41456100 16.12000000 4.13341500
v 5.48543900 16.24000000 4.03658500
v 5.41456100 16.24000000 4.13341500
v 16.58543900 16.12000000 12.16158500
v 16.51456100 16.12000000 12.25841500
v 16.58543900 16.24000000 12.16158500
v 16.51456100 16.24000000 12.25841500
f 1174 1176 1173
f 1177 1174 1173
f 1173 1176 1175
f 1175 1177 1173
f 1174 1180 1176
f 1178 1174 1177
f 1178 1180 1174
f 1176 1180 1175
f 1179 1177 1175
f 1175 1180 1179
f 1179 1178 1177
f 1180 1178 1179

o geometry_148
v 5.46000000 19.78000000 1.12500000
v 5.46000000 19.78000000 4.02500000
v 5.46000000 19.86000000 1.12500000
v 5.46000000 19.86000000 4.02500000
v 5.54000000 19.78000000 1.12500000
v 5.54000000 19.78000000 4.02500000
v 5.54000000 19.86000000 1.12500000
v 5.54000000 19.86000000 4.02500000
f 1182 1184 1181
f 1185 1182 1181
f 1181 1184 1183
f 1183 1185 1181
f 1182 1188 1184
f 1186 1182 1185
f 1186 1188 1182
f 1184 1188 1183
f 1187 1185 1183
f 1183 1188 1187
f 1187 1186 1185
f 1188 1186 1187

o geometry_149
v 6.30615400 19.78000000 1.75000000
v 6.30615400 19.78000000 4.65000000
v 6.30615400 19.86000000 1.75000000
v 6.30615400 19.86000000 4.65000000
v 6.38615400 19.78000000 1.75000000
v 6.38615400 19.78000000 4.65000000
v 6.38615400 19.86000000 1.75000000
v 6.38615400 19.86000000 4.65000000
f 1190 1192 1189
f 1193 1190 1189
f 1189 1192 1191
f 1191 1193 1189
f 1190 1196 1192
f 1194 1190 1193
f 1194 1196 1190
f 1192 1196 1191
f 1195 1193 1191
f 1191 1196 1195
f 1195 1194 1193
f 1196 1194 1195

o geometry_150
v 7.15230800 19.78000000 2.37500000
v 7.15230800 19.78000000 5.27500000
v 7.15230800 19.86000000 2.37500000
v 7.15230800 19.86000000 5.27500000
v 7.23230800 19.78000000 2.37500000
v 7.23230800 19.78000000 5.27500000
v 7.23230800 19.86000000 2.37500000
v 7.23230800 19.86000000 5.27500000
f 1198 1200 1197
f 1201 1198 1197
f 1197 1200 1199
f 1199 1201 1197
f 1198 1204 1200
f 1202 1198 1201
f 1202 1204 1198
f 1200 1204 1199
f 1203 1201 1199
f 1199 1204 1203
f 1203 1202 1201
f 1204 1202 1203

o geometry_151
v 7.99846200 19.78000000 3.00000000
v 7.99846200 19.78000000 5.90000000
v 7.99846200 19.86000000 3.00000000
v 7.99846200 19.86000000 5.90000000
v 8.07846200 19.78000000 3.00000000
v 8.07846200 19.78000000 5.90000000
v 8.07846200 19.86000000 3.00000000
v 8.07846200 19.86000000 5.90000000
f 1206 1208 1205
f 1209 1206 1205
f 1205 1208 1207
f 1207 1209 1205
f 1206 1212 1208
f 1210 1206 1209
f 1210 1212 1206
f 1208 1212 1207
f 1211 1209 1207
f 1207 1212 1211
f 1211 1210 1209
f 1212 1210 1211

o geometry_152
v 8.84461500 19.78000000 3.62500000
v 8.84461500 19.78000000 6.52500000
v 8.84461500 19.86000000 3.62500000
v 8.84461500 19.86000000 6.52500000
v 8.92461500 19.78000000 3.62500000
v 8.92461500 19.78000000 6.52500000
v 8.92461500 19.86000000 3.62500000
v 8.92461500 19.86000000 6.52500000
f 1214 1216 1213
f 1217 1214 1213
f 1213 1216 1215
f 1215 1217 1213
f 1214 1220 1216
f 1218 1214 1217
f 1218 1220 1214
f 1216 1220 1215
f 1219 1217 1215
f 1215 1220 1219
f 1219 1218 1217
f 1220 1218 1219

o geometry_153
v 9.69076900 19.78000000 4.25000000
v 9.69076900 19.78000000 7.15000000
v 9.69076900 19.86000000 4.25000000
v 9.69076900 19.86000000 7.15000000
v 9.77076900 19.78000000 4.25000000
v 9.77076900 19.78000000 7.15000000
v 9.77076900 19.86000000 4.25000000
v 9.77076900 19.86000000 7.15000000
f 1222 1224 1221
f 1225 1222 1221
f 1221 1224 1223
f 1223 1225 1221
f 1222 1228 1224
f 1226 1222 1225
f 1226 1228 1222
f 1224 1228 1223
f 1227 1225 1223
f 1223 1228 1227
f 1227 1226 1225
f 1228 1226 1227

o geometry_154
v 10.53692300 19.78000000 4.87500000
v 10.53692300 19.78000000 7.77500000
v 10.53692300 19.86000000 4.87500000
v 10.53692300 19.86000000 7.77500000
v 10.61692300 19.78000000 4.87500000
v 10.61692300 19.78000000 7.77500000
v 10.61692300 19.86000000 4.87500000
v 10.61692300 19.86000000 7.77500000
f 1230 1232 1229
f 1233 1230 1229
f 1229 1232 1231
f 1231 1233 1229
f 1230 1236 1232
f 1234 1230 1233
f 1234 1236 1230
f 1232 1236 1231
f 1235 1233 1231
f 1231 1236 1235
f 1235 1234 1233
f 1236 1234 1235

o geometry_155
v 11.38307700 19.78000000 5.50000000
v 11.38307700 19.78000000 8.40000000
v 11.38307700 19.86000000 5.50000000
v 11.38307700 19.86000000 8.40000000
v 11.46307700 19.78000000 5.50000000
v 11.46307700 19.78000000 8.40000000
v 11.46307700 19.86000000 5.50000000
v 11.46307700 19.86000000 8.40000000
f 1238 1240 1237
f 1241 1238 1237
f 1237 1240 1239
f 1239 1241 1237
f 1238 1244 1240
f 1242 1238 1241
f 1242 1244 1238
f 1240 1244 1239
f 1243 1241 1239
f 1239 1244 1243
f 1243 1242 1241
f 1244 1242 1243

o geometry_156
v 12.22923100 19.78000000 6.12500000
v 12.22923100 19.78000000 9.02500000
v 12.22923100 19.86000000 6.12500000
v 12.22923100 19.86000000 9.02500000
v 12.30923100 19.78000000 6.12500000
v 12.30923100 19.78000000 9.02500000
v 12.30923100 19.86000000 6.12500000
v 12.30923100 19.86000000 9.02500000
f 1246 1248 1245
f 1249 1246 1245
f 1245 1248 1247
f 1247 1249 1245
f 1246 1252 1248
f 1250 1246 1249
f 1250 1252 1246
f 1248 1252 1247
f 1251 1249 1247
f 1247 1252 1251
f 1251 1250 1249
f 1252 1250 1251

o geometry_157
v 13.07538500 19.78000000 6.75000000
v 13.07538500 19.78000000 9.65000000
v 13.07538500 19.86000000 6.75000000
v 13.07538500 19.86000000 9.65000000
v 13.15538500 19.78000000 6.75000000
v 13.15538500 19.78000000 9.65000000
v 13.15538500 19.86000000 6.75000000
v 13.15538500 19.86000000 9.65000000
f 1254 1256 1253
f 1257 1254 1253
f 1253 1256 1255
f 1255 1257 1253
f 1254 1260 1256
f 1258 1254 1257
f 1258 1260 1254
f 1256 1260 1255
f 1259 1257 1255
f 1255 1260 1259
f 1259 1258 1257
f 1260 1258 1259

o geometry_158
v 13.92153800 19.78000000 7.37500000
v 13.92153800 19.78000000 10.27500000
v 13.92153800 19.86000000 7.37500000
v 13.92153800 19.86000000 10.27500000
v 14.00153800 19.78000000 7.37500000
v 14.00153800 19.78000000 10.27500000
v 14.00153800 19.86000000 7.37500000
v 14.00153800 19.86000000 10.27500000
f 1262 1264 1261
f 1265 1262 1261
f 1261 1264 1263
f 1263 1265 1261
f 1262 1268 1264
f 1266 1262 1265
f 1266 1268 1262
f 1264 1268 1263
f 1267 1265 1263
f 1263 1268 1267
f 1267 1266 1265
f 1268 1266 1267

o geometry_159
v 14.76769200 19.78000000 8.00000000
v 14.76769200 19.78000000 10.90000000
v 14.76769200 19.86000000 8.00000000
v 14.76769200 19.86000000 10.90000000
v 14.84769200 19.78000000 8.00000000
v 14.84769200 19.78000000 10.90000000
v 14.84769200 19.86000000 8.00000000
v 14.84769200 19.86000000 10.90000000
f 1270 1272 1269
f 1273 1270 1269
f 1269 1272 1271
f 1271 1273 1269
f 1270 1276 1272
f 1274 1270 1273
f 1274 1276 1270
f 1272 1276 1271
f 1275 1273 1271
f 1271 1276 1275
f 1275 1274 1273
f 1276 1274 1275

o geometry_160
v 15.61384600 19.78000000 8.62500000
v 15.61384600 19.78000000 11.52500000
v 15.61384600 19.86000000 8.62500000
v 15.61384600 19.86000000 11.52500000
v 15.69384600 19.78000000 8.62500000
v 15.69384600 19.78000000 11.52500000
v 15.69384600 19.86000000 8.62500000
v 15.69384600 19.86000000 11.52500000
f 1278 1280 1277
f 1281 1278 1277
f 1277 1280 1279
f 1279 1281 1277
f 1278 1284 1280
f 1282 1278 1281
f 1282 1284 1278
f 1280 1284 1279
f 1283 1281 1279
f 1279 1284 1283
f 1283 1282 1281
f 1284 1282 1283

o geometry_161
v 16.46000000 19.78000000 9.25000000
v 16.46000000 19.78000000 12.15000000
v 16.46000000 19.86000000 9.25000000
v 16.46000000 19.86000000 12.15000000
v 16.54000000 19.78000000 9.25000000
v 16.54000000 19.78000000 12.15000000
v 16.54000000 19.86000000 9.25000000
v 16.54000000 19.86000000 12.15000000
f 1286 1288 1285
f 1289 1286 1285
f 1285 1288 1287
f 1287 1289 1285
f 1286 1292 1288
f 1290 1286 1289
f 1290 1292 1286
f 1288 1292 1287
f 1291 1289 1287
f 1287 1292 1291
f 1291 1290 1289
f 1292 1290 1291

o geometry_162
v 5.48543900 19.76000000 4.03658500
v 5.41456100 19.76000000 4.13341500
v 5.48543900 19.88000000 4.03658500
v 5.41456100 19.88000000 4.13341500
v 16.58543900 19.76000000 12.16158500
v 16.51456100 19.76000000 12.25841500
v 16.58543900 19.88000000 12.16158500
v 16.51456100 19.88000000 12.25841500
f 1294 1296 1293
f 1297 1294 1293
f 1293 1296 1295
f 1295 1297 1293
f 1294 1300 1296
f 1298 1294 1297
f 1298 1300 1294
f 1296 1300 1295
f 1299 1297 1295
f 1295 1300 1299
f 1299 1298 1297
f 1300 1298 1299

o geometry_163
v 16.56000000 16.06000000 0.50000000
v 16.56000000 16.06000000 12.25000000
v 16.56000000 16.34000000 0.50000000
v 16.56000000 16.34000000 12.25000000
v 16.84000000 16.06000000 0.50000000
v 16.84000000 16.06000000 12.25000000
v 16.84000000 16.34000000 0.50000000
v 16.84000000 16.34000000 12.25000000
f 1302 1304 1301
f 1305 1302 1301
f 1301 1304 1303
f 1303 1305 1301
f 1302 1308 1304
f 1306 1302 1305
f 1306 1308 1302
f 1304 1308 1303
f 1307 1305 1303
f 1303 1308 1307
f 1307 1306 1305
f 1308 1306 1307

o geometry_164
v 24.36000000 16.06000000 0.50000000
v 24.36000000 16.06000000 12.25000000
v 24.36000000 16.34000000 0.50000000
v 24.36000000 16.34000000 12.25000000
v 24.64000000 16.06000000 0.50000000
v 24.64000000 16.06000000 12.25000000
v 24.64000000 16.34000000 0.50000000
v 24.64000000 16.34000000 12.25000000
f 1310 1312 1309
f 1313 1310 1309
f 1309 1312 1311
f 1311 1313 1309
f 1310 1316 1312
f 1314 1310 1313
f 1314 1316 1310
f 1312 1316 1311
f 1315 1313 1311
f 1311 1316 1315
f 1315 1314 1313
f 1316 1314 1315

o geometry_165
v 32.61000000 16.06000000 0.50000000
v 32.61000000 16.06000000 12.25000000
v 32.61000000 16.34000000 0.50000000
v 32.61000000 16.34000000 12.25000000
v 32.89000000 16.06000000 0.50000000
v 32.89000000 16.06000000 12.25000000
v 32.89000000 16.34000000 0.50000000
v 32.89000000 16.34000000 12.25000000
f 1318 1320 1317
f 1321 1318 1317
f 1317 1320 1319
f 1319 1321 1317
f 1318 1324 1320
f 1322 1318 1321
f 1322 1324 1318
f 1320 1324 1319
f 1323 1321 1319
f 1319 1324 1323
f 1323 1322 1321
f 1324 1322 1323

o geometry_166
v 32.61000000 25.86000000 0.50000000
v 32.61000000 25.86000000 12.25000000
v 32.61000000 26.14000000 0.50000000
v 32.61000000 26.14000000 12.25000000
v 32.89000000 25.86000000 0.50000000
v 32.89000000 25.86000000 12.25000000
v 32.89000000 26.14000000 0.50000000
v 32.89000000 26.14000000 12.25000000
f 1326 1328 1325
f 1329 1326 1325
f 1325 1328 1327
f 1327 1329 1325
f 1326 1332 1328
f 1330 1326 1329
f 1330 1332 1326
f 1328 1332 1327
f 1331 1329 1327
f 1327 1332 1331
f 1331 1330 1329
f 1332 1330 1331

o geometry_167
v 32.61000000 32.86000000 0.50000000
v 32.61000000 32.86000000 12.25000000
v 32.61000000 33.14000000 0.50000000
v 32.61000000 33.14000000 12.25000000
v 32.89000000 32.86000000 0.50000000
v 32.89000000 32.86000000 12.25000000
v 32.89000000 33.14000000 0.50000000
v 32.89000000 33.14000000 12.25000000
f 1334 1336 1333
f 1337 1334 1333
f 1333 1336 1335
f 1335 1337 1333
f 1334 1340 1336
f 1338 1334 1337
f 1338 1340 1334
f 1336 1340 1335
f 1339 1337 1335
f 1335 1340 1339
f 1339 1338 1337
f 1340 1338 1339

o geometry_168
v 32.61000000 39.11000000 0.50000000
v 32.61000000 39.11000000 12.25000000
v 32.61000000 39.39000000 0.50000000
v 32.61000000 39.39000000 12.25000000
v 32.89000000 39.11000000 0.50000000
v 32.89000000 39.11000000 12.25000000
v 32.89000000 39.39000000 0.50000000
v 32.89000000 39.39000000 12.25000000
f 1342 1344 1341
f 1345 1342 1341
f 1341 1344 1343
f 1343 1345 1341
f 1342 1348 1344
f 1346 1342 1345
f 1346 1348 1342
f 1344 1348 1343
f 1347 1345 1343
f 1343 1348 1347
f 1347 1346 1345
f 1348 1346 1347

o geometry_169
v 16.66500000 16.16500000 9.37000000
v 16.66500000 16.16500000 12.15000000
v 16.66500000 16.23500000 9.37000000
v 16.66500000 16.23500000 12.15000000
v 16.73500000 16.16500000 9.37000000
v 16.73500000 16.16500000 12.15000000
v 16.73500000 16.23500000 9.37000000
v 16.73500000 16.23500000 12.15000000
f 1350 1352 1349
f 1353 1350 1349
f 1349 1352 1351
f 1351 1353 1349
f 1350 1356 1352
f 1354 1350 1353
f 1354 1356 1350
f 1352 1356 1351
f 1355 1353 1351
f 1351 1356 1355
f 1355 1354 1353
f 1356 1354 1355

o geometry_170
v 17.07653800 16.16500000 9.37000000
v 17.07653800 16.16500000 12.15000000
v 17.07653800 16.23500000 9.37000000
v 17.07653800 16.23500000 12.15000000
v 17.14653800 16.16500000 9.37000000
v 17.14653800 16.16500000 12.15000000
v 17.14653800 16.23500000 9.37000000
v 17.14653800 16.23500000 12.15000000
f 1358 1360 1357
f 1361 1358 1357
f 1357 1360 1359
f 1359 1361 1357
f 1358 1364 1360
f 1362 1358 1361
f 1362 1364 1358
f 1360 1364 1359
f 1363 1361 1359
f 1359 1364 1363
f 1363 1362 1361
f 1364 1362 1363

o geometry_171
v 17.48807700 16.16500000 9.37000000
v 17.48807700 16.16500000 12.15000000
v 17.48807700 16.23500000 9.37000000
v 17.48807700 16.23500000 12.15000000
v 17.55807700 16.16500000 9.37000000
v 17.55807700 16.16500000 12.15000000
v 17.55807700 16.23500000 9.37000000
v 17.55807700 16.23500000 12.15000000
f 1366 1368 1365
f 1369 1366 1365
f 1365 1368 1367
f 1367 1369 1365
f 1366 1372 1368
f 1370 1366 1369
f 1370 1372 1366
f 1368 1372 1367
f 1371 1369 1367
f 1367 1372 1371
f 1371 1370 1369
f 1372 1370 1371

o geometry_172
v 17.89961500 16.16500000 9.37000000
v 17.89961500 16.16500000 12.15000000
v 17.89961500 16.23500000 9.37000000
v 17.89961500 16.23500000 12.15000000
v 17.96961500 16.16500000 9.37000000
v 17.96961500 16.16500000 12.15000000
v 17.96961500 16.23500000 9.37000000
v 17.96961500 16.23500000 12.15000000
f 1374 1376 1373
f 1377 1374 1373
f 1373 1376 1375
f 1375 1377 1373
f 1374 1380 1376
f 1378 1374 1377
f 1378 1380 1374
f 1376 1380 1375
f 1379 1377 1375
f 1375 1380 1379
f 1379 1378 1377
f 1380 1378 1379

o geometry_173
v 18.31115400 16.16500000 9.37000000
v 18.31115400 16.16500000 12.15000000
v 18.31115400 16.23500000 9.37000000
v 18.31115400 16.23500000 12.15000000
v 18.38115400 16.16500000 9.37000000
v 18.38115400 16.16500000 12.15000000
v 18.38115400 16.23500000 9.37000000
v 18.38115400 16.23500000 12.15000000
f 1382 1384 1381
f 1385 1382 1381
f 1381 1384 1383
f 1383 1385 1381
f 1382 1388 1384
f 1386 1382 1385
f 1386 1388 1382
f 1384 1388 1383
f 1387 1385 1383
f 1383 1388 1387
f 1387 1386 1385
f 1388 1386 1387

o geometry_174
v 18.72269200 16.16500000 9.37000000
v 18.72269200 16.16500000 12.15000000
v 18.72269200 16.23500000 9.37000000
v 18.72269200 16.23500000 12.15000000
v 18.79269200 16.16500000 9.37000000
v 18.79269200 16.16500000 12.15000000
v 18.79269200 16.23500000 9.37000000
v 18.79269200 16.23500000 12.15000000
f 1390 1392 1389
f 1393 1390 1389
f 1389 1392 1391
f 1391 1393 1389
f 1390 1396 1392
f 1394 1390 1393
f 1394 1396 1390
f 1392 1396 1391
f 1395 1393 1391
f 1391 1396 1395
f 1395 1394 1393
f 1396 1394 1395

o geometry_175
v 19.13423100 16.16500000 9.37000000
v 19.13423100 16.16500000 12.15000000
v 19.13423100 16.23500000 9.37000000
v 19.13423100 16.23500000 12.15000000
v 19.20423100 16.16500000 9.37000000
v 19.20423100 16.16500000 12.15000000
v 19.20423100 16.23500000 9.37000000
v 19.20423100 16.23500000 12.15000000
f 1398 1400 1397
f 1401 1398 1397
f 1397 1400 1399
f 1399 1401 1397
f 1398 1404 1400
f 1402 1398 1401
f 1402 1404 1398
f 1400 1404 1399
f 1403 1401 1399
f 1399 1404 1403
f 1403 1402 1401
f 1404 1402 1403

o geometry_176
v 19.54576900 16.16500000 9.37000000
v 19.54576900 16.16500000 12.15000000
v 19.54576900 16.23500000 9.37000000
v 19.54576900 16.23500000 12.15000000
v 19.61576900 16.16500000 9.37000000
v 19.61576900 16.16500000 12.15000000
v 19.61576900 16.23500000 9.37000000
v 19.61576900 16.23500000 12.15000000
f 1406 1408 1405
f 1409 1406 1405
f 1405 1408 1407
f 1407 1409 1405
f 1406 1412 1408
f 1410 1406 1409
f 1410 1412 1406
f 1408 1412 1407
f 1411 1409 1407
f 1407 1412 1411
f 1411 1410 1409
f 1412 1410 1411

o geometry_177
v 19.95730800 16.16500000 9.37000000
v 19.95730800 16.16500000 12.15000000
v 19.95730800 16.23500000 9.37000000
v 19.95730800 16.23500000 12.15000000
v 20.02730800 16.16500000 9.37000000
v 20.02730800 16.16500000 12.15000000
v 20.02730800 16.23500000 9.37000000
v 20.02730800 16.23500000 12.15000000
f 1414 1416 1413
f 1417 1414 1413
f 1413 1416 1415
f 1415 1417 1413
f 1414 1420 1416
f 1418 1414 1417
f 1418 1420 1414
f 1416 1420 1415
f 1419 1417 1415
f 1415 1420 1419
f 1419 1418 1417
f 1420 1418 1419

o geometry_178
v 20.36884600 16.16500000 9.37000000
v 20.36884600 16.16500000 12.15000000
v 20.36884600 16.23500000 9.37000000
v 20.36884600 16.23500000 12.15000000
v 20.43884600 16.16500000 9.37000000
v 20.43884600 16.16500000 12.15000000
v 20.43884600 16.23500000 9.37000000
v 20.43884600 16.23500000 12.15000000
f 1422 1424 1421
f 1425 1422 1421
f 1421 1424 1423
f 1423 1425 1421
f 1422 1428 1424
f 1426 1422 1425
f 1426 1428 1422
f 1424 1428 1423
f 1427 1425 1423
f 1423 1428 1427
f 1427 1426 1425
f 1428 1426 1427

o geometry_179
v 20.78038500 16.16500000 9.37000000
v 20.78038500 16.16500000 12.15000000
v 20.78038500 16.23500000 9.37000000
v 20.78038500 16.23500000 12.15000000
v 20.85038500 16.16500000 9.37000000
v 20.85038500 16.16500000 12.15000000
v 20.85038500 16.23500000 9.37000000
v 20.85038500 16.23500000 12.15000000
f 1430 1432 1429
f 1433 1430 1429
f 1429 1432 1431
f 1431 1433 1429
f 1430 1436 1432
f 1434 1430 1433
f 1434 1436 1430
f 1432 1436 1431
f 1435 1433 1431
f 1431 1436 1435
f 1435 1434 1433
f 1436 1434 1435

o geometry_180
v 21.19192300 16.16500000 9.37000000
v 21.19192300 16.16500000 12.15000000
v 21.19192300 16.23500000 9.37000000
v 21.19192300 16.23500000 12.15000000
v 21.26192300 16.16500000 9.37000000
v 21.26192300 16.16500000 12.15000000
v 21.26192300 16.23500000 9.37000000
v 21.26192300 16.23500000 12.15000000
f 1438 1440 1437
f 1441 1438 1437
f 1437 1440 1439
f 1439 1441 1437
f 1438 1444 1440
f 1442 1438 1441
f 1442 1444 1438
f 1440 1444 1439
f 1443 1441 1439
f 1439 1444 1443
f 1443 1442 1441
f 1444 1442 1443

o geometry_181
v 21.60346200 16.16500000 9.37000000
v 21.60346200 16.16500000 12.15000000
v 21.60346200 16.23500000 9.37000000
v 21.60346200 16.23500000 12.15000000
v 21.67346200 16.16500000 9.37000000
v 21.67346200 16.16500000 12.15000000
v 21.67346200 16.23500000 9.37000000
v 21.67346200 16.23500000 12.15000000
f 1446 1448 1445
f 1449 1446 1445
f 1445 1448 1447
f 1447 1449 1445
f 1446 1452 1448
f 1450 1446 1449
f 1450 1452 1446
f 1448 1452 1447
f 1451 1449 1447
f 1447 1452 1451
f 1451 1450 1449
f 1452 1450 1451

o geometry_182
v 22.01500000 16.16500000 9.37000000
v 22.01500000 16.16500000 12.15000000
v 22.01500000 16.23500000 9.37000000
v 22.01500000 16.23500000 12.15000000
v 22.08500000 16.16500000 9.37000000
v 22.08500000 16.16500000 12.15000000
v 22.08500000 16.23500000 9.37000000
v 22.08500000 16.23500000 12.15000000
f 1454 1456 1453
f 1457 1454 1453
f 1453 1456 1455
f 1455 1457 1453
f 1454 1460 1456
f 1458 1454 1457
f 1458 1460 1454
f 1456 1460 1455
f 1459 1457 1455
f 1455 1460 1459
f 1459 1458 1457
f 1460 1458 1459

o geometry_183
v 22.42653800 16.16500000 9.37000000
v 22.42653800 16.16500000 12.15000000
v 22.42653800 16.23500000 9.37000000
v 22.42653800 16.23500000 12.15000000
v 22.49653800 16.16500000 9.37000000
v 22.49653800 16.16500000 12.15000000
v 22.49653800 16.23500000 9.37000000
v 22.49653800 16.23500000 12.15000000
f 1462 1464 1461
f 1465 1462 1461
f 1461 1464 1463
f 1463 1465 1461
f 1462 1468 1464
f 1466 1462 1465
f 1466 1468 1462
f 1464 1468 1463
f 1467 1465 1463
f 1463 1468 1467
f 1467 1466 1465
f 1468 1466 1467

o geometry_184
v 22.83807700 16.16500000 9.37000000
v 22.83807700 16.16500000 12.15000000
v 22.83807700 16.23500000 9.37000000
v 22.83807700 16.23500000 12.15000000
v 22.90807700 16.16500000 9.37000000
v 22.90807700 16.16500000 12.15000000
v 22.90807700 16.23500000 9.37000000
v 22.90807700 16.23500000 12.15000000
f 1470 1472 1469
f 1473 1470 1469
f 1469 1472 1471
f 1471 1473 1469
f 1470 1476 1472
f 1474 1470 1473
f 1474 1476 1470
f 1472 1476 1471
f 1475 1473 1471
f 1471 1476 1475
f 1475 1474 1473
f 1476 1474 1475

o geometry_185
v 23.24961500 16.16500000 9.37000000
v 23.24961500 16.16500000 12.15000000
v 23.24961500 16.23500000 9.37000000
v 23.24961500 16.23500000 12.15000000
v 23.31961500 16.16500000 9.37000000
v 23.31961500 16.16500000 12.15000000
v 23.31961500 16.23500000 9.37000000
v 23.31961500 16.23500000 12.15000000
f 1478 1480 1477
f 1481 1478 1477
f 1477 1480 1479
f 1479 1481 1477
f 1478 1484 1480
f 1482 1478 1481
f 1482 1484 1478
f 1480 1484 1479
f 1483 1481 1479
f 1479 1484 1483
f 1483 1482 1481
f 1484 1482 1483

o geometry_186
v 23.66115400 16.16500000 9.37000000
v 23.66115400 16.16500000 12.15000000
v 23.66115400 16.23500000 9.37000000
v 23.66115400 16.23500000 12.15000000
v 23.73115400 16.16500000 9.37000000
v 23.73115400 16.16500000 12.15000000
v 23.73115400 16.23500000 9.37000000
v 23.73115400 16.23500000 12.15000000
f 1486 1488 1485
f 1489 1486 1485
f 1485 1488 1487
f 1487 1489 1485
f 1486 1492 1488
f 1490 1486 1489
f 1490 1492 1486
f 1488 1492 1487
f 1491 1489 1487
f 1487 1492 1491
f 1491 1490 1489
f 1492 1490 1491

o geometry_187
v 24.07269200 16.16500000 9.37000000
v 24.07269200 16.16500000 12.15000000
v 24.07269200 16.23500000 9.37000000
v 24.07269200 16.23500000 12.15000000
v 24.14269200 16.16500000 9.37000000
v 24.14269200 16.16500000 12.15000000
v 24.14269200 16.23500000 9.37000000
v 24.14269200 16.23500000 12.15000000
f 1494 1496 1493
f 1497 1494 1493
f 1493 1496 1495
f 1495 1497 1493
f 1494 1500 1496
f 1498 1494 1497
f 1498 1500 1494
f 1496 1500 1495
f 1499 1497 1495
f 1495 1500 1499
f 1499 1498 1497
f 1500 1498 1499

o geometry_188
v 24.48423100 16.16500000 9.37000000
v 24.48423100 16.16500000 12.15000000
v 24.48423100 16.23500000 9.37000000
v 24.48423100 16.23500000 12.15000000
v 24.55423100 16.16500000 9.37000000
v 24.55423100 16.16500000 12.15000000
v 24.55423100 16.23500000 9.37000000
v 24.55423100 16.23500000 12.15000000
f 1502 1504 1501
f 1505 1502 1501
f 1501 1504 1503
f 1503 1505 1501
f 1502 1508 1504
f 1506 1502 1505
f 1506 1508 1502
f 1504 1508 1503
f 1507 1505 1503
f 1503 1508 1507
f 1507 1506 1505
f 1508 1506 1507

o geometry_189
v 24.89576900 16.16500000 9.37000000
v 24.89576900 16.16500000 12.15000000
v 24.89576900 16.23500000 9.37000000
v 24.89576900 16.23500000 12.15000000
v 24.96576900 16.16500000 9.37000000
v 24.96576900 16.16500000 12.15000000
v 24.96576900 16.23500000 9.37000000
v 24.96576900 16.23500000 12.15000000
f 1510 1512 1509
f 1513 1510 1509
f 1509 1512 1511
f 1511 1513 1509
f 1510 1516 1512
f 1514 1510 1513
f 1514 1516 1510
f 1512 1516 1511
f 1515 1513 1511
f 1511 1516 1515
f 1515 1514 1513
f 1516 1514 1515

o geometry_190
v 25.30730800 16.16500000 9.37000000
v 25.30730800 16.16500000 12.15000000
v 25.30730800 16.23500000 9.37000000
v 25.30730800 16.23500000 12.15000000
v 25.37730800 16.16500000 9.37000000
v 25.37730800 16.16500000 12.15000000
v 25.37730800 16.23500000 9.37000000
v 25.37730800 16.23500000 12.15000000
f 1518 1520 1517
f 1521 1518 1517
f 1517 1520 1519
f 1519 1521 1517
f 1518 1524 1520
f 1522 1518 1521
f 1522 1524 1518
f 1520 1524 1519
f 1523 1521 1519
f 1519 1524 1523
f 1523 1522 1521
f 1524 1522 1523

o geometry_191
v 25.71884600 16.16500000 9.37000000
v 25.71884600 16.16500000 12.15000000
v 25.71884600 16.23500000 9.37000000
v 25.71884600 16.23500000 12.15000000
v 25.78884600 16.16500000 9.37000000
v 25.78884600 16.16500000 12.15000000
v 25.78884600 16.23500000 9.37000000
v 25.78884600 16.23500000 12.15000000
f 1526 1528 1525
f 1529 1526 1525
f 1525 1528 1527
f 1527 1529 1525
f 1526 1532 1528
f 1530 1526 1529
f 1530 1532 1526
f 1528 1532 1527
f 1531 1529 1527
f 1527 1532 1531
f 1531 1530 1529
f 1532 1530 1531

o geometry_192
v 26.13038500 16.16500000 9.37000000
v 26.13038500 16.16500000 12.15000000
v 26.13038500 16.23500000 9.37000000
v 26.13038500 16.23500000 12.15000000
v 26.20038500 16.16500000 9.37000000
v 26.20038500 16.16500000 12.15000000
v 26.20038500 16.23500000 9.37000000
v 26.20038500 16.23500000 12.15000000
f 1534 1536 1533
f 1537 1534 1533
f 1533 1536 1535
f 1535 1537 1533
f 1534 1540 1536
f 1538 1534 1537
f 1538 1540 1534
f 1536 1540 1535
f 1539 1537 1535
f 1535 1540 1539
f 1539 1538 1537
f 1540 1538 1539

o geometry_193
v 26.54192300 16.16500000 9.37000000
v 26.54192300 16.16500000 12.15000000
v 26.54192300 16.23500000 9.37000000
v 26.54192300 16.23500000 12.15000000
v 26.61192300 16.16500000 9.37000000
v 26.61192300 16.16500000 12.15000000
v 26.61192300 16.23500000 9.37000000
v 26.61192300 16.23500000 12.15000000
f 1542 1544 1541
f 1545 1542 1541
f 1541 1544 1543
f 1543 1545 1541
f 1542 1548 1544
f 1546 1542 1545
f 1546 1548 1542
f 1544 1548 1543
f 1547 1545 1543
f 1543 1548 1547
f 1547 1546 1545
f 1548 1546 1547

o geometry_194
v 26.95346200 16.16500000 9.37000000
v 26.95346200 16.16500000 12.15000000
v 26.95346200 16.23500000 9.37000000
v 26.95346200 16.23500000 12.15000000
v 27.02346200 16.16500000 9.37000000
v 27.02346200 16.16500000 12.15000000
v 27.02346200 16.23500000 9.37000000
v 27.02346200 16.23500000 12.15000000
f 1550 1552 1549
f 1553 1550 1549
f 1549 1552 1551
f 1551 1553 1549
f 1550 1556 1552
f 1554 1550 1553
f 1554 1556 1550
f 1552 1556 1551
f 1555 1553 1551
f 1551 1556 1555
f 1555 1554 1553
f 1556 1554 1555

o geometry_195
v 27.36500000 16.16500000 9.37000000
v 27.36500000 16.16500000 12.15000000
v 27.36500000 16.23500000 9.37000000
v 27.36500000 16.23500000 12.15000000
v 27.43500000 16.16500000 9.37000000
v 27.43500000 16.16500000 12.15000000
v 27.43500000 16.23500000 9.37000000
v 27.43500000 16.23500000 12.15000000
f 1558 1560 1557
f 1561 1558 1557
f 1557 1560 1559
f 1559 1561 1557
f 1558 1564 1560
f 1562 1558 1561
f 1562 1564 1558
f 1560 1564 1559
f 1563 1561 1559
f 1559 1564 1563
f 1563 1562 1561
f 1564 1562 1563

o geometry_196
v 27.77653800 16.16500000 9.37000000
v 27.77653800 16.16500000 12.15000000
v 27.77653800 16.23500000 9.37000000
v 27.77653800 16.23500000 12.15000000
v 27.84653800 16.16500000 9.37000000
v 27.84653800 16.16500000 12.15000000
v 27.84653800 16.23500000 9.37000000
v 27.84653800 16.23500000 12.15000000
f 1566 1568 1565
f 1569 1566 1565
f 1565 1568 1567
f 1567 1569 1565
f 1566 1572 1568
f 1570 1566 1569
f 1570 1572 1566
f 1568 1572 1567
f 1571 1569 1567
f 1567 1572 1571
f 1571 1570 1569
f 1572 1570 1571

o geometry_197
v 28.18807700 16.16500000 9.37000000
v 28.18807700 16.16500000 12.15000000
v 28.18807700 16.23500000 9.37000000
v 28.18807700 16.23500000 12.15000000
v 28.25807700 16.16500000 9.37000000
v 28.25807700 16.16500000 12.15000000
v 28.25807700 16.23500000 9.37000000
v 28.25807700 16.23500000 12.15000000
f 1574 1576 1573
f 1577 1574 1573
f 1573 1576 1575
f 1575 1577 1573
f 1574 1580 1576
f 1578 1574 1577
f 1578 1580 1574
f 1576 1580 1575
f 1579 1577 1575
f 1575 1580 1579
f 1579 1578 1577
f 1580 1578 1579

o geometry_198
v 28.59961500 16.16500000 9.37000000
v 28.59961500 16.16500000 12.15000000
v 28.59961500 16.23500000 9.37000000
v 28.59961500 16.23500000 12.15000000
v 28.66961500 16.16500000 9.37000000
v 28.66961500 16.16500000 12.15000000
v 28.66961500 16.23500000 9.37000000
v 28.66961500 16.23500000 12.15000000
f 1582 1584 1581
f 1585 1582 1581
f 1581 1584 1583
f 1583 1585 1581
f 1582 1588 1584
f 1586 1582 1585
f 1586 1588 1582
f 1584 1588 1583
f 1587 1585 1583
f 1583 1588 1587
f 1587 1586 1585
f 1588 1586 1587

o geometry_199
v 29.01115400 16.16500000 9.37000000
v 29.01115400 16.16500000 12.15000000
v 29.01115400 16.23500000 9.37000000
v 29.01115400 16.23500000 12.15000000
v 29.08115400 16.16500000 9.37000000
v 29.08115400 16.16500000 12.15000000
v 29.08115400 16.23500000 9.37000000
v 29.08115400 16.23500000 12.15000000
f 1590 1592 1589
f 1593 1590 1589
f 1589 1592 1591
f 1591 1593 1589
f 1590 1596 1592
f 1594 1590 1593
f 1594 1596 1590
f 1592 1596 1591
f 1595 1593 1591
f 1591 1596 1595
f 1595 1594 1593
f 1596 1594 1595

o geometry_200
v 29.42269200 16.16500000 9.37000000
v 29.42269200 16.16500000 12.15000000
v 29.42269200 16.23500000 9.37000000
v 29.42269200 16.23500000 12.15000000
v 29.49269200 16.16500000 9.37000000
v 29.49269200 16.16500000 12.15000000
v 29.49269200 16.23500000 9.37000000
v 29.49269200 16.23500000 12.15000000
f 1598 1600 1597
f 1601 1598 1597
f 1597 1600 1599
f 1599 1601 1597
f 1598 1604 1600
f 1602 1598 1601
f 1602 1604 1598
f 1600 1604 1599
f 1603 1601 1599
f 1599 1604 1603
f 1603 1602 1601
f 1604 1602 1603

o geometry_201
v 29.83423100 16.16500000 9.37000000
v 29.83423100 16.16500000 12.15000000
v 29.83423100 16.23500000 9.37000000
v 29.83423100 16.23500000 12.15000000
v 29.90423100 16.16500000 9.37000000
v 29.90423100 16.16500000 12.15000000
v 29.90423100 16.23500000 9.37000000
v 29.90423100 16.23500000 12.15000000
f 1606 1608 1605
f 1609 1606 1605
f 1605 1608 1607
f 1607 1609 1605
f 1606 1612 1608
f 1610 1606 1609
f 1610 1612 1606
f 1608 1612 1607
f 1611 1609 1607
f 1607 1612 1611
f 1611 1610 1609
f 1612 1610 1611

o geometry_202
v 30.24576900 16.16500000 9.37000000
v 30.24576900 16.16500000 12.15000000
v 30.24576900 16.23500000 9.37000000
v 30.24576900 16.23500000 12.15000000
v 30.31576900 16.16500000 9.37000000
v 30.31576900 16.16500000 12.15000000
v 30.31576900 16.23500000 9.37000000
v 30.31576900 16.23500000 12.15000000
f 1614 1616 1613
f 1617 1614 1613
f 1613 1616 1615
f 1615 1617 1613
f 1614 1620 1616
f 1618 1614 1617
f 1618 1620 1614
f 1616 1620 1615
f 1619 1617 1615
f 1615 1620 1619
f 1619 1618 1617
f 1620 1618 1619

o geometry_203
v 30.65730800 16.16500000 9.37000000
v 30.65730800 16.16500000 12.15000000
v 30.65730800 16.23500000 9.37000000
v 30.65730800 16.23500000 12.15000000
v 30.72730800 16.16500000 9.37000000
v 30.72730800 16.16500000 12.15000000
v 30.72730800 16.23500000 9.37000000
v 30.72730800 16.23500000 12.15000000
f 1622 1624 1621
f 1625 1622 1621
f 1621 1624 1623
f 1623 1625 1621
f 1622 1628 1624
f 1626 1622 1625
f 1626 1628 1622
f 1624 1628 1623
f 1627 1625 1623
f 1623 1628 1627
f 1627 1626 1625
f 1628 1626 1627

o geometry_204
v 31.06884600 16.16500000 9.37000000
v 31.06884600 16.16500000 12.15000000
v 31.06884600 16.23500000 9.37000000
v 31.06884600 16.23500000 12.15000000
v 31.13884600 16.16500000 9.37000000
v 31.13884600 16.16500000 12.15000000
v 31.13884600 16.23500000 9.37000000
v 31.13884600 16.23500000 12.15000000
f 1630 1632 1629
f 1633 1630 1629
f 1629 1632 1631
f 1631 1633 1629
f 1630 1636 1632
f 1634 1630 1633
f 1634 1636 1630
f 1632 1636 1631
f 1635 1633 1631
f 1631 1636 1635
f 1635 1634 1633
f 1636 1634 1635

o geometry_205
v 31.48038500 16.16500000 9.37000000
v 31.48038500 16.16500000 12.15000000
v 31.48038500 16.23500000 9.37000000
v 31.48038500 16.23500000 12.15000000
v 31.55038500 16.16500000 9.37000000
v 31.55038500 16.16500000 12.15000000
v 31.55038500 16.23500000 9.37000000
v 31.55038500 16.23500000 12.15000000
f 1638 1640 1637
f 1641 1638 1637
f 1637 1640 1639
f 1639 1641 1637
f 1638 1644 1640
f 1642 1638 1641
f 1642 1644 1638
f 1640 1644 1639
f 1643 1641 1639
f 1639 1644 1643
f 1643 1642 1641
f 1644 1642 1643

o geometry_206
v 31.89192300 16.16500000 9.37000000
v 31.89192300 16.16500000 12.15000000
v 31.89192300 16.23500000 9.37000000
v 31.89192300 16.23500000 12.15000000
v 31.96192300 16.16500000 9.37000000
v 31.96192300 16.16500000 12.15000000
v 31.96192300 16.23500000 9.37000000
v 31.96192300 16.23500000 12.15000000
f 1646 1648 1645
f 1649 1646 1645
f 1645 1648 1647
f 1647 1649 1645
f 1646 1652 1648
f 1650 1646 1649
f 1650 1652 1646
f 1648 1652 1647
f 1651 1649 1647
f 1647 1652 1651
f 1651 1650 1649
f 1652 1650 1651

o geometry_207
v 32.30346200 16.16500000 9.37000000
v 32.30346200 16.16500000 12.15000000
v 32.30346200 16.23500000 9.37000000
v 32.30346200 16.23500000 12.15000000
v 32.37346200 16.16500000 9.37000000
v 32.37346200 16.16500000 12.15000000
v 32.37346200 16.23500000 9.37000000
v 32.37346200 16.23500000 12.15000000
f 1654 1656 1653
f 1657 1654 1653
f 1653 1656 1655
f 1655 1657 1653
f 1654 1660 1656
f 1658 1654 1657
f 1658 1660 1654
f 1656 1660 1655
f 1659 1657 1655
f 1655 1660 1659
f 1659 1658 1657
f 1660 1658 1659

o geometry_208
v 32.71500000 16.16500000 9.37000000
v 32.71500000 16.16500000 12.15000000
v 32.71500000 16.23500000 9.37000000
v 32.71500000 16.23500000 12.15000000
v 32.78500000 16.16500000 9.37000000
v 32.78500000 16.16500000 12.15000000
v 32.78500000 16.23500000 9.37000000
v 32.78500000 16.23500000 12.15000000
f 1662 1664 1661
f 1665 1662 1661
f 1661 1664 1663
f 1663 1665 1661
f 1662 1668 1664
f 1666 1662 1665
f 1666 1668 1662
f 1664 1668 1663
f 1667 1665 1663
f 1663 1668 1667
f 1667 1666 1665
f 1668 1666 1667

o geometry_209
v 16.64000000 16.14000000 9.37000000
v 16.64000000 16.14000000 9.47000000
v 16.64000000 16.26000000 9.37000000
v 16.64000000 16.26000000 9.47000000
v 32.81000000 16.14000000 9.37000000
v 32.81000000 16.14000000 9.47000000
v 32.81000000 16.26000000 9.37000000
v 32.81000000 16.26000000 9.47000000
f 1670 1672 1669
f 1673 1670 1669
f 1669 1672 1671
f 1671 1673 1669
f 1670 1676 1672
f 1674 1670 1673
f 1674 1676 1670
f 1672 1676 1671
f 1675 1673 1671
f 1671 1676 1675
f 1675 1674 1673
f 1676 1674 1675

o geometry_210
v 16.64000000 16.14000000 12.15000000
v 16.64000000 16.14000000 12.25000000
v 16.64000000 16.26000000 12.15000000
v 16.64000000 16.26000000 12.25000000
v 32.81000000 16.14000000 12.15000000
v 32.81000000 16.14000000 12.25000000
v 32.81000000 16.26000000 12.15000000
v 32.81000000 16.26000000 12.25000000
f 1678 1680 1677
f 1681 1678 1677
f 1677 1680 1679
f 1679 1681 1677
f 1678 1684 1680
f 1682 1678 1681
f 1682 1684 1678
f 1680 1684 1679
f 1683 1681 1679
f 1679 1684 1683
f 1683 1682 1681
f 1684 1682 1683

o geometry_211
v 32.71500000 16.16500000 9.37000000
v 32.71500000 16.16500000 12.15000000
v 32.71500000 16.23500000 9.37000000
v 32.71500000 16.23500000 12.15000000
v 32.78500000 16.16500000 9.37000000
v 32.78500000 16.16500000 12.15000000
v 32.78500000 16.23500000 9.37000000
v 32.78500000 16.23500000 12.15000000
f 1686 1688 1685
f 1689 1686 1685
f 1685 1688 1687
f 1687 1689 1685
f 1686 1692 1688
f 1690 1686 1689
f 1690 1692 1686
f 1688 1692 1687
f 1691 1689 1687
f 1687 1692 1691
f 1691 1690 1689
f 1692 1690 1691

o geometry_212
v 32.71500000 16.58409100 9.37000000
v 32.71500000 16.58409100 12.15000000
v 32.71500000 16.65409100 9.37000000
v 32.71500000 16.65409100 12.15000000
v 32.78500000 16.58409100 9.37000000
v 32.78500000 16.58409100 12.15000000
v 32.78500000 16.65409100 9.37000000
v 32.78500000 16.65409100 12.15000000
f 1694 1696 1693
f 1697 1694 1693
f 1693 1696 1695
f 1695 1697 1693
f 1694 1700 1696
f 1698 1694 1697
f 1698 1700 1694
f 1696 1700 1695
f 1699 1697 1695
f 1695 1700 1699
f 1699 1698 1697
f 1700 1698 1699

o geometry_213
v 32.71500000 17.00318200 9.37000000
v 32.71500000 17.00318200 12.15000000
v 32.71500000 17.07318200 9.37000000
v 32.71500000 17.07318200 12.15000000
v 32.78500000 17.00318200 9.37000000
v 32.78500000 17.00318200 12.15000000
v 32.78500000 17.07318200 9.37000000
v 32.78500000 17.07318200 12.15000000
f 1702 1704 1701
f 1705 1702 1701
f 1701 1704 1703
f 1703 1705 1701
f 1702 1708 1704
f 1706 1702 1705
f 1706 1708 1702
f 1704 1708 1703
f 1707 1705 1703
f 1703 1708 1707
f 1707 1706 1705
f 1708 1706 1707

o geometry_214
v 32.71500000 17.42227300 9.37000000
v 32.71500000 17.42227300 12.15000000
v 32.71500000 17.49227300 9.37000000
v 32.71500000 17.49227300 12.15000000
v 32.78500000 17.42227300 9.37000000
v 32.78500000 17.42227300 12.15000000
v 32.78500000 17.49227300 9.37000000
v 32.78500000 17.49227300 12.15000000
f 1710 1712 1709
f 1713 1710 1709
f 1709 1712 1711
f 1711 1713 1709
f 1710 1716 1712
f 1714 1710 1713
f 1714 1716 1710
f 1712 1716 1711
f 1715 1713 1711
f 1711 1716 1715
f 1715 1714 1713
f 1716 1714 1715

o geometry_215
v 32.71500000 17.84136400 9.37000000
v 32.71500000 17.84136400 12.15000000
v 32.71500000 17.91136400 9.37000000
v 32.71500000 17.91136400 12.15000000
v 32.78500000 17.84136400 9.37000000
v 32.78500000 17.84136400 12.15000000
v 32.78500000 17.91136400 9.37000000
v 32.78500000 17.91136400 12.15000000
f 1718 1720 1717
f 1721 1718 1717
f 1717 1720 1719
f 1719 1721 1717
f 1718 1724 1720
f 1722 1718 1721
f 1722 1724 1718
f 1720 1724 1719
f 1723 1721 1719
f 1719 1724 1723
f 1723 1722 1721
f 1724 1722 1723

o geometry_216
v 32.71500000 18.26045500 9.37000000
v 32.71500000 18.26045500 12.15000000
v 32.71500000 18.33045500 9.37000000
v 32.71500000 18.33045500 12.15000000
v 32.78500000 18.26045500 9.37000000
v 32.78500000 18.26045500 12.15000000
v 32.78500000 18.33045500 9.37000000
v 32.78500000 18.33045500 12.15000000
f 1726 1728 1725
f 1729 1726 1725
f 1725 1728 1727
f 1727 1729 1725
f 1726 1732 1728
f 1730 1726 1729
f 1730 1732 1726
f 1728 1732 1727
f 1731 1729 1727
f 1727 1732 1731
f 1731 1730 1729
f 1732 1730 1731

o geometry_217
v 32.71500000 18.67954500 9.37000000
v 32.71500000 18.67954500 12.15000000
v 32.71500000 18.74954500 9.37000000
v 32.71500000 18.74954500 12.15000000
v 32.78500000 18.67954500 9.37000000
v 32.78500000 18.67954500 12.15000000
v 32.78500000 18.74954500 9.37000000
v 32.78500000 18.74954500 12.15000000
f 1734 1736 1733
f 1737 1734 1733
f 1733 1736 1735
f 1735 1737 1733
f 1734 1740 1736
f 1738 1734 1737
f 1738 1740 1734
f 1736 1740 1735
f 1739 1737 1735
f 1735 1740 1739
f 1739 1738 1737
f 1740 1738 1739

o geometry_218
v 32.71500000 19.09863600 9.37000000
v 32.71500000 19.09863600 12.15000000
v 32.71500000 19.16863600 9.37000000
v 32.71500000 19.16863600 12.15000000
v 32.78500000 19.09863600 9.37000000
v 32.78500000 19.09863600 12.15000000
v 32.78500000 19.16863600 9.37000000
v 32.78500000 19.16863600 12.15000000
f 1742 1744 1741
f 1745 1742 1741
f 1741 1744 1743
f 1743 1745 1741
f 1742 1748 1744
f 1746 1742 1745
f 1746 1748 1742
f 1744 1748 1743
f 1747 1745 1743
f 1743 1748 1747
f 1747 1746 1745
f 1748 1746 1747

o geometry_219
v 32.71500000 19.51772700 9.37000000
v 32.71500000 19.51772700 12.15000000
v 32.71500000 19.58772700 9.37000000
v 32.71500000 19.58772700 12.15000000
v 32.78500000 19.51772700 9.37000000
v 32.78500000 19.51772700 12.15000000
v 32.78500000 19.58772700 9.37000000
v 32.78500000 19.58772700 12.15000000
f 1750 1752 1749
f 1753 1750 1749
f 1749 1752 1751
f 1751 1753 1749
f 1750 1756 1752
f 1754 1750 1753
f 1754 1756 1750
f 1752 1756 1751
f 1755 1753 1751
f 1751 1756 1755
f 1755 1754 1753
f 1756 1754 1755

o geometry_220
v 32.71500000 19.93681800 9.37000000
v 32.71500000 19.93681800 12.15000000
v 32.71500000 20.00681800 9.37000000
v 32.71500000 20.00681800 12.15000000
v 32.78500000 19.93681800 9.37000000
v 32.78500000 19.93681800 12.15000000
v 32.78500000 20.00681800 9.37000000
v 32.78500000 20.00681800 12.15000000
f 1758 1760 1757
f 1761 1758 1757
f 1757 1760 1759
f 1759 1761 1757
f 1758 1764 1760
f 1762 1758 1761
f 1762 1764 1758
f 1760 1764 1759
f 1763 1761 1759
f 1759 1764 1763
f 1763 1762 1761
f 1764 1762 1763

o geometry_221
v 32.71500000 20.35590900 9.37000000
v 32.71500000 20.35590900 12.15000000
v 32.71500000 20.42590900 9.37000000
v 32.71500000 20.42590900 12.15000000
v 32.78500000 20.35590900 9.37000000
v 32.78500000 20.35590900 12.15000000
v 32.78500000 20.42590900 9.37000000
v 32.78500000 20.42590900 12.15000000
f 1766 1768 1765
f 1769 1766 1765
f 1765 1768 1767
f 1767 1769 1765
f 1766 1772 1768
f 1770 1766 1769
f 1770 1772 1766
f 1768 1772 1767
f 1771 1769 1767
f 1767 1772 1771
f 1771 1770 1769
f 1772 1770 1771

o geometry_222
v 32.71500000 20.77500000 9.37000000
v 32.71500000 20.77500000 12.15000000
v 32.71500000 20.84500000 9.37000000
v 32.71500000 20.84500000 12.15000000
v 32.78500000 20.77500000 9.37000000
v 32.78500000 20.77500000 12.15000000
v 32.78500000 20.84500000 9.37000000
v 32.78500000 20.84500000 12.15000000
f 1774 1776 1773
f 1777 1774 1773
f 1773 1776 1775
f 1775 1777 1773
f 1774 1780 1776
f 1778 1774 1777
f 1778 1780 1774
f 1776 1780 1775
f 1779 1777 1775
f 1775 1780 1779
f 1779 1778 1777
f 1780 1778 1779

o geometry_223
v 32.71500000 21.19409100 9.37000000
v 32.71500000 21.19409100 12.15000000
v 32.71500000 21.26409100 9.37000000
v 32.71500000 21.26409100 12.15000000
v 32.78500000 21.19409100 9.37000000
v 32.78500000 21.19409100 12.15000000
v 32.78500000 21.26409100 9.37000000
v 32.78500000 21.26409100 12.15000000
f 1782 1784 1781
f 1785 1782 1781
f 1781 1784 1783
f 1783 1785 1781
f 1782 1788 1784
f 1786 1782 1785
f 1786 1788 1782
f 1784 1788 1783
f 1787 1785 1783
f 1783 1788 1787
f 1787 1786 1785
f 1788 1786 1787

o geometry_224
v 32.71500000 21.61318200 9.37000000
v 32.71500000 21.61318200 12.15000000
v 32.71500000 21.68318200 9.37000000
v 32.71500000 21.68318200 12.15000000
v 32.78500000 21.61318200 9.37000000
v 32.78500000 21.61318200 12.15000000
v 32.78500000 21.68318200 9.37000000
v 32.78500000 21.68318200 12.15000000
f 1790 1792 1789
f 1793 1790 1789
f 1789 1792 1791
f 1791 1793 1789
f 1790 1796 1792
f 1794 1790 1793
f 1794 1796 1790
f 1792 1796 1791
f 1795 1793 1791
f 1791 1796 1795
f 1795 1794 1793
f 1796 1794 1795

o geometry_225
v 32.71500000 22.03227300 9.37000000
v 32.71500000 22.03227300 12.15000000
v 32.71500000 22.10227300 9.37000000
v 32.71500000 22.10227300 12.15000000
v 32.78500000 22.03227300 9.37000000
v 32.78500000 22.03227300 12.15000000
v 32.78500000 22.10227300 9.37000000
v 32.78500000 22.10227300 12.15000000
f 1798 1800 1797
f 1801 1798 1797
f 1797 1800 1799
f 1799 1801 1797
f 1798 1804 1800
f 1802 1798 1801
f 1802 1804 1798
f 1800 1804 1799
f 1803 1801 1799
f 1799 1804 1803
f 1803 1802 1801
f 1804 1802 1803

o geometry_226
v 32.71500000 22.45136400 9.37000000
v 32.71500000 22.45136400 12.15000000
v 32.71500000 22.52136400 9.37000000
v 32.71500000 22.52136400 12.15000000
v 32.78500000 22.45136400 9.37000000
v 32.78500000 22.45136400 12.15000000
v 32.78500000 22.52136400 9.37000000
v 32.78500000 22.52136400 12.15000000
f 1806 1808 1805
f 1809 1806 1805
f 1805 1808 1807
f 1807 1809 1805
f 1806 1812 1808
f 1810 1806 1809
f 1810 1812 1806
f 1808 1812 1807
f 1811 1809 1807
f 1807 1812 1811
f 1811 1810 1809
f 1812 1810 1811

o geometry_227
v 32.71500000 22.87045500 9.37000000
v 32.71500000 22.87045500 12.15000000
v 32.71500000 22.94045500 9.37000000
v 32.71500000 22.94045500 12.15000000
v 32.78500000 22.87045500 9.37000000
v 32.78500000 22.87045500 12.15000000
v 32.78500000 22.94045500 9.37000000
v 32.78500000 22.94045500 12.15000000
f 1814 1816 1813
f 1817 1814 1813
f 1813 1816 1815
f 1815 1817 1813
f 1814 1820 1816
f 1818 1814 1817
f 1818 1820 1814
f 1816 1820 1815
f 1819 1817 1815
f 1815 1820 1819
f 1819 1818 1817
f 1820 1818 1819

o geometry_228
v 32.71500000 23.28954500 9.37000000
v 32.71500000 23.28954500 12.15000000
v 32.71500000 23.35954500 9.37000000
v 32.71500000 23.35954500 12.15000000
v 32.78500000 23.28954500 9.37000000
v 32.78500000 23.28954500 12.15000000
v 32.78500000 23.35954500 9.37000000
v 32.78500000 23.35954500 12.15000000
f 1822 1824 1821
f 1825 1822 1821
f 1821 1824 1823
f 1823 1825 1821
f 1822 1828 1824
f 1826 1822 1825
f 1826 1828 1822
f 1824 1828 1823
f 1827 1825 1823
f 1823 1828 1827
f 1827 1826 1825
f 1828 1826 1827

o geometry_229
v 32.71500000 23.70863600 9.37000000
v 32.71500000 23.70863600 12.15000000
v 32.71500000 23.77863600 9.37000000
v 32.71500000 23.77863600 12.15000000
v 32.78500000 23.70863600 9.37000000
v 32.78500000 23.70863600 12.15000000
v 32.78500000 23.77863600 9.37000000
v 32.78500000 23.77863600 12.15000000
f 1830 1832 1829
f 1833 1830 1829
f 1829 1832 1831
f 1831 1833 1829
f 1830 1836 1832
f 1834 1830 1833
f 1834 1836 1830
f 1832 1836 1831
f 1835 1833 1831
f 1831 1836 1835
f 1835 1834 1833
f 1836 1834 1835

o geometry_230
v 32.71500000 24.12772700 9.37000000
v 32.71500000 24.12772700 12.15000000
v 32.71500000 24.19772700 9.37000000
v 32.71500000 24.19772700 12.15000000
v 32.78500000 24.12772700 9.37000000
v 32.78500000 24.12772700 12.15000000
v 32.78500000 24.19772700 9.37000000
v 32.78500000 24.19772700 12.15000000
f 1838 1840 1837
f 1841 1838 1837
f 1837 1840 1839
f 1839 1841 1837
f 1838 1844 1840
f 1842 1838 1841
f 1842 1844 1838
f 1840 1844 1839
f 1843 1841 1839
f 1839 1844 1843
f 1843 1842 1841
f 1844 1842 1843

o geometry_231
v 32.71500000 24.54681800 9.37000000
v 32.71500000 24.54681800 12.15000000
v 32.71500000 24.61681800 9.37000000
v 32.71500000 24.61681800 12.15000000
v 32.78500000 24.54681800 9.37000000
v 32.78500000 24.54681800 12.15000000
v 32.78500000 24.61681800 9.37000000
v 32.78500000 24.61681800 12.15000000
f 1846 1848 1845
f 1849 1846 1845
f 1845 1848 1847
f 1847 1849 1845
f 1846 1852 1848
f 1850 1846 1849
f 1850 1852 1846
f 1848 1852 1847
f 1851 1849 1847
f 1847 1852 1851
f 1851 1850 1849
f 1852 1850 1851

o geometry_232
v 32.71500000 24.96590900 9.37000000
v 32.71500000 24.96590900 12.15000000
v 32.71500000 25.03590900 9.37000000
v 32.71500000 25.03590900 12.15000000
v 32.78500000 24.96590900 9.37000000
v 32.78500000 24.96590900 12.15000000
v 32.78500000 25.03590900 9.37000000
v 32.78500000 25.03590900 12.15000000
f 1854 1856 1853
f 1857 1854 1853
f 1853 1856 1855
f 1855 1857 1853
f 1854 1860 1856
f 1858 1854 1857
f 1858 1860 1854
f 1856 1860 1855
f 1859 1857 1855
f 1855 1860 1859
f 1859 1858 1857
f 1860 1858 1859

o geometry_233
v 32.71500000 25.38500000 9.37000000
v 32.71500000 25.38500000 12.15000000
v 32.71500000 25.45500000 9.37000000
v 32.71500000 25.45500000 12.15000000
v 32.78500000 25.38500000 9.37000000
v 32.78500000 25.38500000 12.15000000
v 32.78500000 25.45500000 9.37000000
v 32.78500000 25.45500000 12.15000000
f 1862 1864 1861
f 1865 1862 1861
f 1861 1864 1863
f 1863 1865 1861
f 1862 1868 1864
f 1866 1862 1865
f 1866 1868 1862
f 1864 1868 1863
f 1867 1865 1863
f 1863 1868 1867
f 1867 1866 1865
f 1868 1866 1867

o geometry_234
v 32.71500000 25.80409100 9.37000000
v 32.71500000 25.80409100 12.15000000
v 32.71500000 25.87409100 9.37000000
v 32.71500000 25.87409100 12.15000000
v 32.78500000 25.80409100 9.37000000
v 32.78500000 25.80409100 12.15000000
v 32.78500000 25.87409100 9.37000000
v 32.78500000 25.87409100 12.15000000
f 1870 1872 1869
f 1873 1870 1869
f 1869 1872 1871
f 1871 1873 1869
f 1870 1876 1872
f 1874 1870 1873
f 1874 1876 1870
f 1872 1876 1871
f 1875 1873 1871
f 1871 1876 1875
f 1875 1874 1873
f 1876 1874 1875

o geometry_235
v 32.71500000 26.22318200 9.37000000
v 32.71500000 26.22318200 12.15000000
v 32.71500000 26.29318200 9.37000000
v 32.71500000 26.29318200 12.15000000
v 32.78500000 26.22318200 9.37000000
v 32.78500000 26.22318200 12.15000000
v 32.78500000 26.29318200 9.37000000
v 32.78500000 26.29318200 12.15000000
f 1878 1880 1877
f 1881 1878 1877
f 1877 1880 1879
f 1879 1881 1877
f 1878 1884 1880
f 1882 1878 1881
f 1882 1884 1878
f 1880 1884 1879
f 1883 1881 1879
f 1879 1884 1883
f 1883 1882 1881
f 1884 1882 1883

o geometry_236
v 32.71500000 26.64227300 9.37000000
v 32.71500000 26.64227300 12.15000000
v 32.71500000 26.71227300 9.37000000
v 32.71500000 26.71227300 12.15000000
v 32.78500000 26.64227300 9.37000000
v 32.78500000 26.64227300 12.15000000
v 32.78500000 26.71227300 9.37000000
v 32.78500000 26.71227300 12.15000000
f 1886 1888 1885
f 1889 1886 1885
f 1885 1888 1887
f 1887 1889 1885
f 1886 1892 1888
f 1890 1886 1889
f 1890 1892 1886
f 1888 1892 1887
f 1891 1889 1887
f 1887 1892 1891
f 1891 1890 1889
f 1892 1890 1891

o geometry_237
v 32.71500000 27.06136400 9.37000000
v 32.71500000 27.06136400 12.15000000
v 32.71500000 27.13136400 9.37000000
v 32.71500000 27.13136400 12.15000000
v 32.78500000 27.06136400 9.37000000
v 32.78500000 27.06136400 12.15000000
v 32.78500000 27.13136400 9.37000000
v 32.78500000 27.13136400 12.15000000
f 1894 1896 1893
f 1897 1894 1893
f 1893 1896 1895
f 1895 1897 1893
f 1894 1900 1896
f 1898 1894 1897
f 1898 1900 1894
f 1896 1900 1895
f 1899 1897 1895
f 1895 1900 1899
f 1899 1898 1897
f 1900 1898 1899

o geometry_238
v 32.71500000 27.48045500 9.37000000
v 32.71500000 27.48045500 12.15000000
v 32.71500000 27.55045500 9.37000000
v 32.71500000 27.55045500 12.15000000
v 32.78500000 27.48045500 9.37000000
v 32.78500000 27.48045500 12.15000000
v 32.78500000 27.55045500 9.37000000
v 32.78500000 27.55045500 12.15000000
f 1902 1904 1901
f 1905 1902 1901
f 1901 1904 1903
f 1903 1905 1901
f 1902 1908 1904
f 1906 1902 1905
f 1906 1908 1902
f 1904 1908 1903
f 1907 1905 1903
f 1903 1908 1907
f 1907 1906 1905
f 1908 1906 1907

o geometry_239
v 32.71500000 27.89954500 9.37000000
v 32.71500000 27.89954500 12.15000000
v 32.71500000 27.96954500 9.37000000
v 32.71500000 27.96954500 12.15000000
v 32.78500000 27.89954500 9.37000000
v 32.78500000 27.89954500 12.15000000
v 32.78500000 27.96954500 9.37000000
v 32.78500000 27.96954500 12.15000000
f 1910 1912 1909
f 1913 1910 1909
f 1909 1912 1911
f 1911 1913 1909
f 1910 1916 1912
f 1914 1910 1913
f 1914 1916 1910
f 1912 1916 1911
f 1915 1913 1911
f 1911 1916 1915
f 1915 1914 1913
f 1916 1914 1915

o geometry_240
v 32.71500000 28.31863600 9.37000000
v 32.71500000 28.31863600 12.15000000
v 32.71500000 28.38863600 9.37000000
v 32.71500000 28.38863600 12.15000000
v 32.78500000 28.31863600 9.37000000
v 32.78500000 28.31863600 12.15000000
v 32.78500000 28.38863600 9.37000000
v 32.78500000 28.38863600 12.15000000
f 1918 1920 1917
f 1921 1918 1917
f 1917 1920 1919
f 1919 1921 1917
f 1918 1924 1920
f 1922 1918 1921
f 1922 1924 1918
f 1920 1924 1919
f 1923 1921 1919
f 1919 1924 1923
f 1923 1922 1921
f 1924 1922 1923

o geometry_241
v 32.71500000 28.73772700 9.37000000
v 32.71500000 28.73772700 12.15000000
v 32.71500000 28.80772700 9.37000000
v 32.71500000 28.80772700 12.15000000
v 32.78500000 28.73772700 9.37000000
v 32.78500000 28.73772700 12.15000000
v 32.78500000 28.80772700 9.37000000
v 32.78500000 28.80772700 12.15000000
f 1926 1928 1925
f 1929 1926 1925
f 1925 1928 1927
f 1927 1929 1925
f 1926 1932 1928
f 1930 1926 1929
f 1930 1932 1926
f 1928 1932 1927
f 1931 1929 1927
f 1927 1932 1931
f 1931 1930 1929
f 1932 1930 1931

o geometry_242
v 32.71500000 29.15681800 9.37000000
v 32.71500000 29.15681800 12.15000000
v 32.71500000 29.22681800 9.37000000
v 32.71500000 29.22681800 12.15000000
v 32.78500000 29.15681800 9.37000000
v 32.78500000 29.15681800 12.15000000
v 32.78500000 29.22681800 9.37000000
v 32.78500000 29.22681800 12.15000000
f 1934 1936 1933
f 1937 1934 1933
f 1933 1936 1935
f 1935 1937 1933
f 1934 1940 1936
f 1938 1934 1937
f 1938 1940 1934
f 1936 1940 1935
f 1939 1937 1935
f 1935 1940 1939
f 1939 1938 1937
f 1940 1938 1939

o geometry_243
v 32.71500000 29.57590900 9.37000000
v 32.71500000 29.57590900 12.15000000
v 32.71500000 29.64590900 9.37000000
v 32.71500000 29.64590900 12.15000000
v 32.78500000 29.57590900 9.37000000
v 32.78500000 29.57590900 12.15000000
v 32.78500000 29.64590900 9.37000000
v 32.78500000 29.64590900 12.15000000
f 1942 1944 1941
f 1945 1942 1941
f 1941 1944 1943
f 1943 1945 1941
f 1942 1948 1944
f 1946 1942 1945
f 1946 1948 1942
f 1944 1948 1943
f 1947 1945 1943
f 1943 1948 1947
f 1947 1946 1945
f 1948 1946 1947

o geometry_244
v 32.71500000 29.99500000 9.37000000
v 32.71500000 29.99500000 12.15000000
v 32.71500000 30.06500000 9.37000000
v 32.71500000 30.06500000 12.15000000
v 32.78500000 29.99500000 9.37000000
v 32.78500000 29.99500000 12.15000000
v 32.78500000 30.06500000 9.37000000
v 32.78500000 30.06500000 12.15000000
f 1950 1952 1949
f 1953 1950 1949
f 1949 1952 1951
f 1951 1953 1949
f 1950 1956 1952
f 1954 1950 1953
f 1954 1956 1950
f 1952 1956 1951
f 1955 1953 1951
f 1951 1956 1955
f 1955 1954 1953
f 1956 1954 1955

o geometry_245
v 32.71500000 30.41409100 9.37000000
v 32.71500000 30.41409100 12.15000000
v 32.71500000 30.48409100 9.37000000
v 32.71500000 30.48409100 12.15000000
v 32.78500000 30.41409100 9.37000000
v 32.78500000 30.41409100 12.15000000
v 32.78500000 30.48409100 9.37000000
v 32.78500000 30.48409100 12.15000000
f 1958 1960 1957
f 1961 1958 1957
f 1957 1960 1959
f 1959 1961 1957
f 1958 1964 1960
f 1962 1958 1961
f 1962 1964 1958
f 1960 1964 1959
f 1963 1961 1959
f 1959 1964 1963
f 1963 1962 1961
f 1964 1962 1963

o geometry_246
v 32.71500000 30.83318200 9.37000000
v 32.71500000 30.83318200 12.15000000
v 32.71500000 30.90318200 9.37000000
v 32.71500000 30.90318200 12.15000000
v 32.78500000 30.83318200 9.37000000
v 32.78500000 30.83318200 12.15000000
v 32.78500000 30.90318200 9.37000000
v 32.78500000 30.90318200 12.15000000
f 1966 1968 1965
f 1969 1966 1965
f 1965 1968 1967
f 1967 1969 1965
f 1966 1972 1968
f 1970 1966 1969
f 1970 1972 1966
f 1968 1972 1967
f 1971 1969 1967
f 1967 1972 1971
f 1971 1970 1969
f 1972 1970 1971

o geometry_247
v 32.71500000 31.25227300 9.37000000
v 32.71500000 31.25227300 12.15000000
v 32.71500000 31.32227300 9.37000000
v 32.71500000 31.32227300 12.15000000
v 32.78500000 31.25227300 9.37000000
v 32.78500000 31.25227300 12.15000000
v 32.78500000 31.32227300 9.37000000
v 32.78500000 31.32227300 12.15000000
f 1974 1976 1973
f 1977 1974 1973
f 1973 1976 1975
f 1975 1977 1973
f 1974 1980 1976
f 1978 1974 1977
f 1978 1980 1974
f 1976 1980 1975
f 1979 1977 1975
f 1975 1980 1979
f 1979 1978 1977
f 1980 1978 1979

o geometry_248
v 32.71500000 31.67136400 9.37000000
v 32.71500000 31.67136400 12.15000000
v 32.71500000 31.74136400 9.37000000
v 32.71500000 31.74136400 12.15000000
v 32.78500000 31.67136400 9.37000000
v 32.78500000 31.67136400 12.15000000
v 32.78500000 31.74136400 9.37000000
v 32.78500000 31.74136400 12.15000000
f 1982 1984 1981
f 1985 1982 1981
f 1981 1984 1983
f 1983 1985 1981
f 1982 1988 1984
f 1986 1982 1985
f 1986 1988 1982
f 1984 1988 1983
f 1987 1985 1983
f 1983 1988 1987
f 1987 1986 1985
f 1988 1986 1987

o geometry_249
v 32.71500000 32.09045500 9.37000000
v 32.71500000 32.09045500 12.15000000
v 32.71500000 32.16045500 9.37000000
v 32.71500000 32.16045500 12.15000000
v 32.78500000 32.09045500 9.37000000
v 32.78500000 32.09045500 12.15000000
v 32.78500000 32.16045500 9.37000000
v 32.78500000 32.16045500 12.15000000
f 1990 1992 1989
f 1993 1990 1989
f 1989 1992 1991
f 1991 1993 1989
f 1990 1996 1992
f 1994 1990 1993
f 1994 1996 1990
f 1992 1996 1991
f 1995 1993 1991
f 1991 1996 1995
f 1995 1994 1993
f 1996 1994 1995

o geometry_250
v 32.71500000 32.50954500 9.37000000
v 32.71500000 32.50954500 12.15000000
v 32.71500000 32.57954500 9.37000000
v 32.71500000 32.57954500 12.15000000
v 32.78500000 32.50954500 9.37000000
v 32.78500000 32.50954500 12.15000000
v 32.78500000 32.57954500 9.37000000
v 32.78500000 32.57954500 12.15000000
f 1998 2000 1997
f 2001 1998 1997
f 1997 2000 1999
f 1999 2001 1997
f 1998 2004 2000
f 2002 1998 2001
f 2002 2004 1998
f 2000 2004 1999
f 2003 2001 1999
f 1999 2004 2003
f 2003 2002 2001
f 2004 2002 2003

o geometry_251
v 32.71500000 32.92863600 9.37000000
v 32.71500000 32.92863600 12.15000000
v 32.71500000 32.99863600 9.37000000
v 32.71500000 32.99863600 12.15000000
v 32.78500000 32.92863600 9.37000000
v 32.78500000 32.92863600 12.15000000
v 32.78500000 32.99863600 9.37000000
v 32.78500000 32.99863600 12.15000000
f 2006 2008 2005
f 2009 2006 2005
f 2005 2008 2007
f 2007 2009 2005
f 2006 2012 2008
f 2010 2006 2009
f 2010 2012 2006
f 2008 2012 2007
f 2011 2009 2007
f 2007 2012 2011
f 2011 2010 2009
f 2012 2010 2011

o geometry_252
v 32.71500000 33.34772700 9.37000000
v 32.71500000 33.34772700 12.15000000
v 32.71500000 33.41772700 9.37000000
v 32.71500000 33.41772700 12.15000000
v 32.78500000 33.34772700 9.37000000
v 32.78500000 33.34772700 12.15000000
v 32.78500000 33.41772700 9.37000000
v 32.78500000 33.41772700 12.15000000
f 2014 2016 2013
f 2017 2014 2013
f 2013 2016 2015
f 2015 2017 2013
f 2014 2020 2016
f 2018 2014 2017
f 2018 2020 2014
f 2016 2020 2015
f 2019 2017 2015
f 2015 2020 2019
f 2019 2018 2017
f 2020 2018 2019

o geometry_253
v 32.71500000 33.76681800 9.37000000
v 32.71500000 33.76681800 12.15000000
v 32.71500000 33.83681800 9.37000000
v 32.71500000 33.83681800 12.15000000
v 32.78500000 33.76681800 9.37000000
v 32.78500000 33.76681800 12.15000000
v 32.78500000 33.83681800 9.37000000
v 32.78500000 33.83681800 12.15000000
f 2022 2024 2021
f 2025 2022 2021
f 2021 2024 2023
f 2023 2025 2021
f 2022 2028 2024
f 2026 2022 2025
f 2026 2028 2022
f 2024 2028 2023
f 2027 2025 2023
f 2023 2028 2027
f 2027 2026 2025
f 2028 2026 2027

o geometry_254
v 32.71500000 34.18590900 9.37000000
v 32.71500000 34.18590900 12.15000000
v 32.71500000 34.25590900 9.37000000
v 32.71500000 34.25590900 12.15000000
v 32.78500000 34.18590900 9.37000000
v 32.78500000 34.18590900 12.15000000
v 32.78500000 34.25590900 9.37000000
v 32.78500000 34.25590900 12.15000000
f 2030 2032 2029
f 2033 2030 2029
f 2029 2032 2031
f 2031 2033 2029
f 2030 2036 2032
f 2034 2030 2033
f 2034 2036 2030
f 2032 2036 2031
f 2035 2033 2031
f 2031 2036 2035
f 2035 2034 2033
f 2036 2034 2035

o geometry_255
v 32.71500000 34.60500000 9.37000000
v 32.71500000 34.60500000 12.15000000
v 32.71500000 34.67500000 9.37000000
v 32.71500000 34.67500000 12.15000000
v 32.78500000 34.60500000 9.37000000
v 32.78500000 34.60500000 12.15000000
v 32.78500000 34.67500000 9.37000000
v 32.78500000 34.67500000 12.15000000
f 2038 2040 2037
f 2041 2038 2037
f 2037 2040 2039
f 2039 2041 2037
f 2038 2044 2040
f 2042 2038 2041
f 2042 2044 2038
f 2040 2044 2039
f 2043 2041 2039
f 2039 2044 2043
f 2043 2042 2041
f 2044 2042 2043

o geometry_256
v 32.71500000 35.02409100 9.37000000
v 32.71500000 35.02409100 12.15000000
v 32.71500000 35.09409100 9.37000000
v 32.71500000 35.09409100 12.15000000
v 32.78500000 35.02409100 9.37000000
v 32.78500000 35.02409100 12.15000000
v 32.78500000 35.09409100 9.37000000
v 32.78500000 35.09409100 12.15000000
f 2046 2048 2045
f 2049 2046 2045
f 2045 2048 2047
f 2047 2049 2045
f 2046 2052 2048
f 2050 2046 2049
f 2050 2052 2046
f 2048 2052 2047
f 2051 2049 2047
f 2047 2052 2051
f 2051 2050 2049
f 2052 2050 2051

o geometry_257
v 32.71500000 35.44318200 9.37000000
v 32.71500000 35.44318200 12.15000000
v 32.71500000 35.51318200 9.37000000
v 32.71500000 35.51318200 12.15000000
v 32.78500000 35.44318200 9.37000000
v 32.78500000 35.44318200 12.15000000
v 32.78500000 35.51318200 9.37000000
v 32.78500000 35.51318200 12.15000000
f 2054 2056 2053
f 2057 2054 2053
f 2053 2056 2055
f 2055 2057 2053
f 2054 2060 2056
f 2058 2054 2057
f 2058 2060 2054
f 2056 2060 2055
f 2059 2057 2055
f 2055 2060 2059
f 2059 2058 2057
f 2060 2058 2059

o geometry_258
v 32.71500000 35.86227300 9.37000000
v 32.71500000 35.86227300 12.15000000
v 32.71500000 35.93227300 9.37000000
v 32.71500000 35.93227300 12.15000000
v 32.78500000 35.86227300 9.37000000
v 32.78500000 35.86227300 12.15000000
v 32.78500000 35.93227300 9.37000000
v 32.78500000 35.93227300 12.15000000
f 2062 2064 2061
f 2065 2062 2061
f 2061 2064 2063
f 2063 2065 2061
f 2062 2068 2064
f 2066 2062 2065
f 2066 2068 2062
f 2064 2068 2063
f 2067 2065 2063
f 2063 2068 2067
f 2067 2066 2065
f 2068 2066 2067

o geometry_259
v 32.71500000 36.28136400 9.37000000
v 32.71500000 36.28136400 12.15000000
v 32.71500000 36.35136400 9.37000000
v 32.71500000 36.35136400 12.15000000
v 32.78500000 36.28136400 9.37000000
v 32.78500000 36.28136400 12.15000000
v 32.78500000 36.35136400 9.37000000
v 32.78500000 36.35136400 12.15000000
f 2070 2072 2069
f 2073 2070 2069
f 2069 2072 2071
f 2071 2073 2069
f 2070 2076 2072
f 2074 2070 2073
f 2074 2076 2070
f 2072 2076 2071
f 2075 2073 2071
f 2071 2076 2075
f 2075 2074 2073
f 2076 2074 2075

o geometry_260
v 32.71500000 36.70045500 9.37000000
v 32.71500000 36.70045500 12.15000000
v 32.71500000 36.77045500 9.37000000
v 32.71500000 36.77045500 12.15000000
v 32.78500000 36.70045500 9.37000000
v 32.78500000 36.70045500 12.15000000
v 32.78500000 36.77045500 9.37000000
v 32.78500000 36.77045500 12.15000000
f 2078 2080 2077
f 2081 2078 2077
f 2077 2080 2079
f 2079 2081 2077
f 2078 2084 2080
f 2082 2078 2081
f 2082 2084 2078
f 2080 2084 2079
f 2083 2081 2079
f 2079 2084 2083
f 2083 2082 2081
f 2084 2082 2083

o geometry_261
v 32.71500000 37.11954500 9.37000000
v 32.71500000 37.11954500 12.15000000
v 32.71500000 37.18954500 9.37000000
v 32.71500000 37.18954500 12.15000000
v 32.78500000 37.11954500 9.37000000
v 32.78500000 37.11954500 12.15000000
v 32.78500000 37.18954500 9.37000000
v 32.78500000 37.18954500 12.15000000
f 2086 2088 2085
f 2089 2086 2085
f 2085 2088 2087
f 2087 2089 2085
f 2086 2092 2088
f 2090 2086 2089
f 2090 2092 2086
f 2088 2092 2087
f 2091 2089 2087
f 2087 2092 2091
f 2091 2090 2089
f 2092 2090 2091

o geometry_262
v 32.71500000 37.53863600 9.37000000
v 32.71500000 37.53863600 12.15000000
v 32.71500000 37.60863600 9.37000000
v 32.71500000 37.60863600 12.15000000
v 32.78500000 37.53863600 9.37000000
v 32.78500000 37.53863600 12.15000000
v 32.78500000 37.60863600 9.37000000
v 32.78500000 37.60863600 12.15000000
f 2094 2096 2093
f 2097 2094 2093
f 2093 2096 2095
f 2095 2097 2093
f 2094 2100 2096
f 2098 2094 2097
f 2098 2100 2094
f 2096 2100 2095
f 2099 2097 2095
f 2095 2100 2099
f 2099 2098 2097
f 2100 2098 2099

o geometry_263
v 32.71500000 37.95772700 9.37000000
v 32.71500000 37.95772700 12.15000000
v 32.71500000 38.02772700 9.37000000
v 32.71500000 38.02772700 12.15000000
v 32.78500000 37.95772700 9.37000000
v 32.78500000 37.95772700 12.15000000
v 32.78500000 38.02772700 9.37000000
v 32.78500000 38.02772700 12.15000000
f 2102 2104 2101
f 2105 2102 2101
f 2101 2104 2103
f 2103 2105 2101
f 2102 2108 2104
f 2106 2102 2105
f 2106 2108 2102
f 2104 2108 2103
f 2107 2105 2103
f 2103 2108 2107
f 2107 2106 2105
f 2108 2106 2107

o geometry_264
v 32.71500000 38.37681800 9.37000000
v 32.71500000 38.37681800 12.15000000
v 32.71500000 38.44681800 9.37000000
v 32.71500000 38.44681800 12.15000000
v 32.78500000 38.37681800 9.37000000
v 32.78500000 38.37681800 12.15000000
v 32.78500000 38.44681800 9.37000000
v 32.78500000 38.44681800 12.15000000
f 2110 2112 2109
f 2113 2110 2109
f 2109 2112 2111
f 2111 2113 2109
f 2110 2116 2112
f 2114 2110 2113
f 2114 2116 2110
f 2112 2116 2111
f 2115 2113 2111
f 2111 2116 2115
f 2115 2114 2113
f 2116 2114 2115

o geometry_265
v 32.71500000 38.79590900 9.37000000
v 32.71500000 38.79590900 12.15000000
v 32.71500000 38.86590900 9.37000000
v 32.71500000 38.86590900 12.15000000
v 32.78500000 38.79590900 9.37000000
v 32.78500000 38.79590900 12.15000000
v 32.78500000 38.86590900 9.37000000
v 32.78500000 38.86590900 12.15000000
f 2118 2120 2117
f 2121 2118 2117
f 2117 2120 2119
f 2119 2121 2117
f 2118 2124 2120
f 2122 2118 2121
f 2122 2124 2118
f 2120 2124 2119
f 2123 2121 2119
f 2119 2124 2123
f 2123 2122 2121
f 2124 2122 2123

o geometry_266
v 32.71500000 39.21500000 9.37000000
v 32.71500000 39.21500000 12.15000000
v 32.71500000 39.28500000 9.37000000
v 32.71500000 39.28500000 12.15000000
v 32.78500000 39.21500000 9.37000000
v 32.78500000 39.21500000 12.15000000
v 32.78500000 39.28500000 9.37000000
v 32.78500000 39.28500000 12.15000000
f 2126 2128 2125
f 2129 2126 2125
f 2125 2128 2127
f 2127 2129 2125
f 2126 2132 2128
f 2130 2126 2129
f 2130 2132 2126
f 2128 2132 2127
f 2131 2129 2127
f 2127 2132 2131
f 2131 2130 2129
f 2132 2130 2131

o geometry_267
v 32.69000000 16.14000000 9.37000000
v 32.69000000 16.14000000 9.47000000
v 32.69000000 39.31000000 9.37000000
v 32.69000000 39.31000000 9.47000000
v 32.81000000 16.14000000 9.37000000
v 32.81000000 16.14000000 9.47000000
v 32.81000000 39.31000000 9.37000000
v 32.81000000 39.31000000 9.47000000
f 2134 2136 2133
f 2137 2134 2133
f 2133 2136 2135
f 2135 2137 2133
f 2134 2140 2136
f 2138 2134 2137
f 2138 2140 2134
f 2136 2140 2135
f 2139 2137 2135
f 2135 2140 2139
f 2139 2138 2137
f 2140 2138 2139

o geometry_268
v 32.69000000 16.14000000 12.15000000
v 32.69000000 16.14000000 12.25000000
v 32.69000000 39.31000000 12.15000000
v 32.69000000 39.31000000 12.25000000
v 32.81000000 16.14000000 12.15000000
v 32.81000000 16.14000000 12.25000000
v 32.81000000 39.31000000 12.15000000
v 32.81000000 39.31000000 12.25000000
f 2142 2144 2141
f 2145 2142 2141
f 2141 2144 2143
f 2143 2145 2141
f 2142 2148 2144
f 2146 2142 2145
f 2146 2148 2142
f 2144 2148 2143
f 2147 2145 2143
f 2143 2148 2147
f 2147 2146 2145
f 2148 2146 2147

o geometry_269
v 29.11500000 39.21500000 9.37000000
v 29.11500000 39.21500000 12.15000000
v 29.11500000 39.28500000 9.37000000
v 29.11500000 39.28500000 12.15000000
v 29.18500000 39.21500000 9.37000000
v 29.18500000 39.21500000 12.15000000
v 29.18500000 39.28500000 9.37000000
v 29.18500000 39.28500000 12.15000000
f 2150 2152 2149
f 2153 2150 2149
f 2149 2152 2151
f 2151 2153 2149
f 2150 2156 2152
f 2154 2150 2153
f 2154 2156 2150
f 2152 2156 2151
f 2155 2153 2151
f 2151 2156 2155
f 2155 2154 2153
f 2156 2154 2155

o geometry_270
v 29.51500000 39.21500000 9.37000000
v 29.51500000 39.21500000 12.15000000
v 29.51500000 39.28500000 9.37000000
v 29.51500000 39.28500000 12.15000000
v 29.58500000 39.21500000 9.37000000
v 29.58500000 39.21500000 12.15000000
v 29.58500000 39.28500000 9.37000000
v 29.58500000 39.28500000 12.15000000
f 2158 2160 2157
f 2161 2158 2157
f 2157 2160 2159
f 2159 2161 2157
f 2158 2164 2160
f 2162 2158 2161
f 2162 2164 2158
f 2160 2164 2159
f 2163 2161 2159
f 2159 2164 2163
f 2163 2162 2161
f 2164 2162 2163

o geometry_271
v 29.91500000 39.21500000 9.37000000
v 29.91500000 39.21500000 12.15000000
v 29.91500000 39.28500000 9.37000000
v 29.91500000 39.28500000 12.15000000
v 29.98500000 39.21500000 9.37000000
v 29.98500000 39.21500000 12.15000000
v 29.98500000 39.28500000 9.37000000
v 29.98500000 39.28500000 12.15000000
f 2166 2168 2165
f 2169 2166 2165
f 2165 2168 2167
f 2167 2169 2165
f 2166 2172 2168
f 2170 2166 2169
f 2170 2172 2166
f 2168 2172 2167
f 2171 2169 2167
f 2167 2172 2171
f 2171 2170 2169
f 2172 2170 2171

o geometry_272
v 30.31500000 39.21500000 9.37000000
v 30.31500000 39.21500000 12.15000000
v 30.31500000 39.28500000 9.37000000
v 30.31500000 39.28500000 12.15000000
v 30.38500000 39.21500000 9.37000000
v 30.38500000 39.21500000 12.15000000
v 30.38500000 39.28500000 9.37000000
v 30.38500000 39.28500000 12.15000000
f 2174 2176 2173
f 2177 2174 2173
f 2173 2176 2175
f 2175 2177 2173
f 2174 2180 2176
f 2178 2174 2177
f 2178 2180 2174
f 2176 2180 2175
f 2179 2177 2175
f 2175 2180 2179
f 2179 2178 2177
f 2180 2178 2179

o geometry_273
v 30.71500000 39.21500000 9.37000000
v 30.71500000 39.21500000 12.15000000
v 30.71500000 39.28500000 9.37000000
v 30.71500000 39.28500000 12.15000000
v 30.78500000 39.21500000 9.37000000
v 30.78500000 39.21500000 12.15000000
v 30.78500000 39.28500000 9.37000000
v 30.78500000 39.28500000 12.15000000
f 2182 2184 2181
f 2185 2182 2181
f 2181 2184 2183
f 2183 2185 2181
f 2182 2188 2184
f 2186 2182 2185
f 2186 2188 2182
f 2184 2188 2183
f 2187 2185 2183
f 2183 2188 2187
f 2187 2186 2185
f 2188 2186 2187

o geometry_274
v 31.11500000 39.21500000 9.37000000
v 31.11500000 39.21500000 12.15000000
v 31.11500000 39.28500000 9.37000000
v 31.11500000 39.28500000 12.15000000
v 31.18500000 39.21500000 9.37000000
v 31.18500000 39.21500000 12.15000000
v 31.18500000 39.28500000 9.37000000
v 31.18500000 39.28500000 12.15000000
f 2190 2192 2189
f 2193 2190 2189
f 2189 2192 2191
f 2191 2193 2189
f 2190 2196 2192
f 2194 2190 2193
f 2194 2196 2190
f 2192 2196 2191
f 2195 2193 2191
f 2191 2196 2195
f 2195 2194 2193
f 2196 2194 2195

o geometry_275
v 31.51500000 39.21500000 9.37000000
v 31.51500000 39.21500000 12.15000000
v 31.51500000 39.28500000 9.37000000
v 31.51500000 39.28500000 12.15000000
v 31.58500000 39.21500000 9.37000000
v 31.58500000 39.21500000 12.15000000
v 31.58500000 39.28500000 9.37000000
v 31.58500000 39.28500000 12.15000000
f 2198 2200 2197
f 2201 2198 2197
f 2197 2200 2199
f 2199 2201 2197
f 2198 2204 2200
f 2202 2198 2201
f 2202 2204 2198
f 2200 2204 2199
f 2203 2201 2199
f 2199 2204 2203
f 2203 2202 2201
f 2204 2202 2203

o geometry_276
v 31.91500000 39.21500000 9.37000000
v 31.91500000 39.21500000 12.15000000
v 31.91500000 39.28500000 9.37000000
v 31.91500000 39.28500000 12.15000000
v 31.98500000 39.21500000 9.37000000
v 31.98500000 39.21500000 12.15000000
v 31.98500000 39.28500000 9.37000000
v 31.98500000 39.28500000 12.15000000
f 2206 2208 2205
f 2209 2206 2205
f 2205 2208 2207
f 2207 2209 2205
f 2206 2212 2208
f 2210 2206 2209
f 2210 2212 2206
f 2208 2212 2207
f 2211 2209 2207
f 2207 2212 2211
f 2211 2210 2209
f 2212 2210 2211

o geometry_277
v 32.31500000 39.21500000 9.37000000
v 32.31500000 39.21500000 12.15000000
v 32.31500000 39.28500000 9.37000000
v 32.31500000 39.28500000 12.15000000
v 32.38500000 39.21500000 9.37000000
v 32.38500000 39.21500000 12.15000000
v 32.38500000 39.28500000 9.37000000
v 32.38500000 39.28500000 12.15000000
f 2214 2216 2213
f 2217 2214 2213
f 2213 2216 2215
f 2215 2217 2213
f 2214 2220 2216
f 2218 2214 2217
f 2218 2220 2214
f 2216 2220 2215
f 2219 2217 2215
f 2215 2220 2219
f 2219 2218 2217
f 2220 2218 2219

o geometry_278
v 32.71500000 39.21500000 9.37000000
v 32.71500000 39.21500000 12.15000000
v 32.71500000 39.28500000 9.37000000
v 32.71500000 39.28500000 12.15000000
v 32.78500000 39.21500000 9.37000000
v 32.78500000 39.21500000 12.15000000
v 32.78500000 39.28500000 9.37000000
v 32.78500000 39.28500000 12.15000000
f 2222 2224 2221
f 2225 2222 2221
f 2221 2224 2223
f 2223 2225 2221
f 2222 2228 2224
f 2226 2222 2225
f 2226 2228 2222
f 2224 2228 2223
f 2227 2225 2223
f 2223 2228 2227
f 2227 2226 2225
f 2228 2226 2227

o geometry_279
v 29.09000000 39.19000000 9.37000000
v 29.09000000 39.19000000 9.47000000
v 29.09000000 39.31000000 9.37000000
v 29.09000000 39.31000000 9.47000000
v 32.81000000 39.19000000 9.37000000
v 32.81000000 39.19000000 9.47000000
v 32.81000000 39.31000000 9.37000000
v 32.81000000 39.31000000 9.47000000
f 2230 2232 2229
f 2233 2230 2229
f 2229 2232 2231
f 2231 2233 2229
f 2230 2236 2232
f 2234 2230 2233
f 2234 2236 2230
f 2232 2236 2231
f 2235 2233 2231
f 2231 2236 2235
f 2235 2234 2233
f 2236 2234 2235

o geometry_280
v 29.09000000 39.19000000 12.15000000
v 29.09000000 39.19000000 12.25000000
v 29.09000000 39.31000000 12.15000000
v 29.09000000 39.31000000 12.25000000
v 32.81000000 39.19000000 12.15000000
v 32.81000000 39.19000000 12.25000000
v 32.81000000 39.31000000 12.15000000
v 32.81000000 39.31000000 12.25000000
f 2238 2240 2237
f 2241 2238 2237
f 2237 2240 2239
f 2239 2241 2237
f 2238 2244 2240
f 2242 2238 2241
f 2242 2244 2238
f 2240 2244 2239
f 2243 2241 2239
f 2239 2244 2243
f 2243 2242 2241
f 2244 2242 2243

o geometry_281
v 5.00000000 20.07874600 15.79457600
v 5.00000000 20.00000000 16.00000000
v 5.00000000 30.07874600 19.62790900
v 5.00000000 30.00000000 19.83333300
v 29.00000000 20.07874600 15.79457600
v 29.00000000 20.00000000 16.00000000
v 29.00000000 30.07874600 19.62790900
v 29.00000000 30.00000000 19.83333300
f 2246 2248 2245
f 2249 2246 2245
f 2245 2248 2247
f 2247 2249 2245
f 2246 2252 2248
f 2250 2246 2249
f 2250 2252 2246
f 2248 2252 2247
f 2251 2249 2247
f 2247 2252 2251
f 2251 2250 2249
f 2252 2250 2251

o geometry_282
v 5.00000000 29.92125400 19.62790900
v 5.00000000 30.00000000 19.83333300
v 5.00000000 39.92125400 15.79457600
v 5.00000000 40.00000000 16.00000000
v 29.00000000 29.92125400 19.62790900
v 29.00000000 30.00000000 19.83333300
v 29.00000000 39.92125400 15.79457600
v 29.00000000 40.00000000 16.00000000
f 2254 2256 2253
f 2257 2254 2253
f 2253 2256 2255
f 2255 2257 2253
f 2254 2260 2256
f 2258 2254 2257
f 2258 2260 2254
f 2256 2260 2255
f 2259 2257 2255
f 2255 2260 2259
f 2259 2258 2257
f 2260 2258 2259

o geometry_283
v 6.06000000 21.20000000 9.40000000
v 6.06000000 21.20000000 10.05000000
v 6.06000000 26.20000000 9.40000000
v 6.06000000 26.20000000 10.05000000
v 12.56700000 21.20000000 9.40000000
v 12.56700000 21.20000000 10.05000000
v 12.56700000 26.20000000 9.40000000
v 12.56700000 26.20000000 10.05000000
f 2262 2264 2261
f 2265 2262 2261
f 2261 2264 2263
f 2263 2265 2261
f 2262 2268 2264
f 2266 2262 2265
f 2266 2268 2262
f 2264 2268 2263
f 2267 2265 2263
f 2263 2268 2267
f 2267 2266 2265
f 2268 2266 2267

o geometry_284
v 5.95000000 21.25000000 10.05000000
v 5.95000000 21.25000000 10.85000000
v 5.95000000 26.15000000 10.05000000
v 5.95000000 26.15000000 10.85000000
v 12.51700000 21.25000000 10.05000000
v 12.51700000 21.25000000 10.85000000
v 12.51700000 26.15000000 10.05000000
v 12.51700000 26.15000000 10.85000000
f 2270 2272 2269
f 2273 2270 2269
f 2269 2272 2271
f 2271 2273 2269
f 2270 2276 2272
f 2274 2270 2273
f 2274 2276 2270
f 2272 2276 2271
f 2275 2273 2271
f 2271 2276 2275
f 2275 2274 2273
f 2276 2274 2275

o geometry_285
v 7.60000000 21.23000000 10.85000000
v 7.60000000 21.23000000 10.97000000
v 7.60000000 26.17000000 10.85000000
v 7.60000000 26.17000000 10.97000000
v 12.51700000 21.23000000 10.85000000
v 12.51700000 21.23000000 10.97000000
v 12.51700000 26.17000000 10.85000000
v 12.51700000 26.17000000 10.97000000
f 2278 2280 2277
f 2281 2278 2277
f 2277 2280 2279
f 2279 2281 2277
f 2278 2284 2280
f 2282 2278 2281
f 2282 2284 2278
f 2280 2284 2279
f 2283 2281 2279
f 2279 2284 2283
f 2283 2282 2281
f 2284 2282 2283

o geometry_286
v 6.05000000 21.50000000 10.85000000
v 6.05000000 21.50000000 11.05000000
v 6.05000000 23.50000000 10.85000000
v 6.05000000 23.50000000 11.05000000
v 7.35000000 21.50000000 10.85000000
v 7.35000000 21.50000000 11.05000000
v 7.35000000 23.50000000 10.85000000
v 7.35000000 23.50000000 11.05000000
f 2286 2288 2285
f 2289 2286 2285
f 2285 2288 2287
f 2287 2289 2285
f 2286 2292 2288
f 2290 2286 2289
f 2290 2292 2286
f 2288 2292 2287
f 2291 2289 2287
f 2287 2292 2291
f 2291 2290 2289
f 2292 2290 2291

o geometry_287
v 6.05000000 23.80000000 10.85000000
v 6.05000000 23.80000000 11.05000000
v 6.05000000 25.80000000 10.85000000
v 6.05000000 25.80000000 11.05000000
v 7.35000000 23.80000000 10.85000000
v 7.35000000 23.80000000 11.05000000
v 7.35000000 25.80000000 10.85000000
v 7.35000000 25.80000000 11.05000000
f 2294 2296 2293
f 2297 2294 2293
f 2293 2296 2295
f 2295 2297 2293
f 2294 2300 2296
f 2298 2294 2297
f 2298 2300 2294
f 2296 2300 2295
f 2299 2297 2295
f 2295 2300 2299
f 2299 2298 2297
f 2300 2298 2299

o geometry_288
v 5.90000000 21.20000000 9.25000000
v 5.90000000 21.20000000 12.25000000
v 5.90000000 26.20000000 9.25000000
v 5.90000000 26.20000000 12.25000000
v 6.06000000 21.20000000 9.25000000
v 6.06000000 21.20000000 12.25000000
v 6.06000000 26.20000000 9.25000000
v 6.06000000 26.20000000 12.25000000
f 2302 2304 2301
f 2305 2302 2301
f 2301 2304 2303
f 2303 2305 2301
f 2302 2308 2304
f 2306 2302 2305
f 2306 2308 2302
f 2304 2308 2303
f 2307 2305 2303
f 2303 2308 2307
f 2307 2306 2305
f 2308 2306 2307

o geometry_289
v 5.90000000 26.45000000 9.25000000
v 5.90000000 26.45000000 10.95000000
v 5.90000000 27.75000000 9.25000000
v 5.90000000 27.75000000 10.95000000
v 7.30000000 26.45000000 9.25000000
v 7.30000000 26.45000000 10.95000000
v 7.30000000 27.75000000 9.25000000
v 7.30000000 27.75000000 10.95000000
f 2310 2312 2309
f 2313 2310 2309
f 2309 2312 2311
f 2311 2313 2309
f 2310 2316 2312
f 2314 2310 2313
f 2314 2316 2310
f 2312 2316 2311
f 2315 2313 2311
f 2311 2316 2315
f 2315 2314 2313
f 2316 2314 2315

o geometry_290
v 13.00000000 20.85000000 9.25000000
v 13.00000000 20.85000000 11.95000000
v 13.00000000 22.35000000 9.25000000
v 13.00000000 22.35000000 11.95000000
v 15.00000000 20.85000000 9.25000000
v 15.00000000 20.85000000 11.95000000
v 15.00000000 22.35000000 9.25000000
v 15.00000000 22.35000000 11.95000000
f 2318 2320 2317
f 2321 2318 2317
f 2317 2320 2319
f 2319 2321 2317
f 2318 2324 2320
f 2322 2318 2321
f 2322 2324 2318
f 2320 2324 2319
f 2323 2321 2319
f 2319 2324 2323
f 2323 2322 2321
f 2324 2322 2323

o geometry_291
v 20.00000000 28.50000000 9.25000000
v 20.00000000 28.50000000 12.13000000
v 20.00000000 31.00000000 9.25000000
v 20.00000000 31.00000000 12.13000000
v 28.50000000 28.50000000 9.25000000
v 28.50000000 28.50000000 12.13000000
v 28.50000000 31.00000000 9.25000000
v 28.50000000 31.00000000 12.13000000
f 2326 2328 2325
f 2329 2326 2325
f 2325 2328 2327
f 2327 2329 2325
f 2326 2332 2328
f 2330 2326 2329
f 2330 2332 2326
f 2328 2332 2327
f 2331 2329 2327
f 2327 2332 2331
f 2331 2330 2329
f 2332 2330 2331

o geometry_292
v 19.97500000 28.47500000 12.13000000
v 19.97500000 28.47500000 12.25000000
v 19.97500000 31.02500000 12.13000000
v 19.97500000 31.02500000 12.25000000
v 28.52500000 28.47500000 12.13000000
v 28.52500000 28.47500000 12.25000000
v 28.52500000 31.02500000 12.13000000
v 28.52500000 31.02500000 12.25000000
f 2334 2336 2333
f 2337 2334 2333
f 2333 2336 2335
f 2335 2337 2333
f 2334 2340 2336
f 2338 2334 2337
f 2338 2340 2334
f 2336 2340 2335
f 2339 2337 2335
f 2335 2340 2339
f 2339 2338 2337
f 2340 2338 2339

o geometry_293
v 22.12500000 28.49400000 9.43000000
v 22.12500000 28.49400000 12.03000000
v 22.12500000 28.50900000 9.43000000
v 22.12500000 28.50900000 12.03000000
v 22.13900000 28.49400000 9.43000000
v 22.13900000 28.49400000 12.03000000
v 22.13900000 28.50900000 9.43000000
v 22.13900000 28.50900000 12.03000000
f 2342 2344 2341
f 2345 2342 2341
f 2341 2344 2343
f 2343 2345 2341
f 2342 2348 2344
f 2346 2342 2345
f 2346 2348 2342
f 2344 2348 2343
f 2347 2345 2343
f 2343 2348 2347
f 2347 2346 2345
f 2348 2346 2347

o geometry_294
v 24.25000000 28.49400000 9.43000000
v 24.25000000 28.49400000 12.03000000
v 24.25000000 28.50900000 9.43000000
v 24.25000000 28.50900000 12.03000000
v 24.26400000 28.49400000 9.43000000
v 24.26400000 28.49400000 12.03000000
v 24.26400000 28.50900000 9.43000000
v 24.26400000 28.50900000 12.03000000
f 2350 2352 2349
f 2353 2350 2349
f 2349 2352 2351
f 2351 2353 2349
f 2350 2356 2352
f 2354 2350 2353
f 2354 2356 2350
f 2352 2356 2351
f 2355 2353 2351
f 2351 2356 2355
f 2355 2354 2353
f 2356 2354 2355

o geometry_295
v 26.37500000 28.49400000 9.43000000
v 26.37500000 28.49400000 12.03000000
v 26.37500000 28.50900000 9.43000000
v 26.37500000 28.50900000 12.03000000
v 26.38900000 28.49400000 9.43000000
v 26.38900000 28.49400000 12.03000000
v 26.38900000 28.50900000 9.43000000
v 26.38900000 28.50900000 12.03000000
f 2358 2360 2357
f 2361 2358 2357
f 2357 2360 2359
f 2359 2361 2357
f 2358 2364 2360
f 2362 2358 2361
f 2362 2364 2358
f 2360 2364 2359
f 2363 2361 2359
f 2359 2364 2363
f 2363 2362 2361
f 2364 2362 2363

o geometry_296
v 26.00000000 31.00000000 9.25000000
v 26.00000000 31.00000000 12.13000000
v 26.00000000 34.00000000 9.25000000
v 26.00000000 34.00000000 12.13000000
v 28.50000000 31.00000000 9.25000000
v 28.50000000 31.00000000 12.13000000
v 28.50000000 34.00000000 9.25000000
v 28.50000000 34.00000000 12.13000000
f 2366 2368 2365
f 2369 2366 2365
f 2365 2368 2367
f 2367 2369 2365
f 2366 2372 2368
f 2370 2366 2369
f 2370 2372 2366
f 2368 2372 2367
f 2371 2369 2367
f 2367 2372 2371
f 2371 2370 2369
f 2372 2370 2371

o geometry_297
v 25.97500000 30.97500000 12.13000000
v 25.97500000 30.97500000 12.25000000
v 25.97500000 34.02500000 12.13000000
v 25.97500000 34.02500000 12.25000000
v 28.52500000 30.97500000 12.13000000
v 28.52500000 30.97500000 12.25000000
v 28.52500000 34.02500000 12.13000000
v 28.52500000 34.02500000 12.25000000
f 2374 2376 2373
f 2377 2374 2373
f 2373 2376 2375
f 2375 2377 2373
f 2374 2380 2376
f 2378 2374 2377
f 2378 2380 2374
f 2376 2380 2375
f 2379 2377 2375
f 2375 2380 2379
f 2379 2378 2377
f 2380 2378 2379

o geometry_298
v 26.00000000 34.00000000 9.25000000
v 26.00000000 34.00000000 15.75000000
v 26.00000000 36.60000000 9.25000000
v 26.00000000 36.60000000 15.75000000
v 28.50000000 34.00000000 9.25000000
v 28.50000000 34.00000000 15.75000000
v 28.50000000 36.60000000 9.25000000
v 28.50000000 36.60000000 15.75000000
f 2382 2384 2381
f 2385 2382 2381
f 2381 2384 2383
f 2383 2385 2381
f 2382 2388 2384
f 2386 2382 2385
f 2386 2388 2382
f 2384 2388 2383
f 2387 2385 2383
f 2383 2388 2387
f 2387 2386 2385
f 2388 2386 2387

o geometry_299
v 19.80000000 38.00000000 9.25000000
v 19.80000000 38.00000000 10.60000000
v 19.80000000 39.50000000 9.25000000
v 19.80000000 39.50000000 10.60000000
v 24.50000000 38.00000000 9.25000000
v 24.50000000 38.00000000 10.60000000
v 24.50000000 39.50000000 9.25000000
v 24.50000000 39.50000000 10.60000000
f 2390 2392 2389
f 2393 2390 2389
f 2389 2392 2391
f 2391 2393 2389
f 2390 2396 2392
f 2394 2390 2393
f 2394 2396 2390
f 2392 2396 2391
f 2395 2393 2391
f 2391 2396 2395
f 2395 2394 2393
f 2396 2394 2395

o geometry_300
v 19.80000000 38.00000000 10.60000000
v 19.80000000 38.00000000 10.80000000
v 19.80000000 39.50000000 10.60000000
v 19.80000000 39.50000000 10.80000000
v 24.50000000 38.00000000 10.60000000
v 24.50000000 38.00000000 10.80000000
v 24.50000000 39.50000000 10.60000000
v 24.50000000 39.50000000 10.80000000
f 2398 2400 2397
f 2401 2398 2397
f 2397 2400 2399
f 2399 2401 2397
f 2398 2404 2400
f 2402 2398 2401
f 2402 2404 2398
f 2400 2404 2399
f 2403 2401 2399
f 2399 2404 2403
f 2403 2402 2401
f 2404 2402 2403

o geometry_301
v 20.00000000 35.80000000 11.61000000
v 20.00000000 35.80000000 11.75000000
v 20.00000000 38.30000000 11.61000000
v 20.00000000 38.30000000 11.75000000
v 24.00000000 35.80000000 11.61000000
v 24.00000000 35.80000000 11.75000000
v 24.00000000 38.30000000 11.61000000
v 24.00000000 38.30000000 11.75000000
f 2406 2408 2405
f 2409 2406 2405
f 2405 2408 2407
f 2407 2409 2405
f 2406 2412 2408
f 2410 2406 2409
f 2410 2412 2406
f 2408 2412 2407
f 2411 2409 2407
f 2407 2412 2411
f 2411 2410 2409
f 2412 2410 2411

o geometry_302
v 20.12000000 35.92000000 9.25000000
v 20.12000000 35.92000000 11.61000000
v 20.12000000 36.04000000 9.25000000
v 20.12000000 36.04000000 11.61000000
v 20.24000000 35.92000000 9.25000000
v 20.24000000 35.92000000 11.61000000
v 20.24000000 36.04000000 9.25000000
v 20.24000000 36.04000000 11.61000000
f 2414 2416 2413
f 2417 2414 2413
f 2413 2416 2415
f 2415 2417 2413
f 2414 2420 2416
f 2418 2414 2417
f 2418 2420 2414
f 2416 2420 2415
f 2419 2417 2415
f 2415 2420 2419
f 2419 2418 2417
f 2420 2418 2419

o geometry_303
v 20.12000000 38.05000000 9.25000000
v 20.12000000 38.05000000 11.61000000
v 20.12000000 38.17000000 9.25000000
v 20.12000000 38.17000000 11.61000000
v 20.24000000 38.05000000 9.25000000
v 20.24000000 38.05000000 11.61000000
v 20.24000000 38.17000000 9.25000000
v 20.24000000 38.17000000 11.61000000
f 2422 2424 2421
f 2425 2422 2421
f 2421 2424 2423
f 2423 2425 2421
f 2422 2428 2424
f 2426 2422 2425
f 2426 2428 2422
f 2424 2428 2423
f 2427 2425 2423
f 2423 2428 2427
f 2427 2426 2425
f 2428 2426 2427

o geometry_304
v 23.75000000 35.92000000 9.25000000
v 23.75000000 35.92000000 11.61000000
v 23.75000000 36.04000000 9.25000000
v 23.75000000 36.04000000 11.61000000
v 23.87000000 35.92000000 9.25000000
v 23.87000000 35.92000000 11.61000000
v 23.87000000 36.04000000 9.25000000
v 23.87000000 36.04000000 11.61000000
f 2430 2432 2429
f 2433 2430 2429
f 2429 2432 2431
f 2431 2433 2429
f 2430 2436 2432
f 2434 2430 2433
f 2434 2436 2430
f 2432 2436 2431
f 2435 2433 2431
f 2431 2436 2435
f 2435 2434 2433
f 2436 2434 2435

o geometry_305
v 23.75000000 38.05000000 9.25000000
v 23.75000000 38.05000000 11.61000000
v 23.75000000 38.17000000 9.25000000
v 23.75000000 38.17000000 11.61000000
v 23.87000000 38.05000000 9.25000000
v 23.87000000 38.05000000 11.61000000
v 23.87000000 38.17000000 9.25000000
v 23.87000000 38.17000000 11.61000000
f 2438 2440 2437
f 2441 2438 2437
f 2437 2440 2439
f 2439 2441 2437
f 2438 2444 2440
f 2442 2438 2441
f 2442 2444 2438
f 2440 2444 2439
f 2443 2441 2439
f 2439 2444 2443
f 2443 2442 2441
f 2444 2442 2443

o geometry_306
v 20.20000000 34.30000000 10.75000000
v 20.20000000 34.30000000 10.89000000
v 20.20000000 35.60000000 10.75000000
v 20.20000000 35.60000000 10.89000000
v 21.60000000 34.30000000 10.75000000
v 21.60000000 34.30000000 10.89000000
v 21.60000000 35.60000000 10.75000000
v 21.60000000 35.60000000 10.89000000
f 2446 2448 2445
f 2449 2446 2445
f 2445 2448 2447
f 2447 2449 2445
f 2446 2452 2448
f 2450 2446 2449
f 2450 2452 2446
f 2448 2452 2447
f 2451 2449 2447
f 2447 2452 2451
f 2451 2450 2449
f 2452 2450 2451

o geometry_307
v 20.32000000 34.42000000 9.25000000
v 20.32000000 34.42000000 10.75000000
v 20.32000000 34.54000000 9.25000000
v 20.32000000 34.54000000 10.75000000
v 20.44000000 34.42000000 9.25000000
v 20.44000000 34.42000000 10.75000000
v 20.44000000 34.54000000 9.25000000
v 20.44000000 34.54000000 10.75000000
f 2454 2456 2453
f 2457 2454 2453
f 2453 2456 2455
f 2455 2457 2453
f 2454 2460 2456
f 2458 2454 2457
f 2458 2460 2454
f 2456 2460 2455
f 2459 2457 2455
f 2455 2460 2459
f 2459 2458 2457
f 2460 2458 2459

o geometry_308
v 20.32000000 35.35000000 9.25000000
v 20.32000000 35.35000000 10.75000000
v 20.32000000 35.47000000 9.25000000
v 20.32000000 35.47000000 10.75000000
v 20.44000000 35.35000000 9.25000000
v 20.44000000 35.35000000 10.75000000
v 20.44000000 35.47000000 9.25000000
v 20.44000000 35.47000000 10.75000000
f 2462 2464 2461
f 2465 2462 2461
f 2461 2464 2463
f 2463 2465 2461
f 2462 2468 2464
f 2466 2462 2465
f 2466 2468 2462
f 2464 2468 2463
f 2467 2465 2463
f 2463 2468 2467
f 2467 2466 2465
f 2468 2466 2467

o geometry_309
v 21.35000000 34.42000000 9.25000000
v 21.35000000 34.42000000 10.75000000
v 21.35000000 34.54000000 9.25000000
v 21.35000000 34.54000000 10.75000000
v 21.47000000 34.42000000 9.25000000
v 21.47000000 34.42000000 10.75000000
v 21.47000000 34.54000000 9.25000000
v 21.47000000 34.54000000 10.75000000
f 2470 2472 2469
f 2473 2470 2469
f 2469 2472 2471
f 2471 2473 2469
f 2470 2476 2472
f 2474 2470 2473
f 2474 2476 2470
f 2472 2476 2471
f 2475 2473 2471
f 2471 2476 2475
f 2475 2474 2473
f 2476 2474 2475

o geometry_310
v 21.35000000 35.35000000 9.25000000
v 21.35000000 35.35000000 10.75000000
v 21.35000000 35.47000000 9.25000000
v 21.35000000 35.47000000 10.75000000
v 21.47000000 35.35000000 9.25000000
v 21.47000000 35.35000000 10.75000000
v 21.47000000 35.47000000 9.25000000
v 21.47000000 35.47000000 10.75000000
f 2478 2480 2477
f 2481 2478 2477
f 2477 2480 2479
f 2479 2481 2477
f 2478 2484 2480
f 2482 2478 2481
f 2482 2484 2478
f 2480 2484 2479
f 2483 2481 2479
f 2479 2484 2483
f 2483 2482 2481
f 2484 2482 2483

o geometry_311
v 20.20000000 34.30000000 10.75000000
v 20.20000000 34.30000000 11.95000000
v 20.20000000 34.42000000 10.75000000
v 20.20000000 34.42000000 11.95000000
v 21.60000000 34.30000000 10.75000000
v 21.60000000 34.30000000 11.95000000
v 21.60000000 34.42000000 10.75000000
v 21.60000000 34.42000000 11.95000000
f 2486 2488 2485
f 2489 2486 2485
f 2485 2488 2487
f 2487 2489 2485
f 2486 2492 2488
f 2490 2486 2489
f 2490 2492 2486
f 2488 2492 2487
f 2491 2489 2487
f 2487 2492 2491
f 2491 2490 2489
f 2492 2490 2491

o geometry_312
v 22.30000000 34.30000000 10.75000000
v 22.30000000 34.30000000 10.89000000
v 22.30000000 35.60000000 10.75000000
v 22.30000000 35.60000000 10.89000000
v 23.70000000 34.30000000 10.75000000
v 23.70000000 34.30000000 10.89000000
v 23.70000000 35.60000000 10.75000000
v 23.70000000 35.60000000 10.89000000
f 2494 2496 2493
f 2497 2494 2493
f 2493 2496 2495
f 2495 2497 2493
f 2494 2500 2496
f 2498 2494 2497
f 2498 2500 2494
f 2496 2500 2495
f 2499 2497 2495
f 2495 2500 2499
f 2499 2498 2497
f 2500 2498 2499

o geometry_313
v 22.42000000 34.42000000 9.25000000
v 22.42000000 34.42000000 10.75000000
v 22.42000000 34.54000000 9.25000000
v 22.42000000 34.54000000 10.75000000
v 22.54000000 34.42000000 9.25000000
v 22.54000000 34.42000000 10.75000000
v 22.54000000 34.54000000 9.25000000
v 22.54000000 34.54000000 10.75000000
f 2502 2504 2501
f 2505 2502 2501
f 2501 2504 2503
f 2503 2505 2501
f 2502 2508 2504
f 2506 2502 2505
f 2506 2508 2502
f 2504 2508 2503
f 2507 2505 2503
f 2503 2508 2507
f 2507 2506 2505
f 2508 2506 2507

o geometry_314
v 22.42000000 35.35000000 9.25000000
v 22.42000000 35.35000000 10.75000000
v 22.42000000 35.47000000 9.25000000
v 22.42000000 35.47000000 10.75000000
v 22.54000000 35.35000000 9.25000000
v 22.54000000 35.35000000 10.75000000
v 22.54000000 35.47000000 9.25000000
v 22.54000000 35.47000000 10.75000000
f 2510 2512 2509
f 2513 2510 2509
f 2509 2512 2511
f 2511 2513 2509
f 2510 2516 2512
f 2514 2510 2513
f 2514 2516 2510
f 2512 2516 2511
f 2515 2513 2511
f 2511 2516 2515
f 2515 2514 2513
f 2516 2514 2515

o geometry_315
v 23.45000000 34.42000000 9.25000000
v 23.45000000 34.42000000 10.75000000
v 23.45000000 34.54000000 9.25000000
v 23.45000000 34.54000000 10.75000000
v 23.57000000 34.42000000 9.25000000
v 23.57000000 34.42000000 10.75000000
v 23.57000000 34.54000000 9.25000000
v 23.57000000 34.54000000 10.75000000
f 2518 2520 2517
f 2521 2518 2517
f 2517 2520 2519
f 2519 2521 2517
f 2518 2524 2520
f 2522 2518 2521
f 2522 2524 2518
f 2520 2524 2519
f 2523 2521 2519
f 2519 2524 2523
f 2523 2522 2521
f 2524 2522 2523

o geometry_316
v 23.45000000 35.35000000 9.25000000
v 23.45000000 35.35000000 10.75000000
v 23.45000000 35.47000000 9.25000000
v 23.45000000 35.47000000 10.75000000
v 23.57000000 35.35000000 9.25000000
v 23.57000000 35.35000000 10.75000000
v 23.57000000 35.47000000 9.25000000
v 23.57000000 35.47000000 10.75000000
f 2526 2528 2525
f 2529 2526 2525
f 2525 2528 2527
f 2527 2529 2525
f 2526 2532 2528
f 2530 2526 2529
f 2530 2532 2526
f 2528 2532 2527
f 2531 2529 2527
f 2527 2532 2531
f 2531 2530 2529
f 2532 2530 2531

o geometry_317
v 22.30000000 34.30000000 10.75000000
v 22.30000000 34.30000000 11.95000000
v 22.30000000 34.42000000 10.75000000
v 22.30000000 34.42000000 11.95000000
v 23.70000000 34.30000000 10.75000000
v 23.70000000 34.30000000 11.95000000
v 23.70000000 34.42000000 10.75000000
v 23.70000000 34.42000000 11.95000000
f 2534 2536 2533
f 2537 2534 2533
f 2533 2536 2535
f 2535 2537 2533
f 2534 2540 2536
f 2538 2534 2537
f 2538 2540 2534
f 2536 2540 2535
f 2539 2537 2535
f 2535 2540 2539
f 2539 2538 2537
f 2540 2538 2539

o geometry_318
v 22.80000000 21.50000000 9.47000000
v 22.80000000 21.50000000 9.90000000
v 22.80000000 27.50000000 9.47000000
v 22.80000000 27.50000000 9.90000000
v 25.30000000 21.50000000 9.47000000
v 25.30000000 21.50000000 9.90000000
v 25.30000000 27.50000000 9.47000000
v 25.30000000 27.50000000 9.90000000
f 2542 2544 2541
f 2545 2542 2541
f 2541 2544 2543
f 2543 2545 2541
f 2542 2548 2544
f 2546 2542 2545
f 2546 2548 2542
f 2544 2548 2543
f 2547 2545 2543
f 2543 2548 2547
f 2547 2546 2545
f 2548 2546 2547

o geometry_319
v 24.95000000 21.50000000 9.90000000
v 24.95000000 21.50000000 11.85000000
v 24.95000000 27.50000000 9.90000000
v 24.95000000 27.50000000 11.85000000
v 25.30000000 21.50000000 9.90000000
v 25.30000000 21.50000000 11.85000000
v 25.30000000 27.50000000 9.90000000
v 25.30000000 27.50000000 11.85000000
f 2550 2552 2549
f 2553 2550 2549
f 2549 2552 2551
f 2551 2553 2549
f 2550 2556 2552
f 2554 2550 2553
f 2554 2556 2550
f 2552 2556 2551
f 2555 2553 2551
f 2551 2556 2555
f 2555 2554 2553
f 2556 2554 2555

o geometry_320
v 22.80000000 21.50000000 9.90000000
v 22.80000000 21.50000000 11.15000000
v 22.80000000 21.80000000 9.90000000
v 22.80000000 21.80000000 11.15000000
v 24.95000000 21.50000000 9.90000000
v 24.95000000 21.50000000 11.15000000
v 24.95000000 21.80000000 9.90000000
v 24.95000000 21.80000000 11.15000000
f 2558 2560 2557
f 2561 2558 2557
f 2557 2560 2559
f 2559 2561 2557
f 2558 2564 2560
f 2562 2558 2561
f 2562 2564 2558
f 2560 2564 2559
f 2563 2561 2559
f 2559 2564 2563
f 2563 2562 2561
f 2564 2562 2563

o geometry_321
v 22.80000000 27.20000000 9.90000000
v 22.80000000 27.20000000 11.15000000
v 22.80000000 27.50000000 9.90000000
v 22.80000000 27.50000000 11.15000000
v 24.95000000 27.20000000 9.90000000
v 24.95000000 27.20000000 11.15000000
v 24.95000000 27.50000000 9.90000000
v 24.95000000 27.50000000 11.15000000
f 2566 2568 2565
f 2569 2566 2565
f 2565 2568 2567
f 2567 2569 2565
f 2566 2572 2568
f 2570 2566 2569
f 2570 2572 2566
f 2568 2572 2567
f 2571 2569 2567
f 2567 2572 2571
f 2571 2570 2569
f 2572 2570 2571

o geometry_322
v 22.88000000 21.85000000 10.12000000
v 22.88000000 21.85000000 10.62000000
v 22.88000000 23.58333300 10.12000000
v 22.88000000 23.58333300 10.62000000
v 24.88000000 21.85000000 10.12000000
v 24.88000000 21.85000000 10.62000000
v 24.88000000 23.58333300 10.12000000
v 24.88000000 23.58333300 10.62000000
f 2574 2576 2573
f 2577 2574 2573
f 2573 2576 2575
f 2575 2577 2573
f 2574 2580 2576
f 2578 2574 2577
f 2578 2580 2574
f 2576 2580 2575
f 2579 2577 2575
f 2575 2580 2579
f 2579 2578 2577
f 2580 2578 2579

o geometry_323
v 22.88000000 23.61666700 10.12000000
v 22.88000000 23.61666700 10.62000000
v 22.88000000 25.35000000 10.12000000
v 22.88000000 25.35000000 10.62000000
v 24.88000000 23.61666700 10.12000000
v 24.88000000 23.61666700 10.62000000
v 24.88000000 25.35000000 10.12000000
v 24.88000000 25.35000000 10.62000000
f 2582 2584 2581
f 2585 2582 2581
f 2581 2584 2583
f 2583 2585 2581
f 2582 2588 2584
f 2586 2582 2585
f 2586 2588 2582
f 2584 2588 2583
f 2587 2585 2583
f 2583 2588 2587
f 2587 2586 2585
f 2588 2586 2587

o geometry_324
v 22.88000000 25.38333300 10.12000000
v 22.88000000 25.38333300 10.62000000
v 22.88000000 27.11666700 10.12000000
v 22.88000000 27.11666700 10.62000000
v 24.88000000 25.38333300 10.12000000
v 24.88000000 25.38333300 10.62000000
v 24.88000000 27.11666700 10.12000000
v 24.88000000 27.11666700 10.62000000
f 2590 2592 2589
f 2593 2590 2589
f 2589 2592 2591
f 2591 2593 2589
f 2590 2596 2592
f 2594 2590 2593
f 2594 2596 2590
f 2592 2596 2591
f 2595 2593 2591
f 2591 2596 2595
f 2595 2594 2593
f 2596 2594 2595

o geometry_325
v 19.50000000 23.70000000 10.46000000
v 19.50000000 23.70000000 10.60000000
v 19.50000000 26.70000000 10.46000000
v 19.50000000 26.70000000 10.60000000
v 21.50000000 23.70000000 10.46000000
v 21.50000000 23.70000000 10.60000000
v 21.50000000 26.70000000 10.46000000
v 21.50000000 26.70000000 10.60000000
f 2598 2600 2597
f 2601 2598 2597
f 2597 2600 2599
f 2599 2601 2597
f 2598 2604 2600
f 2602 2598 2601
f 2602 2604 2598
f 2600 2604 2599
f 2603 2601 2599
f 2599 2604 2603
f 2603 2602 2601
f 2604 2602 2603

o geometry_326
v 19.62000000 23.82000000 9.25000000
v 19.62000000 23.82000000 10.46000000
v 19.62000000 23.94000000 9.25000000
v 19.62000000 23.94000000 10.46000000
v 19.74000000 23.82000000 9.25000000
v 19.74000000 23.82000000 10.46000000
v 19.74000000 23.94000000 9.25000000
v 19.74000000 23.94000000 10.46000000
f 2606 2608 2605
f 2609 2606 2605
f 2605 2608 2607
f 2607 2609 2605
f 2606 2612 2608
f 2610 2606 2609
f 2610 2612 2606
f 2608 2612 2607
f 2611 2609 2607
f 2607 2612 2611
f 2611 2610 2609
f 2612 2610 2611

o geometry_327
v 19.62000000 26.45000000 9.25000000
v 19.62000000 26.45000000 10.46000000
v 19.62000000 26.57000000 9.25000000
v 19.62000000 26.57000000 10.46000000
v 19.74000000 26.45000000 9.25000000
v 19.74000000 26.45000000 10.46000000
v 19.74000000 26.57000000 9.25000000
v 19.74000000 26.57000000 10.46000000
f 2614 2616 2613
f 2617 2614 2613
f 2613 2616 2615
f 2615 2617 2613
f 2614 2620 2616
f 2618 2614 2617
f 2618 2620 2614
f 2616 2620 2615
f 2619 2617 2615
f 2615 2620 2619
f 2619 2618 2617
f 2620 2618 2619

o geometry_328
v 21.25000000 23.82000000 9.25000000
v 21.25000000 23.82000000 10.46000000
v 21.25000000 23.94000000 9.25000000
v 21.25000000 23.94000000 10.46000000
v 21.37000000 23.82000000 9.25000000
v 21.37000000 23.82000000 10.46000000
v 21.37000000 23.94000000 9.25000000
v 21.37000000 23.94000000 10.46000000
f 2622 2624 2621
f 2625 2622 2621
f 2621 2624 2623
f 2623 2625 2621
f 2622 2628 2624
f 2626 2622 2625
f 2626 2628 2622
f 2624 2628 2623
f 2627 2625 2623
f 2623 2628 2627
f 2627 2626 2625
f 2628 2626 2627

o geometry_329
v 21.25000000 26.45000000 9.25000000
v 21.25000000 26.45000000 10.46000000
v 21.25000000 26.57000000 9.25000000
v 21.25000000 26.57000000 10.46000000
v 21.37000000 26.45000000 9.25000000
v 21.37000000 26.45000000 10.46000000
v 21.37000000 26.57000000 9.25000000
v 21.37000000 26.57000000 10.46000000
f 2630 2632 2629
f 2633 2630 2629
f 2629 2632 2631
f 2631 2633 2629
f 2630 2636 2632
f 2634 2630 2633
f 2634 2636 2630
f 2632 2636 2631
f 2635 2633 2631
f 2631 2636 2635
f 2635 2634 2633
f 2636 2634 2635

o geometry_330
v 5.70000000 34.10000000 9.25000000
v 5.70000000 34.10000000 9.37000000
v 5.70000000 37.10000000 9.25000000
v 5.70000000 37.10000000 9.37000000
v 8.70000000 34.10000000 9.25000000
v 8.70000000 34.10000000 9.37000000
v 8.70000000 37.10000000 9.25000000
v 8.70000000 37.10000000 9.37000000
f 2638 2640 2637
f 2641 2638 2637
f 2637 2640 2639
f 2639 2641 2637
f 2638 2644 2640
f 2642 2638 2641
f 2642 2644 2638
f 2640 2644 2639
f 2643 2641 2639
f 2639 2644 2643
f 2643 2642 2641
f 2644 2642 2643

o geometry_331
v 8.66000000 34.10000000 9.37000000
v 8.66000000 34.10000000 15.57000000
v 8.66000000 37.10000000 9.37000000
v 8.66000000 37.10000000 15.57000000
v 8.70000000 34.10000000 9.37000000
v 8.70000000 34.10000000 15.57000000
v 8.70000000 37.10000000 9.37000000
v 8.70000000 37.10000000 15.57000000
f 2646 2648 2645
f 2649 2646 2645
f 2645 2648 2647
f 2647 2649 2645
f 2646 2652 2648
f 2650 2646 2649
f 2650 2652 2646
f 2648 2652 2647
f 2651 2649 2647
f 2647 2652 2651
f 2651 2650 2649
f 2652 2650 2651

o geometry_332
v 9.40000000 37.40000000 9.25000000
v 9.40000000 37.40000000 11.83000000
v 9.40000000 39.10000000 9.25000000
v 9.40000000 39.10000000 11.83000000
v 12.00000000 37.40000000 9.25000000
v 12.00000000 37.40000000 11.83000000
v 12.00000000 39.10000000 9.25000000
v 12.00000000 39.10000000 11.83000000
f 2654 2656 2653
f 2657 2654 2653
f 2653 2656 2655
f 2655 2657 2653
f 2654 2660 2656
f 2658 2654 2657
f 2658 2660 2654
f 2656 2660 2655
f 2659 2657 2655
f 2655 2660 2659
f 2659 2658 2657
f 2660 2658 2659

o geometry_333
v 9.37500000 37.37500000 11.83000000
v 9.37500000 37.37500000 11.95000000
v 9.37500000 39.12500000 11.83000000
v 9.37500000 39.12500000 11.95000000
v 12.02500000 37.37500000 11.83000000
v 12.02500000 37.37500000 11.95000000
v 12.02500000 39.12500000 11.83000000
v 12.02500000 39.12500000 11.95000000
f 2662 2664 2661
f 2665 2662 2661
f 2661 2664 2663
f 2663 2665 2661
f 2662 2668 2664
f 2666 2662 2665
f 2666 2668 2662
f 2664 2668 2663
f 2667 2665 2663
f 2663 2668 2667
f 2667 2666 2665
f 2668 2666 2667

o geometry_334
v 10.25000000 35.30000000 9.25000000
v 10.25000000 35.30000000 10.45000000
v 10.25000000 36.90000000 9.25000000
v 10.25000000 36.90000000 10.45000000
v 11.15000000 35.30000000 9.25000000
v 11.15000000 35.30000000 10.45000000
v 11.15000000 36.90000000 9.25000000
v 11.15000000 36.90000000 10.45000000
f 2670 2672 2669
f 2673 2670 2669
f 2669 2672 2671
f 2671 2673 2669
f 2670 2676 2672
f 2674 2670 2673
f 2674 2676 2670
f 2672 2676 2671
f 2675 2673 2671
f 2671 2676 2675
f 2675 2674 2673
f 2676 2674 2675

o geometry_335
v 10.10000000 37.00000000 9.25000000
v 10.10000000 37.00000000 11.55000000
v 10.10000000 37.50000000 9.25000000
v 10.10000000 37.50000000 11.55000000
v 11.50000000 37.00000000 9.25000000
v 11.50000000 37.00000000 11.55000000
v 11.50000000 37.50000000 9.25000000
v 11.50000000 37.50000000 11.55000000
f 2678 2680 2677
f 2681 2678 2677
f 2677 2680 2679
f 2679 2681 2677
f 2678 2684 2680
f 2682 2678 2681
f 2682 2684 2678
f 2680 2684 2679
f 2683 2681 2679
f 2679 2684 2683
f 2683 2682 2681
f 2684 2682 2683

o geometry_336
v 13.00000000 36.70000000 9.25000000
v 13.00000000 36.70000000 15.45000000
v 13.00000000 39.30000000 9.25000000
v 13.00000000 39.30000000 15.45000000
v 15.60000000 36.70000000 9.25000000
v 15.60000000 36.70000000 15.45000000
v 15.60000000 39.30000000 9.25000000
v 15.60000000 39.30000000 15.45000000
f 2686 2688 2685
f 2689 2686 2685
f 2685 2688 2687
f 2687 2689 2685
f 2686 2692 2688
f 2690 2686 2689
f 2690 2692 2686
f 2688 2692 2687
f 2691 2689 2687
f 2687 2692 2691
f 2691 2690 2689
f 2692 2690 2691

o geometry_337
v 13.18000000 36.67000000 9.75000000
v 13.18000000 36.67000000 11.85000000
v 13.18000000 36.72000000 9.75000000
v 13.18000000 36.72000000 11.85000000
v 15.42000000 36.67000000 9.75000000
v 15.42000000 36.67000000 11.85000000
v 15.42000000 36.72000000 9.75000000
v 15.42000000 36.72000000 11.85000000
f 2694 2696 2693
f 2697 2694 2693
f 2693 2696 2695
f 2695 2697 2693
f 2694 2700 2696
f 2698 2694 2697
f 2698 2700 2694
f 2696 2700 2695
f 2699 2697 2695
f 2695 2700 2699
f 2699 2698 2697
f 2700 2698 2699

o geometry_338
v 13.18000000 36.67000000 12.55000000
v 13.18000000 36.67000000 14.65000000
v 13.18000000 36.72000000 12.55000000
v 13.18000000 36.72000000 14.65000000
v 15.42000000 36.67000000 12.55000000
v 15.42000000 36.67000000 14.65000000
v 15.42000000 36.72000000 12.55000000
v 15.42000000 36.72000000 14.65000000
f 2702 2704 2701
f 2705 2702 2701
f 2701 2704 2703
f 2703 2705 2701
f 2702 2708 2704
f 2706 2702 2705
f 2706 2708 2702
f 2704 2708 2703
f 2707 2705 2703
f 2703 2708 2707
f 2707 2706 2705
f 2708 2706 2707

o geometry_339
v 5.80000000 37.50000000 0.50000000
v 5.80000000 37.50000000 3.08000000
v 5.80000000 39.10000000 0.50000000
v 5.80000000 39.10000000 3.08000000
v 8.30000000 37.50000000 0.50000000
v 8.30000000 37.50000000 3.08000000
v 8.30000000 39.10000000 0.50000000
v 8.30000000 39.10000000 3.08000000
f 2710 2712 2709
f 2713 2710 2709
f 2709 2712 2711
f 2711 2713 2709
f 2710 2716 2712
f 2714 2710 2713
f 2714 2716 2710
f 2712 2716 2711
f 2715 2713 2711
f 2711 2716 2715
f 2715 2714 2713
f 2716 2714 2715

o geometry_340
v 5.77500000 37.47500000 3.08000000
v 5.77500000 37.47500000 3.20000000
v 5.77500000 39.12500000 3.08000000
v 5.77500000 39.12500000 3.20000000
v 8.32500000 37.47500000 3.08000000
v 8.32500000 37.47500000 3.20000000
v 8.32500000 39.12500000 3.08000000
v 8.32500000 39.12500000 3.20000000
f 2718 2720 2717
f 2721 2718 2717
f 2717 2720 2719
f 2719 2721 2717
f 2718 2724 2720
f 2722 2718 2721
f 2722 2724 2718
f 2720 2724 2719
f 2723 2721 2719
f 2719 2724 2723
f 2723 2722 2721
f 2724 2722 2723

o geometry_341
v 10.25000000 36.40000000 0.50000000
v 10.25000000 36.40000000 1.70000000
v 10.25000000 38.00000000 0.50000000
v 10.25000000 38.00000000 1.70000000
v 11.15000000 36.40000000 0.50000000
v 11.15000000 36.40000000 1.70000000
v 11.15000000 38.00000000 0.50000000
v 11.15000000 38.00000000 1.70000000
f 2726 2728 2725
f 2729 2726 2725
f 2725 2728 2727
f 2727 2729 2725
f 2726 2732 2728
f 2730 2726 2729
f 2730 2732 2726
f 2728 2732 2727
f 2731 2729 2727
f 2727 2732 2731
f 2731 2730 2729
f 2732 2730 2731

o geometry_342
v 10.10000000 38.10000000 0.50000000
v 10.10000000 38.10000000 2.80000000
v 10.10000000 38.60000000 0.50000000
v 10.10000000 38.60000000 2.80000000
v 11.50000000 38.10000000 0.50000000
v 11.50000000 38.10000000 2.80000000
v 11.50000000 38.60000000 0.50000000
v 11.50000000 38.60000000 2.80000000
f 2734 2736 2733
f 2737 2734 2733
f 2733 2736 2735
f 2735 2737 2733
f 2734 2740 2736
f 2738 2734 2737
f 2738 2740 2734
f 2736 2740 2735
f 2739 2737 2735
f 2735 2740 2739
f 2739 2738 2737
f 2740 2738 2739

o geometry_343
v 13.10000000 37.10000000 0.50000000
v 13.10000000 37.10000000 5.90000000
v 13.10000000 39.10000000 0.50000000
v 13.10000000 39.10000000 5.90000000
v 15.10000000 37.10000000 0.50000000
v 15.10000000 37.10000000 5.90000000
v 15.10000000 39.10000000 0.50000000
v 15.10000000 39.10000000 5.90000000
f 2742 2744 2741
f 2745 2742 2741
f 2741 2744 2743
f 2743 2745 2741
f 2742 2748 2744
f 2746 2742 2745
f 2746 2748 2742
f 2744 2748 2743
f 2747 2745 2743
f 2743 2748 2747
f 2747 2746 2745
f 2748 2746 2747

o geometry_344
v 16.00000000 38.00000000 0.50000000
v 16.00000000 38.00000000 6.00000000
v 16.00000000 39.30000000 0.50000000
v 16.00000000 39.30000000 6.00000000
v 18.50000000 38.00000000 0.50000000
v 18.50000000 38.00000000 6.00000000
v 18.50000000 39.30000000 0.50000000
v 18.50000000 39.30000000 6.00000000
f 2750 2752 2749
f 2753 2750 2749
f 2749 2752 2751
f 2751 2753 2749
f 2750 2756 2752
f 2754 2750 2753
f 2754 2756 2750
f 2752 2756 2751
f 2755 2753 2751
f 2751 2756 2755
f 2755 2754 2753
f 2756 2754 2755

o geometry_345
v 20.00000000 37.50000000 2.86000000
v 20.00000000 37.50000000 3.00000000
v 20.00000000 39.30000000 2.86000000
v 20.00000000 39.30000000 3.00000000
v 25.00000000 37.50000000 2.86000000
v 25.00000000 37.50000000 3.00000000
v 25.00000000 39.30000000 2.86000000
v 25.00000000 39.30000000 3.00000000
f 2758 2760 2757
f 2761 2758 2757
f 2757 2760 2759
f 2759 2761 2757
f 2758 2764 2760
f 2762 2758 2761
f 2762 2764 2758
f 2760 2764 2759
f 2763 2761 2759
f 2759 2764 2763
f 2763 2762 2761
f 2764 2762 2763

o geometry_346
v 20.12000000 37.62000000 0.50000000
v 20.12000000 37.62000000 2.86000000
v 20.12000000 37.74000000 0.50000000
v 20.12000000 37.74000000 2.86000000
v 20.24000000 37.62000000 0.50000000
v 20.24000000 37.62000000 2.86000000
v 20.24000000 37.74000000 0.50000000
v 20.24000000 37.74000000 2.86000000
f 2766 2768 2765
f 2769 2766 2765
f 2765 2768 2767
f 2767 2769 2765
f 2766 2772 2768
f 2770 2766 2769
f 2770 2772 2766
f 2768 2772 2767
f 2771 2769 2767
f 2767 2772 2771
f 2771 2770 2769
f 2772 2770 2771

o geometry_347
v 20.12000000 39.05000000 0.50000000
v 20.12000000 39.05000000 2.86000000
v 20.12000000 39.17000000 0.50000000
v 20.12000000 39.17000000 2.86000000
v 20.24000000 39.05000000 0.50000000
v 20.24000000 39.05000000 2.86000000
v 20.24000000 39.17000000 0.50000000
v 20.24000000 39.17000000 2.86000000
f 2774 2776 2773
f 2777 2774 2773
f 2773 2776 2775
f 2775 2777 2773
f 2774 2780 2776
f 2778 2774 2777
f 2778 2780 2774
f 2776 2780 2775
f 2779 2777 2775
f 2775 2780 2779
f 2779 2778 2777
f 2780 2778 2779

o geometry_348
v 24.75000000 37.62000000 0.50000000
v 24.75000000 37.62000000 2.86000000
v 24.75000000 37.74000000 0.50000000
v 24.75000000 37.74000000 2.86000000
v 24.87000000 37.62000000 0.50000000
v 24.87000000 37.62000000 2.86000000
v 24.87000000 37.74000000 0.50000000
v 24.87000000 37.74000000 2.86000000
f 2782 2784 2781
f 2785 2782 2781
f 2781 2784 2783
f 2783 2785 2781
f 2782 2788 2784
f 2786 2782 2785
f 2786 2788 2782
f 2784 2788 2783
f 2787 2785 2783
f 2783 2788 2787
f 2787 2786 2785
f 2788 2786 2787

o geometry_349
v 24.75000000 39.05000000 0.50000000
v 24.75000000 39.05000000 2.86000000
v 24.75000000 39.17000000 0.50000000
v 24.75000000 39.17000000 2.86000000
v 24.87000000 39.05000000 0.50000000
v 24.87000000 39.05000000 2.86000000
v 24.87000000 39.17000000 0.50000000
v 24.87000000 39.17000000 2.86000000
f 2790 2792 2789
f 2793 2790 2789
f 2789 2792 2791
f 2791 2793 2789
f 2790 2796 2792
f 2794 2790 2793
f 2794 2796 2790
f 2792 2796 2791
f 2795 2793 2791
f 2791 2796 2795
f 2795 2794 2793
f 2796 2794 2795

o geometry_350
v 22.30000000 31.95000000 0.50000000
v 22.30000000 31.95000000 1.85000000
v 22.30000000 33.95000000 0.50000000
v 22.30000000 33.95000000 1.85000000
v 28.10000000 31.95000000 0.50000000
v 28.10000000 31.95000000 1.85000000
v 28.10000000 33.95000000 0.50000000
v 28.10000000 33.95000000 1.85000000
f 2798 2800 2797
f 2801 2798 2797
f 2797 2800 2799
f 2799 2801 2797
f 2798 2804 2800
f 2802 2798 2801
f 2802 2804 2798
f 2800 2804 2799
f 2803 2801 2799
f 2799 2804 2803
f 2803 2802 2801
f 2804 2802 2803

o geometry_351
v 22.30000000 31.95000000 1.85000000
v 22.30000000 31.95000000 2.05000000
v 22.30000000 33.95000000 1.85000000
v 22.30000000 33.95000000 2.05000000
v 28.10000000 31.95000000 1.85000000
v 28.10000000 31.95000000 2.05000000
v 28.10000000 33.95000000 1.85000000
v 28.10000000 33.95000000 2.05000000
f 2806 2808 2805
f 2809 2806 2805
f 2805 2808 2807
f 2807 2809 2805
f 2806 2812 2808
f 2810 2806 2809
f 2810 2812 2806
f 2808 2812 2807
f 2811 2809 2807
f 2807 2812 2811
f 2811 2810 2809
f 2812 2810 2811

o geometry_352
v 18.70000000 22.40000000 9.26000000
v 18.70000000 22.40000000 9.28500000
v 18.70000000 27.60000000 9.26000000
v 18.70000000 27.60000000 9.28500000
v 26.10000000 22.40000000 9.26000000
v 26.10000000 22.40000000 9.28500000
v 26.10000000 27.60000000 9.26000000
v 26.10000000 27.60000000 9.28500000
f 2814 2816 2813
f 2817 2814 2813
f 2813 2816 2815
f 2815 2817 2813
f 2814 2820 2816
f 2818 2814 2817
f 2818 2820 2814
f 2816 2820 2815
f 2819 2817 2815
f 2815 2820 2819
f 2819 2818 2817
f 2820 2818 2819

o geometry_353
v 15.54000000 23.20000000 12.00000000
v 15.54000000 23.20000000 14.00000000
v 15.54000000 26.70000000 12.00000000
v 15.54000000 26.70000000 14.00000000
v 15.61000000 23.20000000 12.00000000
v 15.61000000 23.20000000 14.00000000
v 15.61000000 26.70000000 12.00000000
v 15.61000000 26.70000000 14.00000000
f 2822 2824 2821
f 2825 2822 2821
f 2821 2824 2823
f 2823 2825 2821
f 2822 2828 2824
f 2826 2822 2825
f 2826 2828 2822
f 2824 2828 2823
f 2827 2825 2823
f 2823 2828 2827
f 2827 2826 2825
f 2828 2826 2827

o geometry_354
v 21.00000000 29.00000000 12.24000000
v 21.00000000 29.00000000 12.28500000
v 21.00000000 30.50000000 12.24000000
v 21.00000000 30.50000000 12.28500000
v 23.00000000 29.00000000 12.24000000
v 23.00000000 29.00000000 12.28500000
v 23.00000000 30.50000000 12.24000000
v 23.00000000 30.50000000 12.28500000
f 2830 2832 2829
f 2833 2830 2829
f 2829 2832 2831
f 2831 2833 2829
f 2830 2836 2832
f 2834 2830 2833
f 2834 2836 2830
f 2832 2836 2831
f 2835 2833 2831
f 2831 2836 2835
f 2835 2834 2833
f 2836 2834 2835

o geometry_355
v 26.05000000 31.30000000 12.26000000
v 26.05000000 31.30000000 12.30500000
v 26.05000000 33.60000000 12.26000000
v 26.05000000 33.60000000 12.30500000
v 28.40000000 31.30000000 12.26000000
v 28.40000000 31.30000000 12.30500000
v 28.40000000 33.60000000 12.26000000
v 28.40000000 33.60000000 12.30500000
f 2838 2840 2837
f 2841 2838 2837
f 2837 2840 2839
f 2839 2841 2837
f 2838 2844 2840
f 2842 2838 2841
f 2842 2844 2838
f 2840 2844 2839
f 2843 2841 2839
f 2839 2844 2843
f 2843 2842 2841
f 2844 2842 2843

o geometry_356
v 8.00000000 22.50000000 0.70000000
v 8.00000000 22.50000000 3.60000000
v 8.00000000 28.50000000 0.70000000
v 8.00000000 28.50000000 3.60000000
v 24.00000000 22.50000000 0.70000000
v 24.00000000 22.50000000 3.60000000
v 24.00000000 28.50000000 0.70000000
v 24.00000000 28.50000000 3.60000000
f 2846 2848 2845
f 2849 2846 2845
f 2845 2848 2847
f 2847 2849 2845
f 2846 2852 2848
f 2850 2846 2849
f 2850 2852 2846
f 2848 2852 2847
f 2851 2849 2847
f 2847 2852 2851
f 2851 2850 2849
f 2852 2850 2851

o geometry_357
v 12.00000000 22.80000000 3.60000000
v 12.00000000 22.80000000 5.20000000
v 12.00000000 28.20000000 3.60000000
v 12.00000000 28.20000000 5.20000000
v 19.00000000 22.80000000 3.60000000
v 19.00000000 22.80000000 5.20000000
v 19.00000000 28.20000000 3.60000000
v 19.00000000 28.20000000 5.20000000
f 2854 2856 2853
f 2857 2854 2853
f 2853 2856 2855
f 2855 2857 2853
f 2854 2860 2856
f 2858 2854 2857
f 2858 2860 2854
f 2856 2860 2855
f 2859 2857 2855
f 2855 2860 2859
f 2859 2858 2857
f 2860 2858 2859

o geometry_358
v 75.00000000 9.00000000 0.00000000
v 75.00000000 9.00000000 10.00000000
v 75.00000000 36.00000000 0.00000000
v 75.00000000 36.00000000 10.00000000
v 123.00000000 9.00000000 0.00000000
v 123.00000000 9.00000000 10.00000000
v 123.00000000 36.00000000 0.00000000
v 123.00000000 36.00000000 10.00000000
f 2862 2864 2861
f 2865 2862 2861
f 2861 2864 2863
f 2863 2865 2861
f 2862 2868 2864
f 2866 2862 2865
f 2866 2868 2862
f 2864 2868 2863
f 2867 2865 2863
f 2863 2868 2867
f 2867 2866 2865
f 2868 2866 2867

o geometry_359
v 66.00000000 9.00000000 0.00000000
v 66.00000000 9.00000000 1.40000000
v 66.00000000 24.00000000 0.00000000
v 66.00000000 24.00000000 1.40000000
v 75.00000000 9.00000000 0.00000000
v 75.00000000 9.00000000 1.40000000
v 75.00000000 24.00000000 0.00000000
v 75.00000000 24.00000000 1.40000000
f 2870 2872 2869
f 2873 2870 2869
f 2869 2872 2871
f 2871 2873 2869
f 2870 2876 2872
f 2874 2870 2873
f 2874 2876 2870
f 2872 2876 2871
f 2875 2873 2871
f 2871 2876 2875
f 2875 2874 2873
f 2876 2874 2875

o geometry_360
v 8.00000000 5.00000000 0.00000000
v 8.00000000 5.00000000 7.00000000
v 8.00000000 11.00000000 0.00000000
v 8.00000000 11.00000000 7.00000000
v 26.00000000 5.00000000 0.00000000
v 26.00000000 5.00000000 7.00000000
v 26.00000000 11.00000000 0.00000000
v 26.00000000 11.00000000 7.00000000
f 2878 2880 2877
f 2881 2878 2877
f 2877 2880 2879
f 2879 2881 2877
f 2878 2884 2880
f 2882 2878 2881
f 2882 2884 2878
f 2880 2884 2879
f 2883 2881 2879
f 2879 2884 2883
f 2883 2882 2881
f 2884 2882 2883

o geometry_361
v 0.00000000 0.00000000 -0.50000000
v 0.00000000 0.00000000 -0.10000000
v 0.00000000 45.00000000 -0.50000000
v 0.00000000 45.00000000 -0.10000000
v 148.00000000 0.00000000 -0.50000000
v 148.00000000 0.00000000 -0.10000000
v 148.00000000 45.00000000 -0.50000000
v 148.00000000 45.00000000 -0.10000000
f 2886 2888 2885
f 2889 2886 2885
f 2885 2888 2887
f 2887 2889 2885
f 2886 2892 2888
f 2890 2886 2889
f 2890 2892 2886
f 2888 2892 2887
f 2891 2889 2887
f 2887 2892 2891
f 2891 2890 2889
f 2892 2890 2891

o geometry_362
v -14.00000000 -10.00000000 -0.45000000
v -14.00000000 -10.00000000 -0.15000000
v -14.00000000 55.00000000 -0.45000000
v -14.00000000 55.00000000 -0.15000000
v 0.00000000 -10.00000000 -0.45000000
v 0.00000000 -10.00000000 -0.15000000
v 0.00000000 55.00000000 -0.45000000
v 0.00000000 55.00000000 -0.15000000
f 2894 2896 2893
f 2897 2894 2893
f 2893 2896 2895
f 2895 2897 2893
f 2894 2900 2896
f 2898 2894 2897
f 2898 2900 2894
f 2896 2900 2895
f 2899 2897 2895
f 2895 2900 2899
f 2899 2898 2897
f 2900 2898 2899

o geometry_363
v 75.00000000 9.00000000 10.00000000
v 75.00000000 22.50000000 20.00000000
v 75.00000000 36.00000000 10.00000000
v 123.00000000 9.00000000 10.00000000
v 123.00000000 22.50000000 20.00000000
v 123.00000000 36.00000000 10.00000000
f 2901 2903 2902
f 2904 2905 2906
f 2901 2902 2905
f 2901 2905 2904
f 2902 2903 2906
f 2902 2906 2905
f 2901 2904 2906
f 2901 2906 2903

o geometry_364
v 8.00000000 5.00000000 7.00000000
v 8.00000000 8.00000000 9.50000000
v 8.00000000 11.00000000 7.00000000
v 26.00000000 5.00000000 7.00000000
v 26.00000000 8.00000000 9.50000000
v 26.00000000 11.00000000 7.00000000
f 2907 2909 2908
f 2910 2911 2912
f 2907 2908 2911
f 2907 2911 2910
f 2908 2909 2912
f 2908 2912 2911
f 2907 2910 2912
f 2907 2912 2909

